timestamp,open,high,low,close,volume,vwap,atr_14,spread_pct,liquidity_score,oi,mse_state,regime,ipse_alignment,microstructure_state,mps_state
2026-09-28T00:00:00Z,2688.65,2689.08,2687.45,2688.91,271.5083,2688.48,2.68891,0.05,0.9,0,TREND_UP,NORMAL,ALIGNED,HEALTHY,ALLOW
2026-09-28T00:01:00Z,2688.91,2691.21,2688.45,2691.2,114.9398,2690.28666667,2.724455,0.05,0.9,0,TREND_UP,NORMAL,ALIGNED,HEALTHY,ALLOW
2026-09-28T00:02:00Z,2691.2,2691.93,2690.0,2690.0,61.2701,2690.64333333,2.45963667,0.05,0.9,0,TREND_DOWN,NORMAL,NEUTRAL,HEALTHY,ALLOW
2026-09-28T00:03:00Z,2690.01,2690.72,2689.82,2690.63,155.4677,2690.39,2.0697275,0.05,0.9,0,TREND_UP,NORMAL,ALIGNED,HEALTHY,ALLOW
2026-09-28T00:04:00Z,2690.63,2691.38,2690.62,2690.93,92.7599,2690.97666667,1.807782,0.05,0.9,0,TREND_UP,NORMAL,ALIGNED,HEALTHY,ALLOW
2026-09-28T00:05:00Z,2690.92,2690.99,2689.49,2689.86,181.4508,2690.11333333,1.756485,0.05,0.9,0,TREND_DOWN,NORMAL,NEUTRAL,HEALTHY,ALLOW
2026-09-28T00:06:00Z,2689.86,2690.71,2689.74,2690.1,32.2913,2690.18333333,1.64413,0.05,0.9,0,TREND_UP,NORMAL,ALIGNED,HEALTHY,ALLOW
2026-09-28T00:07:00Z,2690.09,2690.22,2688.28,2688.97,54.4565,2689.15666667,1.68111375,0.05,0.9,0,TREND_DOWN,NORMAL,NEUTRAL,HEALTHY,ALLOW
2026-09-28T00:08:00Z,2688.97,2688.97,2686.55,2686.55,65.2446,2687.35666667,1.76321222,0.05,0.9,0,TREND_DOWN,NORMAL,NEUTRAL,HEALTHY,ALLOW
2026-09-28T00:09:00Z,2686.53,2686.73,2684.59,2685.28,62.8945,2685.53333333,1.800891,0.05,0.9,0,TREND_DOWN,NORMAL,NEUTRAL,HEALTHY,ALLOW
2026-09-28T00:10:00Z,2685.28,2686.28,2685.27,2685.36,64.5563,2685.63666667,1.72899182,0.05,0.9,0,TREND_UP,NORMAL,ALIGNED,HEALTHY,ALLOW
2026-09-28T00:11:00Z,2685.36,2686.76,2685.18,2685.19,98.5432,2685.71,1.71657583,0.05,0.9,0,TREND_DOWN,NORMAL,NEUTRAL,HEALTHY,ALLOW
2026-09-28T00:12:00Z,2685.19,2685.6,2684.81,2685.6,31.7648,2685.33666667,1.64530077,0.05,0.9,0,TREND_UP,NORMAL,ALIGNED,HEALTHY,ALLOW
2026-09-28T00:13:00Z,2685.6,2686.0,2685.23,2685.64,74.4305,2685.62333333,1.58277929,0.05,0.9,0,TREND_UP,NORMAL,ALIGNED,HEALTHY,ALLOW
2026-09-28T00:14:00Z,2685.64,2687.28,2685.64,2686.54,78.6757,2686.48666667,1.50785714,0.05,0.9,0,TREND_UP,NORMAL,ALIGNED,HEALTHY,ALLOW
2026-09-28T00:15:00Z,2686.54,2687.81,2686.35,2687.27,49.5724,2687.14333333,1.415,0.05,0.9,0,TREND_UP,NORMAL,ALIGNED,HEALTHY,ALLOW
2026-09-28T00:16:00Z,2687.27,2689.47,2687.27,2689.01,83.244,2688.58333333,1.43428571,0.05,0.9,0,TREND_UP,NORMAL,ALIGNED,HEALTHY,ALLOW
2026-09-28T00:17:00Z,2689.01,2689.01,2688.28,2688.33,54.1234,2688.54,1.42214286,0.05,0.9,0,TREND_DOWN,NORMAL,NEUTRAL,HEALTHY,ALLOW
2026-09-28T00:18:00Z,2688.33,2690.15,2688.03,2690.03,36.7036,2689.40333333,1.51928571,0.05,0.9,0,TREND_UP,NORMAL,ALIGNED,HEALTHY,ALLOW
2026-09-28T00:19:00Z,2690.04,2693.82,2690.03,2693.63,1037.566,2692.49333333,1.68285714,0.05,0.9,0,TREND_UP,NORMAL,ALIGNED,HEALTHY,ALLOW
2026-09-28T00:20:00Z,2693.63,2697.55,2693.63,2696.75,634.4437,2695.97666667,1.89357143,0.05,0.9,0,TREND_UP,NORMAL,ALIGNED,HEALTHY,ALLOW
2026-09-28T00:21:00Z,2696.73,2703.51,2696.69,2702.53,1208.8516,2700.91,2.24214286,0.05,0.9,0,TREND_UP,NORMAL,ALIGNED,HEALTHY,ALLOW
2026-09-28T00:22:00Z,2702.52,2703.03,2698.15,2698.15,316.3629,2699.77666667,2.41785714,0.05,0.9,0,TREND_DOWN,NORMAL,NEUTRAL,HEALTHY,ALLOW
2026-09-28T00:23:00Z,2698.15,2699.96,2696.21,2698.32,384.5893,2698.16333333,2.53285714,0.05,0.9,0,TREND_UP,NORMAL,ALIGNED,HEALTHY,ALLOW
2026-09-28T00:24:00Z,2698.3,2698.3,2695.95,2695.95,204.8147,2696.73333333,2.63,0.05,0.9,0,TREND_DOWN,NORMAL,NEUTRAL,HEALTHY,ALLOW
2026-09-28T00:25:00Z,2695.94,2696.26,2693.3,2696.25,180.7249,2695.27,2.72857143,0.05,0.9,0,TREND_UP,NORMAL,ALIGNED,HEALTHY,ALLOW
2026-09-28T00:26:00Z,2696.25,2697.5,2695.02,2695.03,150.0682,2695.85,2.84928571,0.05,0.9,0,TREND_DOWN,NORMAL,NEUTRAL,HEALTHY,ALLOW
2026-09-28T00:27:00Z,2695.02,2695.54,2691.7,2691.7,218.6513,2692.98,3.06857143,0.05,0.9,0,TREND_DOWN,NORMAL,NEUTRAL,HEALTHY,ALLOW
2026-09-28T00:28:00Z,2691.69,2691.74,2689.1,2691.46,156.6675,2690.76666667,3.14,0.05,0.9,0,TREND_DOWN,NORMAL,NEUTRAL,HEALTHY,ALLOW
2026-09-28T00:29:00Z,2691.45,2693.34,2691.45,2692.93,101.6415,2692.57333333,3.17071429,0.05,0.9,0,TREND_UP,NORMAL,ALIGNED,HEALTHY,ALLOW
2026-09-28T00:30:00Z,2692.93,2692.99,2690.27,2690.91,137.4199,2691.39,3.20785714,0.05,0.9,0,TREND_DOWN,NORMAL,NEUTRAL,HEALTHY,ALLOW
2026-09-28T00:31:00Z,2690.91,2690.91,2682.78,2684.53,391.191,2686.07333333,3.73642857,0.05,0.9,0,TREND_DOWN,NORMAL,NEUTRAL,HEALTHY,ALLOW
2026-09-28T00:32:00Z,2684.53,2684.75,2677.92,2679.32,634.6459,2680.66333333,4.07285714,0.05,0.9,0,TREND_DOWN,NORMAL,NEUTRAL,HEALTHY,ALLOW
2026-09-28T00:33:00Z,2679.37,2681.97,2677.21,2677.7,407.6921,2678.96,4.14214286,0.05,0.9,0,TREND_DOWN,NORMAL,NEUTRAL,HEALTHY,ALLOW
2026-09-28T00:34:00Z,2677.77,2680.69,2675.63,2678.0,312.3075,2678.10666667,4.22357143,0.05,0.9,0,TREND_UP,NORMAL,ALIGNED,HEALTHY,ALLOW
2026-09-28T00:35:00Z,2678.12,2679.02,2673.02,2675.03,380.1625,2675.69,4.165,0.05,0.9,0,TREND_DOWN,NORMAL,NEUTRAL,HEALTHY,ALLOW
2026-09-28T00:36:00Z,2675.04,2676.77,2673.27,2674.16,247.7072,2674.73333333,4.06642857,0.05,0.9,0,TREND_DOWN,NORMAL,NEUTRAL,HEALTHY,ALLOW
2026-09-28T00:37:00Z,2674.16,2677.17,2673.89,2675.8,137.638,2675.62,4.03285714,0.05,0.9,0,TREND_UP,NORMAL,ALIGNED,HEALTHY,ALLOW
2026-09-28T00:38:00Z,2675.8,2677.81,2675.53,2677.63,120.6107,2676.99,4.02642857,0.05,0.9,0,TREND_UP,NORMAL,ALIGNED,HEALTHY,ALLOW
2026-09-28T00:39:00Z,2677.62,2677.62,2673.4,2673.41,253.6629,2674.81,4.11714286,0.05,0.9,0,TREND_DOWN,NORMAL,NEUTRAL,HEALTHY,ALLOW
2026-09-28T00:40:00Z,2673.4,2673.93,2672.0,2673.6,247.5858,2673.17666667,4.07785714,0.05,0.9,0,TREND_UP,NORMAL,ALIGNED,HEALTHY,ALLOW
2026-09-28T00:41:00Z,2673.59,2675.53,2673.43,2675.53,104.7349,2674.83,3.95357143,0.05,0.9,0,TREND_UP,NORMAL,ALIGNED,HEALTHY,ALLOW
2026-09-28T00:42:00Z,2675.53,2676.43,2674.57,2675.53,165.6321,2675.51,3.89785714,0.05,0.9,0,TREND_UP,NORMAL,ALIGNED,HEALTHY,ALLOW
2026-09-28T00:43:00Z,2675.54,2676.91,2675.54,2676.29,85.1665,2676.24666667,3.86142857,0.05,0.9,0,TREND_UP,NORMAL,ALIGNED,HEALTHY,ALLOW
2026-09-28T00:44:00Z,2676.3,2677.88,2676.3,2677.82,70.1742,2677.33333333,3.78071429,0.05,0.9,0,TREND_UP,NORMAL,ALIGNED,HEALTHY,ALLOW
2026-09-28T00:45:00Z,2677.82,2682.12,2677.82,2682.12,243.2085,2680.68666667,3.50714286,0.05,0.9,0,TREND_UP,NORMAL,ALIGNED,HEALTHY,ALLOW
2026-09-28T00:46:00Z,2682.12,2684.03,2681.28,2682.67,167.8345,2682.66,3.21571429,0.05,0.9,0,TREND_UP,NORMAL,ALIGNED,HEALTHY,ALLOW
2026-09-28T00:47:00Z,2682.67,2685.0,2682.5,2685.0,89.4779,2684.16666667,3.05428571,0.05,0.9,0,TREND_UP,NORMAL,ALIGNED,HEALTHY,ALLOW
2026-09-28T00:48:00Z,2684.99,2687.02,2684.61,2687.01,126.8664,2686.21333333,2.865,0.05,0.9,0,TREND_UP,NORMAL,ALIGNED,HEALTHY,ALLOW
2026-09-28T00:49:00Z,2687.02,2688.36,2686.45,2687.06,220.3936,2687.29,2.57285714,0.05,0.9,0,TREND_UP,NORMAL,ALIGNED,HEALTHY,ALLOW
2026-09-28T00:50:00Z,2687.07,2688.48,2686.34,2688.02,94.6109,2687.61333333,2.47571429,0.05,0.9,0,TREND_UP,NORMAL,ALIGNED,HEALTHY,ALLOW
2026-09-28T00:51:00Z,2688.02,2690.01,2687.55,2689.15,120.7997,2688.90333333,2.41714286,0.05,0.9,0,TREND_UP,NORMAL,ALIGNED,HEALTHY,ALLOW
2026-09-28T00:52:00Z,2689.15,2689.39,2685.27,2685.27,125.5779,2686.64333333,2.54857143,0.05,0.9,0,TREND_DOWN,NORMAL,NEUTRAL,HEALTHY,ALLOW
2026-09-28T00:53:00Z,2685.28,2685.34,2683.8,2683.8,66.3356,2684.31333333,2.35642857,0.05,0.9,0,TREND_DOWN,NORMAL,NEUTRAL,HEALTHY,ALLOW
2026-09-28T00:54:00Z,2683.81,2684.58,2681.26,2681.26,226.0057,2682.36666667,2.45571429,0.05,0.9,0,TREND_DOWN,NORMAL,NEUTRAL,HEALTHY,ALLOW
2026-09-28T00:55:00Z,2681.27,2682.12,2677.88,2677.88,263.6569,2679.29333333,2.60857143,0.05,0.9,0,TREND_DOWN,NORMAL,NEUTRAL,HEALTHY,ALLOW
2026-09-28T00:56:00Z,2677.89,2678.71,2675.56,2675.57,230.6163,2676.61333333,2.70071429,0.05,0.9,0,TREND_DOWN,NORMAL,NEUTRAL,HEALTHY,ALLOW
2026-09-28T00:57:00Z,2675.56,2675.56,2673.77,2674.15,213.0135,2674.49333333,2.73071429,0.05,0.9,0,TREND_DOWN,NORMAL,NEUTRAL,HEALTHY,ALLOW
2026-09-28T00:58:00Z,2674.16,2677.37,2674.13,2674.72,192.3506,2675.40666667,2.84857143,0.05,0.9,0,TREND_UP,NORMAL,ALIGNED,HEALTHY,ALLOW
2026-09-28T00:59:00Z,2674.71,2674.95,2673.39,2673.51,182.7881,2673.95,2.65285714,0.05,0.9,0,TREND_DOWN,NORMAL,NEUTRAL,HEALTHY,ALLOW
2026-09-28T01:00:00Z,2673.57,2675.65,2673.08,2674.0,401.6912,2674.24333333,2.64,0.05,0.9,0,TREND_UP,NORMAL,ALIGNED,HEALTHY,ALLOW
2026-09-28T01:01:00Z,2674.01,2674.82,2672.0,2672.59,329.4005,2673.13666667,2.66285714,0.05,0.9,0,TREND_DOWN,NORMAL,NEUTRAL,HEALTHY,ALLOW
2026-09-28T01:02:00Z,2672.6,2675.64,2671.42,2674.64,384.1026,2673.9,2.79214286,0.05,0.9,0,TREND_UP,NORMAL,ALIGNED,HEALTHY,ALLOW
2026-09-28T01:03:00Z,2674.64,2675.64,2670.35,2672.38,386.8535,2672.79,3.03357143,0.05,0.9,0,TREND_DOWN,NORMAL,NEUTRAL,HEALTHY,ALLOW
2026-09-28T01:04:00Z,2672.38,2674.46,2670.49,2674.46,298.6519,2673.13666667,3.16428571,0.05,0.9,0,TREND_UP,NORMAL,ALIGNED,HEALTHY,ALLOW
2026-09-28T01:05:00Z,2674.47,2674.54,2670.07,2670.22,360.6718,2671.61,3.30785714,0.05,0.9,0,TREND_DOWN,NORMAL,NEUTRAL,HEALTHY,ALLOW
2026-09-28T01:06:00Z,2670.23,2672.9,2667.01,2672.29,851.3366,2670.73333333,3.43428571,0.05,0.9,0,TREND_UP,NORMAL,ALIGNED,HEALTHY,ALLOW
2026-09-28T01:07:00Z,2672.29,2679.41,2672.29,2679.02,383.5649,2676.90666667,3.83285714,0.05,0.9,0,TREND_UP,NORMAL,ALIGNED,HEALTHY,ALLOW
2026-09-28T01:08:00Z,2679.03,2679.18,2677.56,2679.18,123.6217,2678.64,3.71142857,0.05,0.9,0,TREND_UP,NORMAL,ALIGNED,HEALTHY,ALLOW
2026-09-28T01:09:00Z,2679.18,2679.67,2672.88,2673.93,217.1078,2675.49333333,3.89357143,0.05,0.9,0,TREND_DOWN,NORMAL,NEUTRAL,HEALTHY,ALLOW
2026-09-28T01:10:00Z,2673.94,2674.75,2672.13,2672.56,199.7718,2673.14666667,3.85571429,0.05,0.9,0,TREND_DOWN,NORMAL,NEUTRAL,HEALTHY,ALLOW
2026-09-28T01:11:00Z,2672.57,2673.42,2672.01,2673.42,111.1533,2672.95,3.82785714,0.05,0.9,0,TREND_UP,NORMAL,ALIGNED,HEALTHY,ALLOW
2026-09-28T01:12:00Z,2673.41,2674.35,2670.0,2670.46,355.3625,2671.60333333,3.90714286,0.05,0.9,0,TREND_DOWN,NORMAL,NEUTRAL,HEALTHY,ALLOW
2026-09-28T01:13:00Z,2670.45,2670.56,2667.74,2668.48,195.2627,2668.92666667,3.99714286,0.05,0.9,0,TREND_DOWN,NORMAL,NEUTRAL,HEALTHY,ALLOW
2026-09-28T01:14:00Z,2668.48,2670.2,2667.73,2667.73,141.599,2668.55333333,3.99,0.05,0.9,0,TREND_DOWN,NORMAL,NEUTRAL,HEALTHY,ALLOW
2026-09-28T01:15:00Z,2667.74,2670.42,2666.55,2668.9,422.0294,2668.62333333,4.065,0.05,0.9,0,TREND_UP,NORMAL,ALIGNED,HEALTHY,ALLOW
2026-09-28T01:16:00Z,2668.9,2669.91,2666.83,2668.73,178.9089,2668.49,3.98357143,0.05,0.9,0,TREND_DOWN,NORMAL,NEUTRAL,HEALTHY,ALLOW
2026-09-28T01:17:00Z,2668.72,2670.79,2666.3,2667.12,301.0683,2668.07,3.92642857,0.05,0.9,0,TREND_DOWN,NORMAL,NEUTRAL,HEALTHY,ALLOW
2026-09-28T01:18:00Z,2667.12,2670.08,2666.76,2669.33,139.7845,2668.72333333,3.88,0.05,0.9,0,TREND_UP,NORMAL,ALIGNED,HEALTHY,ALLOW
2026-09-28T01:19:00Z,2669.33,2671.21,2666.52,2670.48,210.0242,2669.40333333,3.89571429,0.05,0.9,0,TREND_UP,NORMAL,ALIGNED,HEALTHY,ALLOW
2026-09-28T01:20:00Z,2670.49,2671.92,2670.12,2671.39,176.6569,2671.14333333,3.60357143,0.05,0.9,0,TREND_UP,NORMAL,ALIGNED,HEALTHY,ALLOW
2026-09-28T01:21:00Z,2671.4,2676.72,2671.39,2676.2,276.4393,2674.77,3.47571429,0.05,0.9,0,TREND_UP,NORMAL,ALIGNED,HEALTHY,ALLOW
2026-09-28T01:22:00Z,2676.2,2676.2,2672.53,2672.53,191.4354,2673.75333333,3.62214286,0.05,0.9,0,TREND_DOWN,NORMAL,NEUTRAL,HEALTHY,ALLOW
2026-09-28T01:23:00Z,2672.53,2675.36,2671.15,2672.22,122.1092,2672.91,3.43785714,0.05,0.9,0,TREND_DOWN,NORMAL,NEUTRAL,HEALTHY,ALLOW
2026-09-28T01:24:00Z,2672.22,2672.22,2670.98,2671.76,158.1731,2671.65333333,3.33928571,0.05,0.9,0,TREND_DOWN,NORMAL,NEUTRAL,HEALTHY,ALLOW
2026-09-28T01:25:00Z,2671.75,2673.41,2671.06,2673.41,132.1802,2672.62666667,3.40642857,0.05,0.9,0,TREND_UP,NORMAL,ALIGNED,HEALTHY,ALLOW
2026-09-28T01:26:00Z,2673.4,2676.02,2673.4,2675.94,34.451,2675.12,3.28285714,0.05,0.9,0,TREND_UP,NORMAL,ALIGNED,HEALTHY,ALLOW
2026-09-28T01:27:00Z,2675.94,2676.72,2674.82,2674.83,71.3576,2675.45666667,3.21714286,0.05,0.9,0,TREND_DOWN,NORMAL,NEUTRAL,HEALTHY,ALLOW
2026-09-28T01:28:00Z,2674.82,2674.88,2673.49,2674.49,77.5639,2674.28666667,3.14,0.05,0.9,0,TREND_DOWN,NORMAL,NEUTRAL,HEALTHY,ALLOW
2026-09-28T01:29:00Z,2674.57,2676.03,2674.0,2674.41,81.5245,2674.81333333,3.00857143,0.05,0.9,0,TREND_DOWN,NORMAL,NEUTRAL,HEALTHY,ALLOW
2026-09-28T01:30:00Z,2674.4,2677.22,2673.78,2674.73,162.3913,2675.24333333,3.03428571,0.05,0.9,0,TREND_UP,NORMAL,ALIGNED,HEALTHY,ALLOW
2026-09-28T01:31:00Z,2674.72,2676.25,2673.97,2674.19,113.8955,2674.80333333,2.87642857,0.05,0.9,0,TREND_DOWN,NORMAL,NEUTRAL,HEALTHY,ALLOW
2026-09-28T01:32:00Z,2674.2,2675.11,2671.98,2674.2,126.6804,2673.76333333,2.86285714,0.05,0.9,0,TREND_UP,NORMAL,ALIGNED,HEALTHY,ALLOW
2026-09-28T01:33:00Z,2674.2,2675.3,2673.62,2673.63,166.0584,2674.18333333,2.64785714,0.05,0.9,0,TREND_DOWN,NORMAL,NEUTRAL,HEALTHY,ALLOW
2026-09-28T01:34:00Z,2673.63,2674.85,2673.06,2673.12,110.4381,2673.67666667,2.64714286,0.05,0.9,0,TREND_DOWN,NORMAL,NEUTRAL,HEALTHY,ALLOW
2026-09-28T01:35:00Z,2673.11,2673.82,2670.46,2672.33,154.45,2672.20333333,2.50642857,0.05,0.9,0,TREND_DOWN,NORMAL,NEUTRAL,HEALTHY,ALLOW
2026-09-28T01:36:00Z,2672.33,2673.12,2670.9,2670.9,167.8144,2671.64,2.40285714,0.05,0.9,0,TREND_DOWN,NORMAL,NEUTRAL,HEALTHY,ALLOW
2026-09-28T01:37:00Z,2670.87,2671.13,2670.14,2670.15,159.3155,2670.47333333,2.17285714,0.05,0.9,0,TREND_DOWN,NORMAL,NEUTRAL,HEALTHY,ALLOW
2026-09-28T01:38:00Z,2670.14,2670.62,2668.27,2668.52,226.0288,2669.13666667,2.25214286,0.05,0.9,0,TREND_DOWN,NORMAL,NEUTRAL,HEALTHY,ALLOW
2026-09-28T01:39:00Z,2668.51,2670.18,2666.99,2669.86,220.3828,2669.01,2.31214286,0.05,0.9,0,TREND_UP,NORMAL,ALIGNED,HEALTHY,ALLOW
2026-09-28T01:40:00Z,2669.87,2670.08,2667.08,2667.12,151.6311,2668.09333333,2.33928571,0.05,0.9,0,TREND_DOWN,NORMAL,NEUTRAL,HEALTHY,ALLOW
2026-09-28T01:41:00Z,2667.13,2670.82,2667.09,2670.55,113.4238,2669.48666667,2.47,0.05,0.9,0,TREND_UP,NORMAL,ALIGNED,HEALTHY,ALLOW
2026-09-28T01:42:00Z,2670.56,2671.41,2668.91,2668.92,72.4918,2669.74666667,2.54928571,0.05,0.9,0,TREND_DOWN,NORMAL,NEUTRAL,HEALTHY,ALLOW
2026-09-28T01:43:00Z,2668.92,2668.92,2667.09,2667.53,73.3403,2667.84666667,2.535,0.05,0.9,0,TREND_DOWN,NORMAL,NEUTRAL,HEALTHY,ALLOW
2026-09-28T01:44:00Z,2667.52,2667.53,2665.0,2665.03,656.7519,2665.85333333,2.47,0.05,0.9,0,TREND_DOWN,NORMAL,NEUTRAL,HEALTHY,ALLOW
2026-09-28T01:45:00Z,2665.02,2667.86,2665.01,2666.04,199.9484,2666.30333333,2.51071429,0.05,0.9,0,TREND_UP,NORMAL,ALIGNED,HEALTHY,ALLOW
2026-09-28T01:46:00Z,2666.03,2666.03,2665.01,2665.48,139.6786,2665.50666667,2.36071429,0.05,0.9,0,TREND_DOWN,NORMAL,NEUTRAL,HEALTHY,ALLOW
2026-09-28T01:47:00Z,2665.49,2668.29,2665.48,2668.22,135.6286,2667.33,2.44142857,0.05,0.9,0,TREND_UP,NORMAL,ALIGNED,HEALTHY,ALLOW
2026-09-28T01:48:00Z,2668.22,2669.03,2665.45,2665.63,143.8502,2666.70333333,2.56928571,0.05,0.9,0,TREND_DOWN,NORMAL,NEUTRAL,HEALTHY,ALLOW
2026-09-28T01:49:00Z,2665.63,2665.78,2653.0,2653.53,4034.4372,2657.43666667,3.24214286,0.05,0.9,0,TREND_DOWN,NORMAL,NEUTRAL,HEALTHY,ALLOW
2026-09-28T01:50:00Z,2653.52,2658.76,2650.0,2658.0,2691.4742,2655.58666667,3.70928571,0.05,0.9,0,TREND_UP,NORMAL,ALIGNED,HEALTHY,ALLOW
2026-09-28T01:51:00Z,2657.99,2660.3,2656.91,2658.99,338.0213,2658.73333333,3.88071429,0.05,0.9,0,TREND_UP,NORMAL,ALIGNED,HEALTHY,ALLOW
2026-09-28T01:52:00Z,2658.99,2660.67,2656.94,2659.25,317.2846,2658.95333333,3.97928571,0.05,0.9,0,TREND_UP,NORMAL,ALIGNED,HEALTHY,ALLOW
2026-09-28T01:53:00Z,2659.25,2660.64,2658.83,2660.54,132.9784,2660.00333333,3.88071429,0.05,0.9,0,TREND_UP,NORMAL,ALIGNED,HEALTHY,ALLOW
2026-09-28T01:54:00Z,2660.54,2662.53,2659.02,2659.03,229.6589,2660.19333333,3.91714286,0.05,0.9,0,TREND_DOWN,NORMAL,NEUTRAL,HEALTHY,ALLOW
2026-09-28T01:55:00Z,2659.02,2660.71,2658.81,2659.24,132.9715,2659.58666667,3.78642857,0.05,0.9,0,TREND_UP,NORMAL,ALIGNED,HEALTHY,ALLOW
2026-09-28T01:56:00Z,2659.24,2662.13,2658.25,2662.13,159.0465,2660.83666667,3.885,0.05,0.9,0,TREND_UP,NORMAL,ALIGNED,HEALTHY,ALLOW
2026-09-28T01:57:00Z,2662.14,2663.16,2656.66,2656.66,402.5249,2658.82666667,4.21857143,0.05,0.9,0,TREND_DOWN,NORMAL,NEUTRAL,HEALTHY,ALLOW
2026-09-28T01:58:00Z,2656.66,2658.08,2656.0,2657.36,283.9645,2657.14666667,4.18642857,0.05,0.9,0,TREND_UP,NORMAL,ALIGNED,HEALTHY,ALLOW
2026-09-28T01:59:00Z,2657.36,2657.77,2656.94,2657.38,106.2443,2657.36333333,4.04214286,0.05,0.9,0,TREND_UP,NORMAL,ALIGNED,HEALTHY,ALLOW
2026-09-28T02:00:00Z,2657.38,2657.38,2652.64,2652.74,569.0052,2654.25333333,4.30714286,0.05,0.9,0,TREND_DOWN,NORMAL,NEUTRAL,HEALTHY,ALLOW
2026-09-28T02:01:00Z,2652.75,2656.48,2651.29,2656.22,505.4231,2654.66333333,4.47714286,0.05,0.9,0,TREND_UP,NORMAL,ALIGNED,HEALTHY,ALLOW
2026-09-28T02:02:00Z,2656.22,2656.22,2651.98,2654.07,338.6447,2654.09,4.52428571,0.05,0.9,0,TREND_DOWN,NORMAL,NEUTRAL,HEALTHY,ALLOW
2026-09-28T02:03:00Z,2654.07,2655.73,2651.0,2655.68,367.6259,2654.13666667,3.94928571,0.05,0.9,0,TREND_UP,NORMAL,ALIGNED,HEALTHY,ALLOW
2026-09-28T02:04:00Z,2655.72,2657.09,2654.12,2656.0,474.4809,2655.73666667,3.53571429,0.05,0.9,0,TREND_UP,NORMAL,ALIGNED,HEALTHY,ALLOW
2026-09-28T02:05:00Z,2655.99,2657.54,2654.81,2655.12,311.1644,2655.82333333,3.48857143,0.05,0.9,0,TREND_DOWN,NORMAL,NEUTRAL,HEALTHY,ALLOW
2026-09-28T02:06:00Z,2655.13,2655.62,2652.79,2653.93,131.0129,2654.11333333,3.42428571,0.05,0.9,0,TREND_DOWN,NORMAL,NEUTRAL,HEALTHY,ALLOW
2026-09-28T02:07:00Z,2653.94,2653.95,2651.34,2651.35,166.5241,2652.21333333,3.48142857,0.05,0.9,0,TREND_DOWN,NORMAL,NEUTRAL,HEALTHY,ALLOW
2026-09-28T02:08:00Z,2651.35,2656.25,2650.72,2655.81,267.2197,2654.26,3.62571429,0.05,0.9,0,TREND_UP,NORMAL,ALIGNED,HEALTHY,ALLOW
2026-09-28T02:09:00Z,2655.82,2657.8,2655.61,2655.62,154.2356,2656.34333333,3.64642857,0.05,0.9,0,TREND_DOWN,NORMAL,NEUTRAL,HEALTHY,ALLOW
2026-09-28T02:10:00Z,2655.62,2658.59,2655.29,2657.8,190.6391,2657.22666667,3.605,0.05,0.9,0,TREND_UP,NORMAL,ALIGNED,HEALTHY,ALLOW
2026-09-28T02:11:00Z,2657.81,2659.49,2657.69,2659.49,203.2933,2658.89,3.26928571,0.05,0.9,0,TREND_UP,NORMAL,ALIGNED,HEALTHY,ALLOW
2026-09-28T02:12:00Z,2659.49,2661.89,2659.49,2661.18,203.9782,2660.85333333,3.29214286,0.05,0.9,0,TREND_UP,NORMAL,ALIGNED,HEALTHY,ALLOW
2026-09-28T02:13:00Z,2661.18,2662.24,2661.17,2661.88,45.2476,2661.76333333,3.30928571,0.05,0.9,0,TREND_UP,NORMAL,ALIGNED,HEALTHY,ALLOW
2026-09-28T02:14:00Z,2661.88,2662.5,2660.42,2661.28,74.795,2661.4,3.11928571,0.05,0.9,0,TREND_DOWN,NORMAL,NEUTRAL,HEALTHY,ALLOW
2026-09-28T02:15:00Z,2661.28,2661.97,2658.09,2659.72,126.5083,2659.92666667,3.02571429,0.05,0.9,0,TREND_DOWN,NORMAL,NEUTRAL,HEALTHY,ALLOW
2026-09-28T02:16:00Z,2659.71,2659.73,2658.37,2658.69,139.6195,2658.93,2.82,0.05,0.9,0,TREND_DOWN,NORMAL,NEUTRAL,HEALTHY,ALLOW
2026-09-28T02:17:00Z,2658.68,2660.56,2658.16,2658.16,527.501,2658.96,2.65357143,0.05,0.9,0,TREND_DOWN,NORMAL,NEUTRAL,HEALTHY,ALLOW
2026-09-28T02:18:00Z,2658.17,2658.17,2655.81,2655.81,135.7036,2656.59666667,2.61,0.05,0.9,0,TREND_DOWN,NORMAL,NEUTRAL,HEALTHY,ALLOW
2026-09-28T02:19:00Z,2655.8,2657.65,2655.13,2657.27,104.607,2656.68333333,2.595,0.05,0.9,0,TREND_UP,NORMAL,ALIGNED,HEALTHY,ALLOW
2026-09-28T02:20:00Z,2657.28,2658.04,2655.65,2657.08,222.5756,2656.92333333,2.56357143,0.05,0.9,0,TREND_DOWN,NORMAL,NEUTRAL,HEALTHY,ALLOW
2026-09-28T02:21:00Z,2657.07,2658.57,2655.25,2655.26,169.9924,2656.36,2.61428571,0.05,0.9,0,TREND_DOWN,NORMAL,NEUTRAL,HEALTHY,ALLOW
2026-09-28T02:22:00Z,2655.25,2655.25,2652.65,2653.66,273.424,2653.85333333,2.40571429,0.05,0.9,0,TREND_DOWN,NORMAL,NEUTRAL,HEALTHY,ALLOW
2026-09-28T02:23:00Z,2653.66,2654.85,2653.49,2654.41,91.5133,2654.25,2.34642857,0.05,0.9,0,TREND_UP,NORMAL,ALIGNED,HEALTHY,ALLOW
2026-09-28T02:24:00Z,2654.34,2658.12,2653.96,2656.76,276.9762,2656.28,2.40785714,0.05,0.9,0,TREND_UP,NORMAL,ALIGNED,HEALTHY,ALLOW
2026-09-28T02:25:00Z,2656.76,2656.76,2655.0,2655.29,104.445,2655.68333333,2.405,0.05,0.9,0,TREND_DOWN,NORMAL,NEUTRAL,HEALTHY,ALLOW
2026-09-28T02:26:00Z,2655.37,2659.01,2655.19,2658.69,103.8373,2657.63,2.50642857,0.05,0.9,0,TREND_UP,NORMAL,ALIGNED,HEALTHY,ALLOW
2026-09-28T02:27:00Z,2658.66,2659.64,2657.74,2658.13,135.4792,2658.50333333,2.56571429,0.05,0.9,0,TREND_DOWN,NORMAL,NEUTRAL,HEALTHY,ALLOW
2026-09-28T02:28:00Z,2658.13,2658.13,2656.82,2656.96,84.3301,2657.30333333,2.51071429,0.05,0.9,0,TREND_DOWN,NORMAL,NEUTRAL,HEALTHY,ALLOW
2026-09-28T02:29:00Z,2656.95,2657.0,2655.28,2655.77,104.1123,2656.01666667,2.35642857,0.05,0.9,0,TREND_DOWN,NORMAL,NEUTRAL,HEALTHY,ALLOW
2026-09-28T02:30:00Z,2655.76,2655.97,2653.04,2653.15,203.5719,2654.05333333,2.46857143,0.05,0.9,0,TREND_DOWN,NORMAL,NEUTRAL,HEALTHY,ALLOW
2026-09-28T02:31:00Z,2653.16,2653.57,2652.64,2652.65,331.6611,2652.95333333,2.36357143,0.05,0.9,0,TREND_DOWN,NORMAL,NEUTRAL,HEALTHY,ALLOW
2026-09-28T02:32:00Z,2652.64,2653.0,2651.0,2651.0,259.0896,2651.66666667,2.33785714,0.05,0.9,0,TREND_DOWN,NORMAL,NEUTRAL,HEALTHY,ALLOW
2026-09-28T02:33:00Z,2651.0,2651.85,2650.0,2650.31,400.4931,2650.72,2.29,0.05,0.9,0,TREND_DOWN,NORMAL,NEUTRAL,HEALTHY,ALLOW
2026-09-28T02:34:00Z,2650.31,2652.3,2650.24,2651.66,151.6968,2651.4,2.26642857,0.05,0.9,0,TREND_UP,NORMAL,ALIGNED,HEALTHY,ALLOW
2026-09-28T02:35:00Z,2651.65,2653.94,2650.64,2653.62,323.5497,2652.73333333,2.265,0.05,0.9,0,TREND_UP,NORMAL,ALIGNED,HEALTHY,ALLOW
2026-09-28T02:36:00Z,2653.62,2655.0,2652.21,2652.74,219.5702,2653.31666667,2.27785714,0.05,0.9,0,TREND_DOWN,NORMAL,NEUTRAL,HEALTHY,ALLOW
2026-09-28T02:37:00Z,2652.73,2652.73,2651.24,2652.13,113.8358,2652.03333333,2.28785714,0.05,0.9,0,TREND_DOWN,NORMAL,NEUTRAL,HEALTHY,ALLOW
2026-09-28T02:38:00Z,2652.12,2655.0,2651.65,2651.66,110.0557,2652.77,2.23,0.05,0.9,0,TREND_DOWN,NORMAL,NEUTRAL,HEALTHY,ALLOW
2026-09-28T02:39:00Z,2651.66,2652.0,2650.0,2651.74,282.453,2651.24666667,2.24714286,0.05,0.9,0,TREND_UP,NORMAL,ALIGNED,HEALTHY,ALLOW
2026-09-28T02:40:00Z,2651.74,2654.34,2651.73,2654.33,128.2233,2653.46666667,2.16071429,0.05,0.9,0,TREND_UP,NORMAL,ALIGNED,HEALTHY,ALLOW
2026-09-28T02:41:00Z,2654.34,2655.26,2652.0,2652.01,173.9772,2653.09,2.25785714,0.05,0.9,0,TREND_DOWN,NORMAL,NEUTRAL,HEALTHY,ALLOW
2026-09-28T02:42:00Z,2652.01,2654.1,2651.52,2652.46,169.8347,2652.69333333,2.34857143,0.05,0.9,0,TREND_UP,NORMAL,ALIGNED,HEALTHY,ALLOW
2026-09-28T02:43:00Z,2652.46,2653.36,2652.02,2653.35,57.858,2652.91,2.32142857,0.05,0.9,0,TREND_UP,NORMAL,ALIGNED,HEALTHY,ALLOW
2026-09-28T02:44:00Z,2653.35,2653.86,2652.0,2653.03,139.3162,2652.96333333,2.245,0.05,0.9,0,TREND_DOWN,NORMAL,NEUTRAL,HEALTHY,ALLOW
2026-09-28T02:45:00Z,2653.03,2654.43,2652.4,2653.73,106.8463,2653.52,2.32357143,0.05,0.9,0,TREND_UP,NORMAL,ALIGNED,HEALTHY,ALLOW
2026-09-28T02:46:00Z,2653.73,2654.56,2651.74,2652.35,275.2288,2652.88333333,2.38214286,0.05,0.9,0,TREND_DOWN,NORMAL,NEUTRAL,HEALTHY,ALLOW
2026-09-28T02:47:00Z,2652.35,2652.63,2650.0,2650.17,239.4624,2650.93333333,2.43785714,0.05,0.9,0,TREND_DOWN,NORMAL,NEUTRAL,HEALTHY,ALLOW
2026-09-28T02:48:00Z,2650.16,2650.17,2648.36,2649.98,347.5389,2649.50333333,2.42,0.05,0.9,0,TREND_DOWN,NORMAL,NEUTRAL,HEALTHY,ALLOW
2026-09-28T02:49:00Z,2649.97,2652.2,2649.72,2651.65,185.043,2651.19,2.36142857,0.05,0.9,0,TREND_UP,NORMAL,ALIGNED,HEALTHY,ALLOW
2026-09-28T02:50:00Z,2651.66,2653.44,2651.48,2652.32,125.7413,2652.41333333,2.30214286,0.05,0.9,0,TREND_UP,NORMAL,ALIGNED,HEALTHY,ALLOW
2026-09-28T02:51:00Z,2652.32,2653.2,2651.01,2651.01,120.4478,2651.74,2.35142857,0.05,0.9,0,TREND_DOWN,NORMAL,NEUTRAL,HEALTHY,ALLOW
2026-09-28T02:52:00Z,2651.02,2652.82,2651.02,2652.82,65.6848,2652.22,2.24142857,0.05,0.9,0,TREND_UP,NORMAL,ALIGNED,HEALTHY,ALLOW
2026-09-28T02:53:00Z,2652.83,2653.28,2652.24,2652.7,87.4924,2652.74,2.17285714,0.05,0.9,0,TREND_DOWN,NORMAL,NEUTRAL,HEALTHY,ALLOW
2026-09-28T02:54:00Z,2652.69,2653.38,2652.22,2652.39,141.1005,2652.66333333,2.06928571,0.05,0.9,0,TREND_DOWN,NORMAL,NEUTRAL,HEALTHY,ALLOW
2026-09-28T02:55:00Z,2652.39,2653.24,2652.34,2652.4,42.9262,2652.66,1.90071429,0.05,0.9,0,TREND_UP,NORMAL,ALIGNED,HEALTHY,ALLOW
2026-09-28T02:56:00Z,2652.4,2652.46,2651.58,2651.59,60.4968,2651.87666667,1.77928571,0.05,0.9,0,TREND_DOWN,NORMAL,NEUTRAL,HEALTHY,ALLOW
2026-09-28T02:57:00Z,2651.58,2652.44,2651.38,2651.9,72.5188,2651.90666667,1.75928571,0.05,0.9,0,TREND_UP,NORMAL,ALIGNED,HEALTHY,ALLOW
2026-09-28T02:58:00Z,2651.91,2653.59,2651.91,2652.41,76.4517,2652.63666667,1.74714286,0.05,0.9,0,TREND_UP,NORMAL,ALIGNED,HEALTHY,ALLOW
2026-09-28T02:59:00Z,2652.41,2653.01,2652.05,2653.01,51.0561,2652.69,1.67071429,0.05,0.9,0,TREND_UP,NORMAL,ALIGNED,HEALTHY,ALLOW
2026-09-28T03:00:00Z,2653.02,2656.53,2653.02,2656.02,244.4206,2655.19,1.72071429,0.05,0.9,0,TREND_UP,NORMAL,ALIGNED,HEALTHY,ALLOW
2026-09-28T03:01:00Z,2656.02,2657.0,2655.13,2655.13,147.513,2655.75333333,1.66642857,0.05,0.9,0,TREND_DOWN,NORMAL,NEUTRAL,HEALTHY,ALLOW
2026-09-28T03:02:00Z,2655.13,2656.03,2653.49,2653.65,132.5756,2654.39,1.71857143,0.05,0.9,0,TREND_DOWN,NORMAL,NEUTRAL,HEALTHY,ALLOW
2026-09-28T03:03:00Z,2653.65,2654.93,2653.65,2654.65,57.6921,2654.41,1.63285714,0.05,0.9,0,TREND_UP,NORMAL,ALIGNED,HEALTHY,ALLOW
2026-09-28T03:04:00Z,2654.65,2655.89,2654.65,2655.89,63.7372,2655.47666667,1.58142857,0.05,0.9,0,TREND_UP,NORMAL,ALIGNED,HEALTHY,ALLOW
2026-09-28T03:05:00Z,2655.89,2656.98,2654.79,2654.79,91.6517,2655.52,1.58142857,0.05,0.9,0,TREND_DOWN,NORMAL,NEUTRAL,HEALTHY,ALLOW
2026-09-28T03:06:00Z,2654.79,2656.0,2654.2,2654.6,139.2459,2654.93333333,1.58071429,0.05,0.9,0,TREND_DOWN,NORMAL,NEUTRAL,HEALTHY,ALLOW
2026-09-28T03:07:00Z,2654.6,2657.47,2654.6,2656.93,201.794,2656.33333333,1.71142857,0.05,0.9,0,TREND_UP,NORMAL,ALIGNED,HEALTHY,ALLOW
2026-09-28T03:08:00Z,2656.93,2657.19,2656.31,2656.46,70.6043,2656.65333333,1.69142857,0.05,0.9,0,TREND_DOWN,NORMAL,NEUTRAL,HEALTHY,ALLOW
2026-09-28T03:09:00Z,2656.46,2657.08,2656.14,2657.08,175.8773,2656.76666667,1.69428571,0.05,0.9,0,TREND_UP,NORMAL,ALIGNED,HEALTHY,ALLOW
2026-09-28T03:10:00Z,2657.08,2657.66,2656.66,2657.38,51.1266,2657.23333333,1.70285714,0.05,0.9,0,TREND_UP,NORMAL,ALIGNED,HEALTHY,ALLOW
2026-09-28T03:11:00Z,2657.37,2657.38,2654.35,2654.36,75.82,2655.36333333,1.84357143,0.05,0.9,0,TREND_DOWN,NORMAL,NEUTRAL,HEALTHY,ALLOW
2026-09-28T03:12:00Z,2654.35,2654.9,2652.93,2653.51,157.9703,2653.78,1.86357143,0.05,0.9,0,TREND_DOWN,NORMAL,NEUTRAL,HEALTHY,ALLOW
2026-09-28T03:13:00Z,2653.52,2657.0,2653.52,2656.87,63.7258,2655.79666667,2.04428571,0.05,0.9,0,TREND_UP,NORMAL,ALIGNED,HEALTHY,ALLOW
2026-09-28T03:14:00Z,2656.87,2656.87,2655.46,2655.47,183.2642,2655.93333333,1.89357143,0.05,0.9,0,TREND_DOWN,NORMAL,NEUTRAL,HEALTHY,ALLOW
2026-09-28T03:15:00Z,2655.47,2656.48,2654.12,2654.13,392.7631,2654.91,1.92857143,0.05,0.9,0,TREND_DOWN,NORMAL,NEUTRAL,HEALTHY,ALLOW
2026-09-28T03:16:00Z,2654.12,2656.1,2653.34,2656.09,166.3896,2655.17666667,1.94428571,0.05,0.9,0,TREND_UP,NORMAL,ALIGNED,HEALTHY,ALLOW
2026-09-28T03:17:00Z,2656.09,2657.66,2655.9,2657.66,97.9052,2657.07333333,1.97857143,0.05,0.9,0,TREND_UP,NORMAL,ALIGNED,HEALTHY,ALLOW
2026-09-28T03:18:00Z,2657.66,2658.02,2655.08,2655.41,79.3394,2656.17,2.1,0.05,0.9,0,TREND_DOWN,NORMAL,NEUTRAL,HEALTHY,ALLOW
2026-09-28T03:19:00Z,2655.41,2657.87,2655.4,2655.84,69.3452,2656.37,2.12,0.05,0.9,0,TREND_UP,NORMAL,ALIGNED,HEALTHY,ALLOW
2026-09-28T03:20:00Z,2655.85,2657.36,2655.85,2656.87,104.7763,2656.69333333,2.1,0.05,0.9,0,TREND_UP,NORMAL,ALIGNED,HEALTHY,ALLOW
2026-09-28T03:21:00Z,2656.87,2656.87,2654.35,2654.35,171.7633,2655.19,2.075,0.05,0.9,0,TREND_DOWN,NORMAL,NEUTRAL,HEALTHY,ALLOW
2026-09-28T03:22:00Z,2654.35,2654.35,2651.72,2651.9,177.2784,2652.65666667,2.2,0.05,0.9,0,TREND_DOWN,NORMAL,NEUTRAL,HEALTHY,ALLOW
2026-09-28T03:23:00Z,2651.9,2653.41,2651.9,2652.1,84.459,2652.47,2.24071429,0.05,0.9,0,TREND_UP,NORMAL,ALIGNED,HEALTHY,ALLOW
2026-09-28T03:24:00Z,2652.1,2653.64,2651.73,2652.08,166.3097,2652.48333333,2.30571429,0.05,0.9,0,TREND_DOWN,NORMAL,NEUTRAL,HEALTHY,ALLOW
2026-09-28T03:25:00Z,2652.08,2652.08,2649.0,2650.02,902.0604,2650.36666667,2.30928571,0.05,0.9,0,TREND_DOWN,NORMAL,NEUTRAL,HEALTHY,ALLOW
2026-09-28T03:26:00Z,2650.02,2651.5,2648.03,2648.56,277.0642,2649.36333333,2.41642857,0.05,0.9,0,TREND_DOWN,NORMAL,NEUTRAL,HEALTHY,ALLOW
2026-09-28T03:27:00Z,2648.56,2649.66,2647.57,2648.76,203.1592,2648.66333333,2.31642857,0.05,0.9,0,TREND_UP,NORMAL,ALIGNED,HEALTHY,ALLOW
2026-09-28T03:28:00Z,2648.75,2651.09,2648.75,2649.26,182.1109,2649.7,2.38285714,0.05,0.9,0,TREND_UP,NORMAL,ALIGNED,HEALTHY,ALLOW
2026-09-28T03:29:00Z,2649.26,2649.26,2642.0,2646.56,1012.9955,2645.94,2.73285714,0.05,0.9,0,TREND_DOWN,NORMAL,NEUTRAL,HEALTHY,ALLOW
2026-09-28T03:30:00Z,2646.57,2647.18,2645.16,2646.15,343.2465,2646.16333333,2.68,0.05,0.9,0,TREND_DOWN,NORMAL,NEUTRAL,HEALTHY,ALLOW
2026-09-28T03:31:00Z,2646.2,2648.09,2644.42,2647.59,314.1531,2646.7,2.81642857,0.05,0.9,0,TREND_UP,NORMAL,ALIGNED,HEALTHY,ALLOW
2026-09-28T03:32:00Z,2647.59,2647.92,2643.48,2643.81,576.6395,2645.07,2.92357143,0.05,0.9,0,TREND_DOWN,NORMAL,NEUTRAL,HEALTHY,ALLOW
2026-09-28T03:33:00Z,2643.82,2645.6,2643.68,2643.96,368.9528,2644.41333333,2.88428571,0.05,0.9,0,TREND_UP,NORMAL,ALIGNED,HEALTHY,ALLOW
2026-09-28T03:34:00Z,2643.95,2647.47,2643.95,2646.03,147.8891,2645.81666667,3.02714286,0.05,0.9,0,TREND_UP,NORMAL,ALIGNED,HEALTHY,ALLOW
2026-09-28T03:35:00Z,2646.03,2648.81,2644.83,2648.49,234.2784,2647.37666667,3.13142857,0.05,0.9,0,TREND_UP,NORMAL,ALIGNED,HEALTHY,ALLOW
2026-09-28T03:36:00Z,2648.48,2650.71,2648.22,2650.71,215.9843,2649.88,3.12142857,0.05,0.9,0,TREND_UP,NORMAL,ALIGNED,HEALTHY,ALLOW
2026-09-28T03:37:00Z,2650.71,2653.79,2650.7,2652.4,257.6146,2652.29666667,3.23428571,0.05,0.9,0,TREND_UP,NORMAL,ALIGNED,HEALTHY,ALLOW
2026-09-28T03:38:00Z,2652.39,2654.06,2652.26,2654.05,60.7902,2653.45666667,3.22642857,0.05,0.9,0,TREND_UP,NORMAL,ALIGNED,HEALTHY,ALLOW
2026-09-28T03:39:00Z,2654.06,2654.06,2652.45,2653.75,61.1328,2653.42,3.12142857,0.05,0.9,0,TREND_DOWN,NORMAL,NEUTRAL,HEALTHY,ALLOW
2026-09-28T03:40:00Z,2653.75,2653.75,2651.88,2652.03,266.1178,2652.55333333,3.00714286,0.05,0.9,0,TREND_DOWN,NORMAL,NEUTRAL,HEALTHY,ALLOW
2026-09-28T03:41:00Z,2652.04,2653.19,2650.86,2653.19,184.4378,2652.41333333,3.02428571,0.05,0.9,0,TREND_UP,NORMAL,ALIGNED,HEALTHY,ALLOW
2026-09-28T03:42:00Z,2653.18,2654.17,2653.18,2653.85,113.1685,2653.73333333,2.92785714,0.05,0.9,0,TREND_UP,NORMAL,ALIGNED,HEALTHY,ALLOW
2026-09-28T03:43:00Z,2653.86,2655.12,2653.85,2654.47,104.1098,2654.48,2.5,0.05,0.9,0,TREND_UP,NORMAL,ALIGNED,HEALTHY,ALLOW
2026-09-28T03:44:00Z,2654.47,2654.98,2653.58,2653.85,70.5288,2654.13666667,2.45571429,0.05,0.9,0,TREND_DOWN,NORMAL,NEUTRAL,HEALTHY,ALLOW
2026-09-28T03:45:00Z,2653.84,2654.38,2652.96,2653.17,83.3598,2653.50333333,2.295,0.05,0.9,0,TREND_DOWN,NORMAL,NEUTRAL,HEALTHY,ALLOW
2026-09-28T03:46:00Z,2653.17,2653.21,2652.2,2652.42,54.9831,2652.61,2.05,0.05,0.9,0,TREND_DOWN,NORMAL,NEUTRAL,HEALTHY,ALLOW
2026-09-28T03:47:00Z,2652.42,2653.99,2652.41,2653.68,92.6699,2653.36,2.02571429,0.05,0.9,0,TREND_UP,NORMAL,ALIGNED,HEALTHY,ALLOW
2026-09-28T03:48:00Z,2653.68,2653.69,2652.41,2653.03,122.0736,2653.04333333,1.86571429,0.05,0.9,0,TREND_DOWN,NORMAL,NEUTRAL,HEALTHY,ALLOW
2026-09-28T03:49:00Z,2653.02,2655.8,2652.7,2654.01,278.1487,2654.17,1.80285714,0.05,0.9,0,TREND_UP,NORMAL,ALIGNED,HEALTHY,ALLOW
2026-09-28T03:50:00Z,2654.0,2654.99,2652.6,2654.99,71.8543,2654.19333333,1.79571429,0.05,0.9,0,TREND_UP,NORMAL,ALIGNED,HEALTHY,ALLOW
2026-09-28T03:51:00Z,2654.99,2655.38,2653.28,2654.17,73.7064,2654.27666667,1.725,0.05,0.9,0,TREND_DOWN,NORMAL,NEUTRAL,HEALTHY,ALLOW
2026-09-28T03:52:00Z,2654.16,2654.16,2652.41,2653.06,66.2476,2653.21,1.72214286,0.05,0.9,0,TREND_DOWN,NORMAL,NEUTRAL,HEALTHY,ALLOW
2026-09-28T03:53:00Z,2653.07,2654.5,2653.06,2653.51,71.8673,2653.69,1.71,0.05,0.9,0,TREND_UP,NORMAL,ALIGNED,HEALTHY,ALLOW
2026-09-28T03:54:00Z,2653.51,2654.97,2653.5,2653.85,101.6795,2654.10666667,1.68142857,0.05,0.9,0,TREND_UP,NORMAL,ALIGNED,HEALTHY,ALLOW
2026-09-28T03:55:00Z,2653.85,2653.86,2653.03,2653.31,75.2353,2653.4,1.57428571,0.05,0.9,0,TREND_DOWN,NORMAL,NEUTRAL,HEALTHY,ALLOW
2026-09-28T03:56:00Z,2653.3,2653.65,2653.03,2653.03,155.3155,2653.23666667,1.54785714,0.05,0.9,0,TREND_DOWN,NORMAL,NEUTRAL,HEALTHY,ALLOW
2026-09-28T03:57:00Z,2653.03,2653.11,2652.2,2652.2,101.8848,2652.50333333,1.52214286,0.05,0.9,0,TREND_DOWN,NORMAL,NEUTRAL,HEALTHY,ALLOW
2026-09-28T03:58:00Z,2652.2,2652.21,2651.47,2652.07,106.3708,2651.91666667,1.475,0.05,0.9,0,TREND_DOWN,NORMAL,NEUTRAL,HEALTHY,ALLOW
2026-09-28T03:59:00Z,2652.07,2652.09,2652.04,2652.08,148.3384,2652.07,1.37714286,0.05,0.9,0,TREND_UP,NORMAL,ALIGNED,HEALTHY,ALLOW
2026-09-28T04:00:00Z,2652.08,2652.96,2649.46,2649.46,294.159,2650.62666667,1.555,0.05,0.9,0,TREND_DOWN,NORMAL,NEUTRAL,HEALTHY,ALLOW
2026-09-28T04:01:00Z,2649.46,2649.95,2648.54,2649.12,221.1027,2649.20333333,1.54285714,0.05,0.9,0,TREND_DOWN,NORMAL,NEUTRAL,HEALTHY,ALLOW
2026-09-28T04:02:00Z,2649.12,2649.3,2648.16,2648.31,277.0739,2648.59,1.53285714,0.05,0.9,0,TREND_DOWN,NORMAL,NEUTRAL,HEALTHY,ALLOW
2026-09-28T04:03:00Z,2648.3,2649.08,2647.18,2648.42,278.5645,2648.22666667,1.44714286,0.05,0.9,0,TREND_UP,NORMAL,ALIGNED,HEALTHY,ALLOW
2026-09-28T04:04:00Z,2648.43,2649.21,2646.94,2647.29,123.899,2647.81333333,1.43857143,0.05,0.9,0,TREND_DOWN,NORMAL,NEUTRAL,HEALTHY,ALLOW
2026-09-28T04:05:00Z,2647.3,2649.78,2647.17,2649.78,174.5958,2648.91,1.475,0.05,0.9,0,TREND_UP,NORMAL,ALIGNED,HEALTHY,ALLOW
2026-09-28T04:06:00Z,2649.79,2652.13,2649.49,2652.01,175.7864,2651.21,1.53785714,0.05,0.9,0,TREND_UP,NORMAL,ALIGNED,HEALTHY,ALLOW
2026-09-28T04:07:00Z,2652.01,2653.0,2652.01,2653.0,98.9214,2652.67,1.50571429,0.05,0.9,0,TREND_UP,NORMAL,ALIGNED,HEALTHY,ALLOW
2026-09-28T04:08:00Z,2652.99,2654.44,2650.46,2650.46,106.9014,2651.78666667,1.685,0.05,0.9,0,TREND_DOWN,NORMAL,NEUTRAL,HEALTHY,ALLOW
2026-09-28T04:09:00Z,2650.46,2652.39,2650.46,2651.73,96.3464,2651.52666667,1.76357143,0.05,0.9,0,TREND_UP,NORMAL,ALIGNED,HEALTHY,ALLOW
2026-09-28T04:10:00Z,2651.74,2653.36,2651.59,2653.35,112.9914,2652.76666667,1.84571429,0.05,0.9,0,TREND_UP,NORMAL,ALIGNED,HEALTHY,ALLOW
2026-09-28T04:11:00Z,2653.35,2653.36,2652.86,2653.09,57.1472,2653.10333333,1.81642857,0.05,0.9,0,TREND_DOWN,NORMAL,NEUTRAL,HEALTHY,ALLOW
2026-09-28T04:12:00Z,2653.08,2654.15,2652.14,2654.15,181.9336,2653.48,1.90714286,0.05,0.9,0,TREND_UP,NORMAL,ALIGNED,HEALTHY,ALLOW
2026-09-28T04:13:00Z,2654.15,2655.34,2654.15,2654.44,160.0012,2654.64333333,1.98857143,0.05,0.9,0,TREND_UP,NORMAL,ALIGNED,HEALTHY,ALLOW
2026-09-28T04:14:00Z,2654.44,2655.17,2654.44,2654.78,55.8574,2654.79666667,1.79071429,0.05,0.9,0,TREND_UP,NORMAL,ALIGNED,HEALTHY,ALLOW
2026-09-28T04:15:00Z,2654.77,2655.06,2653.62,2653.91,137.6545,2654.19666667,1.79285714,0.05,0.9,0,TREND_DOWN,NORMAL,NEUTRAL,HEALTHY,ALLOW
2026-09-28T04:16:00Z,2653.9,2654.27,2653.0,2653.14,264.1999,2653.47,1.80214286,0.05,0.9,0,TREND_DOWN,NORMAL,NEUTRAL,HEALTHY,ALLOW
2026-09-28T04:17:00Z,2653.15,2656.18,2653.14,2656.17,158.4758,2655.16333333,1.88357143,0.05,0.9,0,TREND_UP,NORMAL,ALIGNED,HEALTHY,ALLOW
2026-09-28T04:18:00Z,2656.18,2658.97,2656.18,2658.97,199.5835,2658.04,1.92142857,0.05,0.9,0,TREND_UP,NORMAL,ALIGNED,HEALTHY,ALLOW
2026-09-28T04:19:00Z,2658.96,2659.22,2658.26,2658.59,57.7021,2658.69,1.80357143,0.05,0.9,0,TREND_DOWN,NORMAL,NEUTRAL,HEALTHY,ALLOW
2026-09-28T04:20:00Z,2658.59,2659.51,2658.58,2658.6,329.462,2658.89666667,1.68142857,0.05,0.9,0,TREND_UP,NORMAL,ALIGNED,HEALTHY,ALLOW
2026-09-28T04:21:00Z,2658.6,2658.6,2657.66,2657.66,254.274,2657.97333333,1.67785714,0.05,0.9,0,TREND_DOWN,NORMAL,NEUTRAL,HEALTHY,ALLOW
2026-09-28T04:22:00Z,2657.66,2658.24,2657.07,2658.24,76.1071,2657.85,1.47714286,0.05,0.9,0,TREND_UP,NORMAL,ALIGNED,HEALTHY,ALLOW
2026-09-28T04:23:00Z,2658.25,2658.93,2658.13,2658.91,65.6622,2658.65666667,1.39642857,0.05,0.9,0,TREND_UP,NORMAL,ALIGNED,HEALTHY,ALLOW
2026-09-28T04:24:00Z,2658.91,2660.16,2658.46,2658.68,252.4794,2659.1,1.39142857,0.05,0.9,0,TREND_DOWN,NORMAL,NEUTRAL,HEALTHY,ALLOW
2026-09-28T04:25:00Z,2658.69,2659.52,2658.05,2659.52,310.4053,2659.03,1.46071429,0.05,0.9,0,TREND_UP,NORMAL,ALIGNED,HEALTHY,ALLOW
2026-09-28T04:26:00Z,2659.52,2659.62,2658.78,2658.8,237.5338,2659.06666667,1.37714286,0.05,0.9,0,TREND_DOWN,NORMAL,NEUTRAL,HEALTHY,ALLOW
2026-09-28T04:27:00Z,2658.79,2659.22,2658.78,2658.91,186.2699,2658.97,1.32357143,0.05,0.9,0,TREND_UP,NORMAL,ALIGNED,HEALTHY,ALLOW
2026-09-28T04:28:00Z,2658.92,2659.53,2658.91,2659.09,134.9283,2659.17666667,1.31571429,0.05,0.9,0,TREND_UP,NORMAL,ALIGNED,HEALTHY,ALLOW
2026-09-28T04:29:00Z,2659.09,2659.1,2658.37,2658.37,24.6115,2658.61333333,1.265,0.05,0.9,0,TREND_DOWN,NORMAL,NEUTRAL,HEALTHY,ALLOW
2026-09-28T04:30:00Z,2658.37,2658.57,2657.79,2657.92,107.6914,2658.09333333,1.23,0.05,0.9,0,TREND_DOWN,NORMAL,NEUTRAL,HEALTHY,ALLOW
2026-09-28T04:31:00Z,2657.93,2658.27,2657.79,2658.01,279.565,2658.02333333,1.04714286,0.05,0.9,0,TREND_UP,NORMAL,ALIGNED,HEALTHY,ALLOW
2026-09-28T04:32:00Z,2658.01,2658.24,2658.01,2658.24,22.6513,2658.16333333,0.86357143,0.05,0.9,0,TREND_UP,NORMAL,ALIGNED,HEALTHY,ALLOW
2026-09-28T04:33:00Z,2658.23,2658.24,2658.01,2658.01,184.4817,2658.08666667,0.81142857,0.05,0.9,0,TREND_DOWN,NORMAL,NEUTRAL,HEALTHY,ALLOW
2026-09-28T04:34:00Z,2658.01,2658.42,2658.01,2658.42,93.7633,2658.28333333,0.77428571,0.05,0.9,0,TREND_UP,NORMAL,ALIGNED,HEALTHY,ALLOW
2026-09-28T04:35:00Z,2658.43,2658.85,2657.67,2657.67,185.376,2658.06333333,0.79142857,0.05,0.9,0,TREND_DOWN,NORMAL,NEUTRAL,HEALTHY,ALLOW
2026-09-28T04:36:00Z,2657.68,2658.01,2657.29,2657.62,166.0837,2657.64,0.75928571,0.05,0.9,0,TREND_DOWN,NORMAL,NEUTRAL,HEALTHY,ALLOW
2026-09-28T04:37:00Z,2657.62,2657.62,2656.31,2656.99,254.0057,2656.97333333,0.79571429,0.05,0.9,0,TREND_DOWN,NORMAL,NEUTRAL,HEALTHY,ALLOW
2026-09-28T04:38:00Z,2657.0,2657.57,2656.91,2657.36,610.7753,2657.28,0.72142857,0.05,0.9,0,TREND_UP,NORMAL,ALIGNED,HEALTHY,ALLOW
2026-09-28T04:39:00Z,2657.36,2657.57,2657.27,2657.27,97.3009,2657.37,0.63785714,0.05,0.9,0,TREND_DOWN,NORMAL,NEUTRAL,HEALTHY,ALLOW
2026-09-28T04:40:00Z,2657.28,2657.48,2656.79,2657.29,52.6769,2657.18666667,0.62714286,0.05,0.9,0,TREND_UP,NORMAL,ALIGNED,HEALTHY,ALLOW
2026-09-28T04:41:00Z,2657.27,2657.48,2657.07,2657.48,31.2156,2657.34333333,0.625,0.05,0.9,0,TREND_UP,NORMAL,ALIGNED,HEALTHY,ALLOW
2026-09-28T04:42:00Z,2657.48,2659.7,2657.48,2659.7,340.2833,2658.96,0.73928571,0.05,0.9,0,TREND_UP,NORMAL,ALIGNED,HEALTHY,ALLOW
2026-09-28T04:43:00Z,2659.7,2660.3,2659.36,2659.66,84.3935,2659.77333333,0.75428571,0.05,0.9,0,TREND_DOWN,NORMAL,NEUTRAL,HEALTHY,ALLOW
2026-09-28T04:44:00Z,2659.67,2659.67,2659.08,2659.17,57.4734,2659.30666667,0.74071429,0.05,0.9,0,TREND_DOWN,NORMAL,NEUTRAL,HEALTHY,ALLOW
2026-09-28T04:45:00Z,2659.17,2659.18,2658.3,2658.71,46.1291,2658.73,0.76928571,0.05,0.9,0,TREND_DOWN,NORMAL,NEUTRAL,HEALTHY,ALLOW
2026-09-28T04:46:00Z,2658.7,2658.73,2658.0,2658.0,35.8763,2658.24333333,0.805,0.05,0.9,0,TREND_DOWN,NORMAL,NEUTRAL,HEALTHY,ALLOW
2026-09-28T04:47:00Z,2658.0,2658.0,2656.66,2656.67,91.2451,2657.11,0.88428571,0.05,0.9,0,TREND_DOWN,NORMAL,NEUTRAL,HEALTHY,ALLOW
2026-09-28T04:48:00Z,2656.66,2656.66,2656.0,2656.07,57.0827,2656.24333333,0.90285714,0.05,0.9,0,TREND_DOWN,NORMAL,NEUTRAL,HEALTHY,ALLOW
2026-09-28T04:49:00Z,2656.07,2656.43,2656.06,2656.18,45.3608,2656.22333333,0.845,0.05,0.9,0,TREND_UP,NORMAL,ALIGNED,HEALTHY,ALLOW
2026-09-28T04:50:00Z,2656.18,2658.1,2656.18,2658.1,133.8626,2657.46,0.93071429,0.05,0.9,0,TREND_UP,NORMAL,ALIGNED,HEALTHY,ALLOW
2026-09-28T04:51:00Z,2658.1,2658.11,2657.87,2658.08,74.0819,2658.02,0.85428571,0.05,0.9,0,TREND_DOWN,NORMAL,NEUTRAL,HEALTHY,ALLOW
2026-09-28T04:52:00Z,2658.08,2659.5,2658.04,2659.21,36.877,2658.91666667,0.91142857,0.05,0.9,0,TREND_UP,NORMAL,ALIGNED,HEALTHY,ALLOW
2026-09-28T04:53:00Z,2659.2,2659.44,2659.07,2659.43,38.5162,2659.31333333,0.91642857,0.05,0.9,0,TREND_UP,NORMAL,ALIGNED,HEALTHY,ALLOW
2026-09-28T04:54:00Z,2659.44,2659.44,2658.79,2658.79,123.5592,2659.00666667,0.91357143,0.05,0.9,0,TREND_DOWN,NORMAL,NEUTRAL,HEALTHY,ALLOW
2026-09-28T04:55:00Z,2658.8,2658.8,2657.96,2658.22,38.1552,2658.32666667,0.94428571,0.05,0.9,0,TREND_DOWN,NORMAL,NEUTRAL,HEALTHY,ALLOW
2026-09-28T04:56:00Z,2658.22,2658.92,2658.21,2658.46,44.3643,2658.53,0.83642857,0.05,0.9,0,TREND_UP,NORMAL,ALIGNED,HEALTHY,ALLOW
2026-09-28T04:57:00Z,2658.45,2659.52,2658.31,2659.52,36.3657,2659.11666667,0.85571429,0.05,0.9,0,TREND_UP,NORMAL,ALIGNED,HEALTHY,ALLOW
2026-09-28T04:58:00Z,2659.51,2659.52,2659.24,2659.49,198.1502,2659.41666667,0.83357143,0.05,0.9,0,TREND_DOWN,NORMAL,NEUTRAL,HEALTHY,ALLOW
2026-09-28T04:59:00Z,2659.49,2659.49,2658.47,2658.63,40.6035,2658.86333333,0.84357143,0.05,0.9,0,TREND_DOWN,NORMAL,NEUTRAL,HEALTHY,ALLOW
2026-09-28T05:00:00Z,2658.62,2661.02,2658.62,2660.51,92.4316,2660.05,0.96285714,0.05,0.9,0,TREND_UP,NORMAL,ALIGNED,HEALTHY,ALLOW
2026-09-28T05:01:00Z,2660.51,2660.62,2659.6,2659.6,51.698,2659.94,0.94,0.05,0.9,0,TREND_DOWN,NORMAL,NEUTRAL,HEALTHY,ALLOW
2026-09-28T05:02:00Z,2659.6,2659.6,2656.06,2656.37,72.5698,2657.34333333,1.145,0.05,0.9,0,TREND_DOWN,NORMAL,NEUTRAL,HEALTHY,ALLOW
2026-09-28T05:03:00Z,2656.37,2656.49,2655.0,2655.88,65.1084,2655.79,1.225,0.05,0.9,0,TREND_DOWN,NORMAL,NEUTRAL,HEALTHY,ALLOW
2026-09-28T05:04:00Z,2655.88,2655.88,2655.0,2655.04,43.507,2655.30666667,1.15071429,0.05,0.9,0,TREND_DOWN,NORMAL,NEUTRAL,HEALTHY,ALLOW
2026-09-28T05:05:00Z,2655.04,2657.33,2655.0,2656.21,182.3995,2656.18,1.3,0.05,0.9,0,TREND_UP,NORMAL,ALIGNED,HEALTHY,ALLOW
2026-09-28T05:06:00Z,2656.21,2656.3,2655.13,2655.13,69.3756,2655.52,1.27928571,0.05,0.9,0,TREND_DOWN,NORMAL,NEUTRAL,HEALTHY,ALLOW
2026-09-28T05:07:00Z,2655.12,2655.17,2654.36,2654.63,116.0915,2654.72,1.31071429,0.05,0.9,0,TREND_DOWN,NORMAL,NEUTRAL,HEALTHY,ALLOW
2026-09-28T05:08:00Z,2654.62,2654.83,2653.82,2653.83,84.918,2654.16,1.33642857,0.05,0.9,0,TREND_DOWN,NORMAL,NEUTRAL,HEALTHY,ALLOW
2026-09-28T05:09:00Z,2653.83,2653.83,2653.6,2653.61,90.9174,2653.68,1.29285714,0.05,0.9,0,TREND_DOWN,NORMAL,NEUTRAL,HEALTHY,ALLOW
2026-09-28T05:10:00Z,2653.61,2653.61,2652.92,2653.16,188.0883,2653.23,1.29142857,0.05,0.9,0,TREND_DOWN,NORMAL,NEUTRAL,HEALTHY,ALLOW
2026-09-28T05:11:00Z,2653.17,2653.17,2652.67,2652.67,53.6148,2652.83666667,1.24071429,0.05,0.9,0,TREND_DOWN,NORMAL,NEUTRAL,HEALTHY,ALLOW
2026-09-28T05:12:00Z,2652.68,2653.5,2652.67,2652.73,58.0871,2652.96666667,1.28,0.05,0.9,0,TREND_UP,NORMAL,ALIGNED,HEALTHY,ALLOW
2026-09-28T05:13:00Z,2652.74,2652.74,2649.92,2651.3,546.6415,2651.32,1.40857143,0.05,0.9,0,TREND_DOWN,NORMAL,NEUTRAL,HEALTHY,ALLOW
2026-09-28T05:14:00Z,2651.3,2651.48,2647.5,2651.18,621.5014,2650.05333333,1.52142857,0.05,0.9,0,TREND_DOWN,NORMAL,NEUTRAL,HEALTHY,ALLOW
2026-09-28T05:15:00Z,2651.18,2652.72,2651.18,2652.18,122.0703,2652.02666667,1.55857143,0.05,0.9,0,TREND_UP,NORMAL,ALIGNED,HEALTHY,ALLOW
2026-09-28T05:16:00Z,2652.18,2652.18,2648.29,2649.63,238.5533,2650.03333333,1.58357143,0.05,0.9,0,TREND_DOWN,NORMAL,NEUTRAL,HEALTHY,ALLOW
2026-09-28T05:17:00Z,2649.63,2650.26,2648.7,2650.26,224.8449,2649.74,1.58857143,0.05,0.9,0,TREND_UP,NORMAL,ALIGNED,HEALTHY,ALLOW
2026-09-28T05:18:00Z,2650.26,2650.48,2648.43,2650.14,85.2406,2649.68333333,1.67214286,0.05,0.9,0,TREND_DOWN,NORMAL,NEUTRAL,HEALTHY,ALLOW
2026-09-28T05:19:00Z,2650.13,2651.22,2649.44,2650.12,169.2673,2650.26,1.63285714,0.05,0.9,0,TREND_DOWN,NORMAL,NEUTRAL,HEALTHY,ALLOW
2026-09-28T05:20:00Z,2650.11,2651.32,2649.52,2649.98,108.5069,2650.27333333,1.67785714,0.05,0.9,0,TREND_DOWN,NORMAL,NEUTRAL,HEALTHY,ALLOW
2026-09-28T05:21:00Z,2649.98,2650.14,2649.66,2650.08,80.8441,2649.96,1.65428571,0.05,0.9,0,TREND_UP,NORMAL,ALIGNED,HEALTHY,ALLOW
2026-09-28T05:22:00Z,2650.08,2650.08,2648.48,2648.49,215.4853,2649.01666667,1.69642857,0.05,0.9,0,TREND_DOWN,NORMAL,NEUTRAL,HEALTHY,ALLOW
2026-09-28T05:23:00Z,2648.49,2648.49,2646.8,2646.81,327.7966,2647.36666667,1.80071429,0.05,0.9,0,TREND_DOWN,NORMAL,NEUTRAL,HEALTHY,ALLOW
2026-09-28T05:24:00Z,2646.8,2647.04,2645.9,2645.9,150.6136,2646.28,1.83285714,0.05,0.9,0,TREND_DOWN,NORMAL,NEUTRAL,HEALTHY,ALLOW
2026-09-28T05:25:00Z,2645.9,2647.31,2645.57,2645.57,231.5183,2646.15,1.92142857,0.05,0.9,0,TREND_DOWN,NORMAL,NEUTRAL,HEALTHY,ALLOW
2026-09-28T05:26:00Z,2645.57,2647.55,2645.23,2647.54,108.5969,2646.77333333,2.02785714,0.05,0.9,0,TREND_UP,NORMAL,ALIGNED,HEALTHY,ALLOW
2026-09-28T05:27:00Z,2647.55,2648.98,2647.55,2648.56,94.9086,2648.36333333,1.92928571,0.05,0.9,0,TREND_UP,NORMAL,ALIGNED,HEALTHY,ALLOW
2026-09-28T05:28:00Z,2648.56,2649.4,2648.42,2648.84,320.0979,2648.88666667,1.715,0.05,0.9,0,TREND_UP,NORMAL,ALIGNED,HEALTHY,ALLOW
2026-09-28T05:29:00Z,2648.85,2648.85,2647.94,2647.94,66.8353,2648.24333333,1.67,0.05,0.9,0,TREND_DOWN,NORMAL,NEUTRAL,HEALTHY,ALLOW
2026-09-28T05:30:00Z,2647.94,2647.94,2646.11,2646.11,326.5117,2646.72,1.52285714,0.05,0.9,0,TREND_DOWN,NORMAL,NEUTRAL,HEALTHY,ALLOW
2026-09-28T05:31:00Z,2646.11,2647.5,2645.18,2645.18,198.5383,2645.95333333,1.57714286,0.05,0.9,0,TREND_DOWN,NORMAL,NEUTRAL,HEALTHY,ALLOW
2026-09-28T05:32:00Z,2645.18,2645.19,2642.89,2643.49,754.9095,2643.85666667,1.595,0.05,0.9,0,TREND_DOWN,NORMAL,NEUTRAL,HEALTHY,ALLOW
2026-09-28T05:33:00Z,2643.5,2643.76,2641.56,2641.68,550.6075,2642.33333333,1.625,0.05,0.9,0,TREND_DOWN,NORMAL,NEUTRAL,HEALTHY,ALLOW
2026-09-28T05:34:00Z,2641.69,2642.0,2639.02,2640.38,1000.9731,2640.46666667,1.70928571,0.05,0.9,0,TREND_DOWN,NORMAL,NEUTRAL,HEALTHY,ALLOW
2026-09-28T05:35:00Z,2640.37,2642.57,2640.37,2641.94,130.7303,2641.62666667,1.83214286,0.05,0.9,0,TREND_UP,NORMAL,ALIGNED,HEALTHY,ALLOW
2026-09-28T05:36:00Z,2641.93,2641.93,2639.86,2641.19,303.2863,2640.99333333,1.86642857,0.05,0.9,0,TREND_DOWN,NORMAL,NEUTRAL,HEALTHY,ALLOW
2026-09-28T05:37:00Z,2641.18,2641.18,2639.56,2640.68,200.3744,2640.47333333,1.86214286,0.05,0.9,0,TREND_DOWN,NORMAL,NEUTRAL,HEALTHY,ALLOW
2026-09-28T05:38:00Z,2640.69,2641.12,2635.69,2635.73,680.816,2637.51333333,2.16857143,0.05,0.9,0,TREND_DOWN,NORMAL,NEUTRAL,HEALTHY,ALLOW
2026-09-28T05:39:00Z,2635.73,2638.09,2635.69,2637.05,400.5173,2636.94333333,2.21571429,0.05,0.9,0,TREND_UP,NORMAL,ALIGNED,HEALTHY,ALLOW
2026-09-28T05:40:00Z,2637.04,2641.22,2636.45,2640.91,369.6832,2639.52666667,2.39071429,0.05,0.9,0,TREND_UP,NORMAL,ALIGNED,HEALTHY,ALLOW
2026-09-28T05:41:00Z,2640.91,2643.21,2640.44,2643.2,328.2131,2642.28333333,2.48571429,0.05,0.9,0,TREND_UP,NORMAL,ALIGNED,HEALTHY,ALLOW
2026-09-28T05:42:00Z,2643.21,2647.36,2643.2,2647.35,339.8005,2645.97,2.71285714,0.05,0.9,0,TREND_UP,NORMAL,ALIGNED,HEALTHY,ALLOW
2026-09-28T05:43:00Z,2647.36,2648.22,2645.0,2648.22,203.8891,2647.14666667,2.87785714,0.05,0.9,0,TREND_UP,NORMAL,ALIGNED,HEALTHY,ALLOW
2026-09-28T05:44:00Z,2648.22,2651.0,2648.22,2651.0,251.3198,2650.07333333,2.94571429,0.05,0.9,0,TREND_UP,NORMAL,ALIGNED,HEALTHY,ALLOW
2026-09-28T05:45:00Z,2651.0,2652.78,2649.85,2650.16,124.9968,2650.93,2.98928571,0.05,0.9,0,TREND_DOWN,NORMAL,NEUTRAL,HEALTHY,ALLOW
2026-09-28T05:46:00Z,2650.16,2652.82,2648.8,2651.89,242.5117,2651.17,3.11214286,0.05,0.9,0,TREND_UP,NORMAL,ALIGNED,HEALTHY,ALLOW
2026-09-28T05:47:00Z,2651.88,2654.39,2651.88,2653.55,396.8887,2653.27333333,3.13428571,0.05,0.9,0,TREND_UP,NORMAL,ALIGNED,HEALTHY,ALLOW
2026-09-28T05:48:00Z,2653.55,2653.75,2650.78,2650.79,177.4055,2651.77333333,3.13357143,0.05,0.9,0,TREND_DOWN,NORMAL,NEUTRAL,HEALTHY,ALLOW
2026-09-28T05:49:00Z,2650.79,2651.01,2650.52,2650.67,79.9221,2650.73333333,3.01142857,0.05,0.9,0,TREND_DOWN,NORMAL,NEUTRAL,HEALTHY,ALLOW
2026-09-28T05:50:00Z,2650.66,2650.95,2648.67,2648.68,121.5935,2649.43333333,3.02571429,0.05,0.9,0,TREND_DOWN,NORMAL,NEUTRAL,HEALTHY,ALLOW
2026-09-28T05:51:00Z,2648.67,2649.02,2647.88,2649.02,180.1488,2648.64,2.99071429,0.05,0.9,0,TREND_UP,NORMAL,ALIGNED,HEALTHY,ALLOW
2026-09-28T05:52:00Z,2649.02,2649.66,2648.76,2649.65,66.7556,2649.35666667,2.66714286,0.05,0.9,0,TREND_UP,NORMAL,ALIGNED,HEALTHY,ALLOW
2026-09-28T05:53:00Z,2649.65,2649.65,2647.82,2647.83,160.538,2648.43333333,2.62642857,0.05,0.9,0,TREND_DOWN,NORMAL,NEUTRAL,HEALTHY,ALLOW
2026-09-28T05:54:00Z,2647.83,2650.0,2647.83,2649.89,107.0193,2649.24,2.44071429,0.05,0.9,0,TREND_UP,NORMAL,ALIGNED,HEALTHY,ALLOW
2026-09-28T05:55:00Z,2649.89,2649.89,2648.8,2649.04,71.2543,2649.24333333,2.32071429,0.05,0.9,0,TREND_DOWN,NORMAL,NEUTRAL,HEALTHY,ALLOW
2026-09-28T05:56:00Z,2649.04,2652.0,2649.04,2652.0,37.5782,2651.01333333,2.235,0.05,0.9,0,TREND_UP,NORMAL,ALIGNED,HEALTHY,ALLOW
2026-09-28T05:57:00Z,2651.99,2652.18,2651.61,2651.61,99.7576,2651.8,2.04571429,0.05,0.9,0,TREND_DOWN,NORMAL,NEUTRAL,HEALTHY,ALLOW
2026-09-28T05:58:00Z,2651.62,2652.32,2651.61,2652.32,41.5851,2652.08333333,1.89785714,0.05,0.9,0,TREND_UP,NORMAL,ALIGNED,HEALTHY,ALLOW
2026-09-28T05:59:00Z,2652.32,2652.32,2651.63,2651.63,69.8206,2651.86,1.73785714,0.05,0.9,0,TREND_DOWN,NORMAL,NEUTRAL,HEALTHY,ALLOW
2026-09-28T06:00:00Z,2651.64,2651.88,2650.41,2650.41,155.7899,2650.9,1.55571429,0.05,0.9,0,TREND_DOWN,NORMAL,NEUTRAL,HEALTHY,ALLOW
2026-09-28T06:01:00Z,2650.41,2650.42,2649.44,2649.45,200.27,2649.77,1.44642857,0.05,0.9,0,TREND_DOWN,NORMAL,NEUTRAL,HEALTHY,ALLOW
2026-09-28T06:02:00Z,2649.45,2650.26,2649.42,2649.79,99.7852,2649.82333333,1.29428571,0.05,0.9,0,TREND_UP,NORMAL,ALIGNED,HEALTHY,ALLOW
2026-09-28T06:03:00Z,2649.79,2651.08,2648.99,2649.46,731.1275,2649.84333333,1.40857143,0.05,0.9,0,TREND_DOWN,NORMAL,NEUTRAL,HEALTHY,ALLOW
2026-09-28T06:04:00Z,2649.46,2651.14,2649.46,2650.0,184.5411,2650.2,1.36571429,0.05,0.9,0,TREND_UP,NORMAL,ALIGNED,HEALTHY,ALLOW
2026-09-28T06:05:00Z,2650.0,2652.44,2649.99,2652.41,150.4033,2651.61333333,1.45928571,0.05,0.9,0,TREND_UP,NORMAL,ALIGNED,HEALTHY,ALLOW
2026-09-28T06:06:00Z,2652.4,2655.52,2652.4,2654.74,280.2572,2654.22,1.61785714,0.05,0.9,0,TREND_UP,NORMAL,ALIGNED,HEALTHY,ALLOW
2026-09-28T06:07:00Z,2654.75,2656.0,2653.65,2654.43,222.5452,2654.69333333,1.655,0.05,0.9,0,TREND_DOWN,NORMAL,NEUTRAL,HEALTHY,ALLOW
2026-09-28T06:08:00Z,2654.43,2654.55,2653.65,2654.34,351.7297,2654.18,1.56428571,0.05,0.9,0,TREND_DOWN,NORMAL,NEUTRAL,HEALTHY,ALLOW
2026-09-28T06:09:00Z,2654.35,2655.73,2654.35,2655.67,275.0204,2655.25,1.58571429,0.05,0.9,0,TREND_UP,NORMAL,ALIGNED,HEALTHY,ALLOW
2026-09-28T06:10:00Z,2655.67,2655.77,2655.66,2655.77,29.7596,2655.73333333,1.38214286,0.05,0.9,0,TREND_UP,NORMAL,ALIGNED,HEALTHY,ALLOW
2026-09-28T06:11:00Z,2655.77,2656.68,2655.77,2656.22,178.7137,2656.22333333,1.40642857,0.05,0.9,0,TREND_UP,NORMAL,ALIGNED,HEALTHY,ALLOW
2026-09-28T06:12:00Z,2656.21,2656.56,2656.0,2656.13,61.4457,2656.23,1.39571429,0.05,0.9,0,TREND_DOWN,NORMAL,NEUTRAL,HEALTHY,ALLOW
2026-09-28T06:13:00Z,2656.14,2656.55,2654.66,2654.66,170.2552,2655.29,1.48142857,0.05,0.9,0,TREND_DOWN,NORMAL,NEUTRAL,HEALTHY,ALLOW
2026-09-28T06:14:00Z,2654.67,2654.67,2653.26,2653.5,122.8948,2653.81,1.47714286,0.05,0.9,0,TREND_DOWN,NORMAL,NEUTRAL,HEALTHY,ALLOW
2026-09-28T06:15:00Z,2653.51,2653.51,2652.45,2652.96,102.9897,2652.97333333,1.48285714,0.05,0.9,0,TREND_DOWN,NORMAL,NEUTRAL,HEALTHY,ALLOW
2026-09-28T06:16:00Z,2652.95,2654.69,2652.95,2654.23,166.3837,2653.95666667,1.54714286,0.05,0.9,0,TREND_UP,NORMAL,ALIGNED,HEALTHY,ALLOW
2026-09-28T06:17:00Z,2654.23,2654.23,2651.22,2651.22,107.0372,2652.22333333,1.61285714,0.05,0.9,0,TREND_DOWN,NORMAL,NEUTRAL,HEALTHY,ALLOW
2026-09-28T06:18:00Z,2651.22,2651.26,2650.79,2650.79,105.5455,2650.94666667,1.52642857,0.05,0.9,0,TREND_DOWN,NORMAL,NEUTRAL,HEALTHY,ALLOW
2026-09-28T06:19:00Z,2650.79,2650.79,2650.0,2650.27,43.4035,2650.35333333,1.40785714,0.05,0.9,0,TREND_DOWN,NORMAL,NEUTRAL,HEALTHY,ALLOW
2026-09-28T06:20:00Z,2650.26,2651.37,2648.18,2648.48,330.1479,2649.34333333,1.41285714,0.05,0.9,0,TREND_DOWN,NORMAL,NEUTRAL,HEALTHY,ALLOW
2026-09-28T06:21:00Z,2648.47,2650.4,2648.45,2650.28,141.641,2649.71,1.38428571,0.05,0.9,0,TREND_UP,NORMAL,ALIGNED,HEALTHY,ALLOW
2026-09-28T06:22:00Z,2650.29,2650.29,2647.09,2647.76,142.7699,2648.38,1.54857143,0.05,0.9,0,TREND_DOWN,NORMAL,NEUTRAL,HEALTHY,ALLOW
2026-09-28T06:23:00Z,2647.76,2648.47,2647.09,2648.47,90.6848,2648.01,1.54785714,0.05,0.9,0,TREND_UP,NORMAL,ALIGNED,HEALTHY,ALLOW
2026-09-28T06:24:00Z,2648.47,2648.88,2647.29,2647.75,119.1045,2647.97333333,1.65357143,0.05,0.9,0,TREND_DOWN,NORMAL,NEUTRAL,HEALTHY,ALLOW
2026-09-28T06:25:00Z,2647.74,2648.0,2647.25,2647.5,81.2273,2647.58333333,1.64214286,0.05,0.9,0,TREND_DOWN,NORMAL,NEUTRAL,HEALTHY,ALLOW
2026-09-28T06:26:00Z,2647.49,2648.88,2647.3,2648.48,103.0762,2648.22,1.715,0.05,0.9,0,TREND_UP,NORMAL,ALIGNED,HEALTHY,ALLOW
2026-09-28T06:27:00Z,2648.47,2648.48,2647.06,2647.07,188.8175,2647.53666667,1.68142857,0.05,0.9,0,TREND_DOWN,NORMAL,NEUTRAL,HEALTHY,ALLOW
2026-09-28T06:28:00Z,2647.06,2647.32,2647.0,2647.28,59.0261,2647.2,1.60357143,0.05,0.9,0,TREND_UP,NORMAL,ALIGNED,HEALTHY,ALLOW
2026-09-28T06:29:00Z,2647.28,2647.29,2646.83,2646.98,112.7482,2647.03333333,1.56071429,0.05,0.9,0,TREND_DOWN,NORMAL,NEUTRAL,HEALTHY,ALLOW
2026-09-28T06:30:00Z,2646.98,2648.16,2646.21,2647.77,256.9539,2647.38,1.57571429,0.05,0.9,0,TREND_UP,NORMAL,ALIGNED,HEALTHY,ALLOW
2026-09-28T06:31:00Z,2647.78,2649.67,2647.77,2649.67,69.04,2649.03666667,1.49642857,0.05,0.9,0,TREND_UP,NORMAL,ALIGNED,HEALTHY,ALLOW
2026-09-28T06:32:00Z,2649.68,2650.91,2649.28,2650.56,101.3866,2650.25,1.57928571,0.05,0.9,0,TREND_UP,NORMAL,ALIGNED,HEALTHY,ALLOW
2026-09-28T06:33:00Z,2650.55,2650.55,2649.02,2650.17,172.1341,2649.91333333,1.63285714,0.05,0.9,0,TREND_DOWN,NORMAL,NEUTRAL,HEALTHY,ALLOW
2026-09-28T06:34:00Z,2650.17,2650.82,2648.92,2650.44,136.8411,2650.06,1.54071429,0.05,0.9,0,TREND_UP,NORMAL,ALIGNED,HEALTHY,ALLOW
2026-09-28T06:35:00Z,2650.44,2651.52,2649.89,2650.88,104.7281,2650.76333333,1.51785714,0.05,0.9,0,TREND_UP,NORMAL,ALIGNED,HEALTHY,ALLOW
2026-09-28T06:36:00Z,2650.89,2651.16,2649.52,2649.53,50.7014,2650.07,1.40642857,0.05,0.9,0,TREND_DOWN,NORMAL,NEUTRAL,HEALTHY,ALLOW
2026-09-28T06:37:00Z,2649.53,2649.53,2648.62,2648.69,184.2055,2648.94666667,1.37285714,0.05,0.9,0,TREND_DOWN,NORMAL,NEUTRAL,HEALTHY,ALLOW
2026-09-28T06:38:00Z,2648.69,2649.62,2648.69,2648.74,110.3868,2649.01666667,1.32571429,0.05,0.9,0,TREND_UP,NORMAL,ALIGNED,HEALTHY,ALLOW
2026-09-28T06:39:00Z,2648.74,2648.75,2648.22,2648.75,67.8792,2648.57333333,1.31,0.05,0.9,0,TREND_UP,NORMAL,ALIGNED,HEALTHY,ALLOW
2026-09-28T06:40:00Z,2648.74,2649.95,2648.74,2649.18,107.2515,2649.29,1.28357143,0.05,0.9,0,TREND_UP,NORMAL,ALIGNED,HEALTHY,ALLOW
2026-09-28T06:41:00Z,2649.19,2650.99,2649.18,2650.57,100.9975,2650.24666667,1.31142857,0.05,0.9,0,TREND_UP,NORMAL,ALIGNED,HEALTHY,ALLOW
2026-09-28T06:42:00Z,2650.57,2652.35,2650.57,2652.34,86.1292,2651.75333333,1.41571429,0.05,0.9,0,TREND_UP,NORMAL,ALIGNED,HEALTHY,ALLOW
2026-09-28T06:43:00Z,2652.35,2653.03,2652.05,2652.05,120.6538,2652.37666667,1.45285714,0.05,0.9,0,TREND_DOWN,NORMAL,NEUTRAL,HEALTHY,ALLOW
2026-09-28T06:44:00Z,2652.05,2652.06,2651.0,2651.0,68.9856,2651.35333333,1.38928571,0.05,0.9,0,TREND_DOWN,NORMAL,NEUTRAL,HEALTHY,ALLOW
2026-09-28T06:45:00Z,2651.01,2652.0,2650.73,2651.99,95.2206,2651.57333333,1.34428571,0.05,0.9,0,TREND_UP,NORMAL,ALIGNED,HEALTHY,ALLOW
2026-09-28T06:46:00Z,2651.99,2652.34,2651.26,2651.26,52.8748,2651.62,1.305,0.05,0.9,0,TREND_DOWN,NORMAL,NEUTRAL,HEALTHY,ALLOW
2026-09-28T06:47:00Z,2651.25,2651.25,2649.62,2650.68,86.9341,2650.51666667,1.31214286,0.05,0.9,0,TREND_DOWN,NORMAL,NEUTRAL,HEALTHY,ALLOW
2026-09-28T06:48:00Z,2650.68,2650.69,2649.62,2650.03,109.7431,2650.11333333,1.25285714,0.05,0.9,0,TREND_DOWN,NORMAL,NEUTRAL,HEALTHY,ALLOW
2026-09-28T06:49:00Z,2650.03,2650.1,2649.88,2650.09,61.6521,2650.02333333,1.15214286,0.05,0.9,0,TREND_UP,NORMAL,ALIGNED,HEALTHY,ALLOW
2026-09-28T06:50:00Z,2650.09,2650.1,2649.43,2649.44,82.1454,2649.65666667,1.08285714,0.05,0.9,0,TREND_DOWN,NORMAL,NEUTRAL,HEALTHY,ALLOW
2026-09-28T06:51:00Z,2649.43,2649.54,2649.07,2649.2,168.4359,2649.27,1.05142857,0.05,0.9,0,TREND_DOWN,NORMAL,NEUTRAL,HEALTHY,ALLOW
2026-09-28T06:52:00Z,2649.2,2649.52,2649.2,2649.52,97.7199,2649.41333333,1.00785714,0.05,0.9,0,TREND_UP,NORMAL,ALIGNED,HEALTHY,ALLOW
2026-09-28T06:53:00Z,2649.52,2650.91,2649.51,2650.91,161.8554,2650.44333333,1.07,0.05,0.9,0,TREND_UP,NORMAL,ALIGNED,HEALTHY,ALLOW
2026-09-28T06:54:00Z,2650.9,2650.91,2648.72,2648.73,124.4577,2649.45333333,1.14,0.05,0.9,0,TREND_DOWN,NORMAL,NEUTRAL,HEALTHY,ALLOW
2026-09-28T06:55:00Z,2648.73,2649.21,2648.46,2648.46,73.867,2648.71,1.06428571,0.05,0.9,0,TREND_DOWN,NORMAL,NEUTRAL,HEALTHY,ALLOW
2026-09-28T06:56:00Z,2648.46,2648.57,2648.22,2648.22,94.6938,2648.33666667,0.96214286,0.05,0.9,0,TREND_DOWN,NORMAL,NEUTRAL,HEALTHY,ALLOW
2026-09-28T06:57:00Z,2648.23,2648.8,2648.22,2648.79,101.0191,2648.60333333,0.93357143,0.05,0.9,0,TREND_UP,NORMAL,ALIGNED,HEALTHY,ALLOW
2026-09-28T06:58:00Z,2648.79,2648.91,2648.75,2648.9,44.6235,2648.85333333,0.86928571,0.05,0.9,0,TREND_UP,NORMAL,ALIGNED,HEALTHY,ALLOW
2026-09-28T06:59:00Z,2648.9,2649.61,2648.9,2649.61,35.2877,2649.37333333,0.82928571,0.05,0.9,0,TREND_UP,NORMAL,ALIGNED,HEALTHY,ALLOW
2026-09-28T07:00:00Z,2649.61,2651.89,2649.6,2651.09,461.1275,2650.86,0.91571429,0.05,0.9,0,TREND_UP,NORMAL,ALIGNED,HEALTHY,ALLOW
2026-09-28T07:01:00Z,2651.09,2655.05,2650.81,2655.03,1041.8811,2653.63,1.10142857,0.05,0.9,0,TREND_UP,NORMAL,ALIGNED,HEALTHY,ALLOW
2026-09-28T07:02:00Z,2655.03,2655.65,2654.81,2655.64,297.7847,2655.36666667,1.085,0.05,0.9,0,TREND_UP,NORMAL,ALIGNED,HEALTHY,ALLOW
2026-09-28T07:03:00Z,2655.64,2656.51,2654.25,2654.74,161.83,2655.16666667,1.23071429,0.05,0.9,0,TREND_DOWN,NORMAL,NEUTRAL,HEALTHY,ALLOW
2026-09-28T07:04:00Z,2654.74,2655.02,2653.13,2655.01,130.136,2654.38666667,1.31785714,0.05,0.9,0,TREND_UP,NORMAL,ALIGNED,HEALTHY,ALLOW
2026-09-28T07:05:00Z,2655.01,2655.01,2650.86,2650.86,653.5083,2652.24333333,1.58071429,0.05,0.9,0,TREND_DOWN,NORMAL,NEUTRAL,HEALTHY,ALLOW
2026-09-28T07:06:00Z,2650.86,2651.01,2650.0,2650.0,703.485,2650.33666667,1.63,0.05,0.9,0,TREND_DOWN,NORMAL,NEUTRAL,HEALTHY,ALLOW
2026-09-28T07:07:00Z,2650.0,2651.2,2649.77,2649.78,191.7717,2650.25,1.63214286,0.05,0.9,0,TREND_DOWN,NORMAL,NEUTRAL,HEALTHY,ALLOW
2026-09-28T07:08:00Z,2649.77,2649.82,2649.4,2649.81,62.0811,2649.67666667,1.50571429,0.05,0.9,0,TREND_UP,NORMAL,ALIGNED,HEALTHY,ALLOW
2026-09-28T07:09:00Z,2649.81,2649.84,2649.41,2649.57,95.8307,2649.60666667,1.48285714,0.05,0.9,0,TREND_DOWN,NORMAL,NEUTRAL,HEALTHY,ALLOW
2026-09-28T07:10:00Z,2649.57,2650.56,2648.54,2648.66,227.0995,2649.25333333,1.60214286,0.05,0.9,0,TREND_DOWN,NORMAL,NEUTRAL,HEALTHY,ALLOW
2026-09-28T07:11:00Z,2648.67,2648.99,2648.66,2648.87,39.1973,2648.84,1.58428571,0.05,0.9,0,TREND_UP,NORMAL,ALIGNED,HEALTHY,ALLOW
2026-09-28T07:12:00Z,2648.87,2648.87,2647.57,2647.78,154.6318,2648.07333333,1.66571429,0.05,0.9,0,TREND_DOWN,NORMAL,NEUTRAL,HEALTHY,ALLOW
2026-09-28T07:13:00Z,2647.79,2648.36,2647.57,2647.57,59.5395,2647.83333333,1.67142857,0.05,0.9,0,TREND_DOWN,NORMAL,NEUTRAL,HEALTHY,ALLOW
2026-09-28T07:14:00Z,2647.57,2647.99,2647.05,2647.99,144.8341,2647.67666667,1.575,0.05,0.9,0,TREND_UP,NORMAL,ALIGNED,HEALTHY,ALLOW
2026-09-28T07:15:00Z,2647.99,2649.55,2647.78,2649.55,209.3991,2648.96,1.39857143,0.05,0.9,0,TREND_UP,NORMAL,ALIGNED,HEALTHY,ALLOW
2026-09-28T07:16:00Z,2649.55,2650.8,2649.49,2650.04,124.3018,2650.11,1.43214286,0.05,0.9,0,TREND_UP,NORMAL,ALIGNED,HEALTHY,ALLOW
2026-09-28T07:17:00Z,2650.04,2651.16,2649.26,2649.26,237.4903,2649.89333333,1.40642857,0.05,0.9,0,TREND_DOWN,NORMAL,NEUTRAL,HEALTHY,ALLOW
2026-09-28T07:18:00Z,2649.26,2650.3,2649.26,2650.29,51.0796,2649.95,1.34571429,0.05,0.9,0,TREND_UP,NORMAL,ALIGNED,HEALTHY,ALLOW
2026-09-28T07:19:00Z,2650.29,2650.94,2650.01,2650.57,64.3314,2650.50666667,1.11571429,0.05,0.9,0,TREND_UP,NORMAL,ALIGNED,HEALTHY,ALLOW
2026-09-28T07:20:00Z,2650.57,2651.09,2649.94,2651.08,113.1943,2650.70333333,1.12571429,0.05,0.9,0,TREND_UP,NORMAL,ALIGNED,HEALTHY,ALLOW
2026-09-28T07:21:00Z,2651.08,2651.08,2649.71,2649.78,53.0882,2650.19,1.12142857,0.05,0.9,0,TREND_DOWN,NORMAL,NEUTRAL,HEALTHY,ALLOW
2026-09-28T07:22:00Z,2649.78,2649.79,2647.7,2647.7,108.8509,2648.39666667,1.24071429,0.05,0.9,0,TREND_DOWN,NORMAL,NEUTRAL,HEALTHY,ALLOW
2026-09-28T07:23:00Z,2647.7,2647.71,2645.68,2645.88,323.4446,2646.42333333,1.355,0.05,0.9,0,TREND_DOWN,NORMAL,NEUTRAL,HEALTHY,ALLOW
2026-09-28T07:24:00Z,2645.88,2646.23,2644.28,2644.29,430.3563,2644.93333333,1.35,0.05,0.9,0,TREND_DOWN,NORMAL,NEUTRAL,HEALTHY,ALLOW
2026-09-28T07:25:00Z,2644.28,2647.4,2643.98,2645.66,364.8991,2645.68,1.57071429,0.05,0.9,0,TREND_UP,NORMAL,ALIGNED,HEALTHY,ALLOW
2026-09-28T07:26:00Z,2645.66,2645.66,2644.28,2644.28,181.9648,2644.74,1.57642857,0.05,0.9,0,TREND_DOWN,NORMAL,NEUTRAL,HEALTHY,ALLOW
2026-09-28T07:27:00Z,2644.29,2645.01,2643.74,2643.94,195.8131,2644.23,1.61071429,0.05,0.9,0,TREND_DOWN,NORMAL,NEUTRAL,HEALTHY,ALLOW
2026-09-28T07:28:00Z,2643.94,2644.55,2643.31,2643.85,212.2065,2643.90333333,1.63214286,0.05,0.9,0,TREND_DOWN,NORMAL,NEUTRAL,HEALTHY,ALLOW
2026-09-28T07:29:00Z,2643.85,2644.44,2643.83,2644.01,64.0397,2644.09333333,1.54928571,0.05,0.9,0,TREND_UP,NORMAL,ALIGNED,HEALTHY,ALLOW
2026-09-28T07:30:00Z,2644.02,2645.42,2644.01,2645.42,322.2331,2644.95,1.55642857,0.05,0.9,0,TREND_UP,NORMAL,ALIGNED,HEALTHY,ALLOW
2026-09-28T07:31:00Z,2645.42,2645.83,2644.08,2644.15,197.2345,2644.68666667,1.54571429,0.05,0.9,0,TREND_DOWN,NORMAL,NEUTRAL,HEALTHY,ALLOW
2026-09-28T07:32:00Z,2644.15,2645.75,2643.61,2643.77,282.7404,2644.37666667,1.62428571,0.05,0.9,0,TREND_DOWN,NORMAL,NEUTRAL,HEALTHY,ALLOW
2026-09-28T07:33:00Z,2643.77,2644.22,2643.58,2643.89,198.256,2643.89666667,1.60357143,0.05,0.9,0,TREND_UP,NORMAL,ALIGNED,HEALTHY,ALLOW
2026-09-28T07:34:00Z,2643.89,2645.48,2642.29,2645.27,226.7318,2644.34666667,1.74928571,0.05,0.9,0,TREND_UP,NORMAL,ALIGNED,HEALTHY,ALLOW
2026-09-28T07:35:00Z,2645.28,2646.91,2644.99,2645.82,270.7724,2645.90666667,1.78857143,0.05,0.9,0,TREND_UP,NORMAL,ALIGNED,HEALTHY,ALLOW
2026-09-28T07:36:00Z,2645.83,2647.0,2645.83,2646.73,100.6029,2646.52,1.72357143,0.05,0.9,0,TREND_UP,NORMAL,ALIGNED,HEALTHY,ALLOW
2026-09-28T07:37:00Z,2646.73,2647.25,2645.47,2647.09,173.995,2646.60333333,1.70571429,0.05,0.9,0,TREND_UP,NORMAL,ALIGNED,HEALTHY,ALLOW
2026-09-28T07:38:00Z,2647.09,2647.09,2645.21,2645.46,200.1631,2645.92,1.70071429,0.05,0.9,0,TREND_DOWN,NORMAL,NEUTRAL,HEALTHY,ALLOW
2026-09-28T07:39:00Z,2645.46,2645.85,2643.48,2643.51,282.4881,2644.28,1.62571429,0.05,0.9,0,TREND_DOWN,NORMAL,NEUTRAL,HEALTHY,ALLOW
2026-09-28T07:40:00Z,2643.51,2645.97,2643.51,2645.96,130.047,2645.14666667,1.70285714,0.05,0.9,0,TREND_UP,NORMAL,ALIGNED,HEALTHY,ALLOW
2026-09-28T07:41:00Z,2645.96,2647.05,2643.98,2644.15,264.8173,2645.06,1.83142857,0.05,0.9,0,TREND_DOWN,NORMAL,NEUTRAL,HEALTHY,ALLOW
2026-09-28T07:42:00Z,2644.15,2644.33,2643.49,2644.03,99.6827,2643.95,1.80285714,0.05,0.9,0,TREND_DOWN,NORMAL,NEUTRAL,HEALTHY,ALLOW
2026-09-28T07:43:00Z,2644.03,2644.2,2643.55,2643.55,170.8422,2643.76666667,1.80571429,0.05,0.9,0,TREND_DOWN,NORMAL,NEUTRAL,HEALTHY,ALLOW
2026-09-28T07:44:00Z,2643.56,2643.96,2643.31,2643.95,89.8177,2643.74,1.75142857,0.05,0.9,0,TREND_UP,NORMAL,ALIGNED,HEALTHY,ALLOW
2026-09-28T07:45:00Z,2643.96,2645.01,2643.95,2644.47,153.1646,2644.47666667,1.70214286,0.05,0.9,0,TREND_UP,NORMAL,ALIGNED,HEALTHY,ALLOW
2026-09-28T07:46:00Z,2644.47,2644.97,2644.07,2644.48,152.9579,2644.50666667,1.61357143,0.05,0.9,0,TREND_UP,NORMAL,ALIGNED,HEALTHY,ALLOW
2026-09-28T07:47:00Z,2644.48,2645.08,2644.47,2644.97,90.3242,2644.84,1.61142857,0.05,0.9,0,TREND_UP,NORMAL,ALIGNED,HEALTHY,ALLOW
2026-09-28T07:48:00Z,2644.98,2647.25,2644.97,2646.69,107.4858,2646.30333333,1.54642857,0.05,0.9,0,TREND_UP,NORMAL,ALIGNED,HEALTHY,ALLOW
2026-09-28T07:49:00Z,2646.7,2647.1,2645.4,2645.91,150.5457,2646.13666667,1.53071429,0.05,0.9,0,TREND_DOWN,NORMAL,NEUTRAL,HEALTHY,ALLOW
2026-09-28T07:50:00Z,2645.92,2646.16,2645.54,2646.05,268.7635,2645.91666667,1.49071429,0.05,0.9,0,TREND_UP,NORMAL,ALIGNED,HEALTHY,ALLOW
2026-09-28T07:51:00Z,2646.05,2646.81,2646.05,2646.62,132.5983,2646.49333333,1.41785714,0.05,0.9,0,TREND_UP,NORMAL,ALIGNED,HEALTHY,ALLOW
2026-09-28T07:52:00Z,2646.62,2646.62,2645.15,2645.26,200.6022,2645.67666667,1.38857143,0.05,0.9,0,TREND_DOWN,NORMAL,NEUTRAL,HEALTHY,ALLOW
2026-09-28T07:53:00Z,2645.27,2645.28,2644.18,2644.84,204.9637,2644.76666667,1.29785714,0.05,0.9,0,TREND_DOWN,NORMAL,NEUTRAL,HEALTHY,ALLOW
2026-09-28T07:54:00Z,2644.84,2646.0,2644.83,2646.0,57.1455,2645.61,1.20571429,0.05,0.9,0,TREND_UP,NORMAL,ALIGNED,HEALTHY,ALLOW
2026-09-28T07:55:00Z,2646.0,2648.76,2645.99,2648.75,182.8182,2647.83333333,1.18428571,0.05,0.9,0,TREND_UP,NORMAL,ALIGNED,HEALTHY,ALLOW
2026-09-28T07:56:00Z,2648.76,2649.18,2647.7,2647.71,232.5602,2648.19666667,1.23,0.05,0.9,0,TREND_DOWN,NORMAL,NEUTRAL,HEALTHY,ALLOW
2026-09-28T07:57:00Z,2647.71,2648.02,2645.19,2645.19,264.05,2646.13333333,1.38571429,0.05,0.9,0,TREND_DOWN,NORMAL,NEUTRAL,HEALTHY,ALLOW
2026-09-28T07:58:00Z,2645.2,2645.29,2644.4,2644.91,320.2765,2644.86666667,1.40285714,0.05,0.9,0,TREND_DOWN,NORMAL,NEUTRAL,HEALTHY,ALLOW
2026-09-28T07:59:00Z,2644.92,2645.66,2643.26,2644.31,299.7293,2644.41,1.49857143,0.05,0.9,0,TREND_DOWN,NORMAL,NEUTRAL,HEALTHY,ALLOW
2026-09-28T08:00:00Z,2644.31,2646.13,2642.31,2646.13,439.1063,2644.85666667,1.70714286,0.05,0.9,0,TREND_UP,NORMAL,ALIGNED,HEALTHY,ALLOW
2026-09-28T08:01:00Z,2646.14,2648.35,2646.14,2648.22,194.6101,2647.57,1.82214286,0.05,0.9,0,TREND_UP,NORMAL,ALIGNED,HEALTHY,ALLOW
2026-09-28T08:02:00Z,2648.22,2650.0,2648.22,2650.0,248.8328,2649.40666667,1.78642857,0.05,0.9,0,TREND_UP,NORMAL,ALIGNED,HEALTHY,ALLOW
2026-09-28T08:03:00Z,2650.0,2650.66,2647.66,2647.66,201.8065,2648.66,1.87928571,0.05,0.9,0,TREND_DOWN,NORMAL,NEUTRAL,HEALTHY,ALLOW
2026-09-28T08:04:00Z,2647.67,2649.65,2647.64,2649.4,517.6466,2648.89666667,1.97857143,0.05,0.9,0,TREND_UP,NORMAL,ALIGNED,HEALTHY,ALLOW
2026-09-28T08:05:00Z,2649.39,2649.4,2646.58,2646.59,685.1052,2647.52333333,2.12571429,0.05,0.9,0,TREND_DOWN,NORMAL,NEUTRAL,HEALTHY,ALLOW
2026-09-28T08:06:00Z,2646.59,2647.43,2645.25,2645.64,576.123,2646.10666667,2.17642857,0.05,0.9,0,TREND_DOWN,NORMAL,NEUTRAL,HEALTHY,ALLOW
2026-09-28T08:07:00Z,2645.64,2646.56,2644.45,2644.46,739.7928,2645.15666667,2.24857143,0.05,0.9,0,TREND_DOWN,NORMAL,NEUTRAL,HEALTHY,ALLOW
2026-09-28T08:08:00Z,2644.47,2648.91,2644.46,2647.4,659.2603,2646.92333333,2.48285714,0.05,0.9,0,TREND_UP,NORMAL,ALIGNED,HEALTHY,ALLOW
2026-09-28T08:09:00Z,2647.4,2648.22,2646.71,2647.14,682.1933,2647.35666667,2.39285714,0.05,0.9,0,TREND_DOWN,NORMAL,NEUTRAL,HEALTHY,ALLOW
2026-09-28T08:10:00Z,2647.14,2648.1,2645.45,2647.85,968.4209,2647.13333333,2.47642857,0.05,0.9,0,TREND_UP,NORMAL,ALIGNED,HEALTHY,ALLOW
2026-09-28T08:11:00Z,2647.85,2649.25,2647.48,2648.97,1153.3307,2648.56666667,2.40071429,0.05,0.9,0,TREND_UP,NORMAL,ALIGNED,HEALTHY,ALLOW
2026-09-28T08:12:00Z,2648.97,2649.57,2648.14,2648.99,990.8762,2648.9,2.43928571,0.05,0.9,0,TREND_UP,NORMAL,ALIGNED,HEALTHY,ALLOW
2026-09-28T08:13:00Z,2649.0,2650.0,2648.14,2649.5,525.4747,2649.21333333,2.40071429,0.05,0.9,0,TREND_UP,NORMAL,ALIGNED,HEALTHY,ALLOW
2026-09-28T08:14:00Z,2649.5,2651.85,2649.25,2650.94,721.8927,2650.68,2.31357143,0.05,0.9,0,TREND_UP,NORMAL,ALIGNED,HEALTHY,ALLOW
2026-09-28T08:15:00Z,2650.93,2652.03,2650.0,2651.31,631.0856,2651.11333333,2.3,0.05,0.9,0,TREND_UP,NORMAL,ALIGNED,HEALTHY,ALLOW
2026-09-28T08:16:00Z,2651.31,2652.52,2650.48,2652.52,563.3546,2651.84,2.31857143,0.05,0.9,0,TREND_UP,NORMAL,ALIGNED,HEALTHY,ALLOW
2026-09-28T08:17:00Z,2652.52,2652.98,2651.38,2651.44,657.4576,2651.93333333,2.21857143,0.05,0.9,0,TREND_DOWN,NORMAL,NEUTRAL,HEALTHY,ALLOW
2026-09-28T08:18:00Z,2651.44,2652.22,2649.65,2649.66,633.5406,2650.51,2.25857143,0.05,0.9,0,TREND_DOWN,NORMAL,NEUTRAL,HEALTHY,ALLOW
2026-09-28T08:19:00Z,2649.66,2650.99,2649.19,2650.01,747.7087,2650.06333333,2.18571429,0.05,0.9,0,TREND_UP,NORMAL,ALIGNED,HEALTHY,ALLOW
2026-09-28T08:20:00Z,2650.01,2650.62,2648.67,2648.8,660.2064,2649.36333333,2.16928571,0.05,0.9,0,TREND_DOWN,NORMAL,NEUTRAL,HEALTHY,ALLOW
2026-09-28T08:21:00Z,2648.8,2648.9,2647.87,2648.5,626.6555,2648.42333333,2.09214286,0.05,0.9,0,TREND_DOWN,NORMAL,NEUTRAL,HEALTHY,ALLOW
2026-09-28T08:22:00Z,2648.5,2648.71,2647.67,2648.14,652.9154,2648.17333333,1.84857143,0.05,0.9,0,TREND_DOWN,NORMAL,NEUTRAL,HEALTHY,ALLOW
2026-09-28T08:23:00Z,2648.14,2649.11,2647.46,2647.88,573.1056,2648.15,1.85857143,0.05,0.9,0,TREND_DOWN,NORMAL,NEUTRAL,HEALTHY,ALLOW
2026-09-28T08:24:00Z,2647.87,2647.88,2643.36,2643.65,560.7399,2644.96333333,1.99214286,0.05,0.9,0,TREND_DOWN,NORMAL,NEUTRAL,HEALTHY,ALLOW
2026-09-28T08:25:00Z,2643.66,2645.44,2643.65,2644.21,185.5425,2644.43333333,1.99357143,0.05,0.9,0,TREND_UP,NORMAL,ALIGNED,HEALTHY,ALLOW
2026-09-28T08:26:00Z,2644.21,2647.67,2644.2,2647.67,201.0058,2646.51333333,2.13928571,0.05,0.9,0,TREND_UP,NORMAL,ALIGNED,HEALTHY,ALLOW
2026-09-28T08:27:00Z,2647.67,2648.69,2645.73,2645.73,142.8459,2646.71666667,2.21785714,0.05,0.9,0,TREND_DOWN,NORMAL,NEUTRAL,HEALTHY,ALLOW
2026-09-28T08:28:00Z,2645.73,2646.83,2645.72,2646.17,59.1713,2646.24,2.11142857,0.05,0.9,0,TREND_UP,NORMAL,ALIGNED,HEALTHY,ALLOW
2026-09-28T08:29:00Z,2646.17,2646.47,2645.73,2646.46,140.9015,2646.22,2.01928571,0.05,0.9,0,TREND_UP,NORMAL,ALIGNED,HEALTHY,ALLOW
2026-09-28T08:30:00Z,2646.47,2648.01,2646.47,2647.75,149.9806,2647.41,1.98428571,0.05,0.9,0,TREND_UP,NORMAL,ALIGNED,HEALTHY,ALLOW
2026-09-28T08:31:00Z,2647.74,2648.87,2647.74,2648.87,128.0043,2648.49333333,1.95071429,0.05,0.9,0,TREND_UP,NORMAL,ALIGNED,HEALTHY,ALLOW
2026-09-28T08:32:00Z,2648.88,2649.65,2648.87,2649.43,133.6766,2649.31666667,1.82285714,0.05,0.9,0,TREND_UP,NORMAL,ALIGNED,HEALTHY,ALLOW
2026-09-28T08:33:00Z,2649.42,2649.64,2649.0,2649.35,765.2904,2649.33,1.74,0.05,0.9,0,TREND_DOWN,NORMAL,NEUTRAL,HEALTHY,ALLOW
2026-09-28T08:34:00Z,2649.36,2649.63,2648.24,2649.36,178.4443,2649.07666667,1.7,0.05,0.9,0,TREND_UP,NORMAL,ALIGNED,HEALTHY,ALLOW
2026-09-28T08:35:00Z,2649.35,2649.54,2648.24,2648.24,105.2217,2648.67333333,1.71928571,0.05,0.9,0,TREND_DOWN,NORMAL,NEUTRAL,HEALTHY,ALLOW
2026-09-28T08:36:00Z,2648.24,2648.24,2645.3,2645.86,149.5344,2646.46666667,1.855,0.05,0.9,0,TREND_DOWN,NORMAL,NEUTRAL,HEALTHY,ALLOW
2026-09-28T08:37:00Z,2645.87,2645.87,2642.87,2642.87,135.3909,2643.87,1.95142857,0.05,0.9,0,TREND_DOWN,NORMAL,NEUTRAL,HEALTHY,ALLOW
2026-09-28T08:38:00Z,2642.87,2644.14,2640.1,2643.74,354.0195,2642.66,1.91714286,0.05,0.9,0,TREND_UP,NORMAL,ALIGNED,HEALTHY,ALLOW
2026-09-28T08:39:00Z,2643.75,2644.01,2642.17,2644.01,202.2668,2643.39666667,1.92071429,0.05,0.9,0,TREND_UP,NORMAL,ALIGNED,HEALTHY,ALLOW
2026-09-28T08:40:00Z,2644.0,2645.32,2643.35,2643.56,196.9225,2644.07666667,1.81357143,0.05,0.9,0,TREND_DOWN,NORMAL,NEUTRAL,HEALTHY,ALLOW
2026-09-28T08:41:00Z,2643.56,2643.6,2641.31,2643.09,149.4659,2642.66666667,1.76571429,0.05,0.9,0,TREND_DOWN,NORMAL,NEUTRAL,HEALTHY,ALLOW
2026-09-28T08:42:00Z,2643.1,2643.37,2641.9,2643.37,183.2088,2642.88,1.79142857,0.05,0.9,0,TREND_UP,NORMAL,ALIGNED,HEALTHY,ALLOW
2026-09-28T08:43:00Z,2643.37,2643.6,2642.58,2642.59,111.6465,2642.92333333,1.81142857,0.05,0.9,0,TREND_DOWN,NORMAL,NEUTRAL,HEALTHY,ALLOW
2026-09-28T08:44:00Z,2642.58,2644.26,2642.58,2644.08,72.6284,2643.64,1.82071429,0.05,0.9,0,TREND_UP,NORMAL,ALIGNED,HEALTHY,ALLOW
2026-09-28T08:45:00Z,2644.08,2644.31,2643.68,2643.68,59.3366,2643.89,1.785,0.05,0.9,0,TREND_DOWN,NORMAL,NEUTRAL,HEALTHY,ALLOW
2026-09-28T08:46:00Z,2643.69,2645.67,2643.68,2645.65,68.2621,2645.0,1.87142857,0.05,0.9,0,TREND_UP,NORMAL,ALIGNED,HEALTHY,ALLOW
2026-09-28T08:47:00Z,2645.66,2646.69,2645.66,2646.69,127.1943,2646.34666667,1.9,0.05,0.9,0,TREND_UP,NORMAL,ALIGNED,HEALTHY,ALLOW
2026-09-28T08:48:00Z,2646.68,2646.99,2646.68,2646.99,48.8816,2646.88666667,1.82285714,0.05,0.9,0,TREND_UP,NORMAL,ALIGNED,HEALTHY,ALLOW
2026-09-28T08:49:00Z,2646.98,2646.99,2646.04,2646.79,168.7662,2646.60666667,1.79785714,0.05,0.9,0,TREND_DOWN,NORMAL,NEUTRAL,HEALTHY,ALLOW
2026-09-28T08:50:00Z,2646.8,2647.96,2646.79,2647.96,116.4203,2647.57,1.67142857,0.05,0.9,0,TREND_UP,NORMAL,ALIGNED,HEALTHY,ALLOW
2026-09-28T08:51:00Z,2647.96,2649.95,2647.95,2649.92,151.8063,2649.27333333,1.6,0.05,0.9,0,TREND_UP,NORMAL,ALIGNED,HEALTHY,ALLOW
2026-09-28T08:52:00Z,2649.92,2650.53,2648.87,2650.53,248.1959,2649.97666667,1.43,0.05,0.9,0,TREND_UP,NORMAL,ALIGNED,HEALTHY,ALLOW
2026-09-28T08:53:00Z,2650.52,2651.69,2650.52,2651.68,81.7402,2651.29666667,1.38214286,0.05,0.9,0,TREND_UP,NORMAL,ALIGNED,HEALTHY,ALLOW
2026-09-28T08:54:00Z,2651.69,2652.71,2650.41,2650.41,85.2699,2651.17666667,1.40571429,0.05,0.9,0,TREND_DOWN,NORMAL,NEUTRAL,HEALTHY,ALLOW
2026-09-28T08:55:00Z,2650.42,2651.71,2650.26,2651.26,183.9849,2651.07666667,1.34571429,0.05,0.9,0,TREND_UP,NORMAL,ALIGNED,HEALTHY,ALLOW
2026-09-28T08:56:00Z,2651.25,2651.32,2650.75,2651.03,143.8132,2651.03333333,1.28142857,0.05,0.9,0,TREND_DOWN,NORMAL,NEUTRAL,HEALTHY,ALLOW
2026-09-28T08:57:00Z,2650.98,2651.56,2650.97,2651.55,52.1261,2651.36,1.25071429,0.05,0.9,0,TREND_UP,NORMAL,ALIGNED,HEALTHY,ALLOW
2026-09-28T08:58:00Z,2651.56,2652.72,2650.7,2651.36,586.3099,2651.59333333,1.275,0.05,0.9,0,TREND_DOWN,NORMAL,NEUTRAL,HEALTHY,ALLOW
2026-09-28T08:59:00Z,2651.37,2651.42,2651.09,2651.38,234.7664,2651.29666667,1.25357143,0.05,0.9,0,TREND_UP,NORMAL,ALIGNED,HEALTHY,ALLOW
2026-09-28T09:00:00Z,2651.38,2653.24,2651.38,2653.23,362.6511,2652.61666667,1.24428571,0.05,0.9,0,TREND_UP,NORMAL,ALIGNED,HEALTHY,ALLOW
2026-09-28T09:01:00Z,2653.23,2653.23,2650.83,2650.99,251.1982,2651.68333333,1.34142857,0.05,0.9,0,TREND_DOWN,NORMAL,NEUTRAL,HEALTHY,ALLOW
2026-09-28T09:02:00Z,2650.98,2650.98,2646.69,2646.69,388.1008,2648.12,1.62642857,0.05,0.9,0,TREND_DOWN,NORMAL,NEUTRAL,HEALTHY,ALLOW
2026-09-28T09:03:00Z,2646.69,2646.69,2643.12,2643.12,412.1689,2644.31,1.81357143,0.05,0.9,0,TREND_DOWN,NORMAL,NEUTRAL,HEALTHY,ALLOW
2026-09-28T09:04:00Z,2643.13,2644.99,2642.12,2644.91,270.0075,2644.00666667,1.935,0.05,0.9,0,TREND_UP,NORMAL,ALIGNED,HEALTHY,ALLOW
2026-09-28T09:05:00Z,2644.92,2645.1,2643.58,2644.19,191.577,2644.29,1.90071429,0.05,0.9,0,TREND_DOWN,NORMAL,NEUTRAL,HEALTHY,ALLOW
2026-09-28T09:06:00Z,2644.19,2644.2,2641.09,2641.09,235.157,2642.12666667,2.00428571,0.05,0.9,0,TREND_DOWN,NORMAL,NEUTRAL,HEALTHY,ALLOW
2026-09-28T09:07:00Z,2641.1,2642.61,2640.0,2640.64,246.5314,2641.08333333,2.10714286,0.05,0.9,0,TREND_DOWN,NORMAL,NEUTRAL,HEALTHY,ALLOW
2026-09-28T09:08:00Z,2640.68,2641.25,2637.38,2639.65,764.3376,2639.42666667,2.21928571,0.05,0.9,0,TREND_DOWN,NORMAL,NEUTRAL,HEALTHY,ALLOW
2026-09-28T09:09:00Z,2639.65,2640.47,2637.63,2637.64,329.3878,2638.58,2.31857143,0.05,0.9,0,TREND_DOWN,NORMAL,NEUTRAL,HEALTHY,ALLOW
2026-09-28T09:10:00Z,2637.64,2640.47,2637.64,2640.47,269.9741,2639.52666667,2.48,0.05,0.9,0,TREND_UP,NORMAL,ALIGNED,HEALTHY,ALLOW
2026-09-28T09:11:00Z,2640.46,2643.5,2639.84,2642.26,220.8408,2641.86666667,2.69928571,0.05,0.9,0,TREND_UP,NORMAL,ALIGNED,HEALTHY,ALLOW
2026-09-28T09:12:00Z,2642.27,2644.16,2642.26,2643.56,276.1,2643.32666667,2.69071429,0.05,0.9,0,TREND_UP,NORMAL,ALIGNED,HEALTHY,ALLOW
2026-09-28T09:13:00Z,2643.56,2646.04,2643.56,2646.04,113.741,2645.21333333,2.84428571,0.05,0.9,0,TREND_UP,NORMAL,ALIGNED,HEALTHY,ALLOW
2026-09-28T09:14:00Z,2646.05,2648.51,2646.04,2648.5,233.2374,2647.68333333,2.88785714,0.05,0.9,0,TREND_UP,NORMAL,ALIGNED,HEALTHY,ALLOW
2026-09-28T09:15:00Z,2648.5,2653.44,2648.5,2652.66,621.3469,2651.53333333,3.06928571,0.05,0.9,0,TREND_UP,NORMAL,ALIGNED,HEALTHY,ALLOW
2026-09-28T09:16:00Z,2652.67,2654.59,2649.28,2649.89,156.4574,2651.25333333,3.14142857,0.05,0.9,0,TREND_DOWN,NORMAL,NEUTRAL,HEALTHY,ALLOW
2026-09-28T09:17:00Z,2649.89,2650.77,2648.72,2649.69,97.1349,2649.72666667,3.03285714,0.05,0.9,0,TREND_DOWN,NORMAL,NEUTRAL,HEALTHY,ALLOW
2026-09-28T09:18:00Z,2649.69,2650.95,2649.69,2650.68,91.2495,2650.44,2.91785714,0.05,0.9,0,TREND_UP,NORMAL,ALIGNED,HEALTHY,ALLOW
2026-09-28T09:19:00Z,2650.69,2652.69,2650.68,2652.45,94.8397,2651.94,2.95285714,0.05,0.9,0,TREND_UP,NORMAL,ALIGNED,HEALTHY,ALLOW
2026-09-28T09:20:00Z,2652.44,2653.74,2652.14,2652.68,171.5946,2652.85333333,2.845,0.05,0.9,0,TREND_UP,NORMAL,ALIGNED,HEALTHY,ALLOW
2026-09-28T09:21:00Z,2652.69,2654.59,2652.57,2653.57,96.7183,2653.57666667,2.80285714,0.05,0.9,0,TREND_UP,NORMAL,ALIGNED,HEALTHY,ALLOW
2026-09-28T09:22:00Z,2653.56,2653.65,2652.4,2652.4,62.2129,2652.81666667,2.61571429,0.05,0.9,0,TREND_DOWN,NORMAL,NEUTRAL,HEALTHY,ALLOW
2026-09-28T09:23:00Z,2652.4,2652.4,2650.53,2650.54,131.3029,2651.15666667,2.54642857,0.05,0.9,0,TREND_DOWN,NORMAL,NEUTRAL,HEALTHY,ALLOW
2026-09-28T09:24:00Z,2650.54,2650.54,2649.48,2649.49,125.5546,2649.83666667,2.42,0.05,0.9,0,TREND_DOWN,NORMAL,NEUTRAL,HEALTHY,ALLOW
2026-09-28T09:25:00Z,2649.49,2650.03,2649.3,2649.31,103.8448,2649.54666667,2.21071429,0.05,0.9,0,TREND_DOWN,NORMAL,NEUTRAL,HEALTHY,ALLOW
2026-09-28T09:26:00Z,2649.31,2649.31,2646.81,2646.82,90.8983,2647.64666667,2.25357143,0.05,0.9,0,TREND_DOWN,NORMAL,NEUTRAL,HEALTHY,ALLOW
2026-09-28T09:27:00Z,2646.81,2646.82,2645.0,2645.11,132.0992,2645.64333333,2.20642857,0.05,0.9,0,TREND_DOWN,NORMAL,NEUTRAL,HEALTHY,ALLOW
2026-09-28T09:28:00Z,2645.11,2647.72,2645.1,2647.31,120.4334,2646.71,2.21714286,0.05,0.9,0,TREND_UP,NORMAL,ALIGNED,HEALTHY,ALLOW
2026-09-28T09:29:00Z,2647.42,2648.62,2647.31,2648.45,94.1484,2648.12666667,1.95785714,0.05,0.9,0,TREND_UP,NORMAL,ALIGNED,HEALTHY,ALLOW
2026-09-28T09:30:00Z,2648.44,2648.84,2647.36,2648.84,79.5458,2648.34666667,1.68428571,0.05,0.9,0,TREND_UP,NORMAL,ALIGNED,HEALTHY,ALLOW
2026-09-28T09:31:00Z,2648.83,2648.83,2647.48,2647.49,50.5963,2647.93333333,1.635,0.05,0.9,0,TREND_DOWN,NORMAL,NEUTRAL,HEALTHY,ALLOW
2026-09-28T09:32:00Z,2647.5,2648.1,2646.53,2646.72,76.9502,2647.11666667,1.65714286,0.05,0.9,0,TREND_DOWN,NORMAL,NEUTRAL,HEALTHY,ALLOW
2026-09-28T09:33:00Z,2646.72,2646.72,2645.41,2645.41,76.929,2645.84666667,1.60714286,0.05,0.9,0,TREND_DOWN,NORMAL,NEUTRAL,HEALTHY,ALLOW
2026-09-28T09:34:00Z,2645.41,2645.63,2642.79,2642.95,156.0965,2643.79,1.69571429,0.05,0.9,0,TREND_DOWN,NORMAL,NEUTRAL,HEALTHY,ALLOW
2026-09-28T09:35:00Z,2642.95,2643.56,2642.85,2642.88,55.5597,2643.09666667,1.60214286,0.05,0.9,0,TREND_DOWN,NORMAL,NEUTRAL,HEALTHY,ALLOW
2026-09-28T09:36:00Z,2642.88,2642.89,2641.64,2642.06,120.8343,2642.19666667,1.60214286,0.05,0.9,0,TREND_DOWN,NORMAL,NEUTRAL,HEALTHY,ALLOW
2026-09-28T09:37:00Z,2642.06,2642.07,2639.99,2639.99,932.1697,2640.68333333,1.61714286,0.05,0.9,0,TREND_DOWN,NORMAL,NEUTRAL,HEALTHY,ALLOW
2026-09-28T09:38:00Z,2640.0,2641.18,2639.3,2639.35,448.6143,2639.94333333,1.67571429,0.05,0.9,0,TREND_DOWN,NORMAL,NEUTRAL,HEALTHY,ALLOW
2026-09-28T09:39:00Z,2639.35,2640.65,2639.3,2639.3,1148.1291,2639.75,1.72,0.05,0.9,0,TREND_DOWN,NORMAL,NEUTRAL,HEALTHY,ALLOW
2026-09-28T09:40:00Z,2639.31,2640.33,2639.31,2640.32,329.5698,2639.98666667,1.615,0.05,0.9,0,TREND_UP,NORMAL,ALIGNED,HEALTHY,ALLOW
2026-09-28T09:41:00Z,2640.33,2641.0,2639.74,2640.79,65.3417,2640.51,1.575,0.05,0.9,0,TREND_UP,NORMAL,ALIGNED,HEALTHY,ALLOW
2026-09-28T09:42:00Z,2640.78,2640.95,2639.3,2640.95,102.4158,2640.4,1.50571429,0.05,0.9,0,TREND_UP,NORMAL,ALIGNED,HEALTHY,ALLOW
2026-09-28T09:43:00Z,2640.94,2641.45,2640.5,2640.5,137.8814,2640.81666667,1.48,0.05,0.9,0,TREND_DOWN,NORMAL,NEUTRAL,HEALTHY,ALLOW
2026-09-28T09:44:00Z,2640.49,2640.49,2638.78,2638.78,151.1999,2639.35,1.49714286,0.05,0.9,0,TREND_DOWN,NORMAL,NEUTRAL,HEALTHY,ALLOW
2026-09-28T09:45:00Z,2638.79,2640.22,2638.78,2639.69,135.0594,2639.56333333,1.50285714,0.05,0.9,0,TREND_UP,NORMAL,ALIGNED,HEALTHY,ALLOW
2026-09-28T09:46:00Z,2639.69,2640.31,2639.41,2639.43,98.8169,2639.71666667,1.455,0.05,0.9,0,TREND_DOWN,NORMAL,NEUTRAL,HEALTHY,ALLOW
2026-09-28T09:47:00Z,2639.44,2641.09,2639.44,2640.19,77.308,2640.24,1.48,0.05,0.9,0,TREND_UP,NORMAL,ALIGNED,HEALTHY,ALLOW
2026-09-28T09:48:00Z,2640.18,2641.5,2640.04,2641.5,87.4783,2641.01333333,1.38142857,0.05,0.9,0,TREND_UP,NORMAL,ALIGNED,HEALTHY,ALLOW
2026-09-28T09:49:00Z,2641.49,2642.18,2641.39,2642.18,224.939,2641.91666667,1.38714286,0.05,0.9,0,TREND_UP,NORMAL,ALIGNED,HEALTHY,ALLOW
2026-09-28T09:50:00Z,2642.19,2644.28,2642.19,2644.02,175.3453,2643.49666667,1.44785714,0.05,0.9,0,TREND_UP,NORMAL,ALIGNED,HEALTHY,ALLOW
2026-09-28T09:51:00Z,2644.02,2644.03,2643.07,2643.07,44.75,2643.39,1.36785714,0.05,0.9,0,TREND_DOWN,NORMAL,NEUTRAL,HEALTHY,ALLOW
2026-09-28T09:52:00Z,2643.07,2643.87,2641.47,2641.47,103.2893,2642.27,1.405,0.05,0.9,0,TREND_DOWN,NORMAL,NEUTRAL,HEALTHY,ALLOW
2026-09-28T09:53:00Z,2641.46,2641.46,2639.78,2639.78,137.0161,2640.34,1.42928571,0.05,0.9,0,TREND_DOWN,NORMAL,NEUTRAL,HEALTHY,ALLOW
2026-09-28T09:54:00Z,2639.78,2640.76,2639.42,2639.42,54.7825,2639.86666667,1.45142857,0.05,0.9,0,TREND_DOWN,NORMAL,NEUTRAL,HEALTHY,ALLOW
2026-09-28T09:55:00Z,2639.43,2640.26,2639.42,2640.01,227.421,2639.89666667,1.42142857,0.05,0.9,0,TREND_UP,NORMAL,ALIGNED,HEALTHY,ALLOW
2026-09-28T09:56:00Z,2640.0,2640.15,2639.0,2640.14,172.7799,2639.76333333,1.38571429,0.05,0.9,0,TREND_UP,NORMAL,ALIGNED,HEALTHY,ALLOW
2026-09-28T09:57:00Z,2640.14,2641.04,2639.77,2641.03,54.9503,2640.61333333,1.40857143,0.05,0.9,0,TREND_UP,NORMAL,ALIGNED,HEALTHY,ALLOW
2026-09-28T09:58:00Z,2641.03,2641.03,2640.53,2640.54,89.8119,2640.7,1.32142857,0.05,0.9,0,TREND_DOWN,NORMAL,NEUTRAL,HEALTHY,ALLOW
2026-09-28T09:59:00Z,2640.53,2641.55,2640.36,2641.55,87.9515,2641.15333333,1.30357143,0.05,0.9,0,TREND_UP,NORMAL,ALIGNED,HEALTHY,ALLOW
2026-09-28T10:00:00Z,2641.56,2646.54,2641.56,2646.06,185.5963,2644.72,1.59571429,0.05,0.9,0,TREND_UP,NORMAL,ALIGNED,HEALTHY,ALLOW
2026-09-28T10:01:00Z,2646.07,2646.1,2645.37,2645.73,248.8637,2645.73333333,1.52928571,0.05,0.9,0,TREND_DOWN,NORMAL,NEUTRAL,HEALTHY,ALLOW
2026-09-28T10:02:00Z,2645.73,2647.15,2645.73,2647.14,158.0824,2646.67333333,1.52642857,0.05,0.9,0,TREND_UP,NORMAL,ALIGNED,HEALTHY,ALLOW
2026-09-28T10:03:00Z,2647.14,2650.0,2647.14,2649.8,160.7231,2648.98,1.67428571,0.05,0.9,0,TREND_UP,NORMAL,ALIGNED,HEALTHY,ALLOW
2026-09-28T10:04:00Z,2649.79,2651.57,2649.24,2649.76,274.873,2650.19,1.69071429,0.05,0.9,0,TREND_DOWN,NORMAL,NEUTRAL,HEALTHY,ALLOW
2026-09-28T10:05:00Z,2649.75,2649.96,2647.73,2647.79,182.5836,2648.49333333,1.78142857,0.05,0.9,0,TREND_DOWN,NORMAL,NEUTRAL,HEALTHY,ALLOW
2026-09-28T10:06:00Z,2647.79,2649.22,2647.47,2649.08,91.3765,2648.59,1.735,0.05,0.9,0,TREND_UP,NORMAL,ALIGNED,HEALTHY,ALLOW
2026-09-28T10:07:00Z,2649.08,2649.4,2647.29,2647.29,255.7431,2647.99333333,1.765,0.05,0.9,0,TREND_DOWN,NORMAL,NEUTRAL,HEALTHY,ALLOW
2026-09-28T10:08:00Z,2647.28,2647.56,2646.47,2646.89,111.404,2646.97333333,1.74714286,0.05,0.9,0,TREND_DOWN,NORMAL,NEUTRAL,HEALTHY,ALLOW
2026-09-28T10:09:00Z,2646.89,2648.31,2646.89,2648.3,47.0465,2647.83333333,1.78857143,0.05,0.9,0,TREND_UP,NORMAL,ALIGNED,HEALTHY,ALLOW
2026-09-28T10:10:00Z,2648.3,2648.31,2646.29,2646.29,89.8199,2646.96333333,1.85071429,0.05,0.9,0,TREND_DOWN,NORMAL,NEUTRAL,HEALTHY,ALLOW
2026-09-28T10:11:00Z,2646.28,2646.64,2645.03,2646.48,79.7963,2646.05,1.875,0.05,0.9,0,TREND_UP,NORMAL,ALIGNED,HEALTHY,ALLOW
2026-09-28T10:12:00Z,2646.48,2648.43,2645.48,2646.15,111.3991,2646.68666667,2.05,0.05,0.9,0,TREND_DOWN,NORMAL,NEUTRAL,HEALTHY,ALLOW
2026-09-28T10:13:00Z,2646.14,2647.14,2645.39,2646.15,91.8277,2646.22666667,2.09,0.05,0.9,0,TREND_UP,NORMAL,ALIGNED,HEALTHY,ALLOW
2026-09-28T10:14:00Z,2646.16,2648.09,2645.82,2648.09,44.7294,2647.33333333,1.89571429,0.05,0.9,0,TREND_UP,NORMAL,ALIGNED,HEALTHY,ALLOW
2026-09-28T10:15:00Z,2648.09,2650.0,2648.08,2650.0,106.1759,2649.36,1.98071429,0.05,0.9,0,TREND_UP,NORMAL,ALIGNED,HEALTHY,ALLOW
2026-09-28T10:16:00Z,2650.0,2650.21,2649.53,2649.82,76.8675,2649.85333333,1.92785714,0.05,0.9,0,TREND_DOWN,NORMAL,NEUTRAL,HEALTHY,ALLOW
2026-09-28T10:17:00Z,2649.82,2650.54,2648.31,2648.31,102.3145,2649.05333333,1.88285714,0.05,0.9,0,TREND_DOWN,NORMAL,NEUTRAL,HEALTHY,ALLOW
2026-09-28T10:18:00Z,2648.31,2649.41,2647.28,2648.06,64.6618,2648.25,1.86857143,0.05,0.9,0,TREND_DOWN,NORMAL,NEUTRAL,HEALTHY,ALLOW
2026-09-28T10:19:00Z,2648.05,2648.88,2647.28,2647.37,70.0635,2647.84333333,1.82357143,0.05,0.9,0,TREND_DOWN,NORMAL,NEUTRAL,HEALTHY,ALLOW
2026-09-28T10:20:00Z,2647.36,2648.19,2646.82,2647.56,59.7558,2647.52333333,1.79642857,0.05,0.9,0,TREND_UP,NORMAL,ALIGNED,HEALTHY,ALLOW
2026-09-28T10:21:00Z,2647.54,2648.63,2647.07,2648.17,88.5489,2647.95666667,1.75714286,0.05,0.9,0,TREND_UP,NORMAL,ALIGNED,HEALTHY,ALLOW
2026-09-28T10:22:00Z,2648.17,2649.38,2648.17,2648.71,43.0709,2648.75333333,1.76571429,0.05,0.9,0,TREND_UP,NORMAL,ALIGNED,HEALTHY,ALLOW
2026-09-28T10:23:00Z,2648.72,2649.35,2648.06,2649.35,51.2248,2648.92,1.75642857,0.05,0.9,0,TREND_UP,NORMAL,ALIGNED,HEALTHY,ALLOW
2026-09-28T10:24:00Z,2649.34,2650.81,2649.34,2650.69,32.8707,2650.28,1.71714286,0.05,0.9,0,TREND_UP,NORMAL,ALIGNED,HEALTHY,ALLOW
2026-09-28T10:25:00Z,2650.69,2651.57,2649.87,2650.21,1187.433,2650.55,1.72357143,0.05,0.9,0,TREND_DOWN,NORMAL,NEUTRAL,HEALTHY,ALLOW
2026-09-28T10:26:00Z,2650.2,2651.33,2650.2,2650.94,53.2472,2650.82333333,1.59357143,0.05,0.9,0,TREND_UP,NORMAL,ALIGNED,HEALTHY,ALLOW
2026-09-28T10:27:00Z,2650.93,2650.94,2648.09,2648.86,271.0199,2649.29666667,1.67214286,0.05,0.9,0,TREND_DOWN,NORMAL,NEUTRAL,HEALTHY,ALLOW
2026-09-28T10:28:00Z,2648.85,2649.73,2648.59,2648.86,64.9063,2649.06,1.59142857,0.05,0.9,0,TREND_UP,NORMAL,ALIGNED,HEALTHY,ALLOW
2026-09-28T10:29:00Z,2648.86,2649.66,2648.43,2649.66,33.6629,2649.25,1.54214286,0.05,0.9,0,TREND_UP,NORMAL,ALIGNED,HEALTHY,ALLOW
2026-09-28T10:30:00Z,2649.67,2650.25,2648.04,2648.22,96.1108,2648.83666667,1.65142857,0.05,0.9,0,TREND_DOWN,NORMAL,NEUTRAL,HEALTHY,ALLOW
2026-09-28T10:31:00Z,2648.23,2650.2,2648.23,2650.19,37.9303,2649.54,1.63357143,0.05,0.9,0,TREND_UP,NORMAL,ALIGNED,HEALTHY,ALLOW
2026-09-28T10:32:00Z,2650.19,2650.2,2648.34,2650.02,82.0151,2649.52,1.61428571,0.05,0.9,0,TREND_DOWN,NORMAL,NEUTRAL,HEALTHY,ALLOW
2026-09-28T10:33:00Z,2650.02,2651.07,2649.56,2651.05,45.5003,2650.56,1.60785714,0.05,0.9,0,TREND_UP,NORMAL,ALIGNED,HEALTHY,ALLOW
2026-09-28T10:34:00Z,2651.08,2652.52,2651.08,2652.08,513.0364,2651.89333333,1.615,0.05,0.9,0,TREND_UP,NORMAL,ALIGNED,HEALTHY,ALLOW
2026-09-28T10:35:00Z,2652.09,2653.0,2652.02,2652.78,225.4135,2652.6,1.57357143,0.05,0.9,0,TREND_UP,NORMAL,ALIGNED,HEALTHY,ALLOW
2026-09-28T10:36:00Z,2652.79,2653.0,2652.56,2652.99,85.5275,2652.85,1.51857143,0.05,0.9,0,TREND_UP,NORMAL,ALIGNED,HEALTHY,ALLOW
2026-09-28T10:37:00Z,2653.0,2654.0,2652.81,2653.63,267.0256,2653.48,1.51142857,0.05,0.9,0,TREND_UP,NORMAL,ALIGNED,HEALTHY,ALLOW
2026-09-28T10:38:00Z,2653.64,2653.93,2652.56,2653.93,497.2242,2653.47333333,1.50428571,0.05,0.9,0,TREND_UP,NORMAL,ALIGNED,HEALTHY,ALLOW
2026-09-28T10:39:00Z,2653.93,2654.57,2653.82,2654.37,59.7942,2654.25333333,1.43642857,0.05,0.9,0,TREND_UP,NORMAL,ALIGNED,HEALTHY,ALLOW
2026-09-28T10:40:00Z,2654.37,2655.24,2654.36,2654.64,243.4824,2654.74666667,1.41857143,0.05,0.9,0,TREND_UP,NORMAL,ALIGNED,HEALTHY,ALLOW
2026-09-28T10:41:00Z,2654.63,2655.63,2654.63,2655.0,94.2007,2655.08666667,1.28642857,0.05,0.9,0,TREND_UP,NORMAL,ALIGNED,HEALTHY,ALLOW
2026-09-28T10:42:00Z,2654.99,2656.0,2654.63,2655.46,66.6216,2655.36333333,1.30285714,0.05,0.9,0,TREND_UP,NORMAL,ALIGNED,HEALTHY,ALLOW
2026-09-28T10:43:00Z,2655.46,2656.33,2655.41,2656.33,66.8084,2656.02333333,1.28071429,0.05,0.9,0,TREND_UP,NORMAL,ALIGNED,HEALTHY,ALLOW
2026-09-28T10:44:00Z,2656.33,2656.75,2656.32,2656.75,44.8322,2656.60666667,1.15357143,0.05,0.9,0,TREND_UP,NORMAL,ALIGNED,HEALTHY,ALLOW
2026-09-28T10:45:00Z,2656.74,2656.75,2655.14,2656.04,139.4639,2655.97666667,1.12714286,0.05,0.9,0,TREND_DOWN,NORMAL,NEUTRAL,HEALTHY,ALLOW
2026-09-28T10:46:00Z,2656.04,2657.27,2655.23,2656.28,483.5319,2656.26,1.14,0.05,0.9,0,TREND_UP,NORMAL,ALIGNED,HEALTHY,ALLOW
2026-09-28T10:47:00Z,2656.29,2657.0,2655.0,2655.4,176.1869,2655.8,1.175,0.05,0.9,0,TREND_DOWN,NORMAL,NEUTRAL,HEALTHY,ALLOW
2026-09-28T10:48:00Z,2655.39,2655.6,2654.1,2654.81,417.6563,2654.83666667,1.17714286,0.05,0.9,0,TREND_DOWN,NORMAL,NEUTRAL,HEALTHY,ALLOW
2026-09-28T10:49:00Z,2654.81,2655.76,2654.18,2654.87,127.8682,2654.93666667,1.22,0.05,0.9,0,TREND_UP,NORMAL,ALIGNED,HEALTHY,ALLOW
2026-09-28T10:50:00Z,2654.86,2656.19,2654.29,2655.79,134.3613,2655.42333333,1.32428571,0.05,0.9,0,TREND_UP,NORMAL,ALIGNED,HEALTHY,ALLOW
2026-09-28T10:51:00Z,2655.79,2656.54,2655.31,2655.6,77.0837,2655.81666667,1.32714286,0.05,0.9,0,TREND_DOWN,NORMAL,NEUTRAL,HEALTHY,ALLOW
2026-09-28T10:52:00Z,2655.61,2659.69,2655.6,2659.33,333.9671,2658.20666667,1.52142857,0.05,0.9,0,TREND_UP,NORMAL,ALIGNED,HEALTHY,ALLOW
2026-09-28T10:53:00Z,2659.32,2659.33,2657.31,2657.31,148.0912,2657.98333333,1.61214286,0.05,0.9,0,TREND_DOWN,NORMAL,NEUTRAL,HEALTHY,ALLOW
2026-09-28T10:54:00Z,2657.31,2657.69,2656.35,2656.54,199.9867,2656.86,1.645,0.05,0.9,0,TREND_DOWN,NORMAL,NEUTRAL,HEALTHY,ALLOW
2026-09-28T10:55:00Z,2656.55,2656.83,2655.64,2656.83,121.7948,2656.43333333,1.65857143,0.05,0.9,0,TREND_UP,NORMAL,ALIGNED,HEALTHY,ALLOW
2026-09-28T10:56:00Z,2656.84,2657.7,2656.32,2656.95,147.585,2656.99,1.65928571,0.05,0.9,0,TREND_UP,NORMAL,ALIGNED,HEALTHY,ALLOW
2026-09-28T10:57:00Z,2656.95,2657.68,2656.6,2657.08,46.0606,2657.12,1.67071429,0.05,0.9,0,TREND_UP,NORMAL,ALIGNED,HEALTHY,ALLOW
2026-09-28T10:58:00Z,2657.08,2657.08,2656.7,2656.73,101.078,2656.83666667,1.66714286,0.05,0.9,0,TREND_DOWN,NORMAL,NEUTRAL,HEALTHY,ALLOW
2026-09-28T10:59:00Z,2656.74,2656.85,2656.52,2656.6,48.5342,2656.65666667,1.57571429,0.05,0.9,0,TREND_DOWN,NORMAL,NEUTRAL,HEALTHY,ALLOW
2026-09-28T11:00:00Z,2656.6,2660.9,2656.6,2659.72,342.0234,2659.07333333,1.73714286,0.05,0.9,0,TREND_UP,NORMAL,ALIGNED,HEALTHY,ALLOW
2026-09-28T11:01:00Z,2659.73,2662.5,2658.75,2658.75,167.1018,2660.0,1.86214286,0.05,0.9,0,TREND_DOWN,NORMAL,NEUTRAL,HEALTHY,ALLOW
2026-09-28T11:02:00Z,2658.76,2660.29,2658.34,2660.28,126.2206,2659.63666667,1.89428571,0.05,0.9,0,TREND_UP,NORMAL,ALIGNED,HEALTHY,ALLOW
2026-09-28T11:03:00Z,2660.27,2661.88,2659.1,2659.6,138.5744,2660.19333333,1.98,0.05,0.9,0,TREND_DOWN,NORMAL,NEUTRAL,HEALTHY,ALLOW
2026-09-28T11:04:00Z,2659.6,2660.81,2658.22,2660.66,138.3961,2659.89666667,2.02928571,0.05,0.9,0,TREND_UP,NORMAL,ALIGNED,HEALTHY,ALLOW
2026-09-28T11:05:00Z,2660.67,2660.96,2659.02,2660.17,59.4224,2660.05,2.08,0.05,0.9,0,TREND_DOWN,NORMAL,NEUTRAL,HEALTHY,ALLOW
2026-09-28T11:06:00Z,2660.17,2662.5,2660.1,2661.78,81.7826,2661.46,1.95928571,0.05,0.9,0,TREND_UP,NORMAL,ALIGNED,HEALTHY,ALLOW
2026-09-28T11:07:00Z,2661.79,2663.0,2661.03,2661.74,98.8342,2661.92333333,1.95571429,0.05,0.9,0,TREND_DOWN,NORMAL,NEUTRAL,HEALTHY,ALLOW
2026-09-28T11:08:00Z,2661.74,2662.79,2661.48,2662.68,183.6495,2662.31666667,1.95357143,0.05,0.9,0,TREND_UP,NORMAL,ALIGNED,HEALTHY,ALLOW
2026-09-28T11:09:00Z,2662.68,2663.0,2662.22,2662.22,55.0054,2662.48,1.92428571,0.05,0.9,0,TREND_DOWN,NORMAL,NEUTRAL,HEALTHY,ALLOW
2026-09-28T11:10:00Z,2662.22,2662.68,2661.48,2662.33,127.4426,2662.16333333,1.91142857,0.05,0.9,0,TREND_UP,NORMAL,ALIGNED,HEALTHY,ALLOW
2026-09-28T11:11:00Z,2662.32,2662.44,2661.49,2661.49,73.3536,2661.80666667,1.90214286,0.05,0.9,0,TREND_DOWN,NORMAL,NEUTRAL,HEALTHY,ALLOW
2026-09-28T11:12:00Z,2661.48,2661.84,2661.0,2661.0,96.6413,2661.28,1.935,0.05,0.9,0,TREND_DOWN,NORMAL,NEUTRAL,HEALTHY,ALLOW
2026-09-28T11:13:00Z,2661.0,2662.02,2660.31,2661.24,131.6685,2661.19,2.03357143,0.05,0.9,0,TREND_UP,NORMAL,ALIGNED,HEALTHY,ALLOW
2026-09-28T11:14:00Z,2661.25,2662.39,2660.76,2662.0,58.5837,2661.71666667,1.84285714,0.05,0.9,0,TREND_UP,NORMAL,ALIGNED,HEALTHY,ALLOW
2026-09-28T11:15:00Z,2662.0,2663.47,2661.45,2663.16,190.8777,2662.69333333,1.71928571,0.05,0.9,0,TREND_UP,NORMAL,ALIGNED,HEALTHY,ALLOW
2026-09-28T11:16:00Z,2663.17,2665.53,2661.58,2664.33,252.8315,2663.81333333,1.86214286,0.05,0.9,0,TREND_UP,NORMAL,ALIGNED,HEALTHY,ALLOW
2026-09-28T11:17:00Z,2664.33,2666.66,2664.13,2666.65,450.9761,2665.81333333,1.84428571,0.05,0.9,0,TREND_UP,NORMAL,ALIGNED,HEALTHY,ALLOW
2026-09-28T11:18:00Z,2666.65,2666.66,2664.07,2664.08,120.4839,2664.93666667,1.84428571,0.05,0.9,0,TREND_DOWN,NORMAL,NEUTRAL,HEALTHY,ALLOW
2026-09-28T11:19:00Z,2664.08,2664.37,2662.0,2664.34,142.0228,2663.57,1.875,0.05,0.9,0,TREND_UP,NORMAL,ALIGNED,HEALTHY,ALLOW
2026-09-28T11:20:00Z,2664.34,2664.35,2662.0,2662.75,144.6971,2663.03333333,1.87142857,0.05,0.9,0,TREND_DOWN,NORMAL,NEUTRAL,HEALTHY,ALLOW
2026-09-28T11:21:00Z,2662.74,2662.75,2661.54,2661.65,109.0739,2661.98,1.81714286,0.05,0.9,0,TREND_DOWN,NORMAL,NEUTRAL,HEALTHY,ALLOW
2026-09-28T11:22:00Z,2661.66,2664.16,2661.65,2663.83,67.1998,2663.21333333,1.90285714,0.05,0.9,0,TREND_UP,NORMAL,ALIGNED,HEALTHY,ALLOW
2026-09-28T11:23:00Z,2663.82,2666.66,2663.82,2666.28,91.7765,2665.58666667,2.05,0.05,0.9,0,TREND_UP,NORMAL,ALIGNED,HEALTHY,ALLOW
2026-09-28T11:24:00Z,2666.28,2666.47,2664.63,2665.23,55.9842,2665.44333333,2.09571429,0.05,0.9,0,TREND_DOWN,NORMAL,NEUTRAL,HEALTHY,ALLOW
2026-09-28T11:25:00Z,2665.24,2665.24,2663.51,2663.83,46.3272,2664.19333333,2.15142857,0.05,0.9,0,TREND_DOWN,NORMAL,NEUTRAL,HEALTHY,ALLOW
2026-09-28T11:26:00Z,2663.84,2664.69,2663.71,2664.06,75.8741,2664.15333333,2.16142857,0.05,0.9,0,TREND_UP,NORMAL,ALIGNED,HEALTHY,ALLOW
2026-09-28T11:27:00Z,2664.06,2664.61,2663.68,2663.9,36.0015,2664.06333333,2.10571429,0.05,0.9,0,TREND_DOWN,NORMAL,NEUTRAL,HEALTHY,ALLOW
2026-09-28T11:28:00Z,2663.9,2664.09,2663.65,2663.67,38.3652,2663.80333333,2.02071429,0.05,0.9,0,TREND_DOWN,NORMAL,NEUTRAL,HEALTHY,ALLOW
2026-09-28T11:29:00Z,2663.66,2664.66,2663.66,2664.6,36.6446,2664.30666667,1.94785714,0.05,0.9,0,TREND_UP,NORMAL,ALIGNED,HEALTHY,ALLOW
2026-09-28T11:30:00Z,2664.6,2666.0,2663.97,2663.97,116.8843,2664.64666667,1.81071429,0.05,0.9,0,TREND_DOWN,NORMAL,NEUTRAL,HEALTHY,ALLOW
2026-09-28T11:31:00Z,2663.97,2665.42,2663.97,2664.84,67.5054,2664.74333333,1.73357143,0.05,0.9,0,TREND_UP,NORMAL,ALIGNED,HEALTHY,ALLOW
2026-09-28T11:32:00Z,2664.83,2664.84,2663.42,2663.42,92.887,2663.89333333,1.65,0.05,0.9,0,TREND_DOWN,NORMAL,NEUTRAL,HEALTHY,ALLOW
2026-09-28T11:33:00Z,2663.42,2663.75,2662.56,2663.74,53.9705,2663.35,1.56571429,0.05,0.9,0,TREND_UP,NORMAL,ALIGNED,HEALTHY,ALLOW
2026-09-28T11:34:00Z,2663.74,2665.94,2663.74,2665.94,61.6146,2665.20666667,1.555,0.05,0.9,0,TREND_UP,NORMAL,ALIGNED,HEALTHY,ALLOW
2026-09-28T11:35:00Z,2665.94,2666.19,2665.3,2665.42,49.8464,2665.63666667,1.53214286,0.05,0.9,0,TREND_DOWN,NORMAL,NEUTRAL,HEALTHY,ALLOW
2026-09-28T11:36:00Z,2665.42,2665.98,2664.93,2665.98,66.5919,2665.63,1.42785714,0.05,0.9,0,TREND_UP,NORMAL,ALIGNED,HEALTHY,ALLOW
2026-09-28T11:37:00Z,2665.98,2667.57,2665.98,2666.74,128.9712,2666.76333333,1.33857143,0.05,0.9,0,TREND_UP,NORMAL,ALIGNED,HEALTHY,ALLOW
2026-09-28T11:38:00Z,2666.74,2667.56,2666.38,2667.09,69.5132,2667.01,1.29142857,0.05,0.9,0,TREND_UP,NORMAL,ALIGNED,HEALTHY,ALLOW
2026-09-28T11:39:00Z,2667.08,2668.17,2666.8,2668.17,155.9019,2667.71333333,1.26571429,0.05,0.9,0,TREND_UP,NORMAL,ALIGNED,HEALTHY,ALLOW
2026-09-28T11:40:00Z,2668.16,2668.82,2665.67,2667.83,538.9659,2667.44,1.42071429,0.05,0.9,0,TREND_DOWN,NORMAL,NEUTRAL,HEALTHY,ALLOW
2026-09-28T11:41:00Z,2667.84,2668.15,2667.65,2667.94,83.9371,2667.91333333,1.39,0.05,0.9,0,TREND_UP,NORMAL,ALIGNED,HEALTHY,ALLOW
2026-09-28T11:42:00Z,2667.94,2669.13,2667.47,2667.87,138.0339,2668.15666667,1.47714286,0.05,0.9,0,TREND_DOWN,NORMAL,NEUTRAL,HEALTHY,ALLOW
2026-09-28T11:43:00Z,2667.87,2669.4,2666.28,2666.53,1123.2503,2667.40333333,1.62857143,0.05,0.9,0,TREND_DOWN,NORMAL,NEUTRAL,HEALTHY,ALLOW
2026-09-28T11:44:00Z,2666.52,2667.23,2665.7,2666.95,223.5458,2666.62666667,1.59285714,0.05,0.9,0,TREND_UP,NORMAL,ALIGNED,HEALTHY,ALLOW
2026-09-28T11:45:00Z,2666.9,2666.91,2665.07,2665.79,241.747,2665.92333333,1.62357143,0.05,0.9,0,TREND_DOWN,NORMAL,NEUTRAL,HEALTHY,ALLOW
2026-09-28T11:46:00Z,2665.79,2666.19,2665.19,2665.38,64.9227,2665.58666667,1.59357143,0.05,0.9,0,TREND_DOWN,NORMAL,NEUTRAL,HEALTHY,ALLOW
2026-09-28T11:47:00Z,2665.37,2665.38,2664.36,2664.36,114.7527,2664.7,1.58142857,0.05,0.9,0,TREND_DOWN,NORMAL,NEUTRAL,HEALTHY,ALLOW
2026-09-28T11:48:00Z,2664.35,2664.78,2664.35,2664.66,71.3072,2664.59666667,1.455,0.05,0.9,0,TREND_UP,NORMAL,ALIGNED,HEALTHY,ALLOW
2026-09-28T11:49:00Z,2664.66,2664.81,2663.96,2663.97,45.7852,2664.24666667,1.45214286,0.05,0.9,0,TREND_DOWN,NORMAL,NEUTRAL,HEALTHY,ALLOW
2026-09-28T11:50:00Z,2663.97,2663.97,2663.36,2663.47,103.8899,2663.6,1.42071429,0.05,0.9,0,TREND_DOWN,NORMAL,NEUTRAL,HEALTHY,ALLOW
2026-09-28T11:51:00Z,2663.46,2663.83,2663.41,2663.82,33.8145,2663.68666667,1.33714286,0.05,0.9,0,TREND_UP,NORMAL,ALIGNED,HEALTHY,ALLOW
2026-09-28T11:52:00Z,2663.82,2664.55,2663.34,2663.91,79.5123,2663.93333333,1.33928571,0.05,0.9,0,TREND_UP,NORMAL,ALIGNED,HEALTHY,ALLOW
2026-09-28T11:53:00Z,2663.9,2664.56,2663.07,2663.19,64.6722,2663.60666667,1.34785714,0.05,0.9,0,TREND_DOWN,NORMAL,NEUTRAL,HEALTHY,ALLOW
2026-09-28T11:54:00Z,2663.19,2663.2,2663.07,2663.08,16.8667,2663.11666667,1.13214286,0.05,0.9,0,TREND_DOWN,NORMAL,NEUTRAL,HEALTHY,ALLOW
2026-09-28T11:55:00Z,2663.07,2664.62,2663.07,2664.54,75.8076,2664.07666667,1.20714286,0.05,0.9,0,TREND_UP,NORMAL,ALIGNED,HEALTHY,ALLOW
2026-09-28T11:56:00Z,2664.59,2668.13,2664.59,2667.39,219.1178,2666.70333333,1.345,0.05,0.9,0,TREND_UP,NORMAL,ALIGNED,HEALTHY,ALLOW
2026-09-28T11:57:00Z,2667.4,2669.53,2667.4,2669.53,172.3097,2668.82,1.275,0.05,0.9,0,TREND_UP,NORMAL,ALIGNED,HEALTHY,ALLOW
2026-09-28T11:58:00Z,2669.52,2669.53,2668.69,2668.8,78.6712,2669.00666667,1.22571429,0.05,0.9,0,TREND_DOWN,NORMAL,NEUTRAL,HEALTHY,ALLOW
2026-09-28T11:59:00Z,2668.8,2669.53,2668.57,2669.0,73.1439,2669.03333333,1.16,0.05,0.9,0,TREND_UP,NORMAL,ALIGNED,HEALTHY,ALLOW
2026-09-28T12:00:00Z,2668.99,2668.99,2665.3,2666.33,187.0935,2666.87333333,1.35285714,0.05,0.9,0,TREND_DOWN,NORMAL,NEUTRAL,HEALTHY,ALLOW
2026-09-28T12:01:00Z,2666.32,2667.37,2665.23,2667.15,113.0958,2666.58333333,1.43285714,0.05,0.9,0,TREND_UP,NORMAL,ALIGNED,HEALTHY,ALLOW
2026-09-28T12:02:00Z,2667.15,2667.16,2664.82,2666.43,190.7357,2666.13666667,1.56928571,0.05,0.9,0,TREND_DOWN,NORMAL,NEUTRAL,HEALTHY,ALLOW
2026-09-28T12:03:00Z,2666.42,2666.64,2665.37,2666.64,157.1541,2666.21666667,1.59928571,0.05,0.9,0,TREND_UP,NORMAL,ALIGNED,HEALTHY,ALLOW
2026-09-28T12:04:00Z,2666.64,2673.93,2666.64,2673.93,1009.8697,2671.5,2.07642857,0.05,0.9,0,TREND_UP,NORMAL,ALIGNED,HEALTHY,ALLOW
2026-09-28T12:05:00Z,2673.92,2680.0,2673.45,2679.1,1157.0845,2677.51666667,2.51428571,0.05,0.9,0,TREND_UP,NORMAL,ALIGNED,HEALTHY,ALLOW
2026-09-28T12:06:00Z,2679.09,2689.69,2678.79,2685.8,1838.5817,2684.76,3.20642857,0.05,0.9,0,TREND_UP,NORMAL,ALIGNED,HEALTHY,ALLOW
2026-09-28T12:07:00Z,2685.8,2691.14,2683.67,2689.63,856.7888,2688.14666667,3.63357143,0.05,0.9,0,TREND_UP,NORMAL,ALIGNED,HEALTHY,ALLOW
2026-09-28T12:08:00Z,2689.63,2689.89,2684.82,2687.17,873.5981,2687.29333333,3.98642857,0.05,0.9,0,TREND_DOWN,NORMAL,NEUTRAL,HEALTHY,ALLOW
2026-09-28T12:09:00Z,2687.18,2690.99,2687.17,2690.99,487.8973,2689.71666667,4.14857143,0.05,0.9,0,TREND_UP,NORMAL,ALIGNED,HEALTHY,ALLOW
2026-09-28T12:10:00Z,2690.99,2692.67,2685.16,2685.16,605.4628,2687.66333333,4.42857143,0.05,0.9,0,TREND_DOWN,NORMAL,NEUTRAL,HEALTHY,ALLOW
2026-09-28T12:11:00Z,2685.16,2686.56,2683.06,2684.76,560.9429,2684.79333333,4.52571429,0.05,0.9,0,TREND_DOWN,NORMAL,NEUTRAL,HEALTHY,ALLOW
2026-09-28T12:12:00Z,2684.76,2685.0,2682.24,2682.67,248.1645,2683.30333333,4.66285714,0.05,0.9,0,TREND_DOWN,NORMAL,NEUTRAL,HEALTHY,ALLOW
2026-09-28T12:13:00Z,2682.67,2683.27,2681.45,2683.2,296.6467,2682.64,4.72428571,0.05,0.9,0,TREND_UP,NORMAL,ALIGNED,HEALTHY,ALLOW
2026-09-28T12:14:00Z,2683.2,2685.68,2682.86,2685.19,312.0299,2684.57666667,4.66142857,0.05,0.9,0,TREND_UP,NORMAL,ALIGNED,HEALTHY,ALLOW
2026-09-28T12:15:00Z,2685.19,2685.19,2682.55,2682.55,289.4417,2683.43,4.69714286,0.05,0.9,0,TREND_DOWN,NORMAL,NEUTRAL,HEALTHY,ALLOW
2026-09-28T12:16:00Z,2682.56,2683.98,2681.58,2683.98,220.1937,2683.18,4.70142857,0.05,0.9,0,TREND_UP,NORMAL,ALIGNED,HEALTHY,ALLOW
2026-09-28T12:17:00Z,2683.98,2685.0,2683.0,2683.76,281.2209,2683.92,4.75357143,0.05,0.9,0,TREND_DOWN,NORMAL,NEUTRAL,HEALTHY,ALLOW
2026-09-28T12:18:00Z,2683.75,2687.62,2683.62,2683.62,305.3092,2684.95333333,4.51857143,0.05,0.9,0,TREND_DOWN,NORMAL,NEUTRAL,HEALTHY,ALLOW
2026-09-28T12:19:00Z,2683.62,2686.45,2683.62,2686.1,267.1179,2685.39,4.25285714,0.05,0.9,0,TREND_UP,NORMAL,ALIGNED,HEALTHY,ALLOW
2026-09-28T12:20:00Z,2686.1,2687.63,2685.69,2687.61,185.0522,2686.97666667,3.61285714,0.05,0.9,0,TREND_UP,NORMAL,ALIGNED,HEALTHY,ALLOW
2026-09-28T12:21:00Z,2687.6,2687.6,2685.0,2685.0,328.9015,2685.86666667,3.26571429,0.05,0.9,0,TREND_DOWN,NORMAL,NEUTRAL,HEALTHY,ALLOW
2026-09-28T12:22:00Z,2685.01,2685.01,2682.44,2682.45,314.6937,2683.3,3.08714286,0.05,0.9,0,TREND_DOWN,NORMAL,NEUTRAL,HEALTHY,ALLOW
2026-09-28T12:23:00Z,2682.44,2682.9,2681.87,2682.89,345.1767,2682.55333333,2.88785714,0.05,0.9,0,TREND_UP,NORMAL,ALIGNED,HEALTHY,ALLOW
2026-09-28T12:24:00Z,2682.9,2683.85,2682.19,2683.4,165.8026,2683.14666667,2.47,0.05,0.9,0,TREND_UP,NORMAL,ALIGNED,HEALTHY,ALLOW
2026-09-28T12:25:00Z,2683.41,2683.41,2679.28,2679.28,304.8819,2680.65666667,2.515,0.05,0.9,0,TREND_DOWN,NORMAL,NEUTRAL,HEALTHY,ALLOW
2026-09-28T12:26:00Z,2679.29,2684.44,2679.16,2681.41,394.7105,2681.67,2.695,0.05,0.9,0,TREND_UP,NORMAL,ALIGNED,HEALTHY,ALLOW
2026-09-28T12:27:00Z,2681.42,2682.0,2680.55,2681.88,231.4484,2681.47666667,2.66857143,0.05,0.9,0,TREND_UP,NORMAL,ALIGNED,HEALTHY,ALLOW
2026-09-28T12:28:00Z,2681.87,2681.92,2679.03,2679.6,416.1883,2680.18333333,2.67357143,0.05,0.9,0,TREND_DOWN,NORMAL,NEUTRAL,HEALTHY,ALLOW
2026-09-28T12:29:00Z,2679.61,2680.7,2679.56,2679.79,148.6798,2680.01666667,2.56642857,0.05,0.9,0,TREND_UP,NORMAL,ALIGNED,HEALTHY,ALLOW
2026-09-28T12:30:00Z,2679.8,2680.7,2677.83,2678.69,454.5388,2679.07333333,2.6,0.05,0.9,0,TREND_DOWN,NORMAL,NEUTRAL,HEALTHY,ALLOW
2026-09-28T12:31:00Z,2678.69,2679.01,2677.79,2677.79,182.1881,2678.19666667,2.54428571,0.05,0.9,0,TREND_DOWN,NORMAL,NEUTRAL,HEALTHY,ALLOW
2026-09-28T12:32:00Z,2677.79,2679.1,2677.08,2679.09,181.1372,2678.42333333,2.40285714,0.05,0.9,0,TREND_UP,NORMAL,ALIGNED,HEALTHY,ALLOW
2026-09-28T12:33:00Z,2679.1,2680.87,2678.9,2680.72,322.87,2680.16333333,2.34142857,0.05,0.9,0,TREND_UP,NORMAL,ALIGNED,HEALTHY,ALLOW
2026-09-28T12:34:00Z,2680.73,2682.85,2680.72,2682.84,175.7633,2682.13666667,2.355,0.05,0.9,0,TREND_UP,NORMAL,ALIGNED,HEALTHY,ALLOW
2026-09-28T12:35:00Z,2682.85,2683.03,2681.88,2683.02,327.2607,2682.64333333,2.25071429,0.05,0.9,0,TREND_UP,NORMAL,ALIGNED,HEALTHY,ALLOW
2026-09-28T12:36:00Z,2683.02,2683.02,2681.09,2681.99,250.5319,2682.03333333,2.205,0.05,0.9,0,TREND_DOWN,NORMAL,NEUTRAL,HEALTHY,ALLOW
2026-09-28T12:37:00Z,2681.99,2682.0,2679.41,2679.41,160.7938,2680.27333333,2.31642857,0.05,0.9,0,TREND_DOWN,NORMAL,NEUTRAL,HEALTHY,ALLOW
2026-09-28T12:38:00Z,2679.41,2679.41,2677.48,2677.49,217.8814,2678.12666667,2.33571429,0.05,0.9,0,TREND_DOWN,NORMAL,NEUTRAL,HEALTHY,ALLOW
2026-09-28T12:39:00Z,2677.49,2678.39,2677.33,2677.9,149.1347,2677.87333333,2.11642857,0.05,0.9,0,TREND_UP,NORMAL,ALIGNED,HEALTHY,ALLOW
2026-09-28T12:40:00Z,2677.89,2678.02,2674.75,2675.01,260.7845,2675.92666667,1.97285714,0.05,0.9,0,TREND_DOWN,NORMAL,NEUTRAL,HEALTHY,ALLOW
2026-09-28T12:41:00Z,2675.02,2676.49,2675.01,2675.75,181.3797,2675.75,1.975,0.05,0.9,0,TREND_UP,NORMAL,ALIGNED,HEALTHY,ALLOW
2026-09-28T12:42:00Z,2675.74,2675.91,2674.45,2674.75,373.539,2675.03666667,1.87285714,0.05,0.9,0,TREND_DOWN,NORMAL,NEUTRAL,HEALTHY,ALLOW
2026-09-28T12:43:00Z,2674.76,2676.41,2674.76,2675.59,147.9559,2675.58666667,1.91,0.05,0.9,0,TREND_UP,NORMAL,ALIGNED,HEALTHY,ALLOW
2026-09-28T12:44:00Z,2675.59,2679.17,2675.58,2679.11,114.4306,2677.95333333,1.96142857,0.05,0.9,0,TREND_UP,NORMAL,ALIGNED,HEALTHY,ALLOW
2026-09-28T12:45:00Z,2679.11,2682.06,2679.11,2682.06,90.5442,2681.07666667,2.085,0.05,0.9,0,TREND_UP,NORMAL,ALIGNED,HEALTHY,ALLOW
2026-09-28T12:46:00Z,2682.06,2685.64,2682.05,2685.05,371.8353,2684.24666667,2.19714286,0.05,0.9,0,TREND_UP,NORMAL,ALIGNED,HEALTHY,ALLOW
2026-09-28T12:47:00Z,2685.05,2685.56,2683.15,2683.15,200.8904,2683.95333333,2.22857143,0.05,0.9,0,TREND_DOWN,NORMAL,NEUTRAL,HEALTHY,ALLOW
2026-09-28T12:48:00Z,2683.15,2685.0,2682.15,2684.34,76.903,2683.83,2.28,0.05,0.9,0,TREND_UP,NORMAL,ALIGNED,HEALTHY,ALLOW
2026-09-28T12:49:00Z,2684.34,2684.53,2683.69,2684.08,104.6127,2684.1,2.25785714,0.05,0.9,0,TREND_DOWN,NORMAL,NEUTRAL,HEALTHY,ALLOW
2026-09-28T12:50:00Z,2684.08,2685.0,2683.81,2684.41,140.752,2684.40666667,2.205,0.05,0.9,0,TREND_UP,NORMAL,ALIGNED,HEALTHY,ALLOW
2026-09-28T12:51:00Z,2684.4,2684.54,2683.21,2683.59,67.3343,2683.78,2.115,0.05,0.9,0,TREND_DOWN,NORMAL,NEUTRAL,HEALTHY,ALLOW
2026-09-28T12:52:00Z,2683.6,2688.58,2683.59,2687.32,336.4205,2686.49666667,2.33357143,0.05,0.9,0,TREND_UP,NORMAL,ALIGNED,HEALTHY,ALLOW
2026-09-28T12:53:00Z,2687.32,2689.0,2685.05,2688.99,201.2601,2687.68,2.54,0.05,0.9,0,TREND_UP,NORMAL,ALIGNED,HEALTHY,ALLOW
2026-09-28T12:54:00Z,2688.99,2690.79,2688.47,2690.79,200.2853,2690.01666667,2.47214286,0.05,0.9,0,TREND_UP,NORMAL,ALIGNED,HEALTHY,ALLOW
2026-09-28T12:55:00Z,2690.8,2693.56,2688.17,2688.87,982.919,2690.2,2.75142857,0.05,0.9,0,TREND_DOWN,NORMAL,NEUTRAL,HEALTHY,ALLOW
2026-09-28T12:56:00Z,2688.87,2689.13,2688.11,2688.93,281.4194,2688.72333333,2.72,0.05,0.9,0,TREND_UP,NORMAL,ALIGNED,HEALTHY,ALLOW
2026-09-28T12:57:00Z,2688.92,2691.19,2686.94,2691.13,1542.0828,2689.75333333,2.905,0.05,0.9,0,TREND_UP,NORMAL,ALIGNED,HEALTHY,ALLOW
2026-09-28T12:58:00Z,2691.12,2691.12,2689.95,2690.91,62.1716,2690.66,2.73285714,0.05,0.9,0,TREND_DOWN,NORMAL,NEUTRAL,HEALTHY,ALLOW
2026-09-28T12:59:00Z,2690.91,2690.92,2689.43,2690.91,169.1659,2690.42,2.62857143,0.05,0.9,0,TREND_UP,NORMAL,ALIGNED,HEALTHY,ALLOW
2026-09-28T13:00:00Z,2690.91,2690.91,2686.63,2687.1,317.9348,2688.21333333,2.67785714,0.05,0.9,0,TREND_DOWN,NORMAL,NEUTRAL,HEALTHY,ALLOW
2026-09-28T13:01:00Z,2687.09,2687.09,2685.82,2686.02,102.6188,2686.31,2.59714286,0.05,0.9,0,TREND_DOWN,NORMAL,NEUTRAL,HEALTHY,ALLOW
2026-09-28T13:02:00Z,2686.03,2686.03,2684.02,2684.03,147.0283,2684.69333333,2.53714286,0.05,0.9,0,TREND_DOWN,NORMAL,NEUTRAL,HEALTHY,ALLOW
2026-09-28T13:03:00Z,2684.03,2684.72,2683.67,2684.07,87.7826,2684.15333333,2.55214286,0.05,0.9,0,TREND_UP,NORMAL,ALIGNED,HEALTHY,ALLOW
2026-09-28T13:04:00Z,2684.07,2684.7,2683.71,2683.9,221.8827,2684.10333333,2.53785714,0.05,0.9,0,TREND_DOWN,NORMAL,NEUTRAL,HEALTHY,ALLOW
2026-09-28T13:05:00Z,2683.9,2684.13,2683.41,2683.41,47.252,2683.65,2.49428571,0.05,0.9,0,TREND_DOWN,NORMAL,NEUTRAL,HEALTHY,ALLOW
2026-09-28T13:06:00Z,2683.41,2684.6,2682.86,2684.0,59.231,2683.82,2.26214286,0.05,0.9,0,TREND_UP,NORMAL,ALIGNED,HEALTHY,ALLOW
2026-09-28T13:07:00Z,2684.0,2686.3,2684.0,2686.2,89.3122,2685.5,2.14428571,0.05,0.9,0,TREND_UP,NORMAL,ALIGNED,HEALTHY,ALLOW
2026-09-28T13:08:00Z,2686.2,2686.5,2683.9,2684.1,56.689,2684.83333333,2.16428571,0.05,0.9,0,TREND_DOWN,NORMAL,NEUTRAL,HEALTHY,ALLOW
2026-09-28T13:09:00Z,2684.11,2684.11,2683.03,2683.6,263.0041,2683.58,1.85642857,0.05,0.9,0,TREND_DOWN,NORMAL,NEUTRAL,HEALTHY,ALLOW
2026-09-28T13:10:00Z,2683.61,2683.61,2680.52,2681.6,193.5931,2681.91,2.00428571,0.05,0.9,0,TREND_DOWN,NORMAL,NEUTRAL,HEALTHY,ALLOW
2026-09-28T13:11:00Z,2681.59,2683.62,2681.59,2683.13,50.6165,2682.78,1.84571429,0.05,0.9,0,TREND_UP,NORMAL,ALIGNED,HEALTHY,ALLOW
2026-09-28T13:12:00Z,2683.13,2684.42,2683.0,2683.01,155.9293,2683.47666667,1.86285714,0.05,0.9,0,TREND_DOWN,NORMAL,NEUTRAL,HEALTHY,ALLOW
2026-09-28T13:13:00Z,2683.01,2684.83,2683.0,2684.65,77.3347,2684.16,1.88714286,0.05,0.9,0,TREND_UP,NORMAL,ALIGNED,HEALTHY,ALLOW
2026-09-28T13:14:00Z,2684.64,2685.41,2684.62,2685.27,84.4223,2685.1,1.63785714,0.05,0.9,0,TREND_UP,NORMAL,ALIGNED,HEALTHY,ALLOW
2026-09-28T13:15:00Z,2685.26,2686.38,2685.15,2686.02,84.2464,2685.85,1.63428571,0.05,0.9,0,TREND_UP,NORMAL,ALIGNED,HEALTHY,ALLOW
2026-09-28T13:16:00Z,2686.02,2687.21,2685.31,2685.31,86.7704,2685.94333333,1.62642857,0.05,0.9,0,TREND_DOWN,NORMAL,NEUTRAL,HEALTHY,ALLOW
2026-09-28T13:17:00Z,2685.31,2687.04,2683.85,2683.86,76.844,2684.91666667,1.77928571,0.05,0.9,0,TREND_DOWN,NORMAL,NEUTRAL,HEALTHY,ALLOW
2026-09-28T13:18:00Z,2683.85,2683.86,2681.27,2682.59,176.6382,2682.57333333,1.89357143,0.05,0.9,0,TREND_DOWN,NORMAL,NEUTRAL,HEALTHY,ALLOW
2026-09-28T13:19:00Z,2682.59,2683.12,2681.8,2683.12,23.0583,2682.68,1.93642857,0.05,0.9,0,TREND_UP,NORMAL,ALIGNED,HEALTHY,ALLOW
2026-09-28T13:20:00Z,2683.11,2684.11,2682.96,2683.96,50.7299,2683.67666667,1.89428571,0.05,0.9,0,TREND_UP,NORMAL,ALIGNED,HEALTHY,ALLOW
2026-09-28T13:21:00Z,2683.86,2684.78,2683.04,2683.04,41.8281,2683.62,1.85428571,0.05,0.9,0,TREND_DOWN,NORMAL,NEUTRAL,HEALTHY,ALLOW
2026-09-28T13:22:00Z,2683.03,2684.17,2682.36,2683.34,189.7005,2683.29,1.79785714,0.05,0.9,0,TREND_UP,NORMAL,ALIGNED,HEALTHY,ALLOW
2026-09-28T13:23:00Z,2683.34,2685.1,2683.32,2685.03,71.9433,2684.48333333,1.84785714,0.05,0.9,0,TREND_UP,NORMAL,ALIGNED,HEALTHY,ALLOW
2026-09-28T13:24:00Z,2685.02,2685.02,2684.49,2684.68,65.2036,2684.73,1.66571429,0.05,0.9,0,TREND_DOWN,NORMAL,NEUTRAL,HEALTHY,ALLOW
2026-09-28T13:25:00Z,2684.69,2687.12,2684.35,2687.12,152.6134,2686.19666667,1.71857143,0.05,0.9,0,TREND_UP,NORMAL,ALIGNED,HEALTHY,ALLOW
2026-09-28T13:26:00Z,2687.11,2688.99,2687.11,2687.42,389.8016,2687.84,1.75142857,0.05,0.9,0,TREND_UP,NORMAL,ALIGNED,HEALTHY,ALLOW
2026-09-28T13:27:00Z,2687.41,2689.76,2687.29,2688.55,243.5719,2688.53333333,1.79714286,0.05,0.9,0,TREND_UP,NORMAL,ALIGNED,HEALTHY,ALLOW
2026-09-28T13:28:00Z,2688.54,2690.14,2688.11,2689.71,253.5426,2689.32,1.88571429,0.05,0.9,0,TREND_UP,NORMAL,ALIGNED,HEALTHY,ALLOW
2026-09-28T13:29:00Z,2689.71,2690.0,2689.05,2690.0,139.6525,2689.68333333,1.86571429,0.05,0.9,0,TREND_UP,NORMAL,ALIGNED,HEALTHY,ALLOW
2026-09-28T13:30:00Z,2689.99,2694.19,2686.66,2686.66,491.5355,2689.17,2.26785714,0.05,0.9,0,TREND_DOWN,NORMAL,NEUTRAL,HEALTHY,ALLOW
2026-09-28T13:31:00Z,2686.66,2689.41,2683.95,2685.69,512.8417,2686.35,2.43,0.05,0.9,0,TREND_DOWN,NORMAL,NEUTRAL,HEALTHY,ALLOW
2026-09-28T13:32:00Z,2685.69,2687.33,2684.37,2685.41,236.2052,2685.70333333,2.45642857,0.05,0.9,0,TREND_DOWN,NORMAL,NEUTRAL,HEALTHY,ALLOW
2026-09-28T13:33:00Z,2685.37,2686.29,2682.45,2684.47,379.1586,2684.40333333,2.63642857,0.05,0.9,0,TREND_DOWN,NORMAL,NEUTRAL,HEALTHY,ALLOW
2026-09-28T13:34:00Z,2684.47,2688.61,2684.19,2687.32,264.8589,2686.70666667,2.87,0.05,0.9,0,TREND_UP,NORMAL,ALIGNED,HEALTHY,ALLOW
2026-09-28T13:35:00Z,2687.31,2690.0,2682.94,2682.94,442.0588,2685.29333333,3.25,0.05,0.9,0,TREND_DOWN,NORMAL,NEUTRAL,HEALTHY,ALLOW
2026-09-28T13:36:00Z,2682.94,2686.75,2681.26,2685.25,323.5597,2684.42,3.51285714,0.05,0.9,0,TREND_UP,NORMAL,ALIGNED,HEALTHY,ALLOW
2026-09-28T13:37:00Z,2685.24,2691.53,2685.24,2688.35,792.3667,2688.37333333,3.835,0.05,0.9,0,TREND_UP,NORMAL,ALIGNED,HEALTHY,ALLOW
2026-09-28T13:38:00Z,2688.36,2694.46,2688.36,2694.41,320.4949,2692.41,4.23285714,0.05,0.9,0,TREND_UP,NORMAL,ALIGNED,HEALTHY,ALLOW
2026-09-28T13:39:00Z,2694.41,2697.51,2694.38,2694.83,607.8673,2695.57333333,4.25857143,0.05,0.9,0,TREND_UP,NORMAL,ALIGNED,HEALTHY,ALLOW
2026-09-28T13:40:00Z,2694.83,2696.87,2692.82,2696.87,350.2363,2695.52,4.41357143,0.05,0.9,0,TREND_UP,NORMAL,ALIGNED,HEALTHY,ALLOW
2026-09-28T13:41:00Z,2696.87,2697.89,2694.14,2695.68,202.0135,2695.90333333,4.505,0.05,0.9,0,TREND_DOWN,NORMAL,NEUTRAL,HEALTHY,ALLOW
2026-09-28T13:42:00Z,2695.68,2697.95,2695.68,2697.63,314.5372,2697.08666667,4.52214286,0.05,0.9,0,TREND_UP,NORMAL,ALIGNED,HEALTHY,ALLOW
2026-09-28T13:43:00Z,2697.64,2698.39,2696.67,2697.49,210.533,2697.51666667,4.57714286,0.05,0.9,0,TREND_DOWN,NORMAL,NEUTRAL,HEALTHY,ALLOW
2026-09-28T13:44:00Z,2697.49,2697.49,2694.24,2697.23,196.2768,2696.32,4.27142857,0.05,0.9,0,TREND_DOWN,NORMAL,NEUTRAL,HEALTHY,ALLOW
2026-09-28T13:45:00Z,2697.23,2698.56,2696.48,2696.72,262.3723,2697.25333333,4.03,0.05,0.9,0,TREND_DOWN,NORMAL,NEUTRAL,HEALTHY,ALLOW
2026-09-28T13:46:00Z,2696.71,2697.77,2694.53,2697.75,203.552,2696.68333333,4.05,0.05,0.9,0,TREND_UP,NORMAL,ALIGNED,HEALTHY,ALLOW
2026-09-28T13:47:00Z,2697.74,2698.68,2695.57,2697.04,782.0963,2697.09666667,3.99785714,0.05,0.9,0,TREND_DOWN,NORMAL,NEUTRAL,HEALTHY,ALLOW
2026-09-28T13:48:00Z,2697.08,2698.32,2696.65,2696.97,235.2178,2697.31333333,3.80142857,0.05,0.9,0,TREND_DOWN,NORMAL,NEUTRAL,HEALTHY,ALLOW
2026-09-28T13:49:00Z,2696.97,2696.97,2692.01,2692.01,169.2396,2693.66333333,3.65142857,0.05,0.9,0,TREND_DOWN,NORMAL,NEUTRAL,HEALTHY,ALLOW
2026-09-28T13:50:00Z,2692.0,2692.01,2687.57,2689.3,317.321,2689.62666667,3.57642857,0.05,0.9,0,TREND_DOWN,NORMAL,NEUTRAL,HEALTHY,ALLOW
2026-09-28T13:51:00Z,2689.3,2689.31,2686.39,2687.0,160.8086,2687.56666667,3.33571429,0.05,0.9,0,TREND_DOWN,NORMAL,NEUTRAL,HEALTHY,ALLOW
2026-09-28T13:52:00Z,2687.01,2690.57,2686.38,2689.61,112.2371,2688.85333333,3.19857143,0.05,0.9,0,TREND_UP,NORMAL,ALIGNED,HEALTHY,ALLOW
2026-09-28T13:53:00Z,2689.62,2693.41,2689.62,2692.88,101.6648,2691.97,3.24642857,0.05,0.9,0,TREND_UP,NORMAL,ALIGNED,HEALTHY,ALLOW
2026-09-28T13:54:00Z,2692.88,2695.82,2692.52,2695.53,228.2522,2694.62333333,3.19285714,0.05,0.9,0,TREND_UP,NORMAL,ALIGNED,HEALTHY,ALLOW
2026-09-28T13:55:00Z,2695.53,2697.86,2692.98,2692.98,203.7809,2694.60666667,3.27357143,0.05,0.9,0,TREND_DOWN,NORMAL,NEUTRAL,HEALTHY,ALLOW
2026-09-28T13:56:00Z,2692.98,2692.98,2690.9,2692.51,105.1647,2692.13,3.26,0.05,0.9,0,TREND_DOWN,NORMAL,NEUTRAL,HEALTHY,ALLOW
2026-09-28T13:57:00Z,2692.51,2693.12,2691.82,2692.04,84.7873,2692.32666667,3.23,0.05,0.9,0,TREND_DOWN,NORMAL,NEUTRAL,HEALTHY,ALLOW
2026-09-28T13:58:00Z,2692.05,2692.54,2690.9,2690.91,75.3424,2691.45,3.115,0.05,0.9,0,TREND_DOWN,NORMAL,NEUTRAL,HEALTHY,ALLOW
2026-09-28T13:59:00Z,2690.9,2692.06,2690.45,2690.65,111.393,2691.05333333,3.08142857,0.05,0.9,0,TREND_DOWN,NORMAL,NEUTRAL,HEALTHY,ALLOW
2026-09-28T14:00:00Z,2690.65,2690.65,2685.26,2685.68,205.9488,2687.19666667,3.235,0.05,0.9,0,TREND_DOWN,NORMAL,NEUTRAL,HEALTHY,ALLOW
2026-09-28T14:01:00Z,2685.67,2686.04,2683.2,2683.21,846.7929,2684.15,3.21571429,0.05,0.9,0,TREND_DOWN,NORMAL,NEUTRAL,HEALTHY,ALLOW
2026-09-28T14:02:00Z,2683.21,2686.52,2683.21,2685.82,142.0753,2685.18333333,3.33285714,0.05,0.9,0,TREND_UP,NORMAL,ALIGNED,HEALTHY,ALLOW
2026-09-28T14:03:00Z,2685.82,2686.09,2682.58,2683.1,200.7344,2683.92333333,3.22928571,0.05,0.9,0,TREND_DOWN,NORMAL,NEUTRAL,HEALTHY,ALLOW
2026-09-28T14:04:00Z,2683.11,2683.11,2680.51,2681.37,412.8315,2681.66333333,3.09785714,0.05,0.9,0,TREND_DOWN,NORMAL,NEUTRAL,HEALTHY,ALLOW
2026-09-28T14:05:00Z,2681.37,2682.61,2680.01,2680.01,262.4945,2680.87666667,3.075,0.05,0.9,0,TREND_DOWN,NORMAL,NEUTRAL,HEALTHY,ALLOW
2026-09-28T14:06:00Z,2680.01,2685.28,2678.58,2685.28,300.5258,2683.04666667,3.25428571,0.05,0.9,0,TREND_UP,NORMAL,ALIGNED,HEALTHY,ALLOW
2026-09-28T14:07:00Z,2685.32,2687.19,2684.3,2687.18,112.4694,2686.22333333,3.18928571,0.05,0.9,0,TREND_UP,NORMAL,ALIGNED,HEALTHY,ALLOW
2026-09-28T14:08:00Z,2687.19,2688.57,2686.17,2686.18,137.1491,2686.97333333,3.125,0.05,0.9,0,TREND_DOWN,NORMAL,NEUTRAL,HEALTHY,ALLOW
2026-09-28T14:09:00Z,2686.19,2686.68,2684.18,2684.67,133.0084,2685.17666667,2.955,0.05,0.9,0,TREND_DOWN,NORMAL,NEUTRAL,HEALTHY,ALLOW
2026-09-28T14:10:00Z,2684.66,2684.67,2683.43,2683.71,117.2097,2683.93666667,2.895,0.05,0.9,0,TREND_DOWN,NORMAL,NEUTRAL,HEALTHY,ALLOW
2026-09-28T14:11:00Z,2683.71,2686.18,2682.28,2686.16,140.1612,2684.87333333,3.08071429,0.05,0.9,0,TREND_UP,NORMAL,ALIGNED,HEALTHY,ALLOW
2026-09-28T14:12:00Z,2686.16,2686.17,2684.23,2685.47,112.5405,2685.29,3.10214286,0.05,0.9,0,TREND_DOWN,NORMAL,NEUTRAL,HEALTHY,ALLOW
2026-09-28T14:13:00Z,2685.47,2685.48,2682.58,2682.95,58.3152,2683.67,3.19428571,0.05,0.9,0,TREND_DOWN,NORMAL,NEUTRAL,HEALTHY,ALLOW
2026-09-28T14:14:00Z,2682.95,2682.95,2679.91,2681.1,245.3771,2681.32,3.02642857,0.05,0.9,0,TREND_DOWN,NORMAL,NEUTRAL,HEALTHY,ALLOW
2026-09-28T14:15:00Z,2681.1,2681.68,2678.17,2678.17,190.3623,2679.34,3.07428571,0.05,0.9,0,TREND_DOWN,NORMAL,NEUTRAL,HEALTHY,ALLOW
2026-09-28T14:16:00Z,2678.17,2680.0,2676.15,2680.0,253.078,2678.71666667,3.11285714,0.05,0.9,0,TREND_UP,NORMAL,ALIGNED,HEALTHY,ALLOW
2026-09-28T14:17:00Z,2680.0,2683.1,2679.55,2680.23,237.9128,2680.96,3.11571429,0.05,0.9,0,TREND_UP,NORMAL,ALIGNED,HEALTHY,ALLOW
2026-09-28T14:18:00Z,2680.24,2680.73,2676.54,2676.6,229.262,2677.95666667,3.22928571,0.05,0.9,0,TREND_DOWN,NORMAL,NEUTRAL,HEALTHY,ALLOW
2026-09-28T14:19:00Z,2676.6,2681.13,2676.53,2680.29,114.9292,2679.31666667,3.37214286,0.05,0.9,0,TREND_UP,NORMAL,ALIGNED,HEALTHY,ALLOW
2026-09-28T14:20:00Z,2680.29,2681.77,2678.12,2681.61,212.9345,2680.5,3.15428571,0.05,0.9,0,TREND_UP,NORMAL,ALIGNED,HEALTHY,ALLOW
2026-09-28T14:21:00Z,2681.61,2684.57,2681.34,2684.43,213.9287,2683.44666667,3.17857143,0.05,0.9,0,TREND_UP,NORMAL,ALIGNED,HEALTHY,ALLOW
2026-09-28T14:22:00Z,2684.44,2687.62,2684.44,2687.62,213.0969,2686.56,3.235,0.05,0.9,0,TREND_UP,NORMAL,ALIGNED,HEALTHY,ALLOW
2026-09-28T14:23:00Z,2687.62,2687.62,2686.0,2686.28,130.3935,2686.63333333,3.17214286,0.05,0.9,0,TREND_DOWN,NORMAL,NEUTRAL,HEALTHY,ALLOW
2026-09-28T14:24:00Z,2686.28,2687.66,2684.53,2687.65,112.703,2686.61333333,3.30714286,0.05,0.9,0,TREND_UP,NORMAL,ALIGNED,HEALTHY,ALLOW
2026-09-28T14:25:00Z,2687.66,2687.9,2685.4,2686.16,191.9619,2686.48666667,3.20714286,0.05,0.9,0,TREND_DOWN,NORMAL,NEUTRAL,HEALTHY,ALLOW
2026-09-28T14:26:00Z,2686.17,2686.17,2681.44,2682.15,208.2563,2683.25333333,3.40642857,0.05,0.9,0,TREND_DOWN,NORMAL,NEUTRAL,HEALTHY,ALLOW
2026-09-28T14:27:00Z,2682.14,2683.39,2677.53,2677.64,301.4246,2679.52,3.61785714,0.05,0.9,0,TREND_DOWN,NORMAL,NEUTRAL,HEALTHY,ALLOW
2026-09-28T14:28:00Z,2677.64,2677.64,2672.93,2672.94,713.1397,2674.50333333,3.73714286,0.05,0.9,0,TREND_DOWN,NORMAL,NEUTRAL,HEALTHY,ALLOW
2026-09-28T14:29:00Z,2672.94,2672.94,2666.0,2671.9,738.0825,2670.28,3.98214286,0.05,0.9,0,TREND_DOWN,NORMAL,NEUTRAL,HEALTHY,ALLOW
2026-09-28T14:30:00Z,2671.9,2675.96,2671.16,2674.99,436.6401,2674.03666667,4.05,0.05,0.9,0,TREND_UP,NORMAL,ALIGNED,HEALTHY,ALLOW
2026-09-28T14:31:00Z,2675.0,2675.39,2668.51,2668.51,349.8256,2670.80333333,4.28785714,0.05,0.9,0,TREND_DOWN,NORMAL,NEUTRAL,HEALTHY,ALLOW
2026-09-28T14:32:00Z,2668.51,2673.54,2667.39,2671.99,523.4819,2670.97333333,4.42785714,0.05,0.9,0,TREND_UP,NORMAL,ALIGNED,HEALTHY,ALLOW
2026-09-28T14:33:00Z,2671.96,2675.67,2670.99,2674.07,186.0269,2673.57666667,4.43357143,0.05,0.9,0,TREND_UP,NORMAL,ALIGNED,HEALTHY,ALLOW
2026-09-28T14:34:00Z,2674.06,2676.89,2672.87,2675.86,179.599,2675.20666667,4.46,0.05,0.9,0,TREND_UP,NORMAL,ALIGNED,HEALTHY,ALLOW
2026-09-28T14:35:00Z,2675.87,2678.87,2674.47,2678.87,193.881,2677.40333333,4.54357143,0.05,0.9,0,TREND_UP,NORMAL,ALIGNED,HEALTHY,ALLOW
2026-09-28T14:36:00Z,2678.88,2682.41,2678.88,2680.31,309.9533,2680.53333333,4.56857143,0.05,0.9,0,TREND_UP,NORMAL,ALIGNED,HEALTHY,ALLOW
2026-09-28T14:37:00Z,2680.32,2683.13,2680.1,2680.26,84.1298,2681.16333333,4.66928571,0.05,0.9,0,TREND_DOWN,NORMAL,NEUTRAL,HEALTHY,ALLOW
2026-09-28T14:38:00Z,2680.23,2680.23,2675.89,2676.8,241.331,2677.64,4.75785714,0.05,0.9,0,TREND_DOWN,NORMAL,NEUTRAL,HEALTHY,ALLOW
2026-09-28T14:39:00Z,2676.8,2683.33,2676.57,2681.44,250.806,2680.44666667,5.06214286,0.05,0.9,0,TREND_UP,NORMAL,ALIGNED,HEALTHY,ALLOW
2026-09-28T14:40:00Z,2681.43,2682.0,2679.0,2679.35,222.6992,2680.11666667,4.93857143,0.05,0.9,0,TREND_DOWN,NORMAL,NEUTRAL,HEALTHY,ALLOW
2026-09-28T14:41:00Z,2679.35,2679.35,2673.42,2673.89,336.184,2675.55333333,4.94357143,0.05,0.9,0,TREND_DOWN,NORMAL,NEUTRAL,HEALTHY,ALLOW
2026-09-28T14:42:00Z,2673.88,2673.88,2666.93,2668.98,638.5521,2669.93,5.10428571,0.05,0.9,0,TREND_DOWN,NORMAL,NEUTRAL,HEALTHY,ALLOW
2026-09-28T14:43:00Z,2668.99,2669.36,2660.5,2660.69,1074.5095,2663.51666667,5.24142857,0.05,0.9,0,TREND_DOWN,NORMAL,NEUTRAL,HEALTHY,ALLOW
2026-09-28T14:44:00Z,2660.69,2663.54,2660.0,2663.23,310.5462,2662.25666667,5.15142857,0.05,0.9,0,TREND_UP,NORMAL,ALIGNED,HEALTHY,ALLOW
2026-09-28T14:45:00Z,2663.23,2664.98,2660.86,2664.44,253.9014,2663.42666667,4.95428571,0.05,0.9,0,TREND_UP,NORMAL,ALIGNED,HEALTHY,ALLOW
2026-09-28T14:46:00Z,2664.44,2666.72,2662.42,2665.38,226.9436,2664.84,4.82214286,0.05,0.9,0,TREND_UP,NORMAL,ALIGNED,HEALTHY,ALLOW
2026-09-28T14:47:00Z,2665.37,2665.37,2657.53,2658.81,563.1355,2660.57,5.04857143,0.05,0.9,0,TREND_DOWN,NORMAL,NEUTRAL,HEALTHY,ALLOW
2026-09-28T14:48:00Z,2658.81,2665.96,2657.26,2665.11,335.1491,2662.77666667,5.38285714,0.05,0.9,0,TREND_UP,NORMAL,ALIGNED,HEALTHY,ALLOW
2026-09-28T14:49:00Z,2665.1,2666.4,2664.21,2665.92,190.2872,2665.51,5.225,0.05,0.9,0,TREND_UP,NORMAL,ALIGNED,HEALTHY,ALLOW
2026-09-28T14:50:00Z,2665.93,2670.58,2665.93,2668.27,434.7612,2668.26,5.305,0.05,0.9,0,TREND_UP,NORMAL,ALIGNED,HEALTHY,ALLOW
2026-09-28T14:51:00Z,2668.26,2669.9,2658.73,2659.0,415.2365,2662.54333333,5.88642857,0.05,0.9,0,TREND_DOWN,NORMAL,NEUTRAL,HEALTHY,ALLOW
2026-09-28T14:52:00Z,2659.0,2659.42,2655.0,2658.04,563.7472,2657.48666667,5.89,0.05,0.9,0,TREND_DOWN,NORMAL,NEUTRAL,HEALTHY,ALLOW
2026-09-28T14:53:00Z,2658.03,2663.35,2651.68,2663.12,1072.0839,2659.38333333,6.24071429,0.05,0.9,0,TREND_UP,NORMAL,ALIGNED,HEALTHY,ALLOW
2026-09-28T14:54:00Z,2663.11,2664.93,2662.71,2663.33,202.2517,2663.65666667,6.185,0.05,0.9,0,TREND_UP,NORMAL,ALIGNED,HEALTHY,ALLOW
2026-09-28T14:55:00Z,2663.33,2664.56,2659.73,2662.44,255.0117,2662.24333333,6.10642857,0.05,0.9,0,TREND_DOWN,NORMAL,NEUTRAL,HEALTHY,ALLOW
2026-09-28T14:56:00Z,2662.44,2666.59,2660.84,2666.0,906.892,2664.47666667,6.02,0.05,0.9,0,TREND_UP,NORMAL,ALIGNED,HEALTHY,ALLOW
2026-09-28T14:57:00Z,2666.01,2668.09,2665.0,2667.11,166.7145,2666.73333333,5.60785714,0.05,0.9,0,TREND_UP,NORMAL,ALIGNED,HEALTHY,ALLOW
2026-09-28T14:58:00Z,2667.11,2667.71,2663.67,2664.99,132.411,2665.45666667,5.64357143,0.05,0.9,0,TREND_DOWN,NORMAL,NEUTRAL,HEALTHY,ALLOW
2026-09-28T14:59:00Z,2664.98,2667.13,2664.56,2667.13,84.7211,2666.27333333,5.53285714,0.05,0.9,0,TREND_UP,NORMAL,ALIGNED,HEALTHY,ALLOW
2026-09-28T15:00:00Z,2667.13,2669.67,2666.36,2668.49,227.007,2668.17333333,5.46214286,0.05,0.9,0,TREND_UP,NORMAL,ALIGNED,HEALTHY,ALLOW
2026-09-28T15:01:00Z,2668.49,2670.0,2667.58,2668.6,132.8431,2668.72666667,5.07428571,0.05,0.9,0,TREND_UP,NORMAL,ALIGNED,HEALTHY,ALLOW
2026-09-28T15:02:00Z,2668.61,2670.58,2667.22,2669.77,118.6763,2669.19,4.69285714,0.05,0.9,0,TREND_UP,NORMAL,ALIGNED,HEALTHY,ALLOW
2026-09-28T15:03:00Z,2669.78,2670.94,2669.28,2670.3,97.5865,2670.17333333,4.655,0.05,0.9,0,TREND_UP,NORMAL,ALIGNED,HEALTHY,ALLOW
2026-09-28T15:04:00Z,2670.29,2670.29,2667.23,2667.55,273.5219,2668.35666667,4.54142857,0.05,0.9,0,TREND_DOWN,NORMAL,NEUTRAL,HEALTHY,ALLOW
2026-09-28T15:05:00Z,2667.56,2670.07,2665.86,2670.07,162.3152,2668.66666667,4.04428571,0.05,0.9,0,TREND_UP,NORMAL,ALIGNED,HEALTHY,ALLOW
2026-09-28T15:06:00Z,2670.07,2670.48,2668.2,2670.47,184.6515,2669.71666667,3.89142857,0.05,0.9,0,TREND_UP,NORMAL,ALIGNED,HEALTHY,ALLOW
2026-09-28T15:07:00Z,2670.48,2670.54,2666.56,2667.78,314.9138,2668.29333333,3.34214286,0.05,0.9,0,TREND_DOWN,NORMAL,NEUTRAL,HEALTHY,ALLOW
2026-09-28T15:08:00Z,2667.78,2669.42,2667.64,2668.17,156.7979,2668.41,3.31071429,0.05,0.9,0,TREND_UP,NORMAL,ALIGNED,HEALTHY,ALLOW
2026-09-28T15:09:00Z,2668.18,2677.49,2668.07,2677.15,492.0734,2674.23666667,3.63857143,0.05,0.9,0,TREND_UP,NORMAL,ALIGNED,HEALTHY,ALLOW
2026-09-28T15:10:00Z,2677.15,2678.5,2672.82,2672.83,313.0741,2674.71666667,3.63357143,0.05,0.9,0,TREND_DOWN,NORMAL,NEUTRAL,HEALTHY,ALLOW
2026-09-28T15:11:00Z,2672.82,2672.82,2664.09,2664.1,625.237,2667.00333333,4.03714286,0.05,0.9,0,TREND_DOWN,NORMAL,NEUTRAL,HEALTHY,ALLOW
2026-09-28T15:12:00Z,2664.11,2668.21,2661.6,2667.39,455.1339,2665.73333333,4.22071429,0.05,0.9,0,TREND_UP,NORMAL,ALIGNED,HEALTHY,ALLOW
2026-09-28T15:13:00Z,2667.42,2668.09,2662.64,2665.01,283.7237,2665.24666667,4.42642857,0.05,0.9,0,TREND_DOWN,NORMAL,NEUTRAL,HEALTHY,ALLOW
2026-09-28T15:14:00Z,2665.01,2665.93,2663.24,2663.7,120.2093,2664.29,4.38214286,0.05,0.9,0,TREND_DOWN,NORMAL,NEUTRAL,HEALTHY,ALLOW
2026-09-28T15:15:00Z,2663.64,2665.0,2660.8,2663.53,132.0121,2663.11,4.50928571,0.05,0.9,0,TREND_DOWN,NORMAL,NEUTRAL,HEALTHY,ALLOW
2026-09-28T15:16:00Z,2663.53,2663.53,2661.29,2662.14,75.6493,2662.32,4.42928571,0.05,0.9,0,TREND_DOWN,NORMAL,NEUTRAL,HEALTHY,ALLOW
2026-09-28T15:17:00Z,2662.14,2662.99,2657.39,2658.17,516.2525,2659.51666667,4.71071429,0.05,0.9,0,TREND_DOWN,NORMAL,NEUTRAL,HEALTHY,ALLOW
2026-09-28T15:18:00Z,2658.17,2660.51,2657.6,2660.05,459.4289,2659.38666667,4.69928571,0.05,0.9,0,TREND_UP,NORMAL,ALIGNED,HEALTHY,ALLOW
2026-09-28T15:19:00Z,2660.06,2662.36,2659.11,2659.79,272.4616,2660.42,4.63071429,0.05,0.9,0,TREND_DOWN,NORMAL,NEUTRAL,HEALTHY,ALLOW
2026-09-28T15:20:00Z,2659.79,2661.35,2658.33,2658.98,472.1858,2659.55333333,4.68357143,0.05,0.9,0,TREND_DOWN,NORMAL,NEUTRAL,HEALTHY,ALLOW
2026-09-28T15:21:00Z,2659.01,2659.36,2655.56,2659.01,484.7061,2657.97666667,4.67071429,0.05,0.9,0,TREND_UP,NORMAL,ALIGNED,HEALTHY,ALLOW
2026-09-28T15:22:00Z,2659.01,2660.83,2656.58,2656.61,380.3506,2658.00666667,4.84714286,0.05,0.9,0,TREND_DOWN,NORMAL,NEUTRAL,HEALTHY,ALLOW
2026-09-28T15:23:00Z,2656.6,2660.96,2654.05,2660.61,280.9664,2658.54,4.66785714,0.05,0.9,0,TREND_UP,NORMAL,ALIGNED,HEALTHY,ALLOW
2026-09-28T15:24:00Z,2660.6,2666.08,2659.86,2664.23,333.8334,2663.39,4.70642857,0.05,0.9,0,TREND_UP,NORMAL,ALIGNED,HEALTHY,ALLOW
2026-09-28T15:25:00Z,2664.23,2666.93,2661.53,2665.55,248.7259,2664.67,4.46785714,0.05,0.9,0,TREND_UP,NORMAL,ALIGNED,HEALTHY,ALLOW
2026-09-28T15:26:00Z,2665.55,2667.78,2663.47,2667.78,148.7565,2666.34333333,4.30357143,0.05,0.9,0,TREND_UP,NORMAL,ALIGNED,HEALTHY,ALLOW
2026-09-28T15:27:00Z,2667.79,2668.6,2666.8,2667.73,233.0229,2667.71,4.04285714,0.05,0.9,0,TREND_DOWN,NORMAL,NEUTRAL,HEALTHY,ALLOW
2026-09-28T15:28:00Z,2667.74,2669.91,2667.57,2669.91,164.4068,2669.13,4.01785714,0.05,0.9,0,TREND_UP,NORMAL,ALIGNED,HEALTHY,ALLOW
2026-09-28T15:29:00Z,2669.9,2670.15,2667.19,2668.12,227.3115,2668.48666667,3.92928571,0.05,0.9,0,TREND_DOWN,NORMAL,NEUTRAL,HEALTHY,ALLOW
2026-09-28T15:30:00Z,2668.12,2668.76,2665.63,2667.8,139.0732,2667.39666667,3.99285714,0.05,0.9,0,TREND_DOWN,NORMAL,NEUTRAL,HEALTHY,ALLOW
2026-09-28T15:31:00Z,2667.8,2667.8,2665.62,2666.05,120.1363,2666.49,3.74857143,0.05,0.9,0,TREND_DOWN,NORMAL,NEUTRAL,HEALTHY,ALLOW
2026-09-28T15:32:00Z,2666.06,2671.19,2666.06,2670.22,104.2254,2669.15666667,3.90785714,0.05,0.9,0,TREND_UP,NORMAL,ALIGNED,HEALTHY,ALLOW
2026-09-28T15:33:00Z,2670.23,2670.81,2668.68,2668.68,68.767,2669.39,3.82785714,0.05,0.9,0,TREND_DOWN,NORMAL,NEUTRAL,HEALTHY,ALLOW
2026-09-28T15:34:00Z,2668.68,2669.69,2668.06,2669.6,66.5669,2669.11666667,3.72857143,0.05,0.9,0,TREND_UP,NORMAL,ALIGNED,HEALTHY,ALLOW
2026-09-28T15:35:00Z,2669.6,2671.25,2669.31,2671.25,116.0572,2670.60333333,3.59571429,0.05,0.9,0,TREND_UP,NORMAL,ALIGNED,HEALTHY,ALLOW
2026-09-28T15:36:00Z,2671.26,2678.31,2671.25,2677.6,696.3215,2675.72,3.79642857,0.05,0.9,0,TREND_UP,NORMAL,ALIGNED,HEALTHY,ALLOW
2026-09-28T15:37:00Z,2677.59,2678.23,2674.75,2677.49,376.8581,2676.82333333,3.55142857,0.05,0.9,0,TREND_DOWN,NORMAL,NEUTRAL,HEALTHY,ALLOW
2026-09-28T15:38:00Z,2677.5,2680.6,2676.44,2678.92,444.5855,2678.65333333,3.40428571,0.05,0.9,0,TREND_UP,NORMAL,ALIGNED,HEALTHY,ALLOW
2026-09-28T15:39:00Z,2678.91,2679.13,2675.6,2679.13,108.4016,2677.95333333,3.27071429,0.05,0.9,0,TREND_UP,NORMAL,ALIGNED,HEALTHY,ALLOW
2026-09-28T15:40:00Z,2679.14,2679.38,2675.09,2675.5,429.0215,2676.65666667,3.26928571,0.05,0.9,0,TREND_DOWN,NORMAL,NEUTRAL,HEALTHY,ALLOW
2026-09-28T15:41:00Z,2675.5,2677.94,2674.92,2677.94,195.3347,2676.93333333,3.35642857,0.05,0.9,0,TREND_UP,NORMAL,ALIGNED,HEALTHY,ALLOW
2026-09-28T15:42:00Z,2677.93,2678.87,2675.85,2676.28,120.9726,2677.0,3.405,0.05,0.9,0,TREND_DOWN,NORMAL,NEUTRAL,HEALTHY,ALLOW
2026-09-28T15:43:00Z,2676.29,2676.86,2674.93,2674.93,232.7119,2675.57333333,3.33142857,0.05,0.9,0,TREND_DOWN,NORMAL,NEUTRAL,HEALTHY,ALLOW
2026-09-28T15:44:00Z,2674.92,2675.49,2673.65,2674.73,407.7408,2674.62333333,3.23928571,0.05,0.9,0,TREND_DOWN,NORMAL,NEUTRAL,HEALTHY,ALLOW
2026-09-28T15:45:00Z,2674.72,2677.33,2674.68,2676.35,262.7927,2676.12,3.27285714,0.05,0.9,0,TREND_UP,NORMAL,ALIGNED,HEALTHY,ALLOW
2026-09-28T15:46:00Z,2676.36,2679.03,2674.6,2675.57,128.2754,2676.4,3.22214286,0.05,0.9,0,TREND_DOWN,NORMAL,NEUTRAL,HEALTHY,ALLOW
2026-09-28T15:47:00Z,2675.56,2676.55,2675.3,2676.55,53.6261,2676.13333333,3.15928571,0.05,0.9,0,TREND_UP,NORMAL,ALIGNED,HEALTHY,ALLOW
2026-09-28T15:48:00Z,2676.54,2676.55,2675.0,2675.01,97.0954,2675.52,3.15357143,0.05,0.9,0,TREND_DOWN,NORMAL,NEUTRAL,HEALTHY,ALLOW
2026-09-28T15:49:00Z,2675.01,2675.46,2673.11,2675.45,277.0059,2674.67333333,3.18285714,0.05,0.9,0,TREND_UP,NORMAL,ALIGNED,HEALTHY,ALLOW
2026-09-28T15:50:00Z,2675.45,2679.03,2675.45,2677.78,146.212,2677.42,2.93428571,0.05,0.9,0,TREND_UP,NORMAL,ALIGNED,HEALTHY,ALLOW
2026-09-28T15:51:00Z,2677.78,2677.78,2675.77,2676.06,184.381,2676.53666667,2.82928571,0.05,0.9,0,TREND_DOWN,NORMAL,NEUTRAL,HEALTHY,ALLOW
2026-09-28T15:52:00Z,2676.05,2677.62,2674.82,2676.11,139.7147,2676.18333333,2.73214286,0.05,0.9,0,TREND_UP,NORMAL,ALIGNED,HEALTHY,ALLOW
2026-09-28T15:53:00Z,2676.1,2677.54,2675.52,2676.73,163.4399,2676.59666667,2.62428571,0.05,0.9,0,TREND_UP,NORMAL,ALIGNED,HEALTHY,ALLOW
2026-09-28T15:54:00Z,2676.72,2679.91,2676.06,2679.91,221.057,2678.62666667,2.59285714,0.05,0.9,0,TREND_UP,NORMAL,ALIGNED,HEALTHY,ALLOW
2026-09-28T15:55:00Z,2679.91,2680.75,2678.82,2678.82,161.4982,2679.46333333,2.515,0.05,0.9,0,TREND_DOWN,NORMAL,NEUTRAL,HEALTHY,ALLOW
2026-09-28T15:56:00Z,2678.81,2679.26,2677.58,2678.12,80.2344,2678.32,2.41928571,0.05,0.9,0,TREND_DOWN,NORMAL,NEUTRAL,HEALTHY,ALLOW
2026-09-28T15:57:00Z,2678.12,2680.02,2677.36,2677.65,130.8193,2678.34333333,2.47142857,0.05,0.9,0,TREND_DOWN,NORMAL,NEUTRAL,HEALTHY,ALLOW
2026-09-28T15:58:00Z,2677.66,2679.02,2677.66,2678.55,60.2739,2678.41,2.43785714,0.05,0.9,0,TREND_UP,NORMAL,ALIGNED,HEALTHY,ALLOW
2026-09-28T15:59:00Z,2678.54,2679.06,2677.58,2677.95,121.4321,2678.19666667,2.35428571,0.05,0.9,0,TREND_DOWN,NORMAL,NEUTRAL,HEALTHY,ALLOW
2026-09-28T16:00:00Z,2677.94,2678.79,2675.59,2676.74,203.923,2677.04,2.26642857,0.05,0.9,0,TREND_DOWN,NORMAL,NEUTRAL,HEALTHY,ALLOW
2026-09-28T16:01:00Z,2676.74,2679.62,2675.29,2676.44,113.348,2677.11666667,2.48642857,0.05,0.9,0,TREND_DOWN,NORMAL,NEUTRAL,HEALTHY,ALLOW
2026-09-28T16:02:00Z,2676.47,2676.48,2673.12,2673.25,143.3008,2674.28333333,2.61571429,0.05,0.9,0,TREND_DOWN,NORMAL,NEUTRAL,HEALTHY,ALLOW
2026-09-28T16:03:00Z,2673.24,2673.6,2671.0,2671.94,116.3437,2672.18,2.63357143,0.05,0.9,0,TREND_DOWN,NORMAL,NEUTRAL,HEALTHY,ALLOW
2026-09-28T16:04:00Z,2671.95,2675.0,2671.94,2673.63,146.6297,2673.52333333,2.59642857,0.05,0.9,0,TREND_UP,NORMAL,ALIGNED,HEALTHY,ALLOW
2026-09-28T16:05:00Z,2673.63,2675.0,2672.06,2672.48,643.7102,2673.18,2.66285714,0.05,0.9,0,TREND_DOWN,NORMAL,NEUTRAL,HEALTHY,ALLOW
2026-09-28T16:06:00Z,2672.48,2674.63,2672.1,2674.3,125.8975,2673.67666667,2.64357143,0.05,0.9,0,TREND_UP,NORMAL,ALIGNED,HEALTHY,ALLOW
2026-09-28T16:07:00Z,2674.29,2678.07,2673.41,2676.17,126.6391,2675.88333333,2.83214286,0.05,0.9,0,TREND_UP,NORMAL,ALIGNED,HEALTHY,ALLOW
2026-09-28T16:08:00Z,2676.17,2679.01,2676.17,2677.5,180.4966,2677.56,2.76,0.05,0.9,0,TREND_UP,NORMAL,ALIGNED,HEALTHY,ALLOW
2026-09-28T16:09:00Z,2677.5,2677.82,2675.53,2677.51,119.2256,2676.95333333,2.78571429,0.05,0.9,0,TREND_UP,NORMAL,ALIGNED,HEALTHY,ALLOW
2026-09-28T16:10:00Z,2677.52,2678.75,2676.84,2677.87,131.3888,2677.82,2.80214286,0.05,0.9,0,TREND_UP,NORMAL,ALIGNED,HEALTHY,ALLOW
2026-09-28T16:11:00Z,2677.87,2678.45,2676.94,2677.15,79.5949,2677.51333333,2.72,0.05,0.9,0,TREND_DOWN,NORMAL,NEUTRAL,HEALTHY,ALLOW
2026-09-28T16:12:00Z,2677.15,2677.94,2674.36,2676.05,119.8537,2676.11666667,2.87785714,0.05,0.9,0,TREND_DOWN,NORMAL,NEUTRAL,HEALTHY,ALLOW
2026-09-28T16:13:00Z,2676.04,2676.04,2675.11,2675.18,47.3814,2675.44333333,2.83928571,0.05,0.9,0,TREND_DOWN,NORMAL,NEUTRAL,HEALTHY,ALLOW
2026-09-28T16:14:00Z,2675.18,2675.56,2673.87,2674.21,113.81,2674.54666667,2.73142857,0.05,0.9,0,TREND_DOWN,NORMAL,NEUTRAL,HEALTHY,ALLOW
2026-09-28T16:15:00Z,2674.2,2674.42,2673.03,2673.17,64.0473,2673.54,2.52142857,0.05,0.9,0,TREND_DOWN,NORMAL,NEUTRAL,HEALTHY,ALLOW
2026-09-28T16:16:00Z,2673.17,2679.01,2671.85,2678.72,356.3498,2676.52666667,2.79285714,0.05,0.9,0,TREND_UP,NORMAL,ALIGNED,HEALTHY,ALLOW
2026-09-28T16:17:00Z,2678.78,2685.82,2678.37,2685.69,675.6867,2683.29333333,3.13928571,0.05,0.9,0,TREND_UP,NORMAL,ALIGNED,HEALTHY,ALLOW
2026-09-28T16:18:00Z,2685.69,2687.78,2679.99,2680.06,624.6664,2682.61,3.47714286,0.05,0.9,0,TREND_DOWN,NORMAL,NEUTRAL,HEALTHY,ALLOW
2026-09-28T16:19:00Z,2680.06,2685.52,2679.9,2685.52,180.5873,2683.64666667,3.66857143,0.05,0.9,0,TREND_UP,NORMAL,ALIGNED,HEALTHY,ALLOW
2026-09-28T16:20:00Z,2685.53,2689.46,2683.8,2686.88,741.3225,2686.71333333,3.89214286,0.05,0.9,0,TREND_UP,NORMAL,ALIGNED,HEALTHY,ALLOW
2026-09-28T16:21:00Z,2686.88,2693.0,2686.88,2689.92,1178.0491,2689.93333333,3.99642857,0.05,0.9,0,TREND_UP,NORMAL,ALIGNED,HEALTHY,ALLOW
2026-09-28T16:22:00Z,2689.92,2693.38,2689.42,2690.99,386.0304,2691.26333333,4.07642857,0.05,0.9,0,TREND_UP,NORMAL,ALIGNED,HEALTHY,ALLOW
2026-09-28T16:23:00Z,2690.99,2694.8,2688.19,2694.29,503.3236,2692.42666667,4.385,0.05,0.9,0,TREND_UP,NORMAL,ALIGNED,HEALTHY,ALLOW
2026-09-28T16:24:00Z,2694.28,2696.86,2692.54,2694.43,551.9892,2694.61,4.55714286,0.05,0.9,0,TREND_UP,NORMAL,ALIGNED,HEALTHY,ALLOW
2026-09-28T16:25:00Z,2694.43,2695.03,2692.66,2693.87,214.1654,2693.85333333,4.61857143,0.05,0.9,0,TREND_DOWN,NORMAL,NEUTRAL,HEALTHY,ALLOW
2026-09-28T16:26:00Z,2693.87,2697.72,2693.49,2697.36,1334.912,2696.19,4.665,0.05,0.9,0,TREND_UP,NORMAL,ALIGNED,HEALTHY,ALLOW
2026-09-28T16:27:00Z,2697.36,2698.02,2696.0,2697.65,769.7082,2697.22333333,4.74214286,0.05,0.9,0,TREND_UP,NORMAL,ALIGNED,HEALTHY,ALLOW
2026-09-28T16:28:00Z,2697.65,2697.82,2695.66,2696.87,324.2877,2696.78333333,4.77571429,0.05,0.9,0,TREND_DOWN,NORMAL,NEUTRAL,HEALTHY,ALLOW
2026-09-28T16:29:00Z,2696.88,2698.86,2693.08,2694.62,671.8808,2695.52,5.08928571,0.05,0.9,0,TREND_DOWN,NORMAL,NEUTRAL,HEALTHY,ALLOW
2026-09-28T16:30:00Z,2694.61,2697.87,2694.52,2696.82,277.3268,2696.40333333,4.81714286,0.05,0.9,0,TREND_UP,NORMAL,ALIGNED,HEALTHY,ALLOW
2026-09-28T16:31:00Z,2696.82,2697.72,2694.43,2695.37,142.1343,2695.84,4.52,0.05,0.9,0,TREND_DOWN,NORMAL,NEUTRAL,HEALTHY,ALLOW
2026-09-28T16:32:00Z,2695.37,2696.82,2692.01,2692.28,277.0075,2693.70333333,4.30714286,0.05,0.9,0,TREND_DOWN,NORMAL,NEUTRAL,HEALTHY,ALLOW
2026-09-28T16:33:00Z,2692.29,2693.47,2690.24,2691.74,438.6019,2691.81666667,4.13642857,0.05,0.9,0,TREND_DOWN,NORMAL,NEUTRAL,HEALTHY,ALLOW
2026-09-28T16:34:00Z,2691.74,2692.85,2690.44,2691.0,215.8546,2691.43,3.90428571,0.05,0.9,0,TREND_DOWN,NORMAL,NEUTRAL,HEALTHY,ALLOW
2026-09-28T16:35:00Z,2690.99,2692.98,2690.25,2691.37,241.8833,2691.53333333,3.66214286,0.05,0.9,0,TREND_UP,NORMAL,ALIGNED,HEALTHY,ALLOW
2026-09-28T16:36:00Z,2691.37,2692.67,2691.01,2691.99,234.7061,2691.89,3.49785714,0.05,0.9,0,TREND_UP,NORMAL,ALIGNED,HEALTHY,ALLOW
2026-09-28T16:37:00Z,2691.99,2692.0,2690.24,2690.94,148.6235,2691.06,3.15142857,0.05,0.9,0,TREND_DOWN,NORMAL,NEUTRAL,HEALTHY,ALLOW
2026-09-28T16:38:00Z,2690.95,2690.95,2687.8,2687.98,201.4325,2688.91,3.06785714,0.05,0.9,0,TREND_DOWN,NORMAL,NEUTRAL,HEALTHY,ALLOW
2026-09-28T16:39:00Z,2687.98,2687.99,2686.77,2686.78,69.9254,2687.18,2.98571429,0.05,0.9,0,TREND_DOWN,NORMAL,NEUTRAL,HEALTHY,ALLOW
2026-09-28T16:40:00Z,2686.77,2687.24,2685.92,2686.41,167.3768,2686.52333333,2.77785714,0.05,0.9,0,TREND_DOWN,NORMAL,NEUTRAL,HEALTHY,ALLOW
2026-09-28T16:41:00Z,2686.41,2686.98,2682.94,2682.94,211.8757,2684.28666667,2.92214286,0.05,0.9,0,TREND_DOWN,NORMAL,NEUTRAL,HEALTHY,ALLOW
2026-09-28T16:42:00Z,2682.95,2684.27,2682.07,2682.53,268.6439,2682.95666667,2.925,0.05,0.9,0,TREND_DOWN,NORMAL,NEUTRAL,HEALTHY,ALLOW
2026-09-28T16:43:00Z,2682.52,2683.19,2682.26,2682.87,105.1063,2682.77333333,2.57857143,0.05,0.9,0,TREND_UP,NORMAL,ALIGNED,HEALTHY,ALLOW
2026-09-28T16:44:00Z,2682.87,2684.58,2682.31,2683.89,122.1774,2683.59333333,2.50142857,0.05,0.9,0,TREND_UP,NORMAL,ALIGNED,HEALTHY,ALLOW
2026-09-28T16:45:00Z,2683.9,2685.68,2683.57,2683.79,211.4608,2684.34666667,2.41714286,0.05,0.9,0,TREND_DOWN,NORMAL,NEUTRAL,HEALTHY,ALLOW
2026-09-28T16:46:00Z,2683.78,2685.15,2681.94,2682.83,165.2016,2683.30666667,2.30285714,0.05,0.9,0,TREND_DOWN,NORMAL,NEUTRAL,HEALTHY,ALLOW
2026-09-28T16:47:00Z,2682.83,2683.8,2681.67,2682.99,198.7358,2682.82,2.22428571,0.05,0.9,0,TREND_UP,NORMAL,ALIGNED,HEALTHY,ALLOW
2026-09-28T16:48:00Z,2682.99,2682.99,2681.11,2681.11,123.887,2681.73666667,2.18642857,0.05,0.9,0,TREND_DOWN,NORMAL,NEUTRAL,HEALTHY,ALLOW
2026-09-28T16:49:00Z,2681.11,2681.8,2680.14,2680.22,137.213,2680.72,2.11,0.05,0.9,0,TREND_DOWN,NORMAL,NEUTRAL,HEALTHY,ALLOW
2026-09-28T16:50:00Z,2680.22,2682.07,2679.48,2681.65,301.819,2681.06666667,2.17642857,0.05,0.9,0,TREND_UP,NORMAL,ALIGNED,HEALTHY,ALLOW
2026-09-28T16:51:00Z,2681.65,2682.08,2680.39,2682.08,106.4834,2681.51666667,2.17142857,0.05,0.9,0,TREND_UP,NORMAL,ALIGNED,HEALTHY,ALLOW
2026-09-28T16:52:00Z,2682.08,2684.8,2680.93,2684.29,146.8108,2683.34,2.22285714,0.05,0.9,0,TREND_UP,NORMAL,ALIGNED,HEALTHY,ALLOW
2026-09-28T16:53:00Z,2684.28,2686.03,2683.71,2685.82,199.266,2685.18666667,2.30142857,0.05,0.9,0,TREND_UP,NORMAL,ALIGNED,HEALTHY,ALLOW
2026-09-28T16:54:00Z,2685.82,2687.35,2685.7,2687.24,364.4706,2686.76333333,2.325,0.05,0.9,0,TREND_UP,NORMAL,ALIGNED,HEALTHY,ALLOW
2026-09-28T16:55:00Z,2687.24,2687.55,2686.46,2687.37,105.0209,2687.12666667,2.11428571,0.05,0.9,0,TREND_UP,NORMAL,ALIGNED,HEALTHY,ALLOW
2026-09-28T16:56:00Z,2687.37,2688.12,2686.15,2686.16,151.8345,2686.81,2.09785714,0.05,0.9,0,TREND_DOWN,NORMAL,NEUTRAL,HEALTHY,ALLOW
2026-09-28T16:57:00Z,2686.16,2687.28,2686.09,2686.3,103.6708,2686.55666667,2.11642857,0.05,0.9,0,TREND_UP,NORMAL,ALIGNED,HEALTHY,ALLOW
2026-09-28T16:58:00Z,2686.31,2687.28,2686.31,2686.77,109.4641,2686.78666667,2.02428571,0.05,0.9,0,TREND_UP,NORMAL,ALIGNED,HEALTHY,ALLOW
2026-09-28T16:59:00Z,2686.78,2687.35,2686.53,2687.35,55.9184,2687.07666667,1.93214286,0.05,0.9,0,TREND_UP,NORMAL,ALIGNED,HEALTHY,ALLOW
2026-09-28T17:00:00Z,2687.35,2687.35,2683.11,2683.11,208.8334,2684.52333333,2.00571429,0.05,0.9,0,TREND_DOWN,NORMAL,NEUTRAL,HEALTHY,ALLOW
2026-09-28T17:01:00Z,2683.12,2685.31,2683.12,2683.76,158.845,2684.06333333,2.01071429,0.05,0.9,0,TREND_UP,NORMAL,ALIGNED,HEALTHY,ALLOW
2026-09-28T17:02:00Z,2683.75,2688.12,2683.26,2688.12,407.4081,2686.5,2.22357143,0.05,0.9,0,TREND_UP,NORMAL,ALIGNED,HEALTHY,ALLOW
2026-09-28T17:03:00Z,2688.11,2688.73,2683.28,2685.05,427.4626,2685.68666667,2.49428571,0.05,0.9,0,TREND_DOWN,NORMAL,NEUTRAL,HEALTHY,ALLOW
2026-09-28T17:04:00Z,2685.04,2685.47,2684.07,2684.44,119.8633,2684.66,2.40928571,0.05,0.9,0,TREND_DOWN,NORMAL,NEUTRAL,HEALTHY,ALLOW
2026-09-28T17:05:00Z,2684.45,2684.45,2683.27,2684.11,67.618,2683.94333333,2.37285714,0.05,0.9,0,TREND_DOWN,NORMAL,NEUTRAL,HEALTHY,ALLOW
2026-09-28T17:06:00Z,2684.11,2685.42,2682.07,2685.42,152.881,2684.30333333,2.33571429,0.05,0.9,0,TREND_UP,NORMAL,ALIGNED,HEALTHY,ALLOW
2026-09-28T17:07:00Z,2685.41,2685.41,2683.62,2683.63,101.4402,2684.22,2.29857143,0.05,0.9,0,TREND_DOWN,NORMAL,NEUTRAL,HEALTHY,ALLOW
2026-09-28T17:08:00Z,2683.62,2683.63,2682.28,2682.35,47.599,2682.75333333,2.27714286,0.05,0.9,0,TREND_DOWN,NORMAL,NEUTRAL,HEALTHY,ALLOW
2026-09-28T17:09:00Z,2682.35,2682.98,2682.35,2682.42,76.425,2682.58333333,2.24428571,0.05,0.9,0,TREND_UP,NORMAL,ALIGNED,HEALTHY,ALLOW
2026-09-28T17:10:00Z,2682.41,2682.99,2681.92,2682.43,167.3395,2682.44666667,2.18,0.05,0.9,0,TREND_UP,NORMAL,ALIGNED,HEALTHY,ALLOW
2026-09-28T17:11:00Z,2682.44,2697.8,2682.22,2696.97,1161.7973,2692.33,3.20785714,0.05,0.9,0,TREND_UP,NORMAL,ALIGNED,HEALTHY,ALLOW
2026-09-28T17:12:00Z,2696.98,2702.88,2696.62,2701.63,1858.3325,2700.37666667,3.585,0.05,0.9,0,TREND_UP,NORMAL,ALIGNED,HEALTHY,ALLOW
2026-09-28T17:13:00Z,2701.63,2717.97,2700.4,2715.44,4354.9553,2711.27,4.78142857,0.05,0.9,0,TREND_UP,NORMAL,ALIGNED,HEALTHY,ALLOW
2026-09-28T17:14:00Z,2715.44,2721.42,2712.57,2720.61,2507.4946,2718.2,5.11071429,0.05,0.9,0,TREND_UP,NORMAL,ALIGNED,HEALTHY,ALLOW
2026-09-28T17:15:00Z,2720.62,2720.62,2709.52,2713.72,1054.7934,2714.62,5.74642857,0.05,0.9,0,TREND_DOWN,NORMAL,NEUTRAL,HEALTHY,ALLOW
2026-09-28T17:16:00Z,2713.71,2720.81,2713.4,2718.65,1028.6352,2717.62,5.92857143,0.05,0.9,0,TREND_UP,NORMAL,ALIGNED,HEALTHY,ALLOW
2026-09-28T17:17:00Z,2718.65,2720.65,2714.27,2715.75,989.6953,2716.89,5.995,0.05,0.9,0,TREND_DOWN,NORMAL,NEUTRAL,HEALTHY,ALLOW
2026-09-28T17:18:00Z,2715.74,2716.21,2709.82,2709.82,483.7276,2711.95,6.35142857,0.05,0.9,0,TREND_DOWN,NORMAL,NEUTRAL,HEALTHY,ALLOW
2026-09-28T17:19:00Z,2709.82,2711.07,2708.42,2709.02,414.7347,2709.50333333,6.45642857,0.05,0.9,0,TREND_DOWN,NORMAL,NEUTRAL,HEALTHY,ALLOW
2026-09-28T17:20:00Z,2709.02,2709.47,2706.23,2709.33,475.4339,2708.34333333,6.44857143,0.05,0.9,0,TREND_UP,NORMAL,ALIGNED,HEALTHY,ALLOW
2026-09-28T17:21:00Z,2709.33,2709.33,2706.83,2706.83,397.0437,2707.66333333,6.49857143,0.05,0.9,0,TREND_DOWN,NORMAL,NEUTRAL,HEALTHY,ALLOW
2026-09-28T17:22:00Z,2706.83,2707.65,2706.29,2707.21,218.1906,2707.05,6.49928571,0.05,0.9,0,TREND_UP,NORMAL,ALIGNED,HEALTHY,ALLOW
2026-09-28T17:23:00Z,2707.21,2710.7,2707.05,2708.08,270.0084,2708.61,6.715,0.05,0.9,0,TREND_UP,NORMAL,ALIGNED,HEALTHY,ALLOW
2026-09-28T17:24:00Z,2708.07,2709.34,2707.33,2708.12,272.3138,2708.26333333,6.78214286,0.05,0.9,0,TREND_UP,NORMAL,ALIGNED,HEALTHY,ALLOW
2026-09-28T17:25:00Z,2708.12,2708.12,2706.58,2707.3,80.85,2707.33333333,5.77928571,0.05,0.9,0,TREND_DOWN,NORMAL,NEUTRAL,HEALTHY,ALLOW
2026-09-28T17:26:00Z,2707.3,2707.3,2703.09,2703.09,290.5292,2704.49333333,5.63285714,0.05,0.9,0,TREND_DOWN,NORMAL,NEUTRAL,HEALTHY,ALLOW
2026-09-28T17:27:00Z,2703.09,2703.41,2699.03,2699.88,342.3152,2700.77333333,4.69071429,0.05,0.9,0,TREND_DOWN,NORMAL,NEUTRAL,HEALTHY,ALLOW
2026-09-28T17:28:00Z,2699.89,2701.31,2699.15,2699.94,148.1574,2700.13333333,4.21285714,0.05,0.9,0,TREND_UP,NORMAL,ALIGNED,HEALTHY,ALLOW
2026-09-28T17:29:00Z,2699.94,2701.26,2698.95,2699.29,204.92,2699.83333333,3.585,0.05,0.9,0,TREND_DOWN,NORMAL,NEUTRAL,HEALTHY,ALLOW
2026-09-28T17:30:00Z,2699.3,2704.34,2698.96,2704.1,251.2659,2702.46666667,3.44,0.05,0.9,0,TREND_UP,NORMAL,ALIGNED,HEALTHY,ALLOW
2026-09-28T17:31:00Z,2704.1,2704.11,2701.73,2703.49,149.3581,2703.11,3.15428571,0.05,0.9,0,TREND_DOWN,NORMAL,NEUTRAL,HEALTHY,ALLOW
2026-09-28T17:32:00Z,2703.49,2704.96,2702.0,2704.55,355.4356,2703.83666667,2.90928571,0.05,0.9,0,TREND_UP,NORMAL,ALIGNED,HEALTHY,ALLOW
2026-09-28T17:33:00Z,2704.55,2704.55,2701.5,2701.5,80.7078,2702.51666667,2.93785714,0.05,0.9,0,TREND_DOWN,NORMAL,NEUTRAL,HEALTHY,ALLOW
2026-09-28T17:34:00Z,2701.51,2701.51,2698.14,2698.19,270.405,2699.28,2.94714286,0.05,0.9,0,TREND_DOWN,NORMAL,NEUTRAL,HEALTHY,ALLOW
2026-09-28T17:35:00Z,2698.19,2700.09,2698.11,2700.09,88.0478,2699.43,2.91,0.05,0.9,0,TREND_UP,NORMAL,ALIGNED,HEALTHY,ALLOW
2026-09-28T17:36:00Z,2700.1,2701.24,2699.41,2699.85,234.8925,2700.16666667,2.94357143,0.05,0.9,0,TREND_DOWN,NORMAL,NEUTRAL,HEALTHY,ALLOW
2026-09-28T17:37:00Z,2699.86,2700.46,2695.97,2696.07,170.0892,2697.5,3.00357143,0.05,0.9,0,TREND_DOWN,NORMAL,NEUTRAL,HEALTHY,ALLOW
2026-09-28T17:38:00Z,2696.06,2699.89,2695.5,2699.46,102.9017,2698.28333333,3.17357143,0.05,0.9,0,TREND_UP,NORMAL,ALIGNED,HEALTHY,ALLOW
2026-09-28T17:39:00Z,2699.47,2699.47,2698.41,2698.51,44.3805,2698.79666667,3.13928571,0.05,0.9,0,TREND_DOWN,NORMAL,NEUTRAL,HEALTHY,ALLOW
2026-09-28T17:40:00Z,2698.51,2699.69,2698.04,2698.54,69.0283,2698.75666667,2.95642857,0.05,0.9,0,TREND_UP,NORMAL,ALIGNED,HEALTHY,ALLOW
2026-09-28T17:41:00Z,2698.55,2703.58,2698.55,2703.47,223.0721,2701.86666667,3.00357143,0.05,0.9,0,TREND_UP,NORMAL,ALIGNED,HEALTHY,ALLOW
2026-09-28T17:42:00Z,2703.47,2703.47,2700.09,2702.42,115.9363,2701.99333333,3.09071429,0.05,0.9,0,TREND_DOWN,NORMAL,NEUTRAL,HEALTHY,ALLOW
2026-09-28T17:43:00Z,2702.43,2703.98,2701.88,2702.69,194.1204,2702.85,3.07571429,0.05,0.9,0,TREND_UP,NORMAL,ALIGNED,HEALTHY,ALLOW
2026-09-28T17:44:00Z,2702.69,2702.69,2701.5,2701.66,252.1032,2701.95,2.77642857,0.05,0.9,0,TREND_DOWN,NORMAL,NEUTRAL,HEALTHY,ALLOW
2026-09-28T17:45:00Z,2701.67,2702.7,2700.3,2700.79,131.9985,2701.26333333,2.77785714,0.05,0.9,0,TREND_DOWN,NORMAL,NEUTRAL,HEALTHY,ALLOW
2026-09-28T17:46:00Z,2700.79,2700.8,2699.1,2699.4,52.6815,2699.76666667,2.68785714,0.05,0.9,0,TREND_DOWN,NORMAL,NEUTRAL,HEALTHY,ALLOW
2026-09-28T17:47:00Z,2699.39,2700.03,2698.15,2698.15,73.7314,2698.77666667,2.60428571,0.05,0.9,0,TREND_DOWN,NORMAL,NEUTRAL,HEALTHY,ALLOW
2026-09-28T17:48:00Z,2698.15,2699.29,2697.95,2698.93,93.9517,2698.72333333,2.45928571,0.05,0.9,0,TREND_UP,NORMAL,ALIGNED,HEALTHY,ALLOW
2026-09-28T17:49:00Z,2698.93,2698.93,2696.75,2697.09,142.254,2697.59,2.47357143,0.05,0.9,0,TREND_DOWN,NORMAL,NEUTRAL,HEALTHY,ALLOW
2026-09-28T17:50:00Z,2697.1,2697.1,2695.75,2695.76,67.3751,2696.20333333,2.43928571,0.05,0.9,0,TREND_DOWN,NORMAL,NEUTRAL,HEALTHY,ALLOW
2026-09-28T17:51:00Z,2695.75,2696.03,2694.47,2695.78,167.3522,2695.42666667,2.23,0.05,0.9,0,TREND_UP,NORMAL,ALIGNED,HEALTHY,ALLOW
2026-09-28T17:52:00Z,2695.77,2697.58,2695.77,2697.58,69.8921,2696.97666667,2.04571429,0.05,0.9,0,TREND_UP,NORMAL,ALIGNED,HEALTHY,ALLOW
2026-09-28T17:53:00Z,2697.58,2697.73,2695.21,2695.22,69.9205,2696.05333333,2.15,0.05,0.9,0,TREND_DOWN,NORMAL,NEUTRAL,HEALTHY,ALLOW
2026-09-28T17:54:00Z,2695.21,2695.95,2693.71,2693.71,147.2293,2694.45666667,2.19214286,0.05,0.9,0,TREND_DOWN,NORMAL,NEUTRAL,HEALTHY,ALLOW
2026-09-28T17:55:00Z,2693.71,2695.43,2692.59,2695.41,197.7701,2694.47666667,2.035,0.05,0.9,0,TREND_UP,NORMAL,ALIGNED,HEALTHY,ALLOW
2026-09-28T17:56:00Z,2695.41,2696.31,2695.23,2695.7,84.0402,2695.74666667,1.87071429,0.05,0.9,0,TREND_UP,NORMAL,ALIGNED,HEALTHY,ALLOW
2026-09-28T17:57:00Z,2695.71,2697.53,2695.7,2697.17,133.6461,2696.8,1.85142857,0.05,0.9,0,TREND_UP,NORMAL,ALIGNED,HEALTHY,ALLOW
2026-09-28T17:58:00Z,2697.18,2697.18,2696.37,2696.37,47.8116,2696.64,1.82428571,0.05,0.9,0,TREND_DOWN,NORMAL,NEUTRAL,HEALTHY,ALLOW
2026-09-28T17:59:00Z,2696.37,2696.75,2695.56,2695.71,64.6796,2696.00666667,1.73785714,0.05,0.9,0,TREND_DOWN,NORMAL,NEUTRAL,HEALTHY,ALLOW
2026-09-28T18:00:00Z,2695.71,2695.74,2692.92,2693.09,112.437,2693.91666667,1.81785714,0.05,0.9,0,TREND_DOWN,NORMAL,NEUTRAL,HEALTHY,ALLOW
2026-09-28T18:01:00Z,2693.1,2694.56,2692.33,2694.49,65.265,2693.79333333,1.84285714,0.05,0.9,0,TREND_UP,NORMAL,ALIGNED,HEALTHY,ALLOW
2026-09-28T18:02:00Z,2694.48,2698.42,2694.16,2698.42,175.5032,2697.0,2.05142857,0.05,0.9,0,TREND_UP,NORMAL,ALIGNED,HEALTHY,ALLOW
2026-09-28T18:03:00Z,2698.42,2698.42,2696.37,2696.37,106.3463,2697.05333333,2.04214286,0.05,0.9,0,TREND_DOWN,NORMAL,NEUTRAL,HEALTHY,ALLOW
2026-09-28T18:04:00Z,2696.38,2698.41,2696.37,2697.91,143.5071,2697.56333333,2.09142857,0.05,0.9,0,TREND_UP,NORMAL,ALIGNED,HEALTHY,ALLOW
2026-09-28T18:05:00Z,2697.92,2698.23,2696.86,2697.21,94.623,2697.43333333,2.07785714,0.05,0.9,0,TREND_DOWN,NORMAL,NEUTRAL,HEALTHY,ALLOW
2026-09-28T18:06:00Z,2697.21,2697.72,2695.29,2695.91,55.4977,2696.30666667,2.12214286,0.05,0.9,0,TREND_DOWN,NORMAL,NEUTRAL,HEALTHY,ALLOW
2026-09-28T18:07:00Z,2695.91,2695.91,2694.38,2694.79,111.8634,2695.02666667,2.05142857,0.05,0.9,0,TREND_DOWN,NORMAL,NEUTRAL,HEALTHY,ALLOW
2026-09-28T18:08:00Z,2694.79,2696.65,2694.41,2696.54,50.0263,2695.86666667,2.05142857,0.05,0.9,0,TREND_UP,NORMAL,ALIGNED,HEALTHY,ALLOW
2026-09-28T18:09:00Z,2696.54,2696.54,2694.91,2695.46,80.8543,2695.63666667,1.965,0.05,0.9,0,TREND_DOWN,NORMAL,NEUTRAL,HEALTHY,ALLOW
2026-09-28T18:10:00Z,2695.45,2697.34,2695.28,2695.93,71.5791,2696.18333333,2.035,0.05,0.9,0,TREND_UP,NORMAL,ALIGNED,HEALTHY,ALLOW
2026-09-28T18:11:00Z,2695.94,2697.37,2695.72,2697.37,82.5873,2696.82,2.02214286,0.05,0.9,0,TREND_UP,NORMAL,ALIGNED,HEALTHY,ALLOW
2026-09-28T18:12:00Z,2697.37,2698.38,2697.15,2697.15,149.7646,2697.56,2.05214286,0.05,0.9,0,TREND_DOWN,NORMAL,NEUTRAL,HEALTHY,ALLOW
2026-09-28T18:13:00Z,2697.16,2698.37,2697.16,2698.37,73.4731,2697.96666667,2.05428571,0.05,0.9,0,TREND_UP,NORMAL,ALIGNED,HEALTHY,ALLOW
2026-09-28T18:14:00Z,2698.37,2698.8,2698.32,2698.66,96.5572,2698.59333333,1.88714286,0.05,0.9,0,TREND_UP,NORMAL,ALIGNED,HEALTHY,ALLOW
2026-09-28T18:15:00Z,2698.66,2699.57,2697.35,2697.35,88.5936,2698.09,1.88642857,0.05,0.9,0,TREND_DOWN,NORMAL,NEUTRAL,HEALTHY,ALLOW
2026-09-28T18:16:00Z,2697.35,2698.64,2696.86,2698.64,87.0933,2698.04666667,1.70928571,0.05,0.9,0,TREND_UP,NORMAL,ALIGNED,HEALTHY,ALLOW
2026-09-28T18:17:00Z,2698.64,2699.0,2695.63,2695.63,47.1509,2696.75333333,1.80357143,0.05,0.9,0,TREND_DOWN,NORMAL,NEUTRAL,HEALTHY,ALLOW
2026-09-28T18:18:00Z,2695.63,2696.62,2695.3,2695.98,82.2566,2695.96666667,1.75214286,0.05,0.9,0,TREND_UP,NORMAL,ALIGNED,HEALTHY,ALLOW
2026-09-28T18:19:00Z,2695.97,2695.97,2694.52,2695.28,41.7592,2695.25666667,1.75857143,0.05,0.9,0,TREND_DOWN,NORMAL,NEUTRAL,HEALTHY,ALLOW
2026-09-28T18:20:00Z,2695.29,2695.95,2694.37,2694.78,48.1988,2695.03333333,1.69785714,0.05,0.9,0,TREND_DOWN,NORMAL,NEUTRAL,HEALTHY,ALLOW
2026-09-28T18:21:00Z,2694.79,2695.57,2694.59,2694.8,59.7285,2694.98666667,1.65857143,0.05,0.9,0,TREND_UP,NORMAL,ALIGNED,HEALTHY,ALLOW
2026-09-28T18:22:00Z,2694.79,2697.85,2694.79,2697.68,54.1199,2696.77333333,1.71714286,0.05,0.9,0,TREND_UP,NORMAL,ALIGNED,HEALTHY,ALLOW
2026-09-28T18:23:00Z,2697.68,2697.98,2695.43,2695.43,52.5112,2696.28,1.78285714,0.05,0.9,0,TREND_DOWN,NORMAL,NEUTRAL,HEALTHY,ALLOW
2026-09-28T18:24:00Z,2695.44,2697.03,2694.88,2696.42,66.1855,2696.11,1.78928571,0.05,0.9,0,TREND_UP,NORMAL,ALIGNED,HEALTHY,ALLOW
2026-09-28T18:25:00Z,2696.41,2698.14,2695.54,2696.01,59.6805,2696.56333333,1.85714286,0.05,0.9,0,TREND_DOWN,NORMAL,NEUTRAL,HEALTHY,ALLOW
2026-09-28T18:26:00Z,2696.0,2696.79,2695.24,2696.79,35.5129,2696.27333333,1.88,0.05,0.9,0,TREND_UP,NORMAL,ALIGNED,HEALTHY,ALLOW
2026-09-28T18:27:00Z,2696.8,2698.0,2696.8,2697.73,65.7229,2697.51,1.87928571,0.05,0.9,0,TREND_UP,NORMAL,ALIGNED,HEALTHY,ALLOW
2026-09-28T18:28:00Z,2697.72,2697.72,2695.26,2695.73,63.9627,2696.23666667,2.02142857,0.05,0.9,0,TREND_DOWN,NORMAL,NEUTRAL,HEALTHY,ALLOW
2026-09-28T18:29:00Z,2695.73,2695.99,2695.56,2695.56,28.1344,2695.70333333,1.89357143,0.05,0.9,0,TREND_DOWN,NORMAL,NEUTRAL,HEALTHY,ALLOW
2026-09-28T18:30:00Z,2695.55,2696.09,2692.95,2695.26,148.4677,2694.76666667,1.99071429,0.05,0.9,0,TREND_DOWN,NORMAL,NEUTRAL,HEALTHY,ALLOW
2026-09-28T18:31:00Z,2695.26,2695.26,2691.68,2692.71,260.4883,2693.21666667,2.00571429,0.05,0.9,0,TREND_DOWN,NORMAL,NEUTRAL,HEALTHY,ALLOW
2026-09-28T18:32:00Z,2692.71,2692.71,2688.5,2688.68,327.0178,2689.96333333,2.21214286,0.05,0.9,0,TREND_DOWN,NORMAL,NEUTRAL,HEALTHY,ALLOW
2026-09-28T18:33:00Z,2688.69,2690.42,2688.26,2688.8,172.5456,2689.16,2.26214286,0.05,0.9,0,TREND_UP,NORMAL,ALIGNED,HEALTHY,ALLOW
2026-09-28T18:34:00Z,2688.8,2691.71,2688.62,2691.67,112.0593,2690.66666667,2.37,0.05,0.9,0,TREND_UP,NORMAL,ALIGNED,HEALTHY,ALLOW
2026-09-28T18:35:00Z,2691.66,2691.66,2690.24,2691.37,111.661,2691.09,2.40214286,0.05,0.9,0,TREND_DOWN,NORMAL,NEUTRAL,HEALTHY,ALLOW
2026-09-28T18:36:00Z,2691.37,2691.45,2690.24,2691.44,60.9009,2691.04333333,2.27,0.05,0.9,0,TREND_UP,NORMAL,ALIGNED,HEALTHY,ALLOW
2026-09-28T18:37:00Z,2691.45,2692.23,2690.61,2690.96,98.2324,2691.26666667,2.20357143,0.05,0.9,0,TREND_DOWN,NORMAL,NEUTRAL,HEALTHY,ALLOW
2026-09-28T18:38:00Z,2690.95,2691.78,2689.94,2689.99,95.9094,2690.57,2.18142857,0.05,0.9,0,TREND_DOWN,NORMAL,NEUTRAL,HEALTHY,ALLOW
2026-09-28T18:39:00Z,2689.98,2689.98,2687.83,2688.82,148.6009,2688.87666667,2.15,0.05,0.9,0,TREND_DOWN,NORMAL,NEUTRAL,HEALTHY,ALLOW
2026-09-28T18:40:00Z,2688.83,2689.15,2687.54,2688.58,219.2846,2688.42333333,2.15428571,0.05,0.9,0,TREND_DOWN,NORMAL,NEUTRAL,HEALTHY,ALLOW
2026-09-28T18:41:00Z,2688.58,2689.42,2687.88,2689.42,84.8949,2688.90666667,2.17785714,0.05,0.9,0,TREND_UP,NORMAL,ALIGNED,HEALTHY,ALLOW
2026-09-28T18:42:00Z,2689.42,2690.25,2688.0,2688.22,180.8157,2688.82333333,2.16214286,0.05,0.9,0,TREND_DOWN,NORMAL,NEUTRAL,HEALTHY,ALLOW
2026-09-28T18:43:00Z,2688.23,2688.94,2687.69,2688.94,89.0221,2688.52333333,2.22071429,0.05,0.9,0,TREND_UP,NORMAL,ALIGNED,HEALTHY,ALLOW
2026-09-28T18:44:00Z,2688.94,2690.34,2688.93,2690.34,69.4618,2689.87,2.09714286,0.05,0.9,0,TREND_UP,NORMAL,ALIGNED,HEALTHY,ALLOW
2026-09-28T18:45:00Z,2690.34,2690.34,2688.8,2688.95,121.3823,2689.36333333,1.95142857,0.05,0.9,0,TREND_DOWN,NORMAL,NEUTRAL,HEALTHY,ALLOW
2026-09-28T18:46:00Z,2688.97,2690.01,2688.97,2689.71,63.3381,2689.56333333,1.72642857,0.05,0.9,0,TREND_UP,NORMAL,ALIGNED,HEALTHY,ALLOW
2026-09-28T18:47:00Z,2689.7,2692.1,2688.51,2692.1,90.7934,2690.90333333,1.82857143,0.05,0.9,0,TREND_UP,NORMAL,ALIGNED,HEALTHY,ALLOW
2026-09-28T18:48:00Z,2692.1,2695.11,2690.98,2693.2,206.8884,2693.09666667,1.90285714,0.05,0.9,0,TREND_UP,NORMAL,ALIGNED,HEALTHY,ALLOW
2026-09-28T18:49:00Z,2693.19,2693.2,2692.28,2692.64,81.2639,2692.70666667,1.86642857,0.05,0.9,0,TREND_DOWN,NORMAL,NEUTRAL,HEALTHY,ALLOW
2026-09-28T18:50:00Z,2692.65,2693.89,2692.28,2692.29,62.1251,2692.82,1.895,0.05,0.9,0,TREND_DOWN,NORMAL,NEUTRAL,HEALTHY,ALLOW
2026-09-28T18:51:00Z,2692.28,2693.65,2692.28,2693.64,60.0304,2693.19,1.87714286,0.05,0.9,0,TREND_UP,NORMAL,ALIGNED,HEALTHY,ALLOW
2026-09-28T18:52:00Z,2693.65,2696.01,2693.64,2696.0,151.6207,2695.21666667,1.915,0.05,0.9,0,TREND_UP,NORMAL,ALIGNED,HEALTHY,ALLOW
2026-09-28T18:53:00Z,2696.0,2699.04,2695.94,2697.84,255.3128,2697.60666667,1.98214286,0.05,0.9,0,TREND_UP,NORMAL,ALIGNED,HEALTHY,ALLOW
2026-09-28T18:54:00Z,2697.85,2698.28,2696.39,2698.27,100.3484,2697.64666667,2.00214286,0.05,0.9,0,TREND_UP,NORMAL,ALIGNED,HEALTHY,ALLOW
2026-09-28T18:55:00Z,2698.27,2698.53,2696.73,2697.77,109.8553,2697.67666667,2.02071429,0.05,0.9,0,TREND_DOWN,NORMAL,NEUTRAL,HEALTHY,ALLOW
2026-09-28T18:56:00Z,2697.77,2699.75,2697.76,2698.46,97.87,2698.65666667,2.00214286,0.05,0.9,0,TREND_UP,NORMAL,ALIGNED,HEALTHY,ALLOW
2026-09-28T18:57:00Z,2698.46,2699.55,2698.46,2698.9,98.5223,2698.97,1.99071429,0.05,0.9,0,TREND_UP,NORMAL,ALIGNED,HEALTHY,ALLOW
2026-09-28T18:58:00Z,2698.91,2699.64,2698.91,2699.64,70.1841,2699.39666667,1.94285714,0.05,0.9,0,TREND_UP,NORMAL,ALIGNED,HEALTHY,ALLOW
2026-09-28T18:59:00Z,2699.63,2699.78,2699.22,2699.67,47.0154,2699.55666667,1.87285714,0.05,0.9,0,TREND_UP,NORMAL,ALIGNED,HEALTHY,ALLOW
2026-09-28T19:00:00Z,2699.68,2700.31,2697.59,2697.66,102.0081,2698.52,1.99142857,0.05,0.9,0,TREND_DOWN,NORMAL,NEUTRAL,HEALTHY,ALLOW
2026-09-28T19:01:00Z,2697.67,2697.8,2693.65,2695.0,174.6329,2695.48333333,2.03142857,0.05,0.9,0,TREND_DOWN,NORMAL,NEUTRAL,HEALTHY,ALLOW
2026-09-28T19:02:00Z,2694.99,2694.99,2692.29,2692.93,190.8797,2693.40333333,1.93,0.05,0.9,0,TREND_DOWN,NORMAL,NEUTRAL,HEALTHY,ALLOW
2026-09-28T19:03:00Z,2692.92,2693.76,2692.28,2692.29,123.1114,2692.77666667,1.97,0.05,0.9,0,TREND_DOWN,NORMAL,NEUTRAL,HEALTHY,ALLOW
2026-09-28T19:04:00Z,2692.28,2692.29,2690.73,2691.2,87.3669,2691.40666667,1.96642857,0.05,0.9,0,TREND_DOWN,NORMAL,NEUTRAL,HEALTHY,ALLOW
2026-09-28T19:05:00Z,2691.2,2691.2,2689.63,2690.99,109.0804,2690.60666667,1.98071429,0.05,0.9,0,TREND_DOWN,NORMAL,NEUTRAL,HEALTHY,ALLOW
2026-09-28T19:06:00Z,2690.99,2691.0,2687.96,2687.96,143.7334,2688.97333333,2.02857143,0.05,0.9,0,TREND_DOWN,NORMAL,NEUTRAL,HEALTHY,ALLOW
2026-09-28T19:07:00Z,2687.96,2689.0,2687.1,2687.35,143.1785,2687.81666667,1.94285714,0.05,0.9,0,TREND_DOWN,NORMAL,NEUTRAL,HEALTHY,ALLOW
2026-09-28T19:08:00Z,2687.36,2688.0,2686.51,2687.22,150.6403,2687.24333333,1.91428571,0.05,0.9,0,TREND_DOWN,NORMAL,NEUTRAL,HEALTHY,ALLOW
2026-09-28T19:09:00Z,2687.21,2687.21,2684.09,2685.16,139.5689,2685.48666667,2.00928571,0.05,0.9,0,TREND_DOWN,NORMAL,NEUTRAL,HEALTHY,ALLOW
2026-09-28T19:10:00Z,2685.17,2685.2,2683.58,2684.59,282.8816,2684.45666667,1.98285714,0.05,0.9,0,TREND_DOWN,NORMAL,NEUTRAL,HEALTHY,ALLOW
2026-09-28T19:11:00Z,2684.58,2685.05,2683.72,2683.98,197.8809,2684.25,2.0,0.05,0.9,0,TREND_DOWN,NORMAL,NEUTRAL,HEALTHY,ALLOW
2026-09-28T19:12:00Z,2683.98,2686.08,2683.98,2686.01,86.468,2685.35666667,2.09714286,0.05,0.9,0,TREND_UP,NORMAL,ALIGNED,HEALTHY,ALLOW
2026-09-28T19:13:00Z,2686.0,2687.66,2686.0,2687.46,57.0767,2687.04,2.17571429,0.05,0.9,0,TREND_UP,NORMAL,ALIGNED,HEALTHY,ALLOW
2026-09-28T19:14:00Z,2687.46,2687.46,2686.29,2686.29,82.0205,2686.68,2.065,0.05,0.9,0,TREND_DOWN,NORMAL,NEUTRAL,HEALTHY,ALLOW
2026-09-28T19:15:00Z,2686.28,2686.28,2683.83,2685.82,152.324,2685.31,1.94428571,0.05,0.9,0,TREND_DOWN,NORMAL,NEUTRAL,HEALTHY,ALLOW
2026-09-28T19:16:00Z,2685.83,2686.92,2684.11,2684.11,59.6105,2685.04666667,1.95142857,0.05,0.9,0,TREND_DOWN,NORMAL,NEUTRAL,HEALTHY,ALLOW
2026-09-28T19:17:00Z,2684.12,2686.19,2683.67,2684.77,122.3351,2684.87666667,2.02571429,0.05,0.9,0,TREND_UP,NORMAL,ALIGNED,HEALTHY,ALLOW
2026-09-28T19:18:00Z,2684.77,2685.14,2683.33,2685.14,170.2209,2684.53666667,2.04357143,0.05,0.9,0,TREND_UP,NORMAL,ALIGNED,HEALTHY,ALLOW
2026-09-28T19:19:00Z,2685.14,2685.4,2683.58,2685.4,61.8825,2684.79333333,2.06142857,0.05,0.9,0,TREND_UP,NORMAL,ALIGNED,HEALTHY,ALLOW
2026-09-28T19:20:00Z,2685.4,2685.4,2683.58,2683.58,54.3806,2684.18666667,1.97428571,0.05,0.9,0,TREND_DOWN,NORMAL,NEUTRAL,HEALTHY,ALLOW
2026-09-28T19:21:00Z,2683.58,2685.29,2683.05,2684.11,76.8366,2684.15,1.99857143,0.05,0.9,0,TREND_UP,NORMAL,ALIGNED,HEALTHY,ALLOW
2026-09-28T19:22:00Z,2684.11,2684.19,2682.64,2683.32,66.7412,2683.38333333,2.00285714,0.05,0.9,0,TREND_DOWN,NORMAL,NEUTRAL,HEALTHY,ALLOW
2026-09-28T19:23:00Z,2683.33,2683.41,2682.66,2682.7,66.0866,2682.92333333,1.83285714,0.05,0.9,0,TREND_DOWN,NORMAL,NEUTRAL,HEALTHY,ALLOW
2026-09-28T19:24:00Z,2682.7,2682.71,2682.21,2682.7,84.7615,2682.54,1.75285714,0.05,0.9,0,TREND_UP,NORMAL,ALIGNED,HEALTHY,ALLOW
2026-09-28T19:25:00Z,2682.71,2683.03,2682.22,2682.61,51.8456,2682.62,1.71571429,0.05,0.9,0,TREND_DOWN,NORMAL,NEUTRAL,HEALTHY,ALLOW
2026-09-28T19:26:00Z,2682.61,2683.98,2682.5,2682.89,69.6011,2683.12333333,1.67142857,0.05,0.9,0,TREND_UP,NORMAL,ALIGNED,HEALTHY,ALLOW
2026-09-28T19:27:00Z,2682.9,2683.5,2682.54,2682.54,42.0439,2682.86,1.62142857,0.05,0.9,0,TREND_DOWN,NORMAL,NEUTRAL,HEALTHY,ALLOW
2026-09-28T19:28:00Z,2682.54,2683.21,2682.45,2683.03,66.8992,2682.89666667,1.59214286,0.05,0.9,0,TREND_UP,NORMAL,ALIGNED,HEALTHY,ALLOW
2026-09-28T19:29:00Z,2683.02,2683.02,2681.02,2681.73,135.4869,2681.92333333,1.56,0.05,0.9,0,TREND_DOWN,NORMAL,NEUTRAL,HEALTHY,ALLOW
2026-09-28T19:30:00Z,2681.73,2681.96,2680.4,2680.8,104.4302,2681.05333333,1.47071429,0.05,0.9,0,TREND_DOWN,NORMAL,NEUTRAL,HEALTHY,ALLOW
2026-09-28T19:31:00Z,2680.81,2682.23,2679.98,2681.14,151.6467,2681.11666667,1.45142857,0.05,0.9,0,TREND_UP,NORMAL,ALIGNED,HEALTHY,ALLOW
2026-09-28T19:32:00Z,2681.14,2682.12,2678.52,2679.62,128.9195,2680.08666667,1.57928571,0.05,0.9,0,TREND_DOWN,NORMAL,NEUTRAL,HEALTHY,ALLOW
2026-09-28T19:33:00Z,2679.63,2680.34,2675.42,2675.58,291.9686,2677.11333333,1.80071429,0.05,0.9,0,TREND_DOWN,NORMAL,NEUTRAL,HEALTHY,ALLOW
2026-09-28T19:34:00Z,2675.59,2676.75,2674.54,2675.94,249.1291,2675.74333333,1.82857143,0.05,0.9,0,TREND_UP,NORMAL,ALIGNED,HEALTHY,ALLOW
2026-09-28T19:35:00Z,2675.94,2675.94,2674.02,2674.16,139.1158,2674.70666667,1.80571429,0.05,0.9,0,TREND_DOWN,NORMAL,NEUTRAL,HEALTHY,ALLOW
2026-09-28T19:36:00Z,2674.17,2674.2,2673.0,2673.79,175.4749,2673.66333333,1.78071429,0.05,0.9,0,TREND_DOWN,NORMAL,NEUTRAL,HEALTHY,ALLOW
2026-09-28T19:37:00Z,2673.78,2673.78,2669.01,2669.11,538.9614,2670.63333333,2.06857143,0.05,0.9,0,TREND_DOWN,NORMAL,NEUTRAL,HEALTHY,ALLOW
2026-09-28T19:38:00Z,2669.11,2670.4,2667.5,2667.76,488.0379,2668.55333333,2.24,0.05,0.9,0,TREND_DOWN,NORMAL,NEUTRAL,HEALTHY,ALLOW
2026-09-28T19:39:00Z,2667.76,2669.82,2666.42,2668.32,425.1778,2668.18666667,2.425,0.05,0.9,0,TREND_UP,NORMAL,ALIGNED,HEALTHY,ALLOW
2026-09-28T19:40:00Z,2668.31,2668.31,2665.0,2665.03,522.4616,2666.11333333,2.55642857,0.05,0.9,0,TREND_DOWN,NORMAL,NEUTRAL,HEALTHY,ALLOW
2026-09-28T19:41:00Z,2665.02,2670.31,2665.0,2670.31,372.4025,2668.54,2.86714286,0.05,0.9,0,TREND_UP,NORMAL,ALIGNED,HEALTHY,ALLOW
2026-09-28T19:42:00Z,2670.31,2671.22,2668.98,2671.11,227.5456,2670.43666667,2.97285714,0.05,0.9,0,TREND_UP,NORMAL,ALIGNED,HEALTHY,ALLOW
2026-09-28T19:43:00Z,2671.1,2673.55,2671.04,2671.23,330.1228,2671.94,3.00857143,0.05,0.9,0,TREND_UP,NORMAL,ALIGNED,HEALTHY,ALLOW
2026-09-28T19:44:00Z,2671.23,2673.22,2670.72,2672.74,97.2089,2672.22666667,3.07571429,0.05,0.9,0,TREND_UP,NORMAL,ALIGNED,HEALTHY,ALLOW
2026-09-28T19:45:00Z,2672.75,2674.88,2672.31,2674.88,177.0397,2674.02333333,3.09857143,0.05,0.9,0,TREND_UP,NORMAL,ALIGNED,HEALTHY,ALLOW
2026-09-28T19:46:00Z,2674.88,2674.89,2673.0,2673.0,150.6265,2673.63,2.97642857,0.05,0.9,0,TREND_DOWN,NORMAL,NEUTRAL,HEALTHY,ALLOW
2026-09-28T19:47:00Z,2673.0,2673.54,2671.53,2671.53,88.0878,2672.2,2.76857143,0.05,0.9,0,TREND_DOWN,NORMAL,NEUTRAL,HEALTHY,ALLOW
2026-09-28T19:48:00Z,2671.53,2671.82,2670.39,2670.39,88.8973,2670.86666667,2.71285714,0.05,0.9,0,TREND_DOWN,NORMAL,NEUTRAL,HEALTHY,ALLOW
2026-09-28T19:49:00Z,2670.39,2671.18,2670.0,2670.94,132.9233,2670.70666667,2.66,0.05,0.9,0,TREND_UP,NORMAL,ALIGNED,HEALTHY,ALLOW
2026-09-28T19:50:00Z,2670.94,2671.85,2670.3,2671.77,155.5784,2671.30666667,2.685,0.05,0.9,0,TREND_UP,NORMAL,ALIGNED,HEALTHY,ALLOW
2026-09-28T19:51:00Z,2671.77,2674.57,2671.31,2674.56,102.1999,2673.48,2.57642857,0.05,0.9,0,TREND_UP,NORMAL,ALIGNED,HEALTHY,ALLOW
2026-09-28T19:52:00Z,2674.56,2676.01,2674.39,2676.0,111.9265,2675.46666667,2.485,0.05,0.9,0,TREND_UP,NORMAL,ALIGNED,HEALTHY,ALLOW
2026-09-28T19:53:00Z,2676.0,2676.82,2676.0,2676.01,342.7484,2676.27666667,2.30071429,0.05,0.9,0,TREND_UP,NORMAL,ALIGNED,HEALTHY,ALLOW
2026-09-28T19:54:00Z,2676.01,2676.61,2675.01,2675.01,401.5986,2675.54333333,2.17785714,0.05,0.9,0,TREND_DOWN,NORMAL,NEUTRAL,HEALTHY,ALLOW
2026-09-28T19:55:00Z,2675.0,2676.3,2674.0,2674.12,141.7406,2674.80666667,1.96285714,0.05,0.9,0,TREND_DOWN,NORMAL,NEUTRAL,HEALTHY,ALLOW
2026-09-28T19:56:00Z,2674.11,2674.45,2673.89,2674.21,40.7438,2674.18333333,1.84285714,0.05,0.9,0,TREND_UP,NORMAL,ALIGNED,HEALTHY,ALLOW
2026-09-28T19:57:00Z,2674.21,2674.77,2673.89,2674.44,129.9857,2674.36666667,1.72642857,0.05,0.9,0,TREND_UP,NORMAL,ALIGNED,HEALTHY,ALLOW
2026-09-28T19:58:00Z,2674.44,2675.45,2674.44,2675.44,48.245,2675.11,1.62,0.05,0.9,0,TREND_UP,NORMAL,ALIGNED,HEALTHY,ALLOW
2026-09-28T19:59:00Z,2675.44,2675.44,2673.44,2673.5,202.9019,2674.12666667,1.57928571,0.05,0.9,0,TREND_DOWN,NORMAL,NEUTRAL,HEALTHY,ALLOW
2026-09-28T20:00:00Z,2673.49,2676.21,2673.45,2674.66,119.7591,2674.77333333,1.64142857,0.05,0.9,0,TREND_UP,NORMAL,ALIGNED,HEALTHY,ALLOW
2026-09-28T20:01:00Z,2674.65,2674.66,2671.67,2672.01,216.277,2672.78,1.71142857,0.05,0.9,0,TREND_DOWN,NORMAL,NEUTRAL,HEALTHY,ALLOW
2026-09-28T20:02:00Z,2672.01,2674.39,2670.96,2674.39,103.0653,2673.24666667,1.85428571,0.05,0.9,0,TREND_UP,NORMAL,ALIGNED,HEALTHY,ALLOW
2026-09-28T20:03:00Z,2674.39,2677.23,2674.39,2676.32,149.6535,2675.98,1.97285714,0.05,0.9,0,TREND_UP,NORMAL,ALIGNED,HEALTHY,ALLOW
2026-09-28T20:04:00Z,2676.32,2680.16,2675.94,2679.39,301.6659,2678.49666667,2.16357143,0.05,0.9,0,TREND_UP,NORMAL,ALIGNED,HEALTHY,ALLOW
2026-09-28T20:05:00Z,2679.39,2681.69,2679.04,2680.87,194.214,2680.53333333,2.12,0.05,0.9,0,TREND_UP,NORMAL,ALIGNED,HEALTHY,ALLOW
2026-09-28T20:06:00Z,2680.86,2683.09,2680.02,2683.09,121.7417,2682.06666667,2.22357143,0.05,0.9,0,TREND_UP,NORMAL,ALIGNED,HEALTHY,ALLOW
2026-09-28T20:07:00Z,2683.09,2684.64,2683.08,2684.63,183.5615,2684.11666667,2.27642857,0.05,0.9,0,TREND_UP,NORMAL,ALIGNED,HEALTHY,ALLOW
2026-09-28T20:08:00Z,2684.63,2685.71,2684.11,2685.49,195.376,2685.10333333,2.27642857,0.05,0.9,0,TREND_UP,NORMAL,ALIGNED,HEALTHY,ALLOW
2026-09-28T20:09:00Z,2685.49,2685.49,2684.3,2685.24,106.7428,2685.01,2.19714286,0.05,0.9,0,TREND_DOWN,NORMAL,NEUTRAL,HEALTHY,ALLOW
2026-09-28T20:10:00Z,2685.25,2685.71,2684.63,2685.58,117.4636,2685.30666667,2.23428571,0.05,0.9,0,TREND_UP,NORMAL,ALIGNED,HEALTHY,ALLOW
2026-09-28T20:11:00Z,2685.57,2686.4,2685.12,2685.85,119.8139,2685.79,2.26285714,0.05,0.9,0,TREND_UP,NORMAL,ALIGNED,HEALTHY,ALLOW
2026-09-28T20:12:00Z,2685.85,2685.85,2683.05,2684.16,123.592,2684.35333333,2.39071429,0.05,0.9,0,TREND_DOWN,NORMAL,NEUTRAL,HEALTHY,ALLOW
2026-09-28T20:13:00Z,2684.22,2685.81,2684.21,2685.69,48.3397,2685.23666667,2.36571429,0.05,0.9,0,TREND_UP,NORMAL,ALIGNED,HEALTHY,ALLOW
2026-09-28T20:14:00Z,2685.7,2685.92,2685.43,2685.47,49.4292,2685.60666667,2.20357143,0.05,0.9,0,TREND_DOWN,NORMAL,NEUTRAL,HEALTHY,ALLOW
2026-09-28T20:15:00Z,2685.46,2685.46,2683.85,2683.85,51.1327,2684.38666667,2.10571429,0.05,0.9,0,TREND_DOWN,NORMAL,NEUTRAL,HEALTHY,ALLOW
2026-09-28T20:16:00Z,2683.84,2683.84,2681.31,2681.31,112.7613,2682.15333333,2.04214286,0.05,0.9,0,TREND_DOWN,NORMAL,NEUTRAL,HEALTHY,ALLOW
2026-09-28T20:17:00Z,2681.32,2682.03,2680.35,2680.36,61.4708,2680.91333333,1.95928571,0.05,0.9,0,TREND_DOWN,NORMAL,NEUTRAL,HEALTHY,ALLOW
2026-09-28T20:18:00Z,2680.36,2681.68,2680.35,2681.49,72.0452,2681.17333333,1.75285714,0.05,0.9,0,TREND_UP,NORMAL,ALIGNED,HEALTHY,ALLOW
2026-09-28T20:19:00Z,2681.49,2682.9,2681.48,2682.89,159.1077,2682.42333333,1.665,0.05,0.9,0,TREND_UP,NORMAL,ALIGNED,HEALTHY,ALLOW
2026-09-28T20:20:00Z,2682.89,2683.27,2682.29,2682.3,32.8646,2682.62,1.51571429,0.05,0.9,0,TREND_DOWN,NORMAL,NEUTRAL,HEALTHY,ALLOW
2026-09-28T20:21:00Z,2682.3,2682.82,2682.28,2682.82,48.8847,2682.64,1.44285714,0.05,0.9,0,TREND_UP,NORMAL,ALIGNED,HEALTHY,ALLOW
2026-09-28T20:22:00Z,2682.82,2682.82,2682.41,2682.59,66.4531,2682.60666667,1.35785714,0.05,0.9,0,TREND_DOWN,NORMAL,NEUTRAL,HEALTHY,ALLOW
2026-09-28T20:23:00Z,2682.59,2682.8,2680.14,2680.14,72.5546,2681.02666667,1.46285714,0.05,0.9,0,TREND_DOWN,NORMAL,NEUTRAL,HEALTHY,ALLOW
2026-09-28T20:24:00Z,2680.14,2683.48,2679.86,2683.47,80.4008,2682.27,1.64428571,0.05,0.9,0,TREND_UP,NORMAL,ALIGNED,HEALTHY,ALLOW
2026-09-28T20:25:00Z,2683.47,2683.48,2682.41,2682.42,66.8041,2682.77,1.62928571,0.05,0.9,0,TREND_DOWN,NORMAL,NEUTRAL,HEALTHY,ALLOW
2026-09-28T20:26:00Z,2682.41,2682.41,2681.7,2681.85,28.2891,2681.98666667,1.48071429,0.05,0.9,0,TREND_DOWN,NORMAL,NEUTRAL,HEALTHY,ALLOW
2026-09-28T20:27:00Z,2681.86,2681.86,2680.52,2680.85,66.1311,2681.07666667,1.45857143,0.05,0.9,0,TREND_DOWN,NORMAL,NEUTRAL,HEALTHY,ALLOW
2026-09-28T20:28:00Z,2680.85,2681.2,2680.55,2681.19,36.5193,2680.98,1.47,0.05,0.9,0,TREND_UP,NORMAL,ALIGNED,HEALTHY,ALLOW
2026-09-28T20:29:00Z,2681.2,2682.26,2680.31,2680.36,53.7453,2680.97666667,1.49357143,0.05,0.9,0,TREND_DOWN,NORMAL,NEUTRAL,HEALTHY,ALLOW
2026-09-28T20:30:00Z,2680.35,2680.36,2679.34,2679.34,60.5365,2679.68,1.385,0.05,0.9,0,TREND_DOWN,NORMAL,NEUTRAL,HEALTHY,ALLOW
2026-09-28T20:31:00Z,2679.34,2680.08,2678.84,2679.82,59.8566,2679.58,1.35357143,0.05,0.9,0,TREND_UP,NORMAL,ALIGNED,HEALTHY,ALLOW
2026-09-28T20:32:00Z,2679.82,2680.36,2679.54,2680.31,62.1621,2680.07,1.31714286,0.05,0.9,0,TREND_UP,NORMAL,ALIGNED,HEALTHY,ALLOW
2026-09-28T20:33:00Z,2680.31,2682.47,2680.21,2682.23,79.8519,2681.63666667,1.37714286,0.05,0.9,0,TREND_UP,NORMAL,ALIGNED,HEALTHY,ALLOW
2026-09-28T20:34:00Z,2682.23,2682.31,2681.65,2682.3,64.0241,2682.08666667,1.35428571,0.05,0.9,0,TREND_UP,NORMAL,ALIGNED,HEALTHY,ALLOW
2026-09-28T20:35:00Z,2682.31,2682.86,2682.31,2682.85,22.1194,2682.67333333,1.35571429,0.05,0.9,0,TREND_UP,NORMAL,ALIGNED,HEALTHY,ALLOW
2026-09-28T20:36:00Z,2682.85,2682.85,2681.2,2681.21,61.1785,2681.75333333,1.44428571,0.05,0.9,0,TREND_DOWN,NORMAL,NEUTRAL,HEALTHY,ALLOW
2026-09-28T20:37:00Z,2681.21,2681.21,2680.41,2680.78,33.7958,2680.8,1.31142857,0.05,0.9,0,TREND_DOWN,NORMAL,NEUTRAL,HEALTHY,ALLOW
2026-09-28T20:38:00Z,2680.77,2681.51,2680.77,2681.5,18.668,2681.26,1.10571429,0.05,0.9,0,TREND_UP,NORMAL,ALIGNED,HEALTHY,ALLOW
2026-09-28T20:39:00Z,2681.5,2682.89,2681.02,2682.42,99.0122,2682.11,1.16285714,0.05,0.9,0,TREND_UP,NORMAL,ALIGNED,HEALTHY,ALLOW
2026-09-28T20:40:00Z,2682.42,2682.76,2681.94,2682.17,72.1478,2682.29,1.17,0.05,0.9,0,TREND_DOWN,NORMAL,NEUTRAL,HEALTHY,ALLOW
2026-09-28T20:41:00Z,2682.16,2683.43,2682.16,2683.43,39.3752,2683.00666667,1.165,0.05,0.9,0,TREND_UP,NORMAL,ALIGNED,HEALTHY,ALLOW
2026-09-28T20:42:00Z,2683.42,2684.0,2682.5,2682.51,107.6277,2683.00333333,1.22571429,0.05,0.9,0,TREND_DOWN,NORMAL,NEUTRAL,HEALTHY,ALLOW
2026-09-28T20:43:00Z,2682.5,2682.5,2680.02,2680.86,215.56,2681.12666667,1.26428571,0.05,0.9,0,TREND_DOWN,NORMAL,NEUTRAL,HEALTHY,ALLOW
2026-09-28T20:44:00Z,2680.86,2680.86,2680.39,2680.39,22.6858,2680.54666667,1.225,0.05,0.9,0,TREND_DOWN,NORMAL,NEUTRAL,HEALTHY,ALLOW
2026-09-28T20:45:00Z,2680.39,2680.39,2680.02,2680.02,18.3283,2680.14333333,1.16285714,0.05,0.9,0,TREND_DOWN,NORMAL,NEUTRAL,HEALTHY,ALLOW
2026-09-28T20:46:00Z,2680.02,2681.73,2680.02,2681.72,53.1289,2681.15666667,1.22642857,0.05,0.9,0,TREND_UP,NORMAL,ALIGNED,HEALTHY,ALLOW
2026-09-28T20:47:00Z,2681.73,2682.76,2681.3,2681.3,39.1511,2681.78666667,1.16928571,0.05,0.9,0,TREND_DOWN,NORMAL,NEUTRAL,HEALTHY,ALLOW
2026-09-28T20:48:00Z,2681.3,2681.42,2680.59,2681.18,38.1283,2681.06333333,1.18142857,0.05,0.9,0,TREND_DOWN,NORMAL,NEUTRAL,HEALTHY,ALLOW
2026-09-28T20:49:00Z,2681.18,2681.19,2680.33,2681.0,84.3379,2680.84,1.20285714,0.05,0.9,0,TREND_DOWN,NORMAL,NEUTRAL,HEALTHY,ALLOW
2026-09-28T20:50:00Z,2681.01,2681.01,2679.58,2679.58,43.2516,2680.05666667,1.18714286,0.05,0.9,0,TREND_DOWN,NORMAL,NEUTRAL,HEALTHY,ALLOW
2026-09-28T20:51:00Z,2679.58,2680.14,2679.3,2679.95,80.0208,2679.79666667,1.19,0.05,0.9,0,TREND_UP,NORMAL,ALIGNED,HEALTHY,ALLOW
2026-09-28T20:52:00Z,2679.95,2679.95,2678.39,2678.99,79.217,2679.11,1.24857143,0.05,0.9,0,TREND_DOWN,NORMAL,NEUTRAL,HEALTHY,ALLOW
2026-09-28T20:53:00Z,2678.99,2679.52,2678.99,2679.51,31.6554,2679.34,1.15285714,0.05,0.9,0,TREND_UP,NORMAL,ALIGNED,HEALTHY,ALLOW
2026-09-28T20:54:00Z,2679.51,2680.95,2679.5,2680.9,43.6035,2680.45,1.19785714,0.05,0.9,0,TREND_UP,NORMAL,ALIGNED,HEALTHY,ALLOW
2026-09-28T20:55:00Z,2680.87,2682.08,2680.87,2682.07,38.0007,2681.67333333,1.19357143,0.05,0.9,0,TREND_UP,NORMAL,ALIGNED,HEALTHY,ALLOW
2026-09-28T20:56:00Z,2682.07,2682.35,2682.07,2682.12,13.4867,2682.18,1.10642857,0.05,0.9,0,TREND_UP,NORMAL,ALIGNED,HEALTHY,ALLOW
2026-09-28T20:57:00Z,2682.11,2683.55,2682.11,2682.99,77.6648,2682.88333333,1.03142857,0.05,0.9,0,TREND_UP,NORMAL,ALIGNED,HEALTHY,ALLOW
2026-09-28T20:58:00Z,2682.99,2683.05,2682.3,2682.83,45.3949,2682.72666667,1.05142857,0.05,0.9,0,TREND_DOWN,NORMAL,NEUTRAL,HEALTHY,ALLOW
2026-09-28T20:59:00Z,2682.83,2683.2,2682.82,2682.9,54.6622,2682.97333333,1.05214286,0.05,0.9,0,TREND_UP,NORMAL,ALIGNED,HEALTHY,ALLOW
2026-09-28T21:00:00Z,2682.9,2686.61,2682.9,2686.6,193.6281,2685.37,1.195,0.05,0.9,0,TREND_UP,NORMAL,ALIGNED,HEALTHY,ALLOW
2026-09-28T21:01:00Z,2686.61,2687.84,2686.61,2687.19,203.518,2687.21333333,1.17928571,0.05,0.9,0,TREND_UP,NORMAL,ALIGNED,HEALTHY,ALLOW
2026-09-28T21:02:00Z,2687.22,2688.2,2686.9,2687.84,193.3663,2687.64666667,1.21285714,0.05,0.9,0,TREND_UP,NORMAL,ALIGNED,HEALTHY,ALLOW
2026-09-28T21:03:00Z,2687.84,2688.56,2687.56,2687.76,79.1498,2687.96,1.22285714,0.05,0.9,0,TREND_DOWN,NORMAL,NEUTRAL,HEALTHY,ALLOW
2026-09-28T21:04:00Z,2687.77,2689.74,2687.76,2689.3,227.3202,2688.93333333,1.26214286,0.05,0.9,0,TREND_UP,NORMAL,ALIGNED,HEALTHY,ALLOW
2026-09-28T21:05:00Z,2689.31,2690.0,2688.6,2688.6,89.1628,2689.06666667,1.30214286,0.05,0.9,0,TREND_DOWN,NORMAL,NEUTRAL,HEALTHY,ALLOW
2026-09-28T21:06:00Z,2688.6,2689.53,2688.0,2688.89,77.3635,2688.80666667,1.3,0.05,0.9,0,TREND_UP,NORMAL,ALIGNED,HEALTHY,ALLOW
2026-09-28T21:07:00Z,2688.88,2688.88,2684.22,2684.23,302.6452,2685.77666667,1.59571429,0.05,0.9,0,TREND_DOWN,NORMAL,NEUTRAL,HEALTHY,ALLOW
2026-09-28T21:08:00Z,2684.23,2688.13,2684.23,2687.61,120.637,2686.65666667,1.77071429,0.05,0.9,0,TREND_UP,NORMAL,ALIGNED,HEALTHY,ALLOW
2026-09-28T21:09:00Z,2687.61,2688.0,2687.14,2687.71,55.9836,2687.61666667,1.74571429,0.05,0.9,0,TREND_UP,NORMAL,ALIGNED,HEALTHY,ALLOW
2026-09-28T21:10:00Z,2687.71,2688.18,2686.74,2686.86,60.3389,2687.26,1.82857143,0.05,0.9,0,TREND_DOWN,NORMAL,NEUTRAL,HEALTHY,ALLOW
2026-09-28T21:11:00Z,2686.86,2687.64,2686.68,2687.63,82.4687,2687.31666667,1.79428571,0.05,0.9,0,TREND_UP,NORMAL,ALIGNED,HEALTHY,ALLOW
2026-09-28T21:12:00Z,2687.63,2687.99,2687.33,2687.43,56.5193,2687.58333333,1.78785714,0.05,0.9,0,TREND_DOWN,NORMAL,NEUTRAL,HEALTHY,ALLOW
2026-09-28T21:13:00Z,2687.42,2687.42,2686.67,2686.74,39.5552,2686.94333333,1.815,0.05,0.9,0,TREND_DOWN,NORMAL,NEUTRAL,HEALTHY,ALLOW
2026-09-28T21:14:00Z,2686.73,2686.97,2686.16,2686.16,39.778,2686.43,1.60785714,0.05,0.9,0,TREND_DOWN,NORMAL,NEUTRAL,HEALTHY,ALLOW
2026-09-28T21:15:00Z,2686.17,2686.61,2685.29,2685.29,72.4916,2685.73,1.61357143,0.05,0.9,0,TREND_DOWN,NORMAL,NEUTRAL,HEALTHY,ALLOW
2026-09-28T21:16:00Z,2685.29,2685.91,2685.15,2685.27,39.3917,2685.44333333,1.575,0.05,0.9,0,TREND_DOWN,NORMAL,NEUTRAL,HEALTHY,ALLOW
2026-09-28T21:17:00Z,2685.27,2685.27,2684.08,2684.09,25.2216,2684.48,1.58857143,0.05,0.9,0,TREND_DOWN,NORMAL,NEUTRAL,HEALTHY,ALLOW
2026-09-28T21:18:00Z,2684.08,2684.09,2682.94,2683.09,88.4474,2683.37333333,1.52928571,0.05,0.9,0,TREND_DOWN,NORMAL,NEUTRAL,HEALTHY,ALLOW
2026-09-28T21:19:00Z,2683.09,2684.75,2683.09,2684.75,37.3195,2684.19666667,1.54785714,0.05,0.9,0,TREND_UP,NORMAL,ALIGNED,HEALTHY,ALLOW
2026-09-28T21:20:00Z,2684.75,2684.75,2683.43,2683.43,41.9246,2683.87,1.53285714,0.05,0.9,0,TREND_DOWN,NORMAL,NEUTRAL,HEALTHY,ALLOW
2026-09-28T21:21:00Z,2683.43,2683.48,2682.07,2682.07,240.3809,2682.54,1.3,0.05,0.9,0,TREND_DOWN,NORMAL,NEUTRAL,HEALTHY,ALLOW
2026-09-28T21:22:00Z,2682.07,2682.24,2681.99,2682.0,63.4803,2682.07666667,1.03928571,0.05,0.9,0,TREND_DOWN,NORMAL,NEUTRAL,HEALTHY,ALLOW
2026-09-28T21:23:00Z,2682.0,2682.0,2681.2,2681.2,97.8914,2681.46666667,1.035,0.05,0.9,0,TREND_DOWN,NORMAL,NEUTRAL,HEALTHY,ALLOW
2026-09-28T21:24:00Z,2681.2,2682.0,2681.2,2681.99,41.1833,2681.73,0.98928571,0.05,0.9,0,TREND_UP,NORMAL,ALIGNED,HEALTHY,ALLOW
2026-09-28T21:25:00Z,2682.0,2682.46,2681.37,2682.46,141.5897,2682.09666667,0.99857143,0.05,0.9,0,TREND_UP,NORMAL,ALIGNED,HEALTHY,ALLOW
2026-09-28T21:26:00Z,2682.45,2682.45,2680.88,2681.24,53.7813,2681.52333333,1.06428571,0.05,0.9,0,TREND_DOWN,NORMAL,NEUTRAL,HEALTHY,ALLOW
2026-09-28T21:27:00Z,2681.23,2681.23,2680.4,2680.47,33.8325,2680.7,1.07,0.05,0.9,0,TREND_DOWN,NORMAL,NEUTRAL,HEALTHY,ALLOW
2026-09-28T21:28:00Z,2680.48,2681.27,2680.47,2681.05,84.7559,2680.93,1.06928571,0.05,0.9,0,TREND_UP,NORMAL,ALIGNED,HEALTHY,ALLOW
2026-09-28T21:29:00Z,2681.06,2681.39,2681.05,2681.39,25.1504,2681.27666667,0.99928571,0.05,0.9,0,TREND_UP,NORMAL,ALIGNED,HEALTHY,ALLOW
2026-09-28T21:30:00Z,2681.38,2682.44,2681.38,2682.44,25.415,2682.08666667,1.02071429,0.05,0.9,0,TREND_UP,NORMAL,ALIGNED,HEALTHY,ALLOW
2026-09-28T21:31:00Z,2682.43,2682.44,2679.82,2679.83,80.3966,2680.69666667,1.12285714,0.05,0.9,0,TREND_DOWN,NORMAL,NEUTRAL,HEALTHY,ALLOW
2026-09-28T21:32:00Z,2679.82,2679.83,2678.56,2678.57,217.483,2678.98666667,1.13142857,0.05,0.9,0,TREND_DOWN,NORMAL,NEUTRAL,HEALTHY,ALLOW
2026-09-28T21:33:00Z,2678.56,2680.31,2678.56,2680.18,65.3055,2679.68333333,1.13785714,0.05,0.9,0,TREND_UP,NORMAL,ALIGNED,HEALTHY,ALLOW
2026-09-28T21:34:00Z,2680.19,2682.01,2680.18,2682.0,243.3944,2681.39666667,1.17428571,0.05,0.9,0,TREND_UP,NORMAL,ALIGNED,HEALTHY,ALLOW
2026-09-28T21:35:00Z,2682.01,2682.29,2681.64,2681.87,45.8708,2681.93333333,1.12,0.05,0.9,0,TREND_DOWN,NORMAL,NEUTRAL,HEALTHY,ALLOW
2026-09-28T21:36:00Z,2681.86,2682.81,2681.86,2682.5,40.7589,2682.39,1.17,0.05,0.9,0,TREND_UP,NORMAL,ALIGNED,HEALTHY,ALLOW
2026-09-28T21:37:00Z,2682.5,2682.81,2681.71,2682.3,64.8481,2682.27333333,1.19142857,0.05,0.9,0,TREND_DOWN,NORMAL,NEUTRAL,HEALTHY,ALLOW
2026-09-28T21:38:00Z,2682.29,2682.29,2679.48,2679.8,63.4883,2680.52333333,1.33571429,0.05,0.9,0,TREND_DOWN,NORMAL,NEUTRAL,HEALTHY,ALLOW
2026-09-28T21:39:00Z,2679.81,2680.32,2679.54,2680.31,144.5115,2680.05666667,1.31357143,0.05,0.9,0,TREND_UP,NORMAL,ALIGNED,HEALTHY,ALLOW
2026-09-28T21:40:00Z,2680.31,2680.69,2679.22,2680.68,146.3155,2680.19666667,1.30571429,0.05,0.9,0,TREND_UP,NORMAL,ALIGNED,HEALTHY,ALLOW
2026-09-28T21:41:00Z,2680.68,2680.69,2679.6,2680.69,84.5159,2680.32666667,1.32357143,0.05,0.9,0,TREND_UP,NORMAL,ALIGNED,HEALTHY,ALLOW
2026-09-28T21:42:00Z,2680.68,2680.83,2680.68,2680.82,4.7476,2680.77666667,1.27714286,0.05,0.9,0,TREND_UP,NORMAL,ALIGNED,HEALTHY,ALLOW
2026-09-28T21:43:00Z,2680.82,2681.1,2680.12,2680.59,79.1749,2680.60333333,1.32285714,0.05,0.9,0,TREND_DOWN,NORMAL,NEUTRAL,HEALTHY,ALLOW
2026-09-28T21:44:00Z,2680.58,2681.07,2680.4,2680.93,114.3016,2680.8,1.295,0.05,0.9,0,TREND_UP,NORMAL,ALIGNED,HEALTHY,ALLOW
2026-09-28T21:45:00Z,2680.92,2680.92,2680.54,2680.55,12.8729,2680.67,1.13571429,0.05,0.9,0,TREND_DOWN,NORMAL,NEUTRAL,HEALTHY,ALLOW
2026-09-28T21:46:00Z,2680.55,2680.56,2678.56,2678.56,82.931,2679.22666667,1.18785714,0.05,0.9,0,TREND_DOWN,NORMAL,NEUTRAL,HEALTHY,ALLOW
2026-09-28T21:47:00Z,2678.56,2678.69,2677.67,2678.69,189.9014,2678.35,1.13571429,0.05,0.9,0,TREND_UP,NORMAL,ALIGNED,HEALTHY,ALLOW
2026-09-28T21:48:00Z,2678.68,2678.68,2678.12,2678.12,35.7728,2678.30666667,1.04571429,0.05,0.9,0,TREND_DOWN,NORMAL,NEUTRAL,HEALTHY,ALLOW
2026-09-28T21:49:00Z,2678.12,2678.8,2678.12,2678.64,55.0035,2678.52,1.04785714,0.05,0.9,0,TREND_UP,NORMAL,ALIGNED,HEALTHY,ALLOW
2026-09-28T21:50:00Z,2678.63,2678.93,2677.69,2677.69,79.9588,2678.10333333,1.06857143,0.05,0.9,0,TREND_DOWN,NORMAL,NEUTRAL,HEALTHY,ALLOW
2026-09-28T21:51:00Z,2677.69,2677.77,2677.22,2677.68,153.2695,2677.55666667,1.02928571,0.05,0.9,0,TREND_DOWN,NORMAL,NEUTRAL,HEALTHY,ALLOW
2026-09-28T21:52:00Z,2677.68,2678.68,2677.68,2678.67,15.4388,2678.34333333,0.89928571,0.05,0.9,0,TREND_UP,NORMAL,ALIGNED,HEALTHY,ALLOW
2026-09-28T21:53:00Z,2678.67,2678.68,2676.91,2676.91,96.7823,2677.5,0.97,0.05,0.9,0,TREND_DOWN,NORMAL,NEUTRAL,HEALTHY,ALLOW
2026-09-28T21:54:00Z,2676.91,2676.91,2675.0,2675.46,192.6488,2675.79,1.00142857,0.05,0.9,0,TREND_DOWN,NORMAL,NEUTRAL,HEALTHY,ALLOW
2026-09-28T21:55:00Z,2675.47,2675.84,2674.48,2674.49,74.5672,2674.93666667,1.02071429,0.05,0.9,0,TREND_DOWN,NORMAL,NEUTRAL,HEALTHY,ALLOW
2026-09-28T21:56:00Z,2674.49,2674.98,2674.49,2674.98,51.4588,2674.81666667,1.045,0.05,0.9,0,TREND_UP,NORMAL,ALIGNED,HEALTHY,ALLOW
2026-09-28T21:57:00Z,2674.98,2675.33,2674.97,2674.97,41.5808,2675.09,1.00071429,0.05,0.9,0,TREND_DOWN,NORMAL,NEUTRAL,HEALTHY,ALLOW
2026-09-28T21:58:00Z,2674.97,2675.68,2674.32,2675.68,427.0118,2675.22666667,1.05,0.05,0.9,0,TREND_UP,NORMAL,ALIGNED,HEALTHY,ALLOW
2026-09-28T21:59:00Z,2675.67,2675.68,2674.36,2674.36,68.6446,2674.8,1.11642857,0.05,0.9,0,TREND_DOWN,NORMAL,NEUTRAL,HEALTHY,ALLOW
2026-09-28T22:00:00Z,2674.37,2674.76,2672.03,2672.03,92.9721,2672.94,1.16857143,0.05,0.9,0,TREND_DOWN,NORMAL,NEUTRAL,HEALTHY,ALLOW
2026-09-28T22:01:00Z,2672.03,2672.27,2671.42,2671.54,126.576,2671.74333333,1.15642857,0.05,0.9,0,TREND_DOWN,NORMAL,NEUTRAL,HEALTHY,ALLOW
2026-09-28T22:02:00Z,2671.55,2673.22,2669.19,2673.22,374.3594,2671.87666667,1.40357143,0.05,0.9,0,TREND_UP,NORMAL,ALIGNED,HEALTHY,ALLOW
2026-09-28T22:03:00Z,2673.23,2675.27,2672.51,2672.71,158.8093,2673.49666667,1.55214286,0.05,0.9,0,TREND_DOWN,NORMAL,NEUTRAL,HEALTHY,ALLOW
2026-09-28T22:04:00Z,2672.71,2673.9,2671.54,2672.2,147.5914,2672.54666667,1.63214286,0.05,0.9,0,TREND_DOWN,NORMAL,NEUTRAL,HEALTHY,ALLOW
2026-09-28T22:05:00Z,2672.2,2672.2,2669.37,2669.37,67.4477,2670.31333333,1.795,0.05,0.9,0,TREND_DOWN,NORMAL,NEUTRAL,HEALTHY,ALLOW
2026-09-28T22:06:00Z,2669.37,2669.67,2667.86,2669.13,382.6431,2668.88666667,1.85285714,0.05,0.9,0,TREND_DOWN,NORMAL,NEUTRAL,HEALTHY,ALLOW
2026-09-28T22:07:00Z,2669.13,2669.9,2669.11,2669.26,77.6061,2669.42333333,1.78285714,0.05,0.9,0,TREND_UP,NORMAL,ALIGNED,HEALTHY,ALLOW
2026-09-28T22:08:00Z,2669.25,2673.79,2669.25,2673.7,215.3804,2672.24666667,1.97071429,0.05,0.9,0,TREND_UP,NORMAL,ALIGNED,HEALTHY,ALLOW
2026-09-28T22:09:00Z,2673.7,2673.7,2671.05,2671.98,97.1503,2672.24333333,2.06285714,0.05,0.9,0,TREND_DOWN,NORMAL,NEUTRAL,HEALTHY,ALLOW
2026-09-28T22:10:00Z,2671.98,2672.72,2671.1,2671.85,63.8422,2671.89,2.14357143,0.05,0.9,0,TREND_DOWN,NORMAL,NEUTRAL,HEALTHY,ALLOW
2026-09-28T22:11:00Z,2671.86,2671.86,2670.87,2671.39,82.4996,2671.37333333,2.18857143,0.05,0.9,0,TREND_DOWN,NORMAL,NEUTRAL,HEALTHY,ALLOW
2026-09-28T22:12:00Z,2671.39,2672.13,2671.39,2672.12,10.8727,2671.88,2.14428571,0.05,0.9,0,TREND_UP,NORMAL,ALIGNED,HEALTHY,ALLOW
2026-09-28T22:13:00Z,2672.12,2672.68,2672.12,2672.6,24.7559,2672.46666667,2.09,0.05,0.9,0,TREND_UP,NORMAL,ALIGNED,HEALTHY,ALLOW
2026-09-28T22:14:00Z,2672.61,2672.69,2671.78,2671.79,44.4539,2672.08666667,1.96,0.05,0.9,0,TREND_DOWN,NORMAL,NEUTRAL,HEALTHY,ALLOW
2026-09-28T22:15:00Z,2671.78,2671.78,2670.83,2670.83,39.2534,2671.14666667,1.96785714,0.05,0.9,0,TREND_DOWN,NORMAL,NEUTRAL,HEALTHY,ALLOW
2026-09-28T22:16:00Z,2670.83,2671.7,2670.83,2671.69,55.9535,2671.40666667,1.74214286,0.05,0.9,0,TREND_UP,NORMAL,ALIGNED,HEALTHY,ALLOW
2026-09-28T22:17:00Z,2671.7,2674.76,2671.69,2674.38,113.2523,2673.61,1.76428571,0.05,0.9,0,TREND_UP,NORMAL,ALIGNED,HEALTHY,ALLOW
2026-09-28T22:18:00Z,2674.38,2675.14,2674.38,2674.56,62.2444,2674.69333333,1.65,0.05,0.9,0,TREND_UP,NORMAL,ALIGNED,HEALTHY,ALLOW
2026-09-28T22:19:00Z,2674.55,2674.9,2674.17,2674.78,51.3802,2674.61666667,1.5,0.05,0.9,0,TREND_UP,NORMAL,ALIGNED,HEALTHY,ALLOW
2026-09-28T22:20:00Z,2674.77,2674.77,2672.6,2674.09,70.0234,2673.82,1.52642857,0.05,0.9,0,TREND_DOWN,NORMAL,NEUTRAL,HEALTHY,ALLOW
2026-09-28T22:21:00Z,2674.09,2674.67,2674.09,2674.67,18.5964,2674.47666667,1.51142857,0.05,0.9,0,TREND_UP,NORMAL,ALIGNED,HEALTHY,ALLOW
2026-09-28T22:22:00Z,2674.66,2674.67,2673.51,2673.52,40.6949,2673.9,1.27,0.05,0.9,0,TREND_DOWN,NORMAL,NEUTRAL,HEALTHY,ALLOW
2026-09-28T22:23:00Z,2673.52,2673.54,2673.01,2673.54,43.4426,2673.36333333,1.11857143,0.05,0.9,0,TREND_UP,NORMAL,ALIGNED,HEALTHY,ALLOW
2026-09-28T22:24:00Z,2673.54,2673.94,2672.8,2673.39,85.0395,2673.37666667,1.08428571,0.05,0.9,0,TREND_DOWN,NORMAL,NEUTRAL,HEALTHY,ALLOW
2026-09-28T22:25:00Z,2673.39,2673.79,2672.8,2673.79,18.5161,2673.46,1.08428571,0.05,0.9,0,TREND_UP,NORMAL,ALIGNED,HEALTHY,ALLOW
2026-09-28T22:26:00Z,2673.79,2675.27,2673.78,2675.13,42.4395,2674.72666667,1.13785714,0.05,0.9,0,TREND_UP,NORMAL,ALIGNED,HEALTHY,ALLOW
2026-09-28T22:27:00Z,2675.12,2675.74,2675.12,2675.73,25.2428,2675.53,1.14214286,0.05,0.9,0,TREND_UP,NORMAL,ALIGNED,HEALTHY,ALLOW
2026-09-28T22:28:00Z,2675.73,2675.74,2675.38,2675.39,88.6398,2675.50333333,1.10285714,0.05,0.9,0,TREND_DOWN,NORMAL,NEUTRAL,HEALTHY,ALLOW
2026-09-28T22:29:00Z,2675.39,2675.39,2674.78,2675.12,38.3268,2675.09666667,1.07785714,0.05,0.9,0,TREND_DOWN,NORMAL,NEUTRAL,HEALTHY,ALLOW
2026-09-28T22:30:00Z,2675.11,2676.09,2675.11,2676.08,65.045,2675.76,1.08571429,0.05,0.9,0,TREND_UP,NORMAL,ALIGNED,HEALTHY,ALLOW
2026-09-28T22:31:00Z,2676.09,2676.09,2675.14,2675.26,131.2189,2675.49666667,0.93428571,0.05,0.9,0,TREND_DOWN,NORMAL,NEUTRAL,HEALTHY,ALLOW
2026-09-28T22:32:00Z,2675.26,2677.23,2675.25,2677.22,95.8655,2676.56666667,1.02142857,0.05,0.9,0,TREND_UP,NORMAL,ALIGNED,HEALTHY,ALLOW
2026-09-28T22:33:00Z,2677.23,2677.73,2677.22,2677.72,80.2163,2677.55666667,1.00571429,0.05,0.9,0,TREND_UP,NORMAL,ALIGNED,HEALTHY,ALLOW
2026-09-28T22:34:00Z,2677.73,2677.76,2676.4,2677.13,78.7931,2677.09666667,0.94714286,0.05,0.9,0,TREND_DOWN,NORMAL,NEUTRAL,HEALTHY,ALLOW
2026-09-28T22:35:00Z,2677.14,2679.32,2677.14,2679.31,67.9658,2678.59,1.06214286,0.05,0.9,0,TREND_UP,NORMAL,ALIGNED,HEALTHY,ALLOW
2026-09-28T22:36:00Z,2679.32,2681.83,2679.31,2681.83,156.838,2680.99,1.15928571,0.05,0.9,0,TREND_UP,NORMAL,ALIGNED,HEALTHY,ALLOW
2026-09-28T22:37:00Z,2681.83,2683.76,2681.82,2683.76,118.5467,2683.11333333,1.26,0.05,0.9,0,TREND_UP,NORMAL,ALIGNED,HEALTHY,ALLOW
2026-09-28T22:38:00Z,2683.75,2684.64,2683.74,2684.49,105.0595,2684.29,1.24285714,0.05,0.9,0,TREND_UP,NORMAL,ALIGNED,HEALTHY,ALLOW
2026-09-28T22:39:00Z,2684.48,2684.83,2683.95,2683.96,88.6579,2684.24666667,1.235,0.05,0.9,0,TREND_DOWN,NORMAL,NEUTRAL,HEALTHY,ALLOW
2026-09-28T22:40:00Z,2683.95,2685.14,2683.95,2685.14,45.8766,2684.74333333,1.21357143,0.05,0.9,0,TREND_UP,NORMAL,ALIGNED,HEALTHY,ALLOW
2026-09-28T22:41:00Z,2685.14,2685.14,2684.81,2684.87,58.7295,2684.94,1.19285714,0.05,0.9,0,TREND_DOWN,NORMAL,NEUTRAL,HEALTHY,ALLOW
2026-09-28T22:42:00Z,2684.87,2684.87,2684.6,2684.61,22.8205,2684.69333333,1.18642857,0.05,0.9,0,TREND_DOWN,NORMAL,NEUTRAL,HEALTHY,ALLOW
2026-09-28T22:43:00Z,2684.61,2685.14,2684.6,2684.71,33.7097,2684.81666667,1.18142857,0.05,0.9,0,TREND_UP,NORMAL,ALIGNED,HEALTHY,ALLOW
2026-09-28T22:44:00Z,2684.7,2684.89,2684.65,2684.85,71.8556,2684.79666667,1.12857143,0.05,0.9,0,TREND_UP,NORMAL,ALIGNED,HEALTHY,ALLOW
2026-09-28T22:45:00Z,2684.86,2685.71,2684.85,2685.57,123.1363,2685.37666667,1.12214286,0.05,0.9,0,TREND_UP,NORMAL,ALIGNED,HEALTHY,ALLOW
2026-09-28T22:46:00Z,2685.56,2685.79,2685.56,2685.78,11.356,2685.71,0.99714286,0.05,0.9,0,TREND_UP,NORMAL,ALIGNED,HEALTHY,ALLOW
2026-09-28T22:47:00Z,2685.78,2685.78,2684.54,2684.63,25.1775,2684.98333333,1.04928571,0.05,0.9,0,TREND_DOWN,NORMAL,NEUTRAL,HEALTHY,ALLOW
2026-09-28T22:48:00Z,2684.63,2685.3,2684.63,2685.3,30.2333,2685.07666667,1.0,0.05,0.9,0,TREND_UP,NORMAL,ALIGNED,HEALTHY,ALLOW
2026-09-28T22:49:00Z,2685.3,2686.0,2685.3,2685.67,115.826,2685.65666667,0.89357143,0.05,0.9,0,TREND_UP,NORMAL,ALIGNED,HEALTHY,ALLOW
2026-09-28T22:50:00Z,2685.67,2685.68,2685.36,2685.68,17.4144,2685.57333333,0.73642857,0.05,0.9,0,TREND_UP,NORMAL,ALIGNED,HEALTHY,ALLOW
2026-09-28T22:51:00Z,2685.68,2686.3,2685.68,2686.3,60.2258,2686.09333333,0.64214286,0.05,0.9,0,TREND_UP,NORMAL,ALIGNED,HEALTHY,ALLOW
2026-09-28T22:52:00Z,2686.31,2686.88,2686.31,2686.53,37.0662,2686.57333333,0.61928571,0.05,0.9,0,TREND_UP,NORMAL,ALIGNED,HEALTHY,ALLOW
2026-09-28T22:53:00Z,2686.52,2686.53,2686.15,2686.15,21.041,2686.27666667,0.58357143,0.05,0.9,0,TREND_DOWN,NORMAL,NEUTRAL,HEALTHY,ALLOW
2026-09-28T22:54:00Z,2686.16,2686.16,2686.06,2686.11,7.9536,2686.11,0.50571429,0.05,0.9,0,TREND_DOWN,NORMAL,NEUTRAL,HEALTHY,ALLOW
2026-09-28T22:55:00Z,2686.11,2687.15,2686.11,2686.56,46.1174,2686.60666667,0.55642857,0.05,0.9,0,TREND_UP,NORMAL,ALIGNED,HEALTHY,ALLOW
2026-09-28T22:56:00Z,2686.56,2687.15,2686.15,2687.14,45.6243,2686.81333333,0.60857143,0.05,0.9,0,TREND_UP,NORMAL,ALIGNED,HEALTHY,ALLOW
2026-09-28T22:57:00Z,2687.14,2687.74,2686.69,2687.74,93.4387,2687.39,0.645,0.05,0.9,0,TREND_UP,NORMAL,ALIGNED,HEALTHY,ALLOW
2026-09-28T22:58:00Z,2687.75,2687.75,2686.92,2687.23,34.4789,2687.3,0.68714286,0.05,0.9,0,TREND_DOWN,NORMAL,NEUTRAL,HEALTHY,ALLOW
2026-09-28T22:59:00Z,2687.22,2687.62,2687.22,2687.62,96.7431,2687.48666667,0.65428571,0.05,0.9,0,TREND_UP,NORMAL,ALIGNED,HEALTHY,ALLOW
2026-09-28T23:00:00Z,2687.62,2687.79,2687.59,2687.78,48.9441,2687.72,0.65214286,0.05,0.9,0,TREND_UP,NORMAL,ALIGNED,HEALTHY,ALLOW
2026-09-28T23:01:00Z,2687.79,2688.53,2687.79,2688.53,96.072,2688.28333333,0.61714286,0.05,0.9,0,TREND_UP,NORMAL,ALIGNED,HEALTHY,ALLOW
2026-09-28T23:02:00Z,2688.53,2691.54,2688.52,2691.54,244.6649,2690.53333333,0.785,0.05,0.9,0,TREND_UP,NORMAL,ALIGNED,HEALTHY,ALLOW
2026-09-28T23:03:00Z,2691.54,2692.39,2691.53,2692.38,122.0969,2692.1,0.79642857,0.05,0.9,0,TREND_UP,NORMAL,ALIGNED,HEALTHY,ALLOW
2026-09-28T23:04:00Z,2692.39,2694.41,2692.38,2693.14,469.2602,2693.31,0.91857143,0.05,0.9,0,TREND_UP,NORMAL,ALIGNED,HEALTHY,ALLOW
2026-09-28T23:05:00Z,2693.14,2693.14,2690.98,2690.99,210.3392,2691.70333333,1.02857143,0.05,0.9,0,TREND_DOWN,NORMAL,NEUTRAL,HEALTHY,ALLOW
2026-09-28T23:06:00Z,2690.99,2691.0,2689.15,2690.24,156.066,2690.13,1.11928571,0.05,0.9,0,TREND_DOWN,NORMAL,NEUTRAL,HEALTHY,ALLOW
2026-09-28T23:07:00Z,2690.24,2691.2,2689.27,2691.2,77.8232,2690.55666667,1.23,0.05,0.9,0,TREND_UP,NORMAL,ALIGNED,HEALTHY,ALLOW
2026-09-28T23:08:00Z,2691.21,2691.52,2690.02,2691.31,68.105,2690.95,1.33,0.05,0.9,0,TREND_UP,NORMAL,ALIGNED,HEALTHY,ALLOW
2026-09-28T23:09:00Z,2691.3,2691.46,2690.42,2690.42,47.0172,2690.76666667,1.33,0.05,0.9,0,TREND_DOWN,NORMAL,NEUTRAL,HEALTHY,ALLOW
2026-09-28T23:10:00Z,2690.42,2690.42,2689.42,2689.58,34.7652,2689.80666667,1.33,0.05,0.9,0,TREND_DOWN,NORMAL,NEUTRAL,HEALTHY,ALLOW
2026-09-28T23:11:00Z,2689.58,2689.58,2688.18,2688.53,221.7594,2688.76333333,1.355,0.05,0.9,0,TREND_DOWN,NORMAL,NEUTRAL,HEALTHY,ALLOW
2026-09-28T23:12:00Z,2688.53,2689.25,2688.37,2688.37,25.7443,2688.66333333,1.35857143,0.05,0.9,0,TREND_DOWN,NORMAL,NEUTRAL,HEALTHY,ALLOW
2026-09-28T23:13:00Z,2688.38,2688.38,2685.6,2685.6,141.0614,2686.52666667,1.52857143,0.05,0.9,0,TREND_DOWN,NORMAL,NEUTRAL,HEALTHY,ALLOW
2026-09-28T23:14:00Z,2685.6,2686.6,2685.6,2686.6,82.4655,2686.26666667,1.58571429,0.05,0.9,0,TREND_UP,NORMAL,ALIGNED,HEALTHY,ALLOW
2026-09-28T23:15:00Z,2686.6,2688.18,2686.6,2687.38,70.01,2687.38666667,1.645,0.05,0.9,0,TREND_UP,NORMAL,ALIGNED,HEALTHY,ALLOW
2026-09-28T23:16:00Z,2687.39,2688.23,2686.96,2688.04,72.0413,2687.74333333,1.52,0.05,0.9,0,TREND_UP,NORMAL,ALIGNED,HEALTHY,ALLOW
2026-09-28T23:17:00Z,2688.04,2688.71,2688.03,2688.71,31.5588,2688.48333333,1.50714286,0.05,0.9,0,TREND_UP,NORMAL,ALIGNED,HEALTHY,ALLOW
2026-09-28T23:18:00Z,2688.7,2689.46,2688.7,2689.46,81.5611,2689.20666667,1.41642857,0.05,0.9,0,TREND_UP,NORMAL,ALIGNED,HEALTHY,ALLOW
2026-09-28T23:19:00Z,2689.47,2689.74,2688.82,2689.34,64.8232,2689.3,1.32785714,0.05,0.9,0,TREND_DOWN,NORMAL,NEUTRAL,HEALTHY,ALLOW
2026-09-28T23:20:00Z,2689.35,2689.72,2688.97,2688.97,71.9639,2689.22,1.24928571,0.05,0.9,0,TREND_DOWN,NORMAL,NEUTRAL,HEALTHY,ALLOW
2026-09-28T23:21:00Z,2688.96,2688.96,2688.03,2688.25,45.4504,2688.41333333,1.17857143,0.05,0.9,0,TREND_DOWN,NORMAL,NEUTRAL,HEALTHY,ALLOW
2026-09-28T23:22:00Z,2688.24,2688.77,2688.24,2688.4,25.8957,2688.47,1.10928571,0.05,0.9,0,TREND_UP,NORMAL,ALIGNED,HEALTHY,ALLOW
2026-09-28T23:23:00Z,2688.39,2689.0,2688.18,2688.85,90.8127,2688.67666667,1.09357143,0.05,0.9,0,TREND_UP,NORMAL,ALIGNED,HEALTHY,ALLOW
2026-09-28T23:24:00Z,2688.84,2689.71,2688.67,2689.71,44.2759,2689.36333333,1.09642857,0.05,0.9,0,TREND_UP,NORMAL,ALIGNED,HEALTHY,ALLOW
2026-09-28T23:25:00Z,2689.7,2690.0,2688.77,2690.0,85.0477,2689.59,1.08428571,0.05,0.9,0,TREND_UP,NORMAL,ALIGNED,HEALTHY,ALLOW
2026-09-28T23:26:00Z,2690.0,2691.68,2690.0,2691.43,112.585,2691.03666667,1.14142857,0.05,0.9,0,TREND_UP,NORMAL,ALIGNED,HEALTHY,ALLOW
2026-09-28T23:27:00Z,2691.43,2691.61,2691.07,2691.21,39.0061,2691.29666667,0.98142857,0.05,0.9,0,TREND_DOWN,NORMAL,NEUTRAL,HEALTHY,ALLOW
2026-09-28T23:28:00Z,2691.21,2691.22,2690.57,2690.57,63.1863,2690.78666667,0.95642857,0.05,0.9,0,TREND_DOWN,NORMAL,NEUTRAL,HEALTHY,ALLOW
2026-09-28T23:29:00Z,2690.57,2690.87,2690.24,2690.87,35.1971,2690.66,0.88857143,0.05,0.9,0,TREND_UP,NORMAL,ALIGNED,HEALTHY,ALLOW
2026-09-28T23:30:00Z,2690.86,2691.46,2690.86,2690.89,138.8463,2691.07,0.84071429,0.05,0.9,0,TREND_UP,NORMAL,ALIGNED,HEALTHY,ALLOW
2026-09-28T23:31:00Z,2690.88,2690.89,2690.3,2690.64,27.9468,2690.61,0.83428571,0.05,0.9,0,TREND_DOWN,NORMAL,NEUTRAL,HEALTHY,ALLOW
2026-09-28T23:32:00Z,2690.63,2691.55,2690.63,2691.55,36.1999,2691.24333333,0.84571429,0.05,0.9,0,TREND_UP,NORMAL,ALIGNED,HEALTHY,ALLOW
2026-09-28T23:33:00Z,2691.54,2691.55,2691.16,2691.44,25.5663,2691.38333333,0.80785714,0.05,0.9,0,TREND_DOWN,NORMAL,NEUTRAL,HEALTHY,ALLOW
2026-09-28T23:34:00Z,2691.44,2691.6,2691.16,2691.24,37.5955,2691.33333333,0.78571429,0.05,0.9,0,TREND_DOWN,NORMAL,NEUTRAL,HEALTHY,ALLOW
2026-09-28T23:35:00Z,2691.25,2692.29,2691.25,2692.29,54.6602,2691.94333333,0.79357143,0.05,0.9,0,TREND_UP,NORMAL,ALIGNED,HEALTHY,ALLOW
2026-09-28T23:36:00Z,2692.29,2692.72,2692.29,2692.49,82.5063,2692.5,0.78642857,0.05,0.9,0,TREND_UP,NORMAL,ALIGNED,HEALTHY,ALLOW
2026-09-28T23:37:00Z,2692.49,2692.5,2691.87,2691.88,61.4721,2692.08333333,0.77285714,0.05,0.9,0,TREND_DOWN,NORMAL,NEUTRAL,HEALTHY,ALLOW
2026-09-28T23:38:00Z,2691.88,2692.07,2691.16,2691.87,21.8348,2691.7,0.76357143,0.05,0.9,0,TREND_DOWN,NORMAL,NEUTRAL,HEALTHY,ALLOW
2026-09-28T23:39:00Z,2691.88,2692.39,2691.6,2692.38,40.6412,2692.12333333,0.73214286,0.05,0.9,0,TREND_UP,NORMAL,ALIGNED,HEALTHY,ALLOW
2026-09-28T23:40:00Z,2692.38,2693.26,2692.05,2693.25,131.5973,2692.85333333,0.69857143,0.05,0.9,0,TREND_UP,NORMAL,ALIGNED,HEALTHY,ALLOW
2026-09-28T23:41:00Z,2693.25,2693.25,2692.28,2692.29,24.736,2692.60666667,0.72928571,0.05,0.9,0,TREND_DOWN,NORMAL,NEUTRAL,HEALTHY,ALLOW
2026-09-28T23:42:00Z,2692.28,2692.29,2691.54,2691.55,40.3903,2691.79333333,0.73642857,0.05,0.9,0,TREND_DOWN,NORMAL,NEUTRAL,HEALTHY,ALLOW
2026-09-28T23:43:00Z,2691.54,2692.71,2691.31,2692.71,125.0318,2692.24333333,0.79142857,0.05,0.9,0,TREND_UP,NORMAL,ALIGNED,HEALTHY,ALLOW
2026-09-28T23:44:00Z,2692.71,2692.71,2692.28,2692.4,21.9788,2692.46333333,0.77928571,0.05,0.9,0,TREND_DOWN,NORMAL,NEUTRAL,HEALTHY,ALLOW
2026-09-28T23:45:00Z,2692.39,2692.4,2690.24,2690.24,106.7884,2690.96,0.89142857,0.05,0.9,0,TREND_DOWN,NORMAL,NEUTRAL,HEALTHY,ALLOW
2026-09-28T23:46:00Z,2690.25,2690.25,2689.17,2690.25,60.3055,2689.89,0.90285714,0.05,0.9,0,TREND_UP,NORMAL,ALIGNED,HEALTHY,ALLOW
2026-09-28T23:47:00Z,2690.25,2690.8,2690.25,2690.76,39.7158,2690.60333333,0.91428571,0.05,0.9,0,TREND_UP,NORMAL,ALIGNED,HEALTHY,ALLOW
2026-09-28T23:48:00Z,2690.76,2690.76,2690.09,2690.09,20.1898,2690.31333333,0.93071429,0.05,0.9,0,TREND_DOWN,NORMAL,NEUTRAL,HEALTHY,ALLOW
2026-09-28T23:49:00Z,2690.09,2690.1,2690.09,2690.09,20.036,2690.09333333,0.85642857,0.05,0.9,0,TREND_UP,NORMAL,ALIGNED,HEALTHY,ALLOW
2026-09-28T23:50:00Z,2690.1,2690.1,2688.77,2689.51,55.2256,2689.46,0.92071429,0.05,0.9,0,TREND_DOWN,NORMAL,NEUTRAL,HEALTHY,ALLOW
2026-09-28T23:51:00Z,2689.51,2689.99,2689.5,2689.74,53.1753,2689.74333333,0.91071429,0.05,0.9,0,TREND_UP,NORMAL,ALIGNED,HEALTHY,ALLOW
2026-09-28T23:52:00Z,2689.73,2690.24,2689.73,2690.24,116.6839,2690.07,0.88214286,0.05,0.9,0,TREND_UP,NORMAL,ALIGNED,HEALTHY,ALLOW
2026-09-28T23:53:00Z,2690.24,2690.73,2690.14,2690.73,49.2791,2690.53333333,0.86785714,0.05,0.9,0,TREND_UP,NORMAL,ALIGNED,HEALTHY,ALLOW
2026-09-28T23:54:00Z,2690.72,2691.2,2690.58,2691.19,20.2436,2690.99,0.82571429,0.05,0.9,0,TREND_UP,NORMAL,ALIGNED,HEALTHY,ALLOW
2026-09-28T23:55:00Z,2691.19,2691.2,2690.43,2690.45,21.7809,2690.69333333,0.81142857,0.05,0.9,0,TREND_DOWN,NORMAL,NEUTRAL,HEALTHY,ALLOW
2026-09-28T23:56:00Z,2690.45,2690.78,2690.44,2690.77,91.3923,2690.66333333,0.78214286,0.05,0.9,0,TREND_UP,NORMAL,ALIGNED,HEALTHY,ALLOW
2026-09-28T23:57:00Z,2690.78,2690.78,2689.94,2689.98,75.9516,2690.23333333,0.74214286,0.05,0.9,0,TREND_DOWN,NORMAL,NEUTRAL,HEALTHY,ALLOW
2026-09-28T23:58:00Z,2689.97,2689.97,2689.39,2689.39,4.587,2689.58333333,0.75357143,0.05,0.9,0,TREND_DOWN,NORMAL,NEUTRAL,HEALTHY,ALLOW
2026-09-28T23:59:00Z,2689.4,2689.6,2688.7,2688.71,53.9296,2689.00333333,0.66357143,0.05,0.9,0,TREND_DOWN,NORMAL,NEUTRAL,HEALTHY,ALLOW
2026-09-29T00:00:00Z,2688.71,2689.07,2687.43,2687.58,172.7117,2688.02666667,0.70357143,0.05,0.9,0,TREND_DOWN,NORMAL,NEUTRAL,HEALTHY,ALLOW
2026-09-29T00:01:00Z,2687.58,2689.74,2687.58,2689.29,163.6709,2688.87,0.81857143,0.05,0.9,0,TREND_UP,NORMAL,ALIGNED,HEALTHY,ALLOW
2026-09-29T00:02:00Z,2689.28,2690.9,2689.28,2690.78,119.4353,2690.32,0.88642857,0.05,0.9,0,TREND_UP,NORMAL,ALIGNED,HEALTHY,ALLOW
2026-09-29T00:03:00Z,2690.78,2690.78,2688.85,2690.65,72.3202,2690.09333333,1.02357143,0.05,0.9,0,TREND_DOWN,NORMAL,NEUTRAL,HEALTHY,ALLOW
2026-09-29T00:04:00Z,2690.66,2691.54,2690.65,2691.18,29.187,2691.12333333,0.99214286,0.05,0.9,0,TREND_UP,NORMAL,ALIGNED,HEALTHY,ALLOW
2026-09-29T00:05:00Z,2691.19,2691.31,2690.25,2690.25,11.0495,2690.60333333,1.03285714,0.05,0.9,0,TREND_DOWN,NORMAL,NEUTRAL,HEALTHY,ALLOW
2026-09-29T00:06:00Z,2690.26,2691.72,2689.92,2691.29,41.043,2690.97666667,1.125,0.05,0.9,0,TREND_UP,NORMAL,ALIGNED,HEALTHY,ALLOW
2026-09-29T00:07:00Z,2691.28,2691.58,2690.75,2691.14,61.2824,2691.15666667,1.14214286,0.05,0.9,0,TREND_DOWN,NORMAL,NEUTRAL,HEALTHY,ALLOW
2026-09-29T00:08:00Z,2691.14,2691.92,2690.0,2690.32,73.019,2690.74666667,1.235,0.05,0.9,0,TREND_DOWN,NORMAL,NEUTRAL,HEALTHY,ALLOW
2026-09-29T00:09:00Z,2690.33,2690.83,2689.87,2689.88,29.8116,2690.19333333,1.24857143,0.05,0.9,0,TREND_DOWN,NORMAL,NEUTRAL,HEALTHY,ALLOW
2026-09-29T00:10:00Z,2689.87,2689.87,2688.05,2688.06,62.5801,2688.66,1.355,0.05,0.9,0,TREND_DOWN,NORMAL,NEUTRAL,HEALTHY,ALLOW
2026-09-29T00:11:00Z,2688.06,2688.79,2687.39,2688.78,42.0428,2688.32,1.395,0.05,0.9,0,TREND_UP,NORMAL,ALIGNED,HEALTHY,ALLOW
2026-09-29T00:12:00Z,2688.79,2689.74,2687.89,2689.74,31.55,2689.12333333,1.485,0.05,0.9,0,TREND_UP,NORMAL,ALIGNED,HEALTHY,ALLOW
2026-09-29T00:13:00Z,2689.74,2690.49,2689.07,2690.32,128.8813,2689.96,1.52214286,0.05,0.9,0,TREND_UP,NORMAL,ALIGNED,HEALTHY,ALLOW
2026-09-29T00:14:00Z,2690.32,2690.58,2690.32,2690.39,10.6663,2690.43,1.42357143,0.05,0.9,0,TREND_UP,NORMAL,ALIGNED,HEALTHY,ALLOW
2026-09-29T00:15:00Z,2690.39,2690.4,2688.27,2688.27,67.9521,2688.98,1.42142857,0.05,0.9,0,TREND_DOWN,NORMAL,NEUTRAL,HEALTHY,ALLOW
2026-09-29T00:16:00Z,2688.27,2688.27,2686.99,2686.99,62.6739,2687.41666667,1.39714286,0.05,0.9,0,TREND_DOWN,NORMAL,NEUTRAL,HEALTHY,ALLOW
2026-09-29T00:17:00Z,2686.99,2686.99,2685.3,2685.31,112.5557,2685.86666667,1.38,0.05,0.9,0,TREND_DOWN,NORMAL,NEUTRAL,HEALTHY,ALLOW
2026-09-29T00:18:00Z,2685.31,2685.38,2684.79,2685.27,46.912,2685.14666667,1.35857143,0.05,0.9,0,TREND_DOWN,NORMAL,NEUTRAL,HEALTHY,ALLOW
2026-09-29T00:19:00Z,2685.28,2687.23,2685.27,2686.59,65.7475,2686.36333333,1.42285714,0.05,0.9,0,TREND_UP,NORMAL,ALIGNED,HEALTHY,ALLOW
2026-09-29T00:20:00Z,2686.59,2686.6,2685.06,2685.42,58.621,2685.69333333,1.40428571,0.05,0.9,0,TREND_DOWN,NORMAL,NEUTRAL,HEALTHY,ALLOW
2026-09-29T00:21:00Z,2685.43,2686.0,2684.94,2685.13,20.427,2685.35666667,1.42071429,0.05,0.9,0,TREND_DOWN,NORMAL,NEUTRAL,HEALTHY,ALLOW
2026-09-29T00:22:00Z,2685.12,2685.13,2684.63,2684.66,44.0275,2684.80666667,1.31928571,0.05,0.9,0,TREND_DOWN,NORMAL,NEUTRAL,HEALTHY,ALLOW
2026-09-29T00:23:00Z,2684.65,2684.66,2683.94,2684.11,92.7543,2684.23666667,1.30214286,0.05,0.9,0,TREND_DOWN,NORMAL,NEUTRAL,HEALTHY,ALLOW
2026-09-29T00:24:00Z,2684.11,2684.31,2683.47,2684.11,148.39,2683.96333333,1.23142857,0.05,0.9,0,TREND_UP,NORMAL,ALIGNED,HEALTHY,ALLOW
2026-09-29T00:25:00Z,2684.11,2687.62,2683.62,2687.28,143.8708,2686.17333333,1.41714286,0.05,0.9,0,TREND_UP,NORMAL,ALIGNED,HEALTHY,ALLOW
2026-09-29T00:26:00Z,2687.27,2687.71,2686.62,2687.71,111.2626,2687.34666667,1.36285714,0.05,0.9,0,TREND_UP,NORMAL,ALIGNED,HEALTHY,ALLOW
2026-09-29T00:27:00Z,2687.72,2688.2,2685.81,2686.15,74.5678,2686.72,1.43214286,0.05,0.9,0,TREND_DOWN,NORMAL,NEUTRAL,HEALTHY,ALLOW
2026-09-29T00:28:00Z,2686.15,2689.58,2686.15,2689.57,202.9766,2688.43333333,1.65857143,0.05,0.9,0,TREND_UP,NORMAL,ALIGNED,HEALTHY,ALLOW
2026-09-29T00:29:00Z,2689.58,2689.64,2688.2,2688.82,96.9412,2688.88666667,1.60928571,0.05,0.9,0,TREND_DOWN,NORMAL,NEUTRAL,HEALTHY,ALLOW
2026-09-29T00:30:00Z,2688.82,2690.25,2688.82,2689.48,131.5149,2689.51666667,1.62,0.05,0.9,0,TREND_UP,NORMAL,ALIGNED,HEALTHY,ALLOW
2026-09-29T00:31:00Z,2689.47,2689.47,2687.28,2687.28,43.5583,2688.01,1.65642857,0.05,0.9,0,TREND_DOWN,NORMAL,NEUTRAL,HEALTHY,ALLOW
2026-09-29T00:32:00Z,2687.27,2689.73,2686.95,2689.73,32.6359,2688.80333333,1.81285714,0.05,0.9,0,TREND_UP,NORMAL,ALIGNED,HEALTHY,ALLOW
2026-09-29T00:33:00Z,2689.73,2692.7,2689.73,2692.7,277.0305,2691.71,1.885,0.05,0.9,0,TREND_UP,NORMAL,ALIGNED,HEALTHY,ALLOW
2026-09-29T00:34:00Z,2692.7,2694.33,2692.3,2692.35,291.6048,2692.99333333,1.92,0.05,0.9,0,TREND_DOWN,NORMAL,NEUTRAL,HEALTHY,ALLOW
2026-09-29T00:35:00Z,2692.36,2695.38,2692.36,2695.08,100.4526,2694.27333333,2.06071429,0.05,0.9,0,TREND_UP,NORMAL,ALIGNED,HEALTHY,ALLOW
2026-09-29T00:36:00Z,2695.07,2695.07,2693.92,2694.34,51.9032,2694.44333333,2.10785714,0.05,0.9,0,TREND_DOWN,NORMAL,NEUTRAL,HEALTHY,ALLOW
2026-09-29T00:37:00Z,2694.33,2694.33,2691.32,2692.41,81.2582,2692.68666667,2.27214286,0.05,0.9,0,TREND_DOWN,NORMAL,NEUTRAL,HEALTHY,ALLOW
2026-09-29T00:38:00Z,2692.41,2692.42,2690.59,2690.59,55.0591,2691.2,2.34285714,0.05,0.9,0,TREND_DOWN,NORMAL,NEUTRAL,HEALTHY,ALLOW
2026-09-29T00:39:00Z,2690.59,2691.22,2689.94,2690.36,47.9114,2690.50666667,2.14857143,0.05,0.9,0,TREND_DOWN,NORMAL,NEUTRAL,HEALTHY,ALLOW
2026-09-29T00:40:00Z,2690.35,2690.7,2690.3,2690.3,43.2417,2690.43333333,2.09928571,0.05,0.9,0,TREND_DOWN,NORMAL,NEUTRAL,HEALTHY,ALLOW
2026-09-29T00:41:00Z,2690.31,2690.36,2689.73,2690.04,45.4511,2690.04333333,1.97357143,0.05,0.9,0,TREND_DOWN,NORMAL,NEUTRAL,HEALTHY,ALLOW
2026-09-29T00:42:00Z,2690.03,2692.01,2690.03,2690.88,250.3198,2690.97333333,1.87,0.05,0.9,0,TREND_UP,NORMAL,ALIGNED,HEALTHY,ALLOW
2026-09-29T00:43:00Z,2690.88,2691.56,2690.24,2690.74,121.828,2690.84666667,1.86142857,0.05,0.9,0,TREND_DOWN,NORMAL,NEUTRAL,HEALTHY,ALLOW
2026-09-29T00:44:00Z,2690.75,2691.78,2690.43,2691.0,210.9612,2691.07,1.85571429,0.05,0.9,0,TREND_UP,NORMAL,ALIGNED,HEALTHY,ALLOW
2026-09-29T00:45:00Z,2690.99,2690.99,2687.24,2687.67,144.8499,2688.63333333,1.96714286,0.05,0.9,0,TREND_DOWN,NORMAL,NEUTRAL,HEALTHY,ALLOW
2026-09-29T00:46:00Z,2687.66,2687.66,2686.1,2686.1,167.3243,2686.62,1.88071429,0.05,0.9,0,TREND_DOWN,NORMAL,NEUTRAL,HEALTHY,ALLOW
2026-09-29T00:47:00Z,2686.09,2687.67,2685.34,2686.16,308.7647,2686.39,1.835,0.05,0.9,0,TREND_UP,NORMAL,ALIGNED,HEALTHY,ALLOW
2026-09-29T00:48:00Z,2686.16,2686.24,2685.2,2685.37,94.8565,2685.60333333,1.76428571,0.05,0.9,0,TREND_DOWN,NORMAL,NEUTRAL,HEALTHY,ALLOW
2026-09-29T00:49:00Z,2685.37,2685.37,2683.01,2683.01,98.4191,2683.79666667,1.71642857,0.05,0.9,0,TREND_DOWN,NORMAL,NEUTRAL,HEALTHY,ALLOW
2026-09-29T00:50:00Z,2683.0,2683.0,2682.07,2682.08,59.2298,2682.38333333,1.70071429,0.05,0.9,0,TREND_DOWN,NORMAL,NEUTRAL,HEALTHY,ALLOW
2026-09-29T00:51:00Z,2682.07,2682.07,2680.69,2680.69,169.8778,2681.15,1.58428571,0.05,0.9,0,TREND_DOWN,NORMAL,NEUTRAL,HEALTHY,ALLOW
2026-09-29T00:52:00Z,2680.68,2680.69,2680.0,2680.36,82.9796,2680.35,1.50285714,0.05,0.9,0,TREND_DOWN,NORMAL,NEUTRAL,HEALTHY,ALLOW
2026-09-29T00:53:00Z,2680.36,2681.0,2679.01,2681.0,167.5159,2680.33666667,1.55357143,0.05,0.9,0,TREND_UP,NORMAL,ALIGNED,HEALTHY,ALLOW
2026-09-29T00:54:00Z,2680.99,2680.99,2680.02,2680.47,51.3218,2680.49333333,1.595,0.05,0.9,0,TREND_DOWN,NORMAL,NEUTRAL,HEALTHY,ALLOW
2026-09-29T00:55:00Z,2680.55,2682.29,2680.46,2681.19,74.007,2681.31333333,1.68071429,0.05,0.9,0,TREND_UP,NORMAL,ALIGNED,HEALTHY,ALLOW
2026-09-29T00:56:00Z,2681.18,2681.18,2679.46,2680.35,20.1313,2680.33,1.66285714,0.05,0.9,0,TREND_DOWN,NORMAL,NEUTRAL,HEALTHY,ALLOW
2026-09-29T00:57:00Z,2680.36,2680.36,2677.98,2678.15,125.9185,2678.83,1.73857143,0.05,0.9,0,TREND_DOWN,NORMAL,NEUTRAL,HEALTHY,ALLOW
2026-09-29T00:58:00Z,2678.16,2679.56,2678.16,2679.37,66.998,2679.03,1.74285714,0.05,0.9,0,TREND_UP,NORMAL,ALIGNED,HEALTHY,ALLOW
2026-09-29T00:59:00Z,2679.36,2679.36,2677.23,2677.23,50.0886,2677.94,1.62714286,0.05,0.9,0,TREND_DOWN,NORMAL,NEUTRAL,HEALTHY,ALLOW
2026-09-29T01:00:00Z,2677.22,2678.37,2675.41,2676.39,380.5135,2676.72333333,1.72642857,0.05,0.9,0,TREND_DOWN,NORMAL,NEUTRAL,HEALTHY,ALLOW
2026-09-29T01:01:00Z,2676.38,2677.99,2675.11,2677.42,81.5271,2676.84,1.76571429,0.05,0.9,0,TREND_UP,NORMAL,ALIGNED,HEALTHY,ALLOW
2026-09-29T01:02:00Z,2677.41,2681.24,2677.41,2680.46,115.5619,2679.70333333,1.965,0.05,0.9,0,TREND_UP,NORMAL,ALIGNED,HEALTHY,ALLOW
2026-09-29T01:03:00Z,2680.45,2680.97,2679.13,2679.13,63.7465,2679.74333333,1.92785714,0.05,0.9,0,TREND_DOWN,NORMAL,NEUTRAL,HEALTHY,ALLOW
2026-09-29T01:04:00Z,2679.13,2679.26,2677.3,2677.3,43.8717,2677.95333333,2.00071429,0.05,0.9,0,TREND_DOWN,NORMAL,NEUTRAL,HEALTHY,ALLOW
2026-09-29T01:05:00Z,2677.3,2677.3,2675.3,2676.62,84.0458,2676.40666667,2.04428571,0.05,0.9,0,TREND_DOWN,NORMAL,NEUTRAL,HEALTHY,ALLOW
2026-09-29T01:06:00Z,2676.65,2677.21,2674.09,2674.1,120.8069,2675.13333333,2.21785714,0.05,0.9,0,TREND_DOWN,NORMAL,NEUTRAL,HEALTHY,ALLOW
2026-09-29T01:07:00Z,2674.1,2674.92,2672.37,2672.59,225.6704,2673.29333333,2.25785714,0.05,0.9,0,TREND_DOWN,NORMAL,NEUTRAL,HEALTHY,ALLOW
2026-09-29T01:08:00Z,2672.67,2673.61,2671.64,2671.64,117.2555,2672.29666667,2.32857143,0.05,0.9,0,TREND_DOWN,NORMAL,NEUTRAL,HEALTHY,ALLOW
2026-09-29T01:09:00Z,2671.65,2671.9,2670.98,2671.1,122.1064,2671.32666667,2.26357143,0.05,0.9,0,TREND_DOWN,NORMAL,NEUTRAL,HEALTHY,ALLOW
2026-09-29T01:10:00Z,2671.1,2671.62,2670.07,2670.38,228.773,2670.69,2.25071429,0.05,0.9,0,TREND_DOWN,NORMAL,NEUTRAL,HEALTHY,ALLOW
2026-09-29T01:11:00Z,2670.38,2670.43,2669.33,2669.34,285.7243,2669.7,2.15928571,0.05,0.9,0,TREND_DOWN,NORMAL,NEUTRAL,HEALTHY,ALLOW
2026-09-29T01:12:00Z,2669.33,2671.29,2669.06,2670.51,143.8111,2670.28666667,2.21785714,0.05,0.9,0,TREND_UP,NORMAL,ALIGNED,HEALTHY,ALLOW
2026-09-29T01:13:00Z,2670.5,2670.5,2667.84,2668.48,312.4429,2668.94,2.25571429,0.05,0.9,0,TREND_DOWN,NORMAL,NEUTRAL,HEALTHY,ALLOW
2026-09-29T01:14:00Z,2668.48,2672.5,2668.48,2670.28,260.5343,2670.42,2.33142857,0.05,0.9,0,TREND_UP,NORMAL,ALIGNED,HEALTHY,ALLOW
2026-09-29T01:15:00Z,2670.29,2670.38,2668.29,2668.95,217.119,2669.20666667,2.275,0.05,0.9,0,TREND_DOWN,NORMAL,NEUTRAL,HEALTHY,ALLOW
2026-09-29T01:16:00Z,2668.95,2668.95,2666.2,2666.2,322.8425,2667.11666667,2.19785714,0.05,0.9,0,TREND_DOWN,NORMAL,NEUTRAL,HEALTHY,ALLOW
2026-09-29T01:17:00Z,2666.21,2666.63,2665.03,2665.64,385.0552,2665.76666667,2.18071429,0.05,0.9,0,TREND_DOWN,NORMAL,NEUTRAL,HEALTHY,ALLOW
2026-09-29T01:18:00Z,2665.65,2667.46,2665.25,2665.94,204.134,2666.21666667,2.19857143,0.05,0.9,0,TREND_UP,NORMAL,ALIGNED,HEALTHY,ALLOW
2026-09-29T01:19:00Z,2665.93,2665.94,2660.0,2660.62,935.7776,2662.18666667,2.48,0.05,0.9,0,TREND_DOWN,NORMAL,NEUTRAL,HEALTHY,ALLOW
2026-09-29T01:20:00Z,2660.62,2665.3,2660.61,2663.67,339.91,2663.19333333,2.59214286,0.05,0.9,0,TREND_UP,NORMAL,ALIGNED,HEALTHY,ALLOW
2026-09-29T01:21:00Z,2663.67,2667.17,2662.56,2666.06,226.9387,2665.26333333,2.73928571,0.05,0.9,0,TREND_UP,NORMAL,ALIGNED,HEALTHY,ALLOW
2026-09-29T01:22:00Z,2666.07,2669.25,2666.01,2669.25,149.3459,2668.17,2.83,0.05,0.9,0,TREND_UP,NORMAL,ALIGNED,HEALTHY,ALLOW
2026-09-29T01:23:00Z,2669.28,2670.72,2666.99,2667.1,144.6592,2668.27,3.03071429,0.05,0.9,0,TREND_DOWN,NORMAL,NEUTRAL,HEALTHY,ALLOW
2026-09-29T01:24:00Z,2667.1,2668.14,2665.99,2667.74,201.7081,2667.29,3.07357143,0.05,0.9,0,TREND_UP,NORMAL,ALIGNED,HEALTHY,ALLOW
2026-09-29T01:25:00Z,2667.73,2667.85,2665.3,2666.33,66.5487,2666.49333333,3.17714286,0.05,0.9,0,TREND_DOWN,NORMAL,NEUTRAL,HEALTHY,ALLOW
2026-09-29T01:26:00Z,2666.33,2668.16,2664.8,2664.81,221.784,2665.92333333,3.25785714,0.05,0.9,0,TREND_DOWN,NORMAL,NEUTRAL,HEALTHY,ALLOW
2026-09-29T01:27:00Z,2664.8,2664.8,2662.99,2663.22,213.9935,2663.67,3.19714286,0.05,0.9,0,TREND_DOWN,NORMAL,NEUTRAL,HEALTHY,ALLOW
2026-09-29T01:28:00Z,2663.21,2663.22,2661.87,2661.88,153.2313,2662.32333333,3.00642857,0.05,0.9,0,TREND_DOWN,NORMAL,NEUTRAL,HEALTHY,ALLOW
2026-09-29T01:29:00Z,2661.87,2661.87,2659.59,2659.59,313.6935,2660.35,3.02071429,0.05,0.9,0,TREND_DOWN,NORMAL,NEUTRAL,HEALTHY,ALLOW
2026-09-29T01:30:00Z,2659.59,2663.19,2658.46,2662.2,281.7801,2661.28333333,3.16214286,0.05,0.9,0,TREND_UP,NORMAL,ALIGNED,HEALTHY,ALLOW
2026-09-29T01:31:00Z,2662.21,2663.69,2660.43,2660.43,194.5722,2661.51666667,3.28071429,0.05,0.9,0,TREND_DOWN,NORMAL,NEUTRAL,HEALTHY,ALLOW
2026-09-29T01:32:00Z,2660.43,2663.6,2657.24,2663.03,499.4665,2661.29,3.57714286,0.05,0.9,0,TREND_UP,NORMAL,ALIGNED,HEALTHY,ALLOW
2026-09-29T01:33:00Z,2663.04,2664.54,2663.04,2663.68,157.6356,2663.75333333,3.26071429,0.05,0.9,0,TREND_UP,NORMAL,ALIGNED,HEALTHY,ALLOW
2026-09-29T01:34:00Z,2663.68,2664.31,2661.83,2662.64,96.2674,2662.92666667,3.10285714,0.05,0.9,0,TREND_DOWN,NORMAL,NEUTRAL,HEALTHY,ALLOW
2026-09-29T01:35:00Z,2662.64,2663.12,2659.59,2660.15,150.7234,2660.95333333,3.02571429,0.05,0.9,0,TREND_DOWN,NORMAL,NEUTRAL,HEALTHY,ALLOW
2026-09-29T01:36:00Z,2660.14,2660.38,2656.66,2658.12,325.9699,2658.38666667,3.06,0.05,0.9,0,TREND_DOWN,NORMAL,NEUTRAL,HEALTHY,ALLOW
2026-09-29T01:37:00Z,2658.12,2661.59,2658.12,2660.24,117.2328,2659.98333333,3.04142857,0.05,0.9,0,TREND_UP,NORMAL,ALIGNED,HEALTHY,ALLOW
2026-09-29T01:38:00Z,2660.24,2661.17,2659.41,2659.95,131.9023,2660.17666667,3.01357143,0.05,0.9,0,TREND_DOWN,NORMAL,NEUTRAL,HEALTHY,ALLOW
2026-09-29T01:39:00Z,2659.95,2660.83,2659.22,2659.36,122.004,2659.80333333,2.94642857,0.05,0.9,0,TREND_DOWN,NORMAL,NEUTRAL,HEALTHY,ALLOW
2026-09-29T01:40:00Z,2659.35,2660.08,2659.22,2659.67,60.7707,2659.65666667,2.76785714,0.05,0.9,0,TREND_UP,NORMAL,ALIGNED,HEALTHY,ALLOW
2026-09-29T01:41:00Z,2659.67,2662.24,2657.98,2662.24,140.2626,2660.82,2.94214286,0.05,0.9,0,TREND_UP,NORMAL,ALIGNED,HEALTHY,ALLOW
2026-09-29T01:42:00Z,2662.25,2665.07,2662.25,2665.06,170.6912,2664.12666667,3.04785714,0.05,0.9,0,TREND_UP,NORMAL,ALIGNED,HEALTHY,ALLOW
2026-09-29T01:43:00Z,2665.07,2665.72,2660.9,2660.91,107.7279,2662.51,3.22857143,0.05,0.9,0,TREND_DOWN,NORMAL,NEUTRAL,HEALTHY,ALLOW
2026-09-29T01:44:00Z,2660.91,2664.13,2660.91,2663.74,413.9161,2662.92666667,3.12071429,0.05,0.9,0,TREND_UP,NORMAL,ALIGNED,HEALTHY,ALLOW
2026-09-29T01:45:00Z,2663.74,2668.87,2662.77,2668.87,208.4585,2666.83666667,3.32357143,0.05,0.9,0,TREND_UP,NORMAL,ALIGNED,HEALTHY,ALLOW
2026-09-29T01:46:00Z,2668.87,2670.25,2666.4,2666.4,194.2595,2667.68333333,3.14428571,0.05,0.9,0,TREND_DOWN,NORMAL,NEUTRAL,HEALTHY,ALLOW
2026-09-29T01:47:00Z,2666.4,2666.81,2664.71,2664.97,135.6006,2665.49666667,3.18642857,0.05,0.9,0,TREND_DOWN,NORMAL,NEUTRAL,HEALTHY,ALLOW
2026-09-29T01:48:00Z,2664.97,2665.78,2663.94,2664.05,164.0566,2664.59,3.14071429,0.05,0.9,0,TREND_DOWN,NORMAL,NEUTRAL,HEALTHY,ALLOW
2026-09-29T01:49:00Z,2664.04,2665.57,2663.93,2663.94,65.5616,2664.48,3.00571429,0.05,0.9,0,TREND_DOWN,NORMAL,NEUTRAL,HEALTHY,ALLOW
2026-09-29T01:50:00Z,2663.94,2663.94,2661.65,2661.65,106.7443,2662.41333333,2.90357143,0.05,0.9,0,TREND_DOWN,NORMAL,NEUTRAL,HEALTHY,ALLOW
2026-09-29T01:51:00Z,2661.64,2662.4,2661.0,2661.23,137.7175,2661.54333333,2.75571429,0.05,0.9,0,TREND_DOWN,NORMAL,NEUTRAL,HEALTHY,ALLOW
2026-09-29T01:52:00Z,2661.23,2665.31,2661.14,2665.31,139.4372,2663.92,2.92785714,0.05,0.9,0,TREND_UP,NORMAL,ALIGNED,HEALTHY,ALLOW
2026-09-29T01:53:00Z,2665.31,2667.78,2664.96,2667.21,65.4591,2666.65,3.01428571,0.05,0.9,0,TREND_UP,NORMAL,ALIGNED,HEALTHY,ALLOW
2026-09-29T01:54:00Z,2667.2,2667.2,2665.19,2666.4,50.2503,2666.26333333,3.09714286,0.05,0.9,0,TREND_DOWN,NORMAL,NEUTRAL,HEALTHY,ALLOW
2026-09-29T01:55:00Z,2666.41,2667.6,2665.4,2665.72,173.0013,2666.24,2.95,0.05,0.9,0,TREND_DOWN,NORMAL,NEUTRAL,HEALTHY,ALLOW
2026-09-29T01:56:00Z,2665.72,2667.02,2665.39,2666.52,36.169,2666.31,2.86428571,0.05,0.9,0,TREND_UP,NORMAL,ALIGNED,HEALTHY,ALLOW
2026-09-29T01:57:00Z,2666.52,2666.52,2664.79,2664.79,137.37,2665.36666667,2.64357143,0.05,0.9,0,TREND_DOWN,NORMAL,NEUTRAL,HEALTHY,ALLOW
2026-09-29T01:58:00Z,2664.78,2667.22,2664.46,2665.18,223.3524,2665.62,2.61071429,0.05,0.9,0,TREND_UP,NORMAL,ALIGNED,HEALTHY,ALLOW
2026-09-29T01:59:00Z,2665.19,2666.35,2665.11,2665.61,67.8569,2665.69,2.26357143,0.05,0.9,0,TREND_UP,NORMAL,ALIGNED,HEALTHY,ALLOW
2026-09-29T02:00:00Z,2665.61,2667.85,2665.61,2667.58,138.2184,2667.01333333,2.14857143,0.05,0.9,0,TREND_UP,NORMAL,ALIGNED,HEALTHY,ALLOW
2026-09-29T02:01:00Z,2667.58,2667.67,2664.23,2664.69,125.5407,2665.53,2.24428571,0.05,0.9,0,TREND_DOWN,NORMAL,NEUTRAL,HEALTHY,ALLOW
2026-09-29T02:02:00Z,2664.7,2665.01,2663.19,2663.99,125.8888,2664.06333333,2.24285714,0.05,0.9,0,TREND_DOWN,NORMAL,NEUTRAL,HEALTHY,ALLOW
2026-09-29T02:03:00Z,2663.99,2664.09,2661.91,2661.91,38.8167,2662.63666667,2.28142857,0.05,0.9,0,TREND_DOWN,NORMAL,NEUTRAL,HEALTHY,ALLOW
2026-09-29T02:04:00Z,2661.91,2664.21,2661.58,2663.18,134.1988,2662.99,2.30571429,0.05,0.9,0,TREND_UP,NORMAL,ALIGNED,HEALTHY,ALLOW
2026-09-29T02:05:00Z,2663.18,2663.18,2660.47,2660.48,99.8236,2661.37666667,2.39928571,0.05,0.9,0,TREND_DOWN,NORMAL,NEUTRAL,HEALTHY,ALLOW
2026-09-29T02:06:00Z,2660.48,2661.18,2659.15,2661.18,121.3606,2660.50333333,2.24642857,0.05,0.9,0,TREND_UP,NORMAL,ALIGNED,HEALTHY,ALLOW
2026-09-29T02:07:00Z,2661.18,2662.5,2660.42,2661.65,78.7668,2661.52333333,2.19357143,0.05,0.9,0,TREND_UP,NORMAL,ALIGNED,HEALTHY,ALLOW
2026-09-29T02:08:00Z,2661.65,2662.97,2659.41,2659.41,111.7651,2660.59666667,2.30357143,0.05,0.9,0,TREND_DOWN,NORMAL,NEUTRAL,HEALTHY,ALLOW
2026-09-29T02:09:00Z,2659.42,2661.18,2658.48,2659.01,700.7366,2659.55666667,2.33928571,0.05,0.9,0,TREND_DOWN,NORMAL,NEUTRAL,HEALTHY,ALLOW
2026-09-29T02:10:00Z,2659.01,2660.78,2657.6,2657.6,201.0265,2658.66,2.45,0.05,0.9,0,TREND_DOWN,NORMAL,NEUTRAL,HEALTHY,ALLOW
2026-09-29T02:11:00Z,2657.6,2659.17,2656.79,2656.8,119.027,2657.58666667,2.49642857,0.05,0.9,0,TREND_DOWN,NORMAL,NEUTRAL,HEALTHY,ALLOW
2026-09-29T02:12:00Z,2656.79,2661.43,2656.67,2660.96,177.1272,2659.68666667,2.63928571,0.05,0.9,0,TREND_UP,NORMAL,ALIGNED,HEALTHY,ALLOW
2026-09-29T02:13:00Z,2660.96,2664.0,2659.59,2663.68,105.3755,2662.42333333,2.86571429,0.05,0.9,0,TREND_UP,NORMAL,ALIGNED,HEALTHY,ALLOW
2026-09-29T02:14:00Z,2663.68,2663.68,2659.82,2660.3,147.0411,2661.26666667,2.98142857,0.05,0.9,0,TREND_DOWN,NORMAL,NEUTRAL,HEALTHY,ALLOW
2026-09-29T02:15:00Z,2660.3,2663.11,2660.3,2662.72,185.9322,2662.04333333,2.93642857,0.05,0.9,0,TREND_UP,NORMAL,ALIGNED,HEALTHY,ALLOW
2026-09-29T02:16:00Z,2662.72,2664.0,2661.52,2662.52,212.5986,2662.68,2.98357143,0.05,0.9,0,TREND_DOWN,NORMAL,NEUTRAL,HEALTHY,ALLOW
2026-09-29T02:17:00Z,2662.52,2662.52,2660.0,2660.0,62.048,2660.84,3.00785714,0.05,0.9,0,TREND_DOWN,NORMAL,NEUTRAL,HEALTHY,ALLOW
2026-09-29T02:18:00Z,2660.0,2662.1,2659.59,2661.23,41.2868,2660.97333333,2.99928571,0.05,0.9,0,TREND_UP,NORMAL,ALIGNED,HEALTHY,ALLOW
2026-09-29T02:19:00Z,2661.23,2663.68,2660.85,2663.68,53.8241,2662.73666667,3.00785714,0.05,0.9,0,TREND_UP,NORMAL,ALIGNED,HEALTHY,ALLOW
2026-09-29T02:20:00Z,2663.69,2665.73,2663.18,2663.7,336.1045,2664.20333333,3.045,0.05,0.9,0,TREND_UP,NORMAL,ALIGNED,HEALTHY,ALLOW
2026-09-29T02:21:00Z,2663.7,2663.7,2658.03,2658.03,194.5551,2659.92,3.30142857,0.05,0.9,0,TREND_DOWN,NORMAL,NEUTRAL,HEALTHY,ALLOW
2026-09-29T02:22:00Z,2658.03,2658.1,2653.19,2655.52,729.0946,2655.60333333,3.39785714,0.05,0.9,0,TREND_DOWN,NORMAL,NEUTRAL,HEALTHY,ALLOW
2026-09-29T02:23:00Z,2655.52,2657.67,2655.01,2657.18,175.0754,2656.62,3.395,0.05,0.9,0,TREND_UP,NORMAL,ALIGNED,HEALTHY,ALLOW
2026-09-29T02:24:00Z,2657.19,2658.22,2656.15,2656.38,74.0286,2656.91666667,3.31571429,0.05,0.9,0,TREND_DOWN,NORMAL,NEUTRAL,HEALTHY,ALLOW
2026-09-29T02:25:00Z,2656.38,2657.01,2654.95,2656.93,100.0051,2656.29666667,3.29285714,0.05,0.9,0,TREND_UP,NORMAL,ALIGNED,HEALTHY,ALLOW
2026-09-29T02:26:00Z,2656.93,2656.93,2653.99,2654.92,172.2831,2655.28,3.16285714,0.05,0.9,0,TREND_DOWN,NORMAL,NEUTRAL,HEALTHY,ALLOW
2026-09-29T02:27:00Z,2654.96,2657.28,2654.51,2654.88,72.6286,2655.55666667,3.04571429,0.05,0.9,0,TREND_DOWN,NORMAL,NEUTRAL,HEALTHY,ALLOW
2026-09-29T02:28:00Z,2654.88,2655.36,2653.9,2655.04,101.9537,2654.76666667,2.87428571,0.05,0.9,0,TREND_UP,NORMAL,ALIGNED,HEALTHY,ALLOW
2026-09-29T02:29:00Z,2655.04,2656.23,2654.89,2656.23,69.3125,2655.78333333,2.76928571,0.05,0.9,0,TREND_UP,NORMAL,ALIGNED,HEALTHY,ALLOW
2026-09-29T02:30:00Z,2656.23,2658.62,2655.77,2655.77,208.3695,2656.72,2.79571429,0.05,0.9,0,TREND_DOWN,NORMAL,NEUTRAL,HEALTHY,ALLOW
2026-09-29T02:31:00Z,2655.76,2657.53,2655.0,2657.38,38.9884,2656.63666667,2.79642857,0.05,0.9,0,TREND_UP,NORMAL,ALIGNED,HEALTHY,ALLOW
2026-09-29T02:32:00Z,2657.38,2657.38,2655.51,2655.52,40.9402,2656.13666667,2.75071429,0.05,0.9,0,TREND_DOWN,NORMAL,NEUTRAL,HEALTHY,ALLOW
2026-09-29T02:33:00Z,2655.51,2655.75,2653.75,2653.97,70.9101,2654.49,2.69142857,0.05,0.9,0,TREND_DOWN,NORMAL,NEUTRAL,HEALTHY,ALLOW
2026-09-29T02:34:00Z,2654.01,2655.0,2652.2,2652.29,336.788,2653.16333333,2.70928571,0.05,0.9,0,TREND_DOWN,NORMAL,NEUTRAL,HEALTHY,ALLOW
2026-09-29T02:35:00Z,2652.3,2655.23,2652.3,2654.35,85.1241,2653.96,2.51428571,0.05,0.9,0,TREND_UP,NORMAL,ALIGNED,HEALTHY,ALLOW
2026-09-29T02:36:00Z,2654.34,2654.93,2653.09,2654.3,139.9108,2654.10666667,2.295,0.05,0.9,0,TREND_DOWN,NORMAL,NEUTRAL,HEALTHY,ALLOW
2026-09-29T02:37:00Z,2654.29,2655.88,2654.29,2655.87,70.8849,2655.34666667,2.21857143,0.05,0.9,0,TREND_UP,NORMAL,ALIGNED,HEALTHY,ALLOW
2026-09-29T02:38:00Z,2655.87,2657.97,2655.52,2657.97,62.5876,2657.15333333,2.24571429,0.05,0.9,0,TREND_UP,NORMAL,ALIGNED,HEALTHY,ALLOW
2026-09-29T02:39:00Z,2657.98,2659.3,2656.91,2656.97,69.3174,2657.72666667,2.26928571,0.05,0.9,0,TREND_DOWN,NORMAL,NEUTRAL,HEALTHY,ALLOW
2026-09-29T02:40:00Z,2656.98,2658.47,2656.85,2657.56,27.8658,2657.62666667,2.175,0.05,0.9,0,TREND_UP,NORMAL,ALIGNED,HEALTHY,ALLOW
2026-09-29T02:41:00Z,2657.55,2658.89,2656.77,2658.89,38.8628,2658.18333333,2.12857143,0.05,0.9,0,TREND_UP,NORMAL,ALIGNED,HEALTHY,ALLOW
2026-09-29T02:42:00Z,2658.89,2660.0,2656.84,2656.84,85.3954,2657.89333333,2.25,0.05,0.9,0,TREND_DOWN,NORMAL,NEUTRAL,HEALTHY,ALLOW
2026-09-29T02:43:00Z,2656.84,2659.55,2656.79,2659.26,72.5941,2658.53333333,2.35142857,0.05,0.9,0,TREND_UP,NORMAL,ALIGNED,HEALTHY,ALLOW
2026-09-29T02:44:00Z,2659.25,2659.79,2658.47,2659.78,52.2055,2659.34666667,2.24214286,0.05,0.9,0,TREND_UP,NORMAL,ALIGNED,HEALTHY,ALLOW
2026-09-29T02:45:00Z,2659.78,2661.59,2659.77,2660.89,78.0411,2660.75,2.19142857,0.05,0.9,0,TREND_UP,NORMAL,ALIGNED,HEALTHY,ALLOW
2026-09-29T02:46:00Z,2660.89,2662.32,2660.89,2661.87,101.2373,2661.69333333,2.16,0.05,0.9,0,TREND_UP,NORMAL,ALIGNED,HEALTHY,ALLOW
2026-09-29T02:47:00Z,2661.87,2661.92,2660.19,2660.58,112.6703,2660.89666667,2.14071429,0.05,0.9,0,TREND_DOWN,NORMAL,NEUTRAL,HEALTHY,ALLOW
2026-09-29T02:48:00Z,2660.58,2661.51,2660.19,2661.14,52.2172,2660.94666667,2.035,0.05,0.9,0,TREND_UP,NORMAL,ALIGNED,HEALTHY,ALLOW
2026-09-29T02:49:00Z,2661.14,2661.14,2658.46,2658.47,66.5072,2659.35666667,2.01642857,0.05,0.9,0,TREND_DOWN,NORMAL,NEUTRAL,HEALTHY,ALLOW
2026-09-29T02:50:00Z,2658.46,2658.47,2656.88,2658.35,141.7735,2657.9,1.99857143,0.05,0.9,0,TREND_DOWN,NORMAL,NEUTRAL,HEALTHY,ALLOW
2026-09-29T02:51:00Z,2658.35,2659.23,2655.43,2655.43,140.1664,2656.69666667,2.15642857,0.05,0.9,0,TREND_DOWN,NORMAL,NEUTRAL,HEALTHY,ALLOW
2026-09-29T02:52:00Z,2655.43,2655.43,2653.94,2653.94,116.647,2654.43666667,2.08785714,0.05,0.9,0,TREND_DOWN,NORMAL,NEUTRAL,HEALTHY,ALLOW
2026-09-29T02:53:00Z,2653.94,2655.67,2653.94,2655.32,64.6681,2654.97666667,2.04071429,0.05,0.9,0,TREND_UP,NORMAL,ALIGNED,HEALTHY,ALLOW
2026-09-29T02:54:00Z,2655.32,2655.8,2654.45,2655.8,46.1138,2655.35,2.02142857,0.05,0.9,0,TREND_UP,NORMAL,ALIGNED,HEALTHY,ALLOW
2026-09-29T02:55:00Z,2655.81,2657.08,2655.47,2657.07,40.1953,2656.54,1.985,0.05,0.9,0,TREND_UP,NORMAL,ALIGNED,HEALTHY,ALLOW
2026-09-29T02:56:00Z,2657.07,2657.07,2656.3,2656.39,29.1539,2656.58666667,1.81428571,0.05,0.9,0,TREND_DOWN,NORMAL,NEUTRAL,HEALTHY,ALLOW
2026-09-29T02:57:00Z,2656.39,2657.05,2655.99,2656.67,48.4289,2656.57,1.69285714,0.05,0.9,0,TREND_UP,NORMAL,ALIGNED,HEALTHY,ALLOW
2026-09-29T02:58:00Z,2656.68,2657.56,2656.67,2657.24,56.1701,2657.15666667,1.66214286,0.05,0.9,0,TREND_UP,NORMAL,ALIGNED,HEALTHY,ALLOW
2026-09-29T02:59:00Z,2657.23,2657.69,2656.99,2657.63,44.1278,2657.43666667,1.58214286,0.05,0.9,0,TREND_UP,NORMAL,ALIGNED,HEALTHY,ALLOW
2026-09-29T03:00:00Z,2657.63,2659.89,2656.99,2659.89,60.3497,2658.92333333,1.68714286,0.05,0.9,0,TREND_UP,NORMAL,ALIGNED,HEALTHY,ALLOW
2026-09-29T03:01:00Z,2659.89,2660.72,2658.36,2659.54,54.8034,2659.54,1.73214286,0.05,0.9,0,TREND_DOWN,NORMAL,NEUTRAL,HEALTHY,ALLOW
2026-09-29T03:02:00Z,2659.51,2660.53,2659.34,2660.26,71.3242,2660.04333333,1.72285714,0.05,0.9,0,TREND_UP,NORMAL,ALIGNED,HEALTHY,ALLOW
2026-09-29T03:03:00Z,2660.26,2663.16,2660.26,2661.65,121.1499,2661.69,1.73857143,0.05,0.9,0,TREND_UP,NORMAL,ALIGNED,HEALTHY,ALLOW
2026-09-29T03:04:00Z,2661.64,2661.64,2657.55,2657.55,108.899,2658.91333333,1.91785714,0.05,0.9,0,TREND_DOWN,NORMAL,NEUTRAL,HEALTHY,ALLOW
2026-09-29T03:05:00Z,2657.56,2658.46,2657.48,2657.88,60.8573,2657.94,1.71642857,0.05,0.9,0,TREND_UP,NORMAL,ALIGNED,HEALTHY,ALLOW
2026-09-29T03:06:00Z,2657.88,2659.29,2657.88,2659.15,61.8603,2658.77333333,1.71071429,0.05,0.9,0,TREND_UP,NORMAL,ALIGNED,HEALTHY,ALLOW
2026-09-29T03:07:00Z,2659.16,2660.51,2659.16,2660.06,32.2488,2659.91,1.68428571,0.05,0.9,0,TREND_UP,NORMAL,ALIGNED,HEALTHY,ALLOW
2026-09-29T03:08:00Z,2660.06,2660.68,2658.93,2659.43,83.0574,2659.68,1.71285714,0.05,0.9,0,TREND_DOWN,NORMAL,NEUTRAL,HEALTHY,ALLOW
2026-09-29T03:09:00Z,2659.43,2659.77,2658.84,2659.14,51.5235,2659.25,1.66428571,0.05,0.9,0,TREND_DOWN,NORMAL,NEUTRAL,HEALTHY,ALLOW
2026-09-29T03:10:00Z,2659.14,2660.11,2659.14,2660.05,24.0722,2659.76666667,1.67857143,0.05,0.9,0,TREND_UP,NORMAL,ALIGNED,HEALTHY,ALLOW
2026-09-29T03:11:00Z,2660.04,2660.04,2659.25,2659.26,35.5908,2659.51666667,1.66,0.05,0.9,0,TREND_DOWN,NORMAL,NEUTRAL,HEALTHY,ALLOW
2026-09-29T03:12:00Z,2659.26,2660.24,2659.06,2659.47,77.4375,2659.59,1.68071429,0.05,0.9,0,TREND_UP,NORMAL,ALIGNED,HEALTHY,ALLOW
2026-09-29T03:13:00Z,2659.46,2659.75,2658.69,2658.69,70.6132,2659.04333333,1.70642857,0.05,0.9,0,TREND_DOWN,NORMAL,NEUTRAL,HEALTHY,ALLOW
2026-09-29T03:14:00Z,2658.69,2659.02,2656.99,2656.99,157.1103,2657.66666667,1.64428571,0.05,0.9,0,TREND_DOWN,NORMAL,NEUTRAL,HEALTHY,ALLOW
2026-09-29T03:15:00Z,2656.99,2658.13,2655.4,2658.13,140.7528,2657.22,1.67071429,0.05,0.9,0,TREND_UP,NORMAL,ALIGNED,HEALTHY,ALLOW
2026-09-29T03:16:00Z,2658.14,2659.02,2656.99,2657.55,41.426,2657.85333333,1.73071429,0.05,0.9,0,TREND_DOWN,NORMAL,NEUTRAL,HEALTHY,ALLOW
2026-09-29T03:17:00Z,2657.55,2658.96,2657.18,2658.7,54.509,2658.28,1.65071429,0.05,0.9,0,TREND_UP,NORMAL,ALIGNED,HEALTHY,ALLOW
2026-09-29T03:18:00Z,2658.7,2659.0,2657.56,2658.8,78.6611,2658.45333333,1.46071429,0.05,0.9,0,TREND_UP,NORMAL,ALIGNED,HEALTHY,ALLOW
2026-09-29T03:19:00Z,2658.81,2662.45,2658.81,2661.37,124.24,2660.87666667,1.65142857,0.05,0.9,0,TREND_UP,NORMAL,ALIGNED,HEALTHY,ALLOW
2026-09-29T03:20:00Z,2661.38,2663.29,2661.38,2663.29,127.3924,2662.65333333,1.68785714,0.05,0.9,0,TREND_UP,NORMAL,ALIGNED,HEALTHY,ALLOW
2026-09-29T03:21:00Z,2663.28,2665.13,2663.28,2663.69,117.9789,2664.03333333,1.72285714,0.05,0.9,0,TREND_UP,NORMAL,ALIGNED,HEALTHY,ALLOW
2026-09-29T03:22:00Z,2663.68,2664.02,2662.2,2662.52,82.5494,2662.91333333,1.72785714,0.05,0.9,0,TREND_DOWN,NORMAL,NEUTRAL,HEALTHY,ALLOW
2026-09-29T03:23:00Z,2662.53,2664.28,2662.53,2664.24,111.475,2663.68333333,1.78714286,0.05,0.9,0,TREND_UP,NORMAL,ALIGNED,HEALTHY,ALLOW
2026-09-29T03:24:00Z,2664.23,2665.77,2664.23,2665.77,259.737,2665.25666667,1.82785714,0.05,0.9,0,TREND_UP,NORMAL,ALIGNED,HEALTHY,ALLOW
2026-09-29T03:25:00Z,2665.77,2666.77,2664.73,2665.99,271.8512,2665.83,1.91642857,0.05,0.9,0,TREND_UP,NORMAL,ALIGNED,HEALTHY,ALLOW
2026-09-29T03:26:00Z,2665.98,2667.07,2665.63,2666.38,54.9556,2666.36,1.935,0.05,0.9,0,TREND_UP,NORMAL,ALIGNED,HEALTHY,ALLOW
2026-09-29T03:27:00Z,2666.39,2666.7,2665.46,2666.7,54.6856,2666.28666667,1.94785714,0.05,0.9,0,TREND_UP,NORMAL,ALIGNED,HEALTHY,ALLOW
2026-09-29T03:28:00Z,2666.69,2667.8,2666.69,2667.79,82.329,2667.42666667,1.88214286,0.05,0.9,0,TREND_UP,NORMAL,ALIGNED,HEALTHY,ALLOW
2026-09-29T03:29:00Z,2667.8,2668.43,2667.77,2667.77,75.7841,2667.99,1.73428571,0.05,0.9,0,TREND_DOWN,NORMAL,NEUTRAL,HEALTHY,ALLOW
2026-09-29T03:30:00Z,2667.77,2667.77,2664.31,2665.05,110.0567,2665.71,1.83642857,0.05,0.9,0,TREND_DOWN,NORMAL,NEUTRAL,HEALTHY,ALLOW
2026-09-29T03:31:00Z,2665.05,2666.08,2664.33,2665.73,154.4005,2665.38,1.83428571,0.05,0.9,0,TREND_UP,NORMAL,ALIGNED,HEALTHY,ALLOW
2026-09-29T03:32:00Z,2665.73,2667.54,2665.55,2667.54,65.9725,2666.87666667,1.87357143,0.05,0.9,0,TREND_UP,NORMAL,ALIGNED,HEALTHY,ALLOW
2026-09-29T03:33:00Z,2667.55,2668.3,2667.52,2668.29,47.7239,2668.03666667,1.66857143,0.05,0.9,0,TREND_UP,NORMAL,ALIGNED,HEALTHY,ALLOW
2026-09-29T03:34:00Z,2668.29,2668.93,2668.27,2668.35,132.6721,2668.51666667,1.57857143,0.05,0.9,0,TREND_UP,NORMAL,ALIGNED,HEALTHY,ALLOW
2026-09-29T03:35:00Z,2668.36,2668.72,2667.29,2667.76,43.7181,2667.92333333,1.54857143,0.05,0.9,0,TREND_DOWN,NORMAL,NEUTRAL,HEALTHY,ALLOW
2026-09-29T03:36:00Z,2667.76,2669.05,2667.76,2669.05,115.0808,2668.62,1.51071429,0.05,0.9,0,TREND_UP,NORMAL,ALIGNED,HEALTHY,ALLOW
2026-09-29T03:37:00Z,2669.04,2669.32,2667.79,2668.1,78.5162,2668.40333333,1.49428571,0.05,0.9,0,TREND_DOWN,NORMAL,NEUTRAL,HEALTHY,ALLOW
2026-09-29T03:38:00Z,2668.1,2668.54,2666.71,2666.96,177.4691,2667.40333333,1.515,0.05,0.9,0,TREND_DOWN,NORMAL,NEUTRAL,HEALTHY,ALLOW
2026-09-29T03:39:00Z,2666.96,2666.96,2666.67,2666.96,71.3519,2666.86333333,1.39,0.05,0.9,0,TREND_UP,NORMAL,ALIGNED,HEALTHY,ALLOW
2026-09-29T03:40:00Z,2666.96,2666.96,2666.28,2666.46,38.542,2666.56666667,1.33571429,0.05,0.9,0,TREND_DOWN,NORMAL,NEUTRAL,HEALTHY,ALLOW
2026-09-29T03:41:00Z,2666.45,2667.85,2666.45,2667.84,171.0999,2667.38,1.34714286,0.05,0.9,0,TREND_UP,NORMAL,ALIGNED,HEALTHY,ALLOW
2026-09-29T03:42:00Z,2667.85,2668.32,2667.56,2668.31,37.7834,2668.06333333,1.32214286,0.05,0.9,0,TREND_UP,NORMAL,ALIGNED,HEALTHY,ALLOW
2026-09-29T03:43:00Z,2668.32,2668.32,2667.31,2667.43,31.5891,2667.68666667,1.34714286,0.05,0.9,0,TREND_DOWN,NORMAL,NEUTRAL,HEALTHY,ALLOW
2026-09-29T03:44:00Z,2667.43,2667.62,2666.55,2666.55,30.5244,2666.90666667,1.17642857,0.05,0.9,0,TREND_DOWN,NORMAL,NEUTRAL,HEALTHY,ALLOW
2026-09-29T03:45:00Z,2666.56,2666.58,2665.94,2666.05,86.249,2666.19,1.09714286,0.05,0.9,0,TREND_DOWN,NORMAL,NEUTRAL,HEALTHY,ALLOW
2026-09-29T03:46:00Z,2666.06,2667.42,2666.05,2667.42,49.6998,2666.96333333,1.05285714,0.05,0.9,0,TREND_UP,NORMAL,ALIGNED,HEALTHY,ALLOW
2026-09-29T03:47:00Z,2667.42,2667.42,2666.31,2666.76,34.1778,2666.83,1.07642857,0.05,0.9,0,TREND_DOWN,NORMAL,NEUTRAL,HEALTHY,ALLOW
2026-09-29T03:48:00Z,2666.75,2667.6,2666.45,2666.99,69.702,2667.01333333,1.11142857,0.05,0.9,0,TREND_UP,NORMAL,ALIGNED,HEALTHY,ALLOW
2026-09-29T03:49:00Z,2666.98,2667.35,2666.66,2667.35,11.9096,2667.12,1.05857143,0.05,0.9,0,TREND_UP,NORMAL,ALIGNED,HEALTHY,ALLOW
2026-09-29T03:50:00Z,2667.35,2667.73,2666.63,2667.13,41.3644,2667.16333333,1.045,0.05,0.9,0,TREND_DOWN,NORMAL,NEUTRAL,HEALTHY,ALLOW
2026-09-29T03:51:00Z,2667.13,2667.13,2666.19,2666.19,32.0767,2666.50333333,1.00285714,0.05,0.9,0,TREND_DOWN,NORMAL,NEUTRAL,HEALTHY,ALLOW
2026-09-29T03:52:00Z,2666.19,2666.77,2665.76,2666.07,30.4789,2666.2,0.94428571,0.05,0.9,0,TREND_DOWN,NORMAL,NEUTRAL,HEALTHY,ALLOW
2026-09-29T03:53:00Z,2666.06,2669.05,2666.06,2667.78,47.472,2667.63,1.13714286,0.05,0.9,0,TREND_UP,NORMAL,ALIGNED,HEALTHY,ALLOW
2026-09-29T03:54:00Z,2667.77,2667.77,2665.92,2665.92,24.8296,2666.53666667,1.22142857,0.05,0.9,0,TREND_DOWN,NORMAL,NEUTRAL,HEALTHY,ALLOW
2026-09-29T03:55:00Z,2665.92,2666.88,2665.64,2666.4,41.0975,2666.30666667,1.21,0.05,0.9,0,TREND_UP,NORMAL,ALIGNED,HEALTHY,ALLOW
2026-09-29T03:56:00Z,2666.41,2666.41,2665.45,2665.45,31.2174,2665.77,1.22428571,0.05,0.9,0,TREND_DOWN,NORMAL,NEUTRAL,HEALTHY,ALLOW
2026-09-29T03:57:00Z,2665.45,2665.46,2664.99,2665.24,39.831,2665.23,1.18571429,0.05,0.9,0,TREND_DOWN,NORMAL,NEUTRAL,HEALTHY,ALLOW
2026-09-29T03:58:00Z,2665.23,2665.23,2664.45,2664.49,51.4054,2664.72333333,1.16571429,0.05,0.9,0,TREND_DOWN,NORMAL,NEUTRAL,HEALTHY,ALLOW
2026-09-29T03:59:00Z,2664.48,2665.21,2664.48,2665.2,70.6717,2664.96333333,1.17214286,0.05,0.9,0,TREND_UP,NORMAL,ALIGNED,HEALTHY,ALLOW
2026-09-29T04:00:00Z,2665.21,2665.91,2663.34,2663.57,104.0885,2664.27333333,1.25785714,0.05,0.9,0,TREND_DOWN,NORMAL,NEUTRAL,HEALTHY,ALLOW
2026-09-29T04:01:00Z,2663.57,2666.0,2663.44,2666.0,93.2272,2665.14666667,1.36142857,0.05,0.9,0,TREND_UP,NORMAL,ALIGNED,HEALTHY,ALLOW
2026-09-29T04:02:00Z,2665.99,2666.86,2665.56,2665.82,52.8649,2666.08,1.37214286,0.05,0.9,0,TREND_DOWN,NORMAL,NEUTRAL,HEALTHY,ALLOW
2026-09-29T04:03:00Z,2665.81,2665.81,2662.22,2663.35,89.3576,2663.79333333,1.58,0.05,0.9,0,TREND_DOWN,NORMAL,NEUTRAL,HEALTHY,ALLOW
2026-09-29T04:04:00Z,2663.34,2664.63,2662.88,2664.49,36.5086,2664.0,1.62642857,0.05,0.9,0,TREND_UP,NORMAL,ALIGNED,HEALTHY,ALLOW
2026-09-29T04:05:00Z,2664.5,2664.5,2663.53,2664.01,77.9874,2664.01333333,1.62857143,0.05,0.9,0,TREND_DOWN,NORMAL,NEUTRAL,HEALTHY,ALLOW
2026-09-29T04:06:00Z,2664.0,2664.44,2663.73,2664.44,35.4774,2664.20333333,1.60714286,0.05,0.9,0,TREND_UP,NORMAL,ALIGNED,HEALTHY,ALLOW
2026-09-29T04:07:00Z,2664.44,2665.46,2664.41,2664.42,32.5592,2664.76333333,1.46857143,0.05,0.9,0,TREND_DOWN,NORMAL,NEUTRAL,HEALTHY,ALLOW
2026-09-29T04:08:00Z,2664.42,2664.42,2662.45,2662.61,84.2882,2663.16,1.47642857,0.05,0.9,0,TREND_DOWN,NORMAL,NEUTRAL,HEALTHY,ALLOW
2026-09-29T04:09:00Z,2662.61,2664.42,2662.45,2664.41,67.7815,2663.76,1.52857143,0.05,0.9,0,TREND_UP,NORMAL,ALIGNED,HEALTHY,ALLOW
2026-09-29T04:10:00Z,2664.42,2665.97,2664.33,2665.95,225.235,2665.41666667,1.57714286,0.05,0.9,0,TREND_UP,NORMAL,ALIGNED,HEALTHY,ALLOW
2026-09-29T04:11:00Z,2665.96,2667.0,2665.95,2666.2,32.4388,2666.38333333,1.61857143,0.05,0.9,0,TREND_UP,NORMAL,ALIGNED,HEALTHY,ALLOW
2026-09-29T04:12:00Z,2666.19,2666.96,2665.72,2666.95,28.4153,2666.54333333,1.65071429,0.05,0.9,0,TREND_UP,NORMAL,ALIGNED,HEALTHY,ALLOW
2026-09-29T04:13:00Z,2666.95,2667.96,2666.95,2667.85,27.6415,2667.58666667,1.67071429,0.05,0.9,0,TREND_UP,NORMAL,ALIGNED,HEALTHY,ALLOW
2026-09-29T04:14:00Z,2667.84,2667.85,2666.94,2667.67,52.7154,2667.48666667,1.55214286,0.05,0.9,0,TREND_DOWN,NORMAL,NEUTRAL,HEALTHY,ALLOW
2026-09-29T04:15:00Z,2667.66,2668.71,2667.66,2668.61,56.8971,2668.32666667,1.44428571,0.05,0.9,0,TREND_UP,NORMAL,ALIGNED,HEALTHY,ALLOW
2026-09-29T04:16:00Z,2668.61,2668.66,2668.34,2668.42,19.0321,2668.47333333,1.37428571,0.05,0.9,0,TREND_DOWN,NORMAL,NEUTRAL,HEALTHY,ALLOW
2026-09-29T04:17:00Z,2668.42,2671.53,2668.42,2670.45,216.2524,2670.13333333,1.33928571,0.05,0.9,0,TREND_UP,NORMAL,ALIGNED,HEALTHY,ALLOW
2026-09-29T04:18:00Z,2670.45,2670.45,2669.0,2669.95,41.5719,2669.8,1.31785714,0.05,0.9,0,TREND_DOWN,NORMAL,NEUTRAL,HEALTHY,ALLOW
2026-09-29T04:19:00Z,2669.96,2671.58,2669.96,2671.52,54.0194,2671.02,1.365,0.05,0.9,0,TREND_UP,NORMAL,ALIGNED,HEALTHY,ALLOW
2026-09-29T04:20:00Z,2671.53,2672.0,2670.27,2670.27,84.2854,2670.84666667,1.43785714,0.05,0.9,0,TREND_DOWN,NORMAL,NEUTRAL,HEALTHY,ALLOW
2026-09-29T04:21:00Z,2670.28,2671.94,2670.13,2671.94,23.7278,2671.33666667,1.49214286,0.05,0.9,0,TREND_UP,NORMAL,ALIGNED,HEALTHY,ALLOW
2026-09-29T04:22:00Z,2671.93,2673.0,2671.93,2672.76,139.4348,2672.56333333,1.42785714,0.05,0.9,0,TREND_UP,NORMAL,ALIGNED,HEALTHY,ALLOW
2026-09-29T04:23:00Z,2672.76,2672.76,2671.26,2671.26,35.2472,2671.76,1.39428571,0.05,0.9,0,TREND_DOWN,NORMAL,NEUTRAL,HEALTHY,ALLOW
2026-09-29T04:24:00Z,2671.26,2672.03,2671.25,2672.03,64.592,2671.77,1.33285714,0.05,0.9,0,TREND_UP,NORMAL,ALIGNED,HEALTHY,ALLOW
2026-09-29T04:25:00Z,2672.02,2672.29,2671.19,2671.2,35.0909,2671.56,1.33642857,0.05,0.9,0,TREND_DOWN,NORMAL,NEUTRAL,HEALTHY,ALLOW
2026-09-29T04:26:00Z,2671.2,2671.25,2670.22,2670.22,197.2728,2670.56333333,1.32142857,0.05,0.9,0,TREND_DOWN,NORMAL,NEUTRAL,HEALTHY,ALLOW
2026-09-29T04:27:00Z,2670.22,2670.23,2669.81,2670.16,40.4315,2670.06666667,1.27928571,0.05,0.9,0,TREND_DOWN,NORMAL,NEUTRAL,HEALTHY,ALLOW
2026-09-29T04:28:00Z,2670.15,2670.15,2669.28,2670.08,60.5665,2669.83666667,1.27714286,0.05,0.9,0,TREND_DOWN,NORMAL,NEUTRAL,HEALTHY,ALLOW
2026-09-29T04:29:00Z,2670.09,2670.1,2669.81,2669.82,59.4175,2669.91,1.22285714,0.05,0.9,0,TREND_DOWN,NORMAL,NEUTRAL,HEALTHY,ALLOW
2026-09-29T04:30:00Z,2669.81,2669.87,2669.16,2669.48,49.9722,2669.50333333,1.25071429,0.05,0.9,0,TREND_DOWN,NORMAL,NEUTRAL,HEALTHY,ALLOW
2026-09-29T04:31:00Z,2669.47,2669.62,2668.93,2669.13,131.6878,2669.22666667,1.07785714,0.05,0.9,0,TREND_DOWN,NORMAL,NEUTRAL,HEALTHY,ALLOW
2026-09-29T04:32:00Z,2669.13,2669.47,2668.43,2668.8,24.6264,2668.9,1.04857143,0.05,0.9,0,TREND_DOWN,NORMAL,NEUTRAL,HEALTHY,ALLOW
2026-09-29T04:33:00Z,2668.79,2668.79,2667.33,2667.47,60.8298,2667.86333333,1.03714286,0.05,0.9,0,TREND_DOWN,NORMAL,NEUTRAL,HEALTHY,ALLOW
2026-09-29T04:34:00Z,2667.48,2667.48,2666.74,2666.74,66.873,2666.98666667,0.96642857,0.05,0.9,0,TREND_DOWN,NORMAL,NEUTRAL,HEALTHY,ALLOW
2026-09-29T04:35:00Z,2666.74,2666.75,2664.19,2664.2,121.9535,2665.04666667,1.02,0.05,0.9,0,TREND_DOWN,NORMAL,NEUTRAL,HEALTHY,ALLOW
2026-09-29T04:36:00Z,2664.2,2664.72,2663.95,2664.72,41.5967,2664.46333333,0.99857143,0.05,0.9,0,TREND_UP,NORMAL,ALIGNED,HEALTHY,ALLOW
2026-09-29T04:37:00Z,2664.71,2665.87,2664.59,2665.75,45.6998,2665.40333333,0.98285714,0.05,0.9,0,TREND_UP,NORMAL,ALIGNED,HEALTHY,ALLOW
2026-09-29T04:38:00Z,2665.76,2667.32,2665.76,2667.32,44.1683,2666.8,1.03928571,0.05,0.9,0,TREND_UP,NORMAL,ALIGNED,HEALTHY,ALLOW
2026-09-29T04:39:00Z,2667.32,2667.78,2666.56,2666.64,63.8295,2666.99333333,1.04785714,0.05,0.9,0,TREND_DOWN,NORMAL,NEUTRAL,HEALTHY,ALLOW
2026-09-29T04:40:00Z,2666.67,2667.32,2666.47,2666.47,29.1105,2666.75333333,1.035,0.05,0.9,0,TREND_DOWN,NORMAL,NEUTRAL,HEALTHY,ALLOW
2026-09-29T04:41:00Z,2666.47,2667.78,2666.46,2667.25,34.4563,2667.16333333,1.09928571,0.05,0.9,0,TREND_UP,NORMAL,ALIGNED,HEALTHY,ALLOW
2026-09-29T04:42:00Z,2667.25,2667.37,2666.05,2666.1,67.2617,2666.50666667,1.13071429,0.05,0.9,0,TREND_DOWN,NORMAL,NEUTRAL,HEALTHY,ALLOW
2026-09-29T04:43:00Z,2666.09,2666.16,2665.75,2666.15,34.8643,2666.02,1.13928571,0.05,0.9,0,TREND_UP,NORMAL,ALIGNED,HEALTHY,ALLOW
2026-09-29T04:44:00Z,2666.16,2666.62,2665.76,2666.43,56.0557,2666.27,1.15,0.05,0.9,0,TREND_UP,NORMAL,ALIGNED,HEALTHY,ALLOW
2026-09-29T04:45:00Z,2666.42,2666.98,2666.1,2666.3,31.329,2666.46,1.16357143,0.05,0.9,0,TREND_DOWN,NORMAL,NEUTRAL,HEALTHY,ALLOW
2026-09-29T04:46:00Z,2666.29,2666.29,2665.28,2665.28,44.7393,2665.61666667,1.16214286,0.05,0.9,0,TREND_DOWN,NORMAL,NEUTRAL,HEALTHY,ALLOW
2026-09-29T04:47:00Z,2665.28,2665.28,2663.35,2663.36,125.4117,2663.99666667,1.195,0.05,0.9,0,TREND_DOWN,NORMAL,NEUTRAL,HEALTHY,ALLOW
2026-09-29T04:48:00Z,2663.35,2663.48,2661.65,2662.86,95.7897,2662.66333333,1.27285714,0.05,0.9,0,TREND_DOWN,NORMAL,NEUTRAL,HEALTHY,ALLOW
2026-09-29T04:49:00Z,2662.85,2663.45,2661.98,2662.44,63.5784,2662.62333333,1.195,0.05,0.9,0,TREND_DOWN,NORMAL,NEUTRAL,HEALTHY,ALLOW
2026-09-29T04:50:00Z,2662.44,2662.92,2662.24,2662.92,47.2715,2662.69333333,1.18857143,0.05,0.9,0,TREND_UP,NORMAL,ALIGNED,HEALTHY,ALLOW
2026-09-29T04:51:00Z,2662.93,2667.22,2662.92,2667.21,66.4145,2665.78333333,1.40428571,0.05,0.9,0,TREND_UP,NORMAL,ALIGNED,HEALTHY,ALLOW
2026-09-29T04:52:00Z,2667.22,2668.41,2667.13,2667.82,157.2765,2667.78666667,1.38357143,0.05,0.9,0,TREND_UP,NORMAL,ALIGNED,HEALTHY,ALLOW
2026-09-29T04:53:00Z,2667.82,2668.39,2667.43,2668.38,54.3764,2668.06666667,1.365,0.05,0.9,0,TREND_UP,NORMAL,ALIGNED,HEALTHY,ALLOW
2026-09-29T04:54:00Z,2668.39,2668.39,2667.41,2667.58,111.7159,2667.79333333,1.37428571,0.05,0.9,0,TREND_DOWN,NORMAL,NEUTRAL,HEALTHY,ALLOW
2026-09-29T04:55:00Z,2667.59,2668.11,2667.05,2668.1,74.551,2667.75333333,1.35571429,0.05,0.9,0,TREND_UP,NORMAL,ALIGNED,HEALTHY,ALLOW
2026-09-29T04:56:00Z,2668.1,2668.64,2667.77,2667.78,35.3555,2668.06333333,1.32357143,0.05,0.9,0,TREND_DOWN,NORMAL,NEUTRAL,HEALTHY,ALLOW
2026-09-29T04:57:00Z,2667.77,2668.64,2667.48,2668.05,25.665,2668.05666667,1.37714286,0.05,0.9,0,TREND_UP,NORMAL,ALIGNED,HEALTHY,ALLOW
2026-09-29T04:58:00Z,2668.06,2668.26,2667.53,2668.26,14.5058,2668.01666667,1.36785714,0.05,0.9,0,TREND_UP,NORMAL,ALIGNED,HEALTHY,ALLOW
2026-09-29T04:59:00Z,2668.26,2668.27,2667.78,2668.07,11.5268,2668.04,1.34,0.05,0.9,0,TREND_DOWN,NORMAL,NEUTRAL,HEALTHY,ALLOW
2026-09-29T05:00:00Z,2668.06,2669.63,2667.9,2669.62,76.5275,2669.05,1.39071429,0.05,0.9,0,TREND_UP,NORMAL,ALIGNED,HEALTHY,ALLOW
2026-09-29T05:01:00Z,2669.63,2670.52,2669.44,2670.49,90.0843,2670.15,1.33,0.05,0.9,0,TREND_UP,NORMAL,ALIGNED,HEALTHY,ALLOW
2026-09-29T05:02:00Z,2670.52,2670.91,2669.25,2669.9,48.3139,2670.02,1.31785714,0.05,0.9,0,TREND_DOWN,NORMAL,NEUTRAL,HEALTHY,ALLOW
2026-09-29T05:03:00Z,2669.9,2670.94,2668.8,2668.81,51.0216,2669.51666667,1.36571429,0.05,0.9,0,TREND_DOWN,NORMAL,NEUTRAL,HEALTHY,ALLOW
2026-09-29T05:04:00Z,2668.8,2669.45,2667.76,2668.45,102.0467,2668.55333333,1.43785714,0.05,0.9,0,TREND_DOWN,NORMAL,NEUTRAL,HEALTHY,ALLOW
2026-09-29T05:05:00Z,2668.46,2669.44,2668.23,2668.38,74.1897,2668.68333333,1.21714286,0.05,0.9,0,TREND_DOWN,NORMAL,NEUTRAL,HEALTHY,ALLOW
2026-09-29T05:06:00Z,2668.37,2668.37,2665.8,2666.24,34.9841,2666.80333333,1.31,0.05,0.9,0,TREND_DOWN,NORMAL,NEUTRAL,HEALTHY,ALLOW
2026-09-29T05:07:00Z,2666.25,2666.57,2665.18,2665.18,29.3052,2665.64333333,1.34071429,0.05,0.9,0,TREND_DOWN,NORMAL,NEUTRAL,HEALTHY,ALLOW
2026-09-29T05:08:00Z,2665.19,2665.19,2664.51,2664.68,91.8367,2664.79333333,1.31928571,0.05,0.9,0,TREND_DOWN,NORMAL,NEUTRAL,HEALTHY,ALLOW
2026-09-29T05:09:00Z,2664.67,2666.01,2664.44,2666.01,55.0208,2665.48666667,1.35571429,0.05,0.9,0,TREND_UP,NORMAL,ALIGNED,HEALTHY,ALLOW
2026-09-29T05:10:00Z,2666.0,2666.01,2664.9,2665.97,185.0733,2665.62666667,1.37285714,0.05,0.9,0,TREND_DOWN,NORMAL,NEUTRAL,HEALTHY,ALLOW
2026-09-29T05:11:00Z,2665.97,2667.84,2665.97,2667.84,93.5962,2667.21666667,1.42357143,0.05,0.9,0,TREND_UP,NORMAL,ALIGNED,HEALTHY,ALLOW
2026-09-29T05:12:00Z,2667.85,2668.76,2667.85,2668.57,79.3608,2668.39333333,1.43714286,0.05,0.9,0,TREND_UP,NORMAL,ALIGNED,HEALTHY,ALLOW
2026-09-29T05:13:00Z,2668.57,2668.9,2668.32,2668.63,25.6617,2668.61666667,1.44357143,0.05,0.9,0,TREND_UP,NORMAL,ALIGNED,HEALTHY,ALLOW
2026-09-29T05:14:00Z,2668.63,2669.42,2668.32,2669.41,31.2766,2669.05,1.39857143,0.05,0.9,0,TREND_UP,NORMAL,ALIGNED,HEALTHY,ALLOW
2026-09-29T05:15:00Z,2669.41,2669.88,2669.4,2669.4,52.5291,2669.56,1.35571429,0.05,0.9,0,TREND_DOWN,NORMAL,NEUTRAL,HEALTHY,ALLOW
2026-09-29T05:16:00Z,2669.41,2670.86,2669.29,2669.36,79.3437,2669.83666667,1.34928571,0.05,0.9,0,TREND_DOWN,NORMAL,NEUTRAL,HEALTHY,ALLOW
2026-09-29T05:17:00Z,2669.36,2669.55,2667.39,2669.55,73.4273,2668.83,1.35071429,0.05,0.9,0,TREND_UP,NORMAL,ALIGNED,HEALTHY,ALLOW
2026-09-29T05:18:00Z,2669.55,2672.02,2669.55,2671.53,134.4074,2671.03333333,1.40642857,0.05,0.9,0,TREND_UP,NORMAL,ALIGNED,HEALTHY,ALLOW
2026-09-29T05:19:00Z,2671.52,2673.33,2671.17,2671.86,118.1059,2672.12,1.47428571,0.05,0.9,0,TREND_UP,NORMAL,ALIGNED,HEALTHY,ALLOW
2026-09-29T05:20:00Z,2671.85,2671.85,2670.48,2670.56,112.5607,2670.96333333,1.38857143,0.05,0.9,0,TREND_DOWN,NORMAL,NEUTRAL,HEALTHY,ALLOW
2026-09-29T05:21:00Z,2670.57,2671.6,2670.25,2670.31,49.6193,2670.72,1.38571429,0.05,0.9,0,TREND_DOWN,NORMAL,NEUTRAL,HEALTHY,ALLOW
2026-09-29T05:22:00Z,2670.32,2670.77,2669.7,2670.6,197.5151,2670.35666667,1.41357143,0.05,0.9,0,TREND_UP,NORMAL,ALIGNED,HEALTHY,ALLOW
2026-09-29T05:23:00Z,2670.6,2671.48,2670.6,2671.11,33.2418,2671.06333333,1.36428571,0.05,0.9,0,TREND_UP,NORMAL,ALIGNED,HEALTHY,ALLOW
2026-09-29T05:24:00Z,2671.11,2673.4,2671.1,2673.15,159.1706,2672.55,1.44928571,0.05,0.9,0,TREND_UP,NORMAL,ALIGNED,HEALTHY,ALLOW
2026-09-29T05:25:00Z,2673.14,2673.9,2672.5,2673.63,150.6448,2673.34333333,1.41571429,0.05,0.9,0,TREND_UP,NORMAL,ALIGNED,HEALTHY,ALLOW
2026-09-29T05:26:00Z,2673.62,2673.77,2671.87,2671.87,72.6255,2672.50333333,1.48571429,0.05,0.9,0,TREND_DOWN,NORMAL,NEUTRAL,HEALTHY,ALLOW
2026-09-29T05:27:00Z,2671.87,2671.99,2671.11,2671.54,37.5776,2671.54666667,1.50714286,0.05,0.9,0,TREND_DOWN,NORMAL,NEUTRAL,HEALTHY,ALLOW
2026-09-29T05:28:00Z,2671.55,2672.58,2671.12,2672.57,52.1105,2672.09,1.53285714,0.05,0.9,0,TREND_UP,NORMAL,ALIGNED,HEALTHY,ALLOW
2026-09-29T05:29:00Z,2672.58,2672.58,2672.22,2672.27,35.4323,2672.35666667,1.52428571,0.05,0.9,0,TREND_DOWN,NORMAL,NEUTRAL,HEALTHY,ALLOW
2026-09-29T05:30:00Z,2672.27,2672.28,2669.29,2669.3,153.6835,2670.29,1.62571429,0.05,0.9,0,TREND_DOWN,NORMAL,NEUTRAL,HEALTHY,ALLOW
2026-09-29T05:31:00Z,2669.3,2669.3,2667.45,2667.45,45.9912,2668.06666667,1.60357143,0.05,0.9,0,TREND_DOWN,NORMAL,NEUTRAL,HEALTHY,ALLOW
2026-09-29T05:32:00Z,2667.45,2668.25,2666.15,2666.16,132.6665,2666.85333333,1.57714286,0.05,0.9,0,TREND_DOWN,NORMAL,NEUTRAL,HEALTHY,ALLOW
2026-09-29T05:33:00Z,2666.15,2666.15,2663.38,2663.38,151.0472,2664.30333333,1.62142857,0.05,0.9,0,TREND_DOWN,NORMAL,NEUTRAL,HEALTHY,ALLOW
2026-09-29T05:34:00Z,2663.38,2663.38,2659.51,2659.52,463.7278,2660.80333333,1.79928571,0.05,0.9,0,TREND_DOWN,NORMAL,NEUTRAL,HEALTHY,ALLOW
2026-09-29T05:35:00Z,2659.52,2661.07,2657.62,2660.68,170.75,2659.79,1.94928571,0.05,0.9,0,TREND_UP,NORMAL,ALIGNED,HEALTHY,ALLOW
2026-09-29T05:36:00Z,2660.67,2660.84,2657.01,2657.24,139.8248,2658.36333333,2.14642857,0.05,0.9,0,TREND_DOWN,NORMAL,NEUTRAL,HEALTHY,ALLOW
2026-09-29T05:37:00Z,2657.24,2658.21,2656.0,2656.65,137.2593,2656.95333333,2.24142857,0.05,0.9,0,TREND_DOWN,NORMAL,NEUTRAL,HEALTHY,ALLOW
2026-09-29T05:38:00Z,2656.68,2660.39,2656.56,2660.39,61.5832,2659.11333333,2.35071429,0.05,0.9,0,TREND_UP,NORMAL,ALIGNED,HEALTHY,ALLOW
2026-09-29T05:39:00Z,2660.4,2662.66,2660.4,2662.66,151.0443,2661.90666667,2.41285714,0.05,0.9,0,TREND_UP,NORMAL,ALIGNED,HEALTHY,ALLOW
2026-09-29T05:40:00Z,2662.67,2664.37,2662.66,2663.36,99.1582,2663.46333333,2.39928571,0.05,0.9,0,TREND_UP,NORMAL,ALIGNED,HEALTHY,ALLOW
2026-09-29T05:41:00Z,2663.37,2665.61,2662.58,2665.17,102.9299,2664.45333333,2.55285714,0.05,0.9,0,TREND_UP,NORMAL,ALIGNED,HEALTHY,ALLOW
2026-09-29T05:42:00Z,2665.16,2665.49,2664.57,2665.49,55.8724,2665.18333333,2.51428571,0.05,0.9,0,TREND_UP,NORMAL,ALIGNED,HEALTHY,ALLOW
2026-09-29T05:43:00Z,2665.5,2669.43,2665.5,2669.43,212.748,2668.12,2.77,0.05,0.9,0,TREND_UP,NORMAL,ALIGNED,HEALTHY,ALLOW
2026-09-29T05:44:00Z,2669.43,2670.23,2669.04,2669.47,94.6725,2669.58,2.64142857,0.05,0.9,0,TREND_UP,NORMAL,ALIGNED,HEALTHY,ALLOW
2026-09-29T05:45:00Z,2669.46,2669.79,2667.17,2667.29,47.3882,2668.08333333,2.69642857,0.05,0.9,0,TREND_DOWN,NORMAL,NEUTRAL,HEALTHY,ALLOW
2026-09-29T05:46:00Z,2667.3,2667.65,2666.39,2666.4,61.739,2666.81333333,2.63642857,0.05,0.9,0,TREND_DOWN,NORMAL,NEUTRAL,HEALTHY,ALLOW
2026-09-29T05:47:00Z,2666.4,2666.41,2664.75,2666.14,43.6004,2665.76666667,2.55642857,0.05,0.9,0,TREND_DOWN,NORMAL,NEUTRAL,HEALTHY,ALLOW
2026-09-29T05:48:00Z,2666.14,2669.82,2665.73,2668.28,77.4503,2667.94333333,2.57214286,0.05,0.9,0,TREND_UP,NORMAL,ALIGNED,HEALTHY,ALLOW
2026-09-29T05:49:00Z,2668.27,2672.11,2668.27,2671.86,164.8276,2670.74666667,2.6,0.05,0.9,0,TREND_UP,NORMAL,ALIGNED,HEALTHY,ALLOW
2026-09-29T05:50:00Z,2671.85,2672.11,2671.17,2671.27,101.1046,2671.51666667,2.39357143,0.05,0.9,0,TREND_DOWN,NORMAL,NEUTRAL,HEALTHY,ALLOW
2026-09-29T05:51:00Z,2671.28,2672.53,2671.27,2672.18,74.3621,2671.99333333,2.32571429,0.05,0.9,0,TREND_UP,NORMAL,ALIGNED,HEALTHY,ALLOW
2026-09-29T05:52:00Z,2672.18,2673.63,2672.06,2672.2,81.3168,2672.63,2.16428571,0.05,0.9,0,TREND_UP,NORMAL,ALIGNED,HEALTHY,ALLOW
2026-09-29T05:53:00Z,2672.18,2674.98,2672.0,2674.97,98.6456,2673.98333333,2.215,0.05,0.9,0,TREND_UP,NORMAL,ALIGNED,HEALTHY,ALLOW
2026-09-29T05:54:00Z,2674.98,2675.88,2674.36,2675.83,327.1363,2675.35666667,2.20142857,0.05,0.9,0,TREND_UP,NORMAL,ALIGNED,HEALTHY,ALLOW
2026-09-29T05:55:00Z,2675.82,2676.07,2675.31,2676.07,146.6215,2675.81666667,2.03928571,0.05,0.9,0,TREND_UP,NORMAL,ALIGNED,HEALTHY,ALLOW
2026-09-29T05:56:00Z,2676.06,2676.72,2675.82,2676.15,127.4539,2676.23,2.03785714,0.05,0.9,0,TREND_UP,NORMAL,ALIGNED,HEALTHY,ALLOW
2026-09-29T05:57:00Z,2676.16,2677.87,2674.78,2676.47,340.179,2676.37333333,1.97714286,0.05,0.9,0,TREND_UP,NORMAL,ALIGNED,HEALTHY,ALLOW
2026-09-29T05:58:00Z,2676.46,2676.46,2675.19,2675.75,77.9493,2675.8,1.98357143,0.05,0.9,0,TREND_DOWN,NORMAL,NEUTRAL,HEALTHY,ALLOW
2026-09-29T05:59:00Z,2675.74,2676.54,2675.18,2676.54,60.5653,2676.08666667,1.89357143,0.05,0.9,0,TREND_UP,NORMAL,ALIGNED,HEALTHY,ALLOW
2026-09-29T06:00:00Z,2676.54,2677.99,2676.27,2676.35,94.8259,2676.87,1.92642857,0.05,0.9,0,TREND_DOWN,NORMAL,NEUTRAL,HEALTHY,ALLOW
2026-09-29T06:01:00Z,2676.35,2677.42,2676.34,2677.28,75.8076,2677.01333333,1.885,0.05,0.9,0,TREND_UP,NORMAL,ALIGNED,HEALTHY,ALLOW
2026-09-29T06:02:00Z,2677.28,2677.95,2677.27,2677.95,68.9752,2677.72333333,1.64142857,0.05,0.9,0,TREND_UP,NORMAL,ALIGNED,HEALTHY,ALLOW
2026-09-29T06:03:00Z,2677.95,2679.96,2677.95,2679.41,454.8579,2679.10666667,1.51071429,0.05,0.9,0,TREND_UP,NORMAL,ALIGNED,HEALTHY,ALLOW
2026-09-29T06:04:00Z,2679.4,2680.0,2678.88,2679.47,76.9752,2679.45,1.52357143,0.05,0.9,0,TREND_UP,NORMAL,ALIGNED,HEALTHY,ALLOW
2026-09-29T06:05:00Z,2679.46,2680.36,2678.81,2680.15,151.4038,2679.77333333,1.54428571,0.05,0.9,0,TREND_UP,NORMAL,ALIGNED,HEALTHY,ALLOW
2026-09-29T06:06:00Z,2680.14,2680.87,2678.94,2680.6,212.5957,2680.13666667,1.57,0.05,0.9,0,TREND_UP,NORMAL,ALIGNED,HEALTHY,ALLOW
2026-09-29T06:07:00Z,2680.6,2684.23,2680.41,2683.38,400.8044,2682.67333333,1.63,0.05,0.9,0,TREND_UP,NORMAL,ALIGNED,HEALTHY,ALLOW
2026-09-29T06:08:00Z,2683.37,2685.27,2682.94,2685.26,282.8772,2684.49,1.68785714,0.05,0.9,0,TREND_UP,NORMAL,ALIGNED,HEALTHY,ALLOW
2026-09-29T06:09:00Z,2685.26,2689.65,2685.26,2688.19,857.0555,2687.7,1.94714286,0.05,0.9,0,TREND_UP,NORMAL,ALIGNED,HEALTHY,ALLOW
2026-09-29T06:10:00Z,2688.19,2690.25,2688.19,2689.91,509.4853,2689.45,2.03,0.05,0.9,0,TREND_UP,NORMAL,ALIGNED,HEALTHY,ALLOW
2026-09-29T06:11:00Z,2689.9,2691.48,2689.52,2691.27,239.4799,2690.75666667,1.94928571,0.05,0.9,0,TREND_UP,NORMAL,ALIGNED,HEALTHY,ALLOW
2026-09-29T06:12:00Z,2691.27,2692.18,2688.56,2688.79,500.2534,2689.84333333,2.11642857,0.05,0.9,0,TREND_DOWN,NORMAL,NEUTRAL,HEALTHY,ALLOW
2026-09-29T06:13:00Z,2688.79,2691.07,2688.79,2690.99,441.3388,2690.28333333,2.18214286,0.05,0.9,0,TREND_UP,NORMAL,ALIGNED,HEALTHY,ALLOW
2026-09-29T06:14:00Z,2691.0,2693.81,2691.0,2693.81,248.9468,2692.87333333,2.26071429,0.05,0.9,0,TREND_UP,NORMAL,ALIGNED,HEALTHY,ALLOW
2026-09-29T06:15:00Z,2693.81,2694.0,2691.79,2692.02,452.11,2692.60333333,2.34142857,0.05,0.9,0,TREND_DOWN,NORMAL,NEUTRAL,HEALTHY,ALLOW
2026-09-29T06:16:00Z,2692.02,2692.02,2688.89,2688.9,339.3959,2689.93666667,2.51642857,0.05,0.9,0,TREND_DOWN,NORMAL,NEUTRAL,HEALTHY,ALLOW
2026-09-29T06:17:00Z,2688.9,2689.44,2687.88,2687.89,136.1411,2688.40333333,2.48428571,0.05,0.9,0,TREND_DOWN,NORMAL,NEUTRAL,HEALTHY,ALLOW
2026-09-29T06:18:00Z,2687.88,2688.84,2687.56,2688.19,137.3971,2688.19666667,2.49571429,0.05,0.9,0,TREND_UP,NORMAL,ALIGNED,HEALTHY,ALLOW
2026-09-29T06:19:00Z,2688.2,2690.78,2688.2,2690.77,206.8506,2689.91666667,2.57,0.05,0.9,0,TREND_UP,NORMAL,ALIGNED,HEALTHY,ALLOW
2026-09-29T06:20:00Z,2690.77,2693.0,2690.24,2692.99,208.3721,2692.07666667,2.62928571,0.05,0.9,0,TREND_UP,NORMAL,ALIGNED,HEALTHY,ALLOW
2026-09-29T06:21:00Z,2693.0,2694.69,2693.0,2694.53,269.7415,2694.07333333,2.47785714,0.05,0.9,0,TREND_UP,NORMAL,ALIGNED,HEALTHY,ALLOW
2026-09-29T06:22:00Z,2694.53,2695.99,2693.6,2693.98,323.4488,2694.52333333,2.48214286,0.05,0.9,0,TREND_DOWN,NORMAL,NEUTRAL,HEALTHY,ALLOW
2026-09-29T06:23:00Z,2693.99,2694.23,2692.25,2692.25,210.3873,2692.91,2.31,0.05,0.9,0,TREND_DOWN,NORMAL,NEUTRAL,HEALTHY,ALLOW
2026-09-29T06:24:00Z,2692.24,2692.24,2690.89,2691.47,482.0995,2691.53333333,2.26,0.05,0.9,0,TREND_DOWN,NORMAL,NEUTRAL,HEALTHY,ALLOW
2026-09-29T06:25:00Z,2691.48,2692.78,2691.47,2692.1,457.4676,2692.11666667,2.21357143,0.05,0.9,0,TREND_UP,NORMAL,ALIGNED,HEALTHY,ALLOW
2026-09-29T06:26:00Z,2692.1,2692.76,2691.88,2692.32,379.3515,2692.32,2.01785714,0.05,0.9,0,TREND_UP,NORMAL,ALIGNED,HEALTHY,ALLOW
2026-09-29T06:27:00Z,2692.32,2692.76,2691.69,2692.1,446.9372,2692.18333333,1.93142857,0.05,0.9,0,TREND_DOWN,NORMAL,NEUTRAL,HEALTHY,ALLOW
2026-09-29T06:28:00Z,2692.1,2692.43,2692.03,2692.42,117.5361,2692.29333333,1.75857143,0.05,0.9,0,TREND_UP,NORMAL,ALIGNED,HEALTHY,ALLOW
2026-09-29T06:29:00Z,2692.43,2694.69,2692.43,2694.67,278.9272,2693.93,1.76285714,0.05,0.9,0,TREND_UP,NORMAL,ALIGNED,HEALTHY,ALLOW
2026-09-29T06:30:00Z,2694.68,2696.0,2694.32,2695.99,667.7427,2695.43666667,1.65928571,0.05,0.9,0,TREND_UP,NORMAL,ALIGNED,HEALTHY,ALLOW
2026-09-29T06:31:00Z,2696.0,2696.82,2695.99,2696.55,558.1651,2696.45333333,1.60714286,0.05,0.9,0,TREND_UP,NORMAL,ALIGNED,HEALTHY,ALLOW
2026-09-29T06:32:00Z,2696.55,2696.97,2694.85,2696.96,209.0934,2696.26,1.66714286,0.05,0.9,0,TREND_UP,NORMAL,ALIGNED,HEALTHY,ALLOW
2026-09-29T06:33:00Z,2696.96,2698.22,2696.14,2696.54,524.0236,2696.96666667,1.63071429,0.05,0.9,0,TREND_DOWN,NORMAL,NEUTRAL,HEALTHY,ALLOW
2026-09-29T06:34:00Z,2696.54,2697.35,2695.49,2697.34,79.5597,2696.72666667,1.56642857,0.05,0.9,0,TREND_UP,NORMAL,ALIGNED,HEALTHY,ALLOW
2026-09-29T06:35:00Z,2697.34,2697.34,2696.0,2696.07,177.2419,2696.47,1.54071429,0.05,0.9,0,TREND_DOWN,NORMAL,NEUTRAL,HEALTHY,ALLOW
2026-09-29T06:36:00Z,2696.08,2697.67,2695.67,2696.64,271.8192,2696.66,1.51285714,0.05,0.9,0,TREND_UP,NORMAL,ALIGNED,HEALTHY,ALLOW
2026-09-29T06:37:00Z,2696.65,2697.1,2696.18,2696.63,92.295,2696.63666667,1.43714286,0.05,0.9,0,TREND_DOWN,NORMAL,NEUTRAL,HEALTHY,ALLOW
2026-09-29T06:38:00Z,2696.64,2696.88,2696.09,2696.09,131.6886,2696.35333333,1.39642857,0.05,0.9,0,TREND_DOWN,NORMAL,NEUTRAL,HEALTHY,ALLOW
2026-09-29T06:39:00Z,2696.08,2697.53,2696.08,2697.52,92.8605,2697.04333333,1.40642857,0.05,0.9,0,TREND_UP,NORMAL,ALIGNED,HEALTHY,ALLOW
2026-09-29T06:40:00Z,2697.53,2698.45,2697.53,2698.44,179.349,2698.14,1.41,0.05,0.9,0,TREND_UP,NORMAL,ALIGNED,HEALTHY,ALLOW
2026-09-29T06:41:00Z,2698.44,2698.7,2698.44,2698.69,225.3889,2698.61,1.35214286,0.05,0.9,0,TREND_UP,NORMAL,ALIGNED,HEALTHY,ALLOW
2026-09-29T06:42:00Z,2698.69,2698.7,2698.45,2698.46,56.1102,2698.53666667,1.34142857,0.05,0.9,0,TREND_DOWN,NORMAL,NEUTRAL,HEALTHY,ALLOW
2026-09-29T06:43:00Z,2698.45,2698.46,2698.45,2698.46,39.2431,2698.45666667,1.18,0.05,0.9,0,TREND_UP,NORMAL,ALIGNED,HEALTHY,ALLOW
2026-09-29T06:44:00Z,2698.45,2698.61,2698.45,2698.47,91.114,2698.51,1.07142857,0.05,0.9,0,TREND_UP,NORMAL,ALIGNED,HEALTHY,ALLOW
2026-09-29T06:45:00Z,2698.48,2698.48,2698.47,2698.48,358.8587,2698.47666667,1.01285714,0.05,0.9,0,TREND_UP,NORMAL,ALIGNED,HEALTHY,ALLOW
2026-09-29T06:46:00Z,2698.48,2698.71,2698.47,2698.7,180.6091,2698.62666667,0.87857143,0.05,0.9,0,TREND_UP,NORMAL,ALIGNED,HEALTHY,ALLOW
2026-09-29T06:47:00Z,2698.7,2698.85,2698.1,2698.11,145.3887,2698.35333333,0.78357143,0.05,0.9,0,TREND_DOWN,NORMAL,NEUTRAL,HEALTHY,ALLOW
2026-09-29T06:48:00Z,2698.1,2698.98,2697.23,2698.41,588.0028,2698.20666667,0.77571429,0.05,0.9,0,TREND_UP,NORMAL,ALIGNED,HEALTHY,ALLOW
2026-09-29T06:49:00Z,2698.41,2698.64,2698.28,2698.4,66.5621,2698.44,0.70571429,0.05,0.9,0,TREND_DOWN,NORMAL,NEUTRAL,HEALTHY,ALLOW
2026-09-29T06:50:00Z,2698.41,2698.61,2698.41,2698.6,55.3826,2698.54,0.57785714,0.05,0.9,0,TREND_UP,NORMAL,ALIGNED,HEALTHY,ALLOW
2026-09-29T06:51:00Z,2698.61,2705.46,2698.6,2704.93,2144.325,2702.99666667,1.00214286,0.05,0.9,0,TREND_UP,NORMAL,ALIGNED,HEALTHY,ALLOW
2026-09-29T06:52:00Z,2704.93,2706.47,2702.71,2703.14,567.4653,2704.10666667,1.21428571,0.05,0.9,0,TREND_DOWN,NORMAL,NEUTRAL,HEALTHY,ALLOW
2026-09-29T06:53:00Z,2703.14,2706.95,2702.94,2706.94,486.2201,2705.61,1.39714286,0.05,0.9,0,TREND_UP,NORMAL,ALIGNED,HEALTHY,ALLOW
2026-09-29T06:54:00Z,2706.94,2707.92,2706.83,2707.8,469.5784,2707.51666667,1.40857143,0.05,0.9,0,TREND_UP,NORMAL,ALIGNED,HEALTHY,ALLOW
2026-09-29T06:55:00Z,2707.8,2709.0,2706.72,2708.99,560.5908,2708.23666667,1.55285714,0.05,0.9,0,TREND_UP,NORMAL,ALIGNED,HEALTHY,ALLOW
2026-09-29T06:56:00Z,2708.99,2709.0,2706.73,2707.01,294.1274,2707.58,1.69714286,0.05,0.9,0,TREND_DOWN,NORMAL,NEUTRAL,HEALTHY,ALLOW
2026-09-29T06:57:00Z,2707.01,2707.01,2705.74,2706.59,419.1591,2706.44666667,1.78714286,0.05,0.9,0,TREND_DOWN,NORMAL,NEUTRAL,HEALTHY,ALLOW
2026-09-29T06:58:00Z,2706.58,2706.59,2705.57,2706.24,168.744,2706.13333333,1.84857143,0.05,0.9,0,TREND_DOWN,NORMAL,NEUTRAL,HEALTHY,ALLOW
2026-09-29T06:59:00Z,2706.24,2706.74,2706.21,2706.73,110.9188,2706.56,1.88571429,0.05,0.9,0,TREND_UP,NORMAL,ALIGNED,HEALTHY,ALLOW
2026-09-29T07:00:00Z,2706.74,2706.88,2701.98,2702.34,307.0623,2703.73333333,2.21857143,0.05,0.9,0,TREND_DOWN,NORMAL,NEUTRAL,HEALTHY,ALLOW
2026-09-29T07:01:00Z,2702.33,2702.34,2700.46,2701.37,172.2762,2701.39,2.29928571,0.05,0.9,0,TREND_DOWN,NORMAL,NEUTRAL,HEALTHY,ALLOW
2026-09-29T07:02:00Z,2701.36,2701.79,2700.4,2701.35,329.9635,2701.18,2.27357143,0.05,0.9,0,TREND_DOWN,NORMAL,NEUTRAL,HEALTHY,ALLOW
2026-09-29T07:03:00Z,2701.35,2702.01,2700.79,2702.0,172.7864,2701.6,2.335,0.05,0.9,0,TREND_UP,NORMAL,ALIGNED,HEALTHY,ALLOW
2026-09-29T07:04:00Z,2702.01,2703.68,2702.01,2703.48,196.4124,2703.05666667,2.44,0.05,0.9,0,TREND_UP,NORMAL,ALIGNED,HEALTHY,ALLOW
2026-09-29T07:05:00Z,2703.48,2706.44,2703.47,2706.44,138.9631,2705.45,2.16214286,0.05,0.9,0,TREND_UP,NORMAL,ALIGNED,HEALTHY,ALLOW
2026-09-29T07:06:00Z,2706.44,2707.05,2705.98,2707.02,340.2527,2706.68333333,1.97,0.05,0.9,0,TREND_UP,NORMAL,ALIGNED,HEALTHY,ALLOW
2026-09-29T07:07:00Z,2707.02,2709.04,2707.01,2708.63,289.9842,2708.22666667,1.82857143,0.05,0.9,0,TREND_UP,NORMAL,ALIGNED,HEALTHY,ALLOW
2026-09-29T07:08:00Z,2708.62,2710.0,2707.49,2710.0,254.5324,2709.16333333,1.93,0.05,0.9,0,TREND_UP,NORMAL,ALIGNED,HEALTHY,ALLOW
2026-09-29T07:09:00Z,2709.99,2711.36,2709.26,2710.89,829.7362,2710.50333333,1.91714286,0.05,0.9,0,TREND_UP,NORMAL,ALIGNED,HEALTHY,ALLOW
2026-09-29T07:10:00Z,2710.88,2711.99,2708.99,2711.97,338.0145,2710.98333333,1.96928571,0.05,0.9,0,TREND_UP,NORMAL,ALIGNED,HEALTHY,ALLOW
2026-09-29T07:11:00Z,2711.98,2712.59,2710.89,2711.82,746.2489,2711.76666667,2.0,0.05,0.9,0,TREND_DOWN,NORMAL,NEUTRAL,HEALTHY,ALLOW
2026-09-29T07:12:00Z,2711.81,2712.21,2710.41,2710.41,274.6166,2711.01,2.05571429,0.05,0.9,0,TREND_DOWN,NORMAL,NEUTRAL,HEALTHY,ALLOW
2026-09-29T07:13:00Z,2710.41,2710.41,2707.28,2708.98,445.1763,2708.89,2.24142857,0.05,0.9,0,TREND_DOWN,NORMAL,NEUTRAL,HEALTHY,ALLOW
2026-09-29T07:14:00Z,2708.99,2709.8,2708.0,2709.76,251.6593,2709.18666667,2.02,0.05,0.9,0,TREND_UP,NORMAL,ALIGNED,HEALTHY,ALLOW
2026-09-29T07:15:00Z,2709.76,2712.51,2709.76,2711.5,304.6321,2711.25666667,2.08214286,0.05,0.9,0,TREND_UP,NORMAL,ALIGNED,HEALTHY,ALLOW
2026-09-29T07:16:00Z,2711.5,2713.82,2711.09,2713.81,266.2354,2712.90666667,2.17785714,0.05,0.9,0,TREND_UP,NORMAL,ALIGNED,HEALTHY,ALLOW
2026-09-29T07:17:00Z,2713.81,2715.95,2713.43,2714.63,1271.4261,2714.67,2.27071429,0.05,0.9,0,TREND_UP,NORMAL,ALIGNED,HEALTHY,ALLOW
2026-09-29T07:18:00Z,2714.64,2716.66,2711.09,2712.71,739.2299,2713.48666667,2.54857143,0.05,0.9,0,TREND_DOWN,NORMAL,NEUTRAL,HEALTHY,ALLOW
2026-09-29T07:19:00Z,2712.71,2713.96,2711.34,2713.44,301.7019,2712.91333333,2.52357143,0.05,0.9,0,TREND_UP,NORMAL,ALIGNED,HEALTHY,ALLOW
2026-09-29T07:20:00Z,2713.44,2715.21,2713.21,2713.84,280.7702,2714.08666667,2.59,0.05,0.9,0,TREND_UP,NORMAL,ALIGNED,HEALTHY,ALLOW
2026-09-29T07:21:00Z,2713.84,2713.9,2711.97,2712.55,390.728,2712.80666667,2.58285714,0.05,0.9,0,TREND_DOWN,NORMAL,NEUTRAL,HEALTHY,ALLOW
2026-09-29T07:22:00Z,2712.56,2712.56,2710.24,2710.24,211.5831,2711.01333333,2.56928571,0.05,0.9,0,TREND_DOWN,NORMAL,NEUTRAL,HEALTHY,ALLOW
2026-09-29T07:23:00Z,2710.24,2712.37,2710.1,2710.97,189.4469,2711.14666667,2.58142857,0.05,0.9,0,TREND_UP,NORMAL,ALIGNED,HEALTHY,ALLOW
2026-09-29T07:24:00Z,2710.97,2714.29,2710.97,2714.29,237.5323,2713.18333333,2.60428571,0.05,0.9,0,TREND_UP,NORMAL,ALIGNED,HEALTHY,ALLOW
2026-09-29T07:25:00Z,2714.29,2717.51,2714.28,2716.79,770.6343,2716.19333333,2.71357143,0.05,0.9,0,TREND_UP,NORMAL,ALIGNED,HEALTHY,ALLOW
2026-09-29T07:26:00Z,2716.79,2716.82,2714.75,2715.62,1272.5587,2715.73,2.73285714,0.05,0.9,0,TREND_DOWN,NORMAL,NEUTRAL,HEALTHY,ALLOW
2026-09-29T07:27:00Z,2715.62,2716.83,2715.41,2716.55,387.6324,2716.26333333,2.61071429,0.05,0.9,0,TREND_UP,NORMAL,ALIGNED,HEALTHY,ALLOW
2026-09-29T07:28:00Z,2716.54,2717.62,2714.61,2714.61,683.2991,2715.61333333,2.69714286,0.05,0.9,0,TREND_DOWN,NORMAL,NEUTRAL,HEALTHY,ALLOW
2026-09-29T07:29:00Z,2714.62,2714.62,2713.17,2713.5,197.2619,2713.76333333,2.60428571,0.05,0.9,0,TREND_DOWN,NORMAL,NEUTRAL,HEALTHY,ALLOW
2026-09-29T07:30:00Z,2713.49,2714.8,2713.34,2713.75,504.4601,2713.96333333,2.51357143,0.05,0.9,0,TREND_UP,NORMAL,ALIGNED,HEALTHY,ALLOW
2026-09-29T07:31:00Z,2713.75,2713.76,2711.03,2711.9,270.699,2712.23,2.52857143,0.05,0.9,0,TREND_DOWN,NORMAL,NEUTRAL,HEALTHY,ALLOW
2026-09-29T07:32:00Z,2711.9,2714.12,2711.9,2713.98,359.7953,2713.33333333,2.28928571,0.05,0.9,0,TREND_UP,NORMAL,ALIGNED,HEALTHY,ALLOW
2026-09-29T07:33:00Z,2713.97,2714.68,2712.83,2712.84,280.2399,2713.45,2.23428571,0.05,0.9,0,TREND_DOWN,NORMAL,NEUTRAL,HEALTHY,ALLOW
2026-09-29T07:34:00Z,2712.83,2714.59,2712.43,2714.49,340.7631,2713.83666667,2.24571429,0.05,0.9,0,TREND_UP,NORMAL,ALIGNED,HEALTHY,ALLOW
2026-09-29T07:35:00Z,2714.49,2714.5,2713.44,2713.87,278.9914,2713.93666667,2.18357143,0.05,0.9,0,TREND_DOWN,NORMAL,NEUTRAL,HEALTHY,ALLOW
2026-09-29T07:36:00Z,2713.87,2714.76,2713.1,2714.75,245.4722,2714.20333333,2.13642857,0.05,0.9,0,TREND_UP,NORMAL,ALIGNED,HEALTHY,ALLOW
2026-09-29T07:37:00Z,2714.75,2715.15,2713.98,2714.88,224.746,2714.67,2.05785714,0.05,0.9,0,TREND_UP,NORMAL,ALIGNED,HEALTHY,ALLOW
2026-09-29T07:38:00Z,2714.88,2715.45,2714.5,2715.2,403.4912,2715.05,1.88857143,0.05,0.9,0,TREND_UP,NORMAL,ALIGNED,HEALTHY,ALLOW
2026-09-29T07:39:00Z,2715.2,2719.96,2715.2,2717.09,2616.2486,2717.41666667,1.99785714,0.05,0.9,0,TREND_UP,NORMAL,ALIGNED,HEALTHY,ALLOW
2026-09-29T07:40:00Z,2717.08,2717.08,2715.14,2715.96,382.1328,2716.06,1.98928571,0.05,0.9,0,TREND_DOWN,NORMAL,NEUTRAL,HEALTHY,ALLOW
2026-09-29T07:41:00Z,2715.95,2716.19,2713.85,2713.94,461.1145,2714.66,2.055,0.05,0.9,0,TREND_DOWN,NORMAL,NEUTRAL,HEALTHY,ALLOW
2026-09-29T07:42:00Z,2713.94,2713.95,2711.99,2712.91,1353.1263,2712.95,1.98,0.05,0.9,0,TREND_DOWN,NORMAL,NEUTRAL,HEALTHY,ALLOW
2026-09-29T07:43:00Z,2712.92,2713.16,2712.42,2712.95,349.0107,2712.84333333,1.92928571,0.05,0.9,0,TREND_UP,NORMAL,ALIGNED,HEALTHY,ALLOW
2026-09-29T07:44:00Z,2712.94,2713.48,2712.57,2713.21,236.1601,2713.08666667,1.89,0.05,0.9,0,TREND_UP,NORMAL,ALIGNED,HEALTHY,ALLOW
2026-09-29T07:45:00Z,2713.2,2714.17,2713.2,2713.52,294.7102,2713.63,1.76428571,0.05,0.9,0,TREND_UP,NORMAL,ALIGNED,HEALTHY,ALLOW
2026-09-29T07:46:00Z,2713.52,2713.53,2712.9,2713.38,235.7254,2713.27,1.65071429,0.05,0.9,0,TREND_DOWN,NORMAL,NEUTRAL,HEALTHY,ALLOW
2026-09-29T07:47:00Z,2713.37,2714.28,2713.33,2713.91,255.5493,2713.84,1.58642857,0.05,0.9,0,TREND_UP,NORMAL,ALIGNED,HEALTHY,ALLOW
2026-09-29T07:48:00Z,2713.91,2713.94,2713.06,2713.36,317.2249,2713.45333333,1.495,0.05,0.9,0,TREND_DOWN,NORMAL,NEUTRAL,HEALTHY,ALLOW
2026-09-29T07:49:00Z,2713.35,2714.51,2712.78,2712.79,340.8468,2713.36,1.54285714,0.05,0.9,0,TREND_DOWN,NORMAL,NEUTRAL,HEALTHY,ALLOW
2026-09-29T07:50:00Z,2712.78,2712.83,2711.38,2712.44,736.8442,2712.21666667,1.52785714,0.05,0.9,0,TREND_DOWN,NORMAL,NEUTRAL,HEALTHY,ALLOW
2026-09-29T07:51:00Z,2712.44,2713.5,2712.44,2713.11,269.0465,2713.01666667,1.52,0.05,0.9,0,TREND_UP,NORMAL,ALIGNED,HEALTHY,ALLOW
2026-09-29T07:52:00Z,2713.11,2714.49,2711.09,2711.82,2256.58,2712.46666667,1.695,0.05,0.9,0,TREND_DOWN,NORMAL,NEUTRAL,HEALTHY,ALLOW
2026-09-29T07:53:00Z,2711.82,2712.05,2711.78,2711.94,285.4104,2711.92333333,1.37428571,0.05,0.9,0,TREND_UP,NORMAL,ALIGNED,HEALTHY,ALLOW
2026-09-29T07:54:00Z,2711.94,2713.0,2711.94,2713.0,325.0407,2712.64666667,1.31071429,0.05,0.9,0,TREND_UP,NORMAL,ALIGNED,HEALTHY,ALLOW
2026-09-29T07:55:00Z,2713.0,2713.0,2711.34,2711.34,230.3306,2711.89333333,1.26214286,0.05,0.9,0,TREND_DOWN,NORMAL,NEUTRAL,HEALTHY,ALLOW
2026-09-29T07:56:00Z,2711.34,2711.57,2709.96,2711.4,1349.7981,2710.97666667,1.23714286,0.05,0.9,0,TREND_UP,NORMAL,ALIGNED,HEALTHY,ALLOW
2026-09-29T07:57:00Z,2711.39,2711.4,2709.43,2710.01,351.5107,2710.28,1.325,0.05,0.9,0,TREND_DOWN,NORMAL,NEUTRAL,HEALTHY,ALLOW
2026-09-29T07:58:00Z,2710.0,2710.29,2709.85,2709.85,1108.7945,2709.99666667,1.29142857,0.05,0.9,0,TREND_DOWN,NORMAL,NEUTRAL,HEALTHY,ALLOW
2026-09-29T07:59:00Z,2709.85,2712.36,2709.65,2712.36,452.0373,2711.45666667,1.41571429,0.05,0.9,0,TREND_UP,NORMAL,ALIGNED,HEALTHY,ALLOW
2026-09-29T08:00:00Z,2712.35,2715.3,2712.35,2715.15,608.9448,2714.26666667,1.58142857,0.05,0.9,0,TREND_UP,NORMAL,ALIGNED,HEALTHY,ALLOW
2026-09-29T08:01:00Z,2715.14,2715.83,2713.85,2715.83,165.7104,2715.17,1.655,0.05,0.9,0,TREND_UP,NORMAL,ALIGNED,HEALTHY,ALLOW
2026-09-29T08:02:00Z,2715.83,2716.78,2715.42,2716.0,275.5306,2716.06666667,1.68928571,0.05,0.9,0,TREND_UP,NORMAL,ALIGNED,HEALTHY,ALLOW
2026-09-29T08:03:00Z,2716.0,2716.23,2714.25,2716.03,163.7135,2715.50333333,1.70714286,0.05,0.9,0,TREND_UP,NORMAL,ALIGNED,HEALTHY,ALLOW
2026-09-29T08:04:00Z,2716.04,2718.0,2715.4,2716.03,278.5954,2716.47666667,1.78928571,0.05,0.9,0,TREND_DOWN,NORMAL,NEUTRAL,HEALTHY,ALLOW
2026-09-29T08:05:00Z,2716.04,2716.04,2714.12,2715.19,465.4296,2715.11666667,1.85071429,0.05,0.9,0,TREND_DOWN,NORMAL,NEUTRAL,HEALTHY,ALLOW
2026-09-29T08:06:00Z,2715.18,2716.33,2714.47,2715.63,171.7539,2715.47666667,1.74071429,0.05,0.9,0,TREND_UP,NORMAL,ALIGNED,HEALTHY,ALLOW
2026-09-29T08:07:00Z,2715.64,2715.64,2712.97,2712.97,88.2444,2713.86,1.91214286,0.05,0.9,0,TREND_DOWN,NORMAL,NEUTRAL,HEALTHY,ALLOW
2026-09-29T08:08:00Z,2712.98,2714.57,2712.98,2713.65,116.5876,2713.73333333,1.95071429,0.05,0.9,0,TREND_UP,NORMAL,ALIGNED,HEALTHY,ALLOW
2026-09-29T08:09:00Z,2713.64,2715.0,2713.57,2714.99,103.4692,2714.52,1.93428571,0.05,0.9,0,TREND_UP,NORMAL,ALIGNED,HEALTHY,ALLOW
2026-09-29T08:10:00Z,2714.99,2716.8,2714.99,2716.09,279.2033,2715.96,1.94857143,0.05,0.9,0,TREND_UP,NORMAL,ALIGNED,HEALTHY,ALLOW
2026-09-29T08:11:00Z,2716.09,2716.46,2714.98,2716.46,540.2786,2715.96666667,1.91357143,0.05,0.9,0,TREND_UP,NORMAL,ALIGNED,HEALTHY,ALLOW
2026-09-29T08:12:00Z,2716.46,2718.0,2716.32,2716.93,450.8381,2717.08333333,2.00214286,0.05,0.9,0,TREND_UP,NORMAL,ALIGNED,HEALTHY,ALLOW
2026-09-29T08:13:00Z,2716.93,2718.82,2714.92,2717.27,1234.2929,2717.00333333,2.08714286,0.05,0.9,0,TREND_UP,NORMAL,ALIGNED,HEALTHY,ALLOW
2026-09-29T08:14:00Z,2717.27,2717.38,2715.59,2715.79,153.6254,2716.25333333,2.00428571,0.05,0.9,0,TREND_DOWN,NORMAL,NEUTRAL,HEALTHY,ALLOW
2026-09-29T08:15:00Z,2715.79,2719.05,2715.79,2718.79,361.3592,2717.87666667,2.09571429,0.05,0.9,0,TREND_UP,NORMAL,ALIGNED,HEALTHY,ALLOW
2026-09-29T08:16:00Z,2718.79,2720.6,2718.79,2720.06,2883.0052,2719.81666667,2.12785714,0.05,0.9,0,TREND_UP,NORMAL,ALIGNED,HEALTHY,ALLOW
2026-09-29T08:17:00Z,2720.06,2720.5,2718.31,2718.54,972.3373,2719.11666667,2.14285714,0.05,0.9,0,TREND_DOWN,NORMAL,NEUTRAL,HEALTHY,ALLOW
2026-09-29T08:18:00Z,2718.53,2719.26,2716.54,2716.74,169.5167,2717.51333333,2.15142857,0.05,0.9,0,TREND_DOWN,NORMAL,NEUTRAL,HEALTHY,ALLOW
2026-09-29T08:19:00Z,2716.71,2718.25,2715.96,2717.41,158.4381,2717.20666667,2.17785714,0.05,0.9,0,TREND_UP,NORMAL,ALIGNED,HEALTHY,ALLOW
2026-09-29T08:20:00Z,2717.4,2718.76,2717.32,2718.41,121.6074,2718.16333333,2.14785714,0.05,0.9,0,TREND_UP,NORMAL,ALIGNED,HEALTHY,ALLOW
2026-09-29T08:21:00Z,2718.41,2728.41,2718.4,2728.11,2314.4245,2724.97333333,2.67214286,0.05,0.9,0,TREND_UP,NORMAL,ALIGNED,HEALTHY,ALLOW
2026-09-29T08:22:00Z,2728.11,2735.0,2727.6,2730.93,2057.0837,2731.17666667,3.08642857,0.05,0.9,0,TREND_UP,NORMAL,ALIGNED,HEALTHY,ALLOW
2026-09-29T08:23:00Z,2730.93,2730.94,2724.97,2728.3,2149.8968,2728.07,3.41071429,0.05,0.9,0,TREND_DOWN,NORMAL,NEUTRAL,HEALTHY,ALLOW
2026-09-29T08:24:00Z,2728.3,2728.3,2724.1,2726.4,763.2738,2726.26666667,3.58142857,0.05,0.9,0,TREND_DOWN,NORMAL,NEUTRAL,HEALTHY,ALLOW
2026-09-29T08:25:00Z,2726.4,2726.83,2724.59,2726.36,305.224,2725.92666667,3.63571429,0.05,0.9,0,TREND_DOWN,NORMAL,NEUTRAL,HEALTHY,ALLOW
2026-09-29T08:26:00Z,2726.35,2727.54,2725.27,2727.35,344.428,2726.72,3.67785714,0.05,0.9,0,TREND_UP,NORMAL,ALIGNED,HEALTHY,ALLOW
2026-09-29T08:27:00Z,2727.35,2727.54,2726.43,2726.43,206.1914,2726.8,3.47857143,0.05,0.9,0,TREND_DOWN,NORMAL,NEUTRAL,HEALTHY,ALLOW
2026-09-29T08:28:00Z,2726.43,2727.18,2723.91,2724.29,446.361,2725.12666667,3.58428571,0.05,0.9,0,TREND_DOWN,NORMAL,NEUTRAL,HEALTHY,ALLOW
2026-09-29T08:29:00Z,2724.3,2724.3,2722.64,2723.44,168.4402,2723.46,3.47,0.05,0.9,0,TREND_DOWN,NORMAL,NEUTRAL,HEALTHY,ALLOW
2026-09-29T08:30:00Z,2723.43,2723.74,2720.88,2720.89,305.9204,2721.83666667,3.545,0.05,0.9,0,TREND_DOWN,NORMAL,NEUTRAL,HEALTHY,ALLOW
2026-09-29T08:31:00Z,2720.88,2720.89,2719.59,2719.61,1274.0903,2720.03,3.48142857,0.05,0.9,0,TREND_DOWN,NORMAL,NEUTRAL,HEALTHY,ALLOW
2026-09-29T08:32:00Z,2719.62,2719.78,2717.49,2717.5,852.699,2718.25666667,3.45071429,0.05,0.9,0,TREND_DOWN,NORMAL,NEUTRAL,HEALTHY,ALLOW
2026-09-29T08:33:00Z,2717.49,2717.49,2713.88,2714.91,332.9845,2715.42666667,3.54571429,0.05,0.9,0,TREND_DOWN,NORMAL,NEUTRAL,HEALTHY,ALLOW
2026-09-29T08:34:00Z,2714.91,2716.05,2713.88,2715.29,161.2036,2715.07333333,3.59785714,0.05,0.9,0,TREND_UP,NORMAL,ALIGNED,HEALTHY,ALLOW
2026-09-29T08:35:00Z,2715.29,2715.99,2712.97,2712.98,260.1935,2713.98,3.09857143,0.05,0.9,0,TREND_DOWN,NORMAL,NEUTRAL,HEALTHY,ALLOW
2026-09-29T08:36:00Z,2712.98,2712.98,2710.19,2711.23,525.6812,2711.46666667,2.76928571,0.05,0.9,0,TREND_DOWN,NORMAL,NEUTRAL,HEALTHY,ALLOW
2026-09-29T08:37:00Z,2711.22,2712.38,2709.83,2712.04,1035.2777,2711.41666667,2.525,0.05,0.9,0,TREND_UP,NORMAL,ALIGNED,HEALTHY,ALLOW
2026-09-29T08:38:00Z,2712.04,2712.98,2710.42,2712.97,760.8915,2712.12333333,2.40785714,0.05,0.9,0,TREND_UP,NORMAL,ALIGNED,HEALTHY,ALLOW
2026-09-29T08:39:00Z,2712.98,2713.77,2712.71,2713.31,153.353,2713.26333333,2.32357143,0.05,0.9,0,TREND_UP,NORMAL,ALIGNED,HEALTHY,ALLOW
2026-09-29T08:40:00Z,2713.31,2714.42,2710.67,2710.67,111.7534,2711.92,2.42928571,0.05,0.9,0,TREND_DOWN,NORMAL,NEUTRAL,HEALTHY,ALLOW
2026-09-29T08:41:00Z,2710.68,2713.12,2709.79,2713.12,273.3185,2712.01,2.58785714,0.05,0.9,0,TREND_UP,NORMAL,ALIGNED,HEALTHY,ALLOW
2026-09-29T08:42:00Z,2713.12,2713.86,2713.12,2713.81,141.6679,2713.59666667,2.40714286,0.05,0.9,0,TREND_UP,NORMAL,ALIGNED,HEALTHY,ALLOW
2026-09-29T08:43:00Z,2713.81,2714.06,2712.71,2712.71,59.399,2713.16,2.385,0.05,0.9,0,TREND_DOWN,NORMAL,NEUTRAL,HEALTHY,ALLOW
2026-09-29T08:44:00Z,2712.71,2712.72,2711.12,2711.12,226.4314,2711.65333333,2.295,0.05,0.9,0,TREND_DOWN,NORMAL,NEUTRAL,HEALTHY,ALLOW
2026-09-29T08:45:00Z,2711.12,2711.17,2709.64,2711.04,418.6069,2710.61666667,2.31142857,0.05,0.9,0,TREND_DOWN,NORMAL,NEUTRAL,HEALTHY,ALLOW
2026-09-29T08:46:00Z,2711.05,2711.6,2709.66,2709.7,623.9515,2710.32,2.28642857,0.05,0.9,0,TREND_DOWN,NORMAL,NEUTRAL,HEALTHY,ALLOW
2026-09-29T08:47:00Z,2709.7,2710.33,2708.14,2708.15,384.1601,2708.87333333,2.18428571,0.05,0.9,0,TREND_DOWN,NORMAL,NEUTRAL,HEALTHY,ALLOW
2026-09-29T08:48:00Z,2708.15,2712.71,2708.15,2712.5,539.8738,2711.12,2.355,0.05,0.9,0,TREND_UP,NORMAL,ALIGNED,HEALTHY,ALLOW
2026-09-29T08:49:00Z,2712.5,2712.5,2711.13,2711.18,152.1731,2711.60333333,2.23714286,0.05,0.9,0,TREND_DOWN,NORMAL,NEUTRAL,HEALTHY,ALLOW
2026-09-29T08:50:00Z,2711.18,2711.74,2710.27,2711.05,56.1937,2711.02,2.14285714,0.05,0.9,0,TREND_DOWN,NORMAL,NEUTRAL,HEALTHY,ALLOW
2026-09-29T08:51:00Z,2711.05,2711.05,2710.25,2710.34,42.0152,2710.54666667,2.01785714,0.05,0.9,0,TREND_DOWN,NORMAL,NEUTRAL,HEALTHY,ALLOW
2026-09-29T08:52:00Z,2710.34,2710.34,2706.96,2707.09,214.1443,2708.13,2.07642857,0.05,0.9,0,TREND_DOWN,NORMAL,NEUTRAL,HEALTHY,ALLOW
2026-09-29T08:53:00Z,2707.08,2707.69,2707.08,2707.09,93.6542,2707.28666667,2.04428571,0.05,0.9,0,TREND_UP,NORMAL,ALIGNED,HEALTHY,ALLOW
2026-09-29T08:54:00Z,2707.08,2707.96,2706.33,2707.45,815.723,2707.24666667,1.89285714,0.05,0.9,0,TREND_UP,NORMAL,ALIGNED,HEALTHY,ALLOW
2026-09-29T08:55:00Z,2707.45,2709.84,2707.45,2709.39,119.74,2708.89333333,1.82571429,0.05,0.9,0,TREND_UP,NORMAL,ALIGNED,HEALTHY,ALLOW
2026-09-29T08:56:00Z,2709.4,2710.15,2709.39,2710.09,44.0027,2709.87666667,1.82714286,0.05,0.9,0,TREND_UP,NORMAL,ALIGNED,HEALTHY,ALLOW
2026-09-29T08:57:00Z,2710.09,2710.09,2708.62,2709.23,97.6712,2709.31333333,1.83571429,0.05,0.9,0,TREND_DOWN,NORMAL,NEUTRAL,HEALTHY,ALLOW
2026-09-29T08:58:00Z,2709.23,2709.59,2708.62,2709.51,331.8584,2709.24,1.79071429,0.05,0.9,0,TREND_UP,NORMAL,ALIGNED,HEALTHY,ALLOW
2026-09-29T08:59:00Z,2709.5,2709.5,2708.84,2708.84,97.2524,2709.06,1.72928571,0.05,0.9,0,TREND_DOWN,NORMAL,NEUTRAL,HEALTHY,ALLOW
2026-09-29T09:00:00Z,2708.83,2708.84,2705.03,2707.2,335.9016,2707.02333333,1.86285714,0.05,0.9,0,TREND_DOWN,NORMAL,NEUTRAL,HEALTHY,ALLOW
2026-09-29T09:01:00Z,2707.19,2708.77,2706.68,2707.24,93.9935,2707.56333333,1.85571429,0.05,0.9,0,TREND_UP,NORMAL,ALIGNED,HEALTHY,ALLOW
2026-09-29T09:02:00Z,2707.24,2708.44,2706.06,2706.06,108.7904,2706.85333333,1.7,0.05,0.9,0,TREND_DOWN,NORMAL,NEUTRAL,HEALTHY,ALLOW
2026-09-29T09:03:00Z,2706.07,2706.07,2703.89,2703.89,1170.2936,2704.61666667,1.75785714,0.05,0.9,0,TREND_DOWN,NORMAL,NEUTRAL,HEALTHY,ALLOW
2026-09-29T09:04:00Z,2703.89,2706.51,2703.89,2706.45,285.1032,2705.61666667,1.84,0.05,0.9,0,TREND_UP,NORMAL,ALIGNED,HEALTHY,ALLOW
2026-09-29T09:05:00Z,2706.44,2706.9,2704.65,2704.66,113.9907,2705.40333333,1.94357143,0.05,0.9,0,TREND_DOWN,NORMAL,NEUTRAL,HEALTHY,ALLOW
2026-09-29T09:06:00Z,2704.66,2706.0,2704.32,2705.6,371.0038,2705.30666667,1.82214286,0.05,0.9,0,TREND_UP,NORMAL,ALIGNED,HEALTHY,ALLOW
2026-09-29T09:07:00Z,2705.57,2705.78,2704.13,2704.26,474.9596,2704.72333333,1.89642857,0.05,0.9,0,TREND_DOWN,NORMAL,NEUTRAL,HEALTHY,ALLOW
2026-09-29T09:08:00Z,2704.26,2705.7,2704.26,2705.24,378.2661,2705.06666667,1.88285714,0.05,0.9,0,TREND_UP,NORMAL,ALIGNED,HEALTHY,ALLOW
2026-09-29T09:09:00Z,2705.25,2705.25,2704.26,2704.27,384.4725,2704.59333333,1.78285714,0.05,0.9,0,TREND_DOWN,NORMAL,NEUTRAL,HEALTHY,ALLOW
2026-09-29T09:10:00Z,2704.28,2705.59,2703.9,2704.77,588.2206,2704.75333333,1.84928571,0.05,0.9,0,TREND_UP,NORMAL,ALIGNED,HEALTHY,ALLOW
2026-09-29T09:11:00Z,2704.76,2704.77,2703.91,2704.18,404.6788,2704.28666667,1.80571429,0.05,0.9,0,TREND_DOWN,NORMAL,NEUTRAL,HEALTHY,ALLOW
2026-09-29T09:12:00Z,2704.18,2705.29,2703.6,2704.7,1142.9412,2704.53,1.85714286,0.05,0.9,0,TREND_UP,NORMAL,ALIGNED,HEALTHY,ALLOW
2026-09-29T09:13:00Z,2704.7,2705.6,2704.59,2705.08,383.0565,2705.09,1.88142857,0.05,0.9,0,TREND_UP,NORMAL,ALIGNED,HEALTHY,ALLOW
2026-09-29T09:14:00Z,2705.09,2705.09,2703.7,2703.91,504.5743,2704.23333333,1.70857143,0.05,0.9,0,TREND_DOWN,NORMAL,NEUTRAL,HEALTHY,ALLOW
2026-09-29T09:15:00Z,2703.9,2704.25,2702.9,2703.6,692.8331,2703.58333333,1.65571429,0.05,0.9,0,TREND_DOWN,NORMAL,NEUTRAL,HEALTHY,ALLOW
2026-09-29T09:16:00Z,2703.6,2704.82,2703.44,2704.66,423.8957,2704.30666667,1.58428571,0.05,0.9,0,TREND_UP,NORMAL,ALIGNED,HEALTHY,ALLOW
2026-09-29T09:17:00Z,2704.66,2705.51,2704.38,2705.33,443.1775,2705.07333333,1.50928571,0.05,0.9,0,TREND_UP,NORMAL,ALIGNED,HEALTHY,ALLOW
2026-09-29T09:18:00Z,2705.33,2705.86,2704.43,2705.2,414.1757,2705.16333333,1.42428571,0.05,0.9,0,TREND_DOWN,NORMAL,NEUTRAL,HEALTHY,ALLOW
2026-09-29T09:19:00Z,2705.2,2705.86,2704.77,2704.83,384.7313,2705.15333333,1.34142857,0.05,0.9,0,TREND_DOWN,NORMAL,NEUTRAL,HEALTHY,ALLOW
2026-09-29T09:20:00Z,2704.83,2706.23,2704.73,2705.18,399.641,2705.38,1.32857143,0.05,0.9,0,TREND_UP,NORMAL,ALIGNED,HEALTHY,ALLOW
2026-09-29T09:21:00Z,2705.18,2706.47,2704.7,2705.96,468.6876,2705.71,1.33714286,0.05,0.9,0,TREND_UP,NORMAL,ALIGNED,HEALTHY,ALLOW
2026-09-29T09:22:00Z,2705.96,2705.96,2704.34,2704.35,390.2411,2704.88333333,1.35,0.05,0.9,0,TREND_DOWN,NORMAL,NEUTRAL,HEALTHY,ALLOW
2026-09-29T09:23:00Z,2704.34,2704.77,2702.93,2702.94,434.2256,2703.54666667,1.41071429,0.05,0.9,0,TREND_DOWN,NORMAL,NEUTRAL,HEALTHY,ALLOW
2026-09-29T09:24:00Z,2702.93,2704.63,2702.78,2704.63,377.7923,2704.01333333,1.42214286,0.05,0.9,0,TREND_UP,NORMAL,ALIGNED,HEALTHY,ALLOW
2026-09-29T09:25:00Z,2704.62,2705.75,2704.32,2705.75,309.4688,2705.27333333,1.46285714,0.05,0.9,0,TREND_UP,NORMAL,ALIGNED,HEALTHY,ALLOW
2026-09-29T09:26:00Z,2705.74,2705.74,2704.19,2704.76,149.8216,2704.89666667,1.45357143,0.05,0.9,0,TREND_DOWN,NORMAL,NEUTRAL,HEALTHY,ALLOW
2026-09-29T09:27:00Z,2704.76,2705.45,2704.19,2705.45,100.9759,2705.03,1.47142857,0.05,0.9,0,TREND_UP,NORMAL,ALIGNED,HEALTHY,ALLOW
2026-09-29T09:28:00Z,2705.45,2706.15,2705.2,2705.64,108.981,2705.66333333,1.44,0.05,0.9,0,TREND_UP,NORMAL,ALIGNED,HEALTHY,ALLOW
2026-09-29T09:29:00Z,2705.64,2705.64,2704.57,2704.57,86.9463,2704.92666667,1.42,0.05,0.9,0,TREND_DOWN,NORMAL,NEUTRAL,HEALTHY,ALLOW
2026-09-29T09:30:00Z,2704.57,2705.15,2704.28,2705.14,74.2081,2704.85666667,1.38357143,0.05,0.9,0,TREND_UP,NORMAL,ALIGNED,HEALTHY,ALLOW
2026-09-29T09:31:00Z,2705.15,2708.53,2705.14,2708.53,200.6793,2707.4,1.545,0.05,0.9,0,TREND_UP,NORMAL,ALIGNED,HEALTHY,ALLOW
2026-09-29T09:32:00Z,2708.52,2709.44,2708.42,2709.17,270.7098,2709.01,1.51571429,0.05,0.9,0,TREND_UP,NORMAL,ALIGNED,HEALTHY,ALLOW
2026-09-29T09:33:00Z,2709.16,2710.0,2709.15,2710.0,96.2773,2709.71666667,1.49857143,0.05,0.9,0,TREND_UP,NORMAL,ALIGNED,HEALTHY,ALLOW
2026-09-29T09:34:00Z,2710.0,2710.0,2708.62,2709.45,98.0707,2709.35666667,1.49,0.05,0.9,0,TREND_DOWN,NORMAL,NEUTRAL,HEALTHY,ALLOW
2026-09-29T09:35:00Z,2709.46,2709.46,2707.96,2708.63,83.7354,2708.68333333,1.47071429,0.05,0.9,0,TREND_DOWN,NORMAL,NEUTRAL,HEALTHY,ALLOW
2026-09-29T09:36:00Z,2708.62,2709.57,2707.87,2709.51,86.1449,2708.98333333,1.47642857,0.05,0.9,0,TREND_UP,NORMAL,ALIGNED,HEALTHY,ALLOW
2026-09-29T09:37:00Z,2709.51,2710.68,2708.96,2710.68,163.2565,2710.10666667,1.46785714,0.05,0.9,0,TREND_UP,NORMAL,ALIGNED,HEALTHY,ALLOW
2026-09-29T09:38:00Z,2710.68,2711.65,2710.67,2711.29,166.3116,2711.20333333,1.40571429,0.05,0.9,0,TREND_UP,NORMAL,ALIGNED,HEALTHY,ALLOW
2026-09-29T09:39:00Z,2711.3,2711.3,2710.49,2711.09,125.4395,2710.96,1.36142857,0.05,0.9,0,TREND_DOWN,NORMAL,NEUTRAL,HEALTHY,ALLOW
2026-09-29T09:40:00Z,2711.09,2711.09,2709.58,2709.85,236.6425,2710.17333333,1.35785714,0.05,0.9,0,TREND_DOWN,NORMAL,NEUTRAL,HEALTHY,ALLOW
2026-09-29T09:41:00Z,2709.86,2710.19,2709.51,2709.85,84.2695,2709.85,1.31642857,0.05,0.9,0,TREND_DOWN,NORMAL,NEUTRAL,HEALTHY,ALLOW
2026-09-29T09:42:00Z,2709.85,2711.01,2709.43,2711.01,86.9856,2710.48333333,1.36142857,0.05,0.9,0,TREND_UP,NORMAL,ALIGNED,HEALTHY,ALLOW
2026-09-29T09:43:00Z,2711.01,2712.55,2711.01,2712.14,174.4812,2711.9,1.395,0.05,0.9,0,TREND_UP,NORMAL,ALIGNED,HEALTHY,ALLOW
2026-09-29T09:44:00Z,2712.13,2712.13,2711.31,2712.03,106.7406,2711.82333333,1.39214286,0.05,0.9,0,TREND_DOWN,NORMAL,NEUTRAL,HEALTHY,ALLOW
2026-09-29T09:45:00Z,2712.04,2712.66,2711.33,2711.67,121.336,2711.88666667,1.245,0.05,0.9,0,TREND_DOWN,NORMAL,NEUTRAL,HEALTHY,ALLOW
2026-09-29T09:46:00Z,2711.67,2713.0,2711.67,2713.0,217.4079,2712.55666667,1.26714286,0.05,0.9,0,TREND_UP,NORMAL,ALIGNED,HEALTHY,ALLOW
2026-09-29T09:47:00Z,2713.0,2718.25,2712.99,2717.63,506.0926,2716.29,1.58214286,0.05,0.9,0,TREND_UP,NORMAL,ALIGNED,HEALTHY,ALLOW
2026-09-29T09:48:00Z,2717.63,2718.18,2716.26,2716.97,268.4403,2717.13666667,1.62071429,0.05,0.9,0,TREND_DOWN,NORMAL,NEUTRAL,HEALTHY,ALLOW
2026-09-29T09:49:00Z,2716.97,2718.8,2716.4,2718.8,148.2569,2718.0,1.685,0.05,0.9,0,TREND_UP,NORMAL,ALIGNED,HEALTHY,ALLOW
2026-09-29T09:50:00Z,2718.8,2720.79,2718.8,2720.38,334.5625,2719.99,1.70571429,0.05,0.9,0,TREND_UP,NORMAL,ALIGNED,HEALTHY,ALLOW
2026-09-29T09:51:00Z,2720.38,2720.38,2717.23,2717.23,287.9477,2718.28,1.80785714,0.05,0.9,0,TREND_DOWN,NORMAL,NEUTRAL,HEALTHY,ALLOW
2026-09-29T09:52:00Z,2717.23,2719.62,2716.98,2719.62,431.2049,2718.74,1.92642857,0.05,0.9,0,TREND_UP,NORMAL,ALIGNED,HEALTHY,ALLOW
2026-09-29T09:53:00Z,2719.62,2720.81,2719.16,2720.73,172.1832,2720.23333333,1.98642857,0.05,0.9,0,TREND_UP,NORMAL,ALIGNED,HEALTHY,ALLOW
2026-09-29T09:54:00Z,2720.73,2722.0,2719.11,2719.11,271.4653,2720.07333333,2.085,0.05,0.9,0,TREND_DOWN,NORMAL,NEUTRAL,HEALTHY,ALLOW
2026-09-29T09:55:00Z,2719.12,2721.59,2719.01,2720.56,278.3119,2720.38666667,2.22071429,0.05,0.9,0,TREND_UP,NORMAL,ALIGNED,HEALTHY,ALLOW
2026-09-29T09:56:00Z,2720.56,2720.96,2718.66,2718.78,171.9456,2719.46666667,2.27214286,0.05,0.9,0,TREND_DOWN,NORMAL,NEUTRAL,HEALTHY,ALLOW
2026-09-29T09:57:00Z,2718.78,2718.79,2718.24,2718.24,174.9029,2718.42333333,2.20142857,0.05,0.9,0,TREND_DOWN,NORMAL,NEUTRAL,HEALTHY,ALLOW
2026-09-29T09:58:00Z,2718.24,2718.24,2717.84,2718.09,80.4786,2718.05666667,2.17071429,0.05,0.9,0,TREND_DOWN,NORMAL,NEUTRAL,HEALTHY,ALLOW
2026-09-29T09:59:00Z,2718.09,2718.1,2717.51,2717.63,56.5392,2717.74666667,2.11785714,0.05,0.9,0,TREND_DOWN,NORMAL,NEUTRAL,HEALTHY,ALLOW
2026-09-29T10:00:00Z,2717.63,2717.64,2715.95,2715.96,59.5483,2716.51666667,2.14357143,0.05,0.9,0,TREND_DOWN,NORMAL,NEUTRAL,HEALTHY,ALLOW
2026-09-29T10:01:00Z,2715.96,2716.63,2715.95,2716.35,94.7389,2716.31,1.81642857,0.05,0.9,0,TREND_UP,NORMAL,ALIGNED,HEALTHY,ALLOW
2026-09-29T10:02:00Z,2716.36,2717.55,2715.87,2715.98,200.7385,2716.46666667,1.79928571,0.05,0.9,0,TREND_DOWN,NORMAL,NEUTRAL,HEALTHY,ALLOW
2026-09-29T10:03:00Z,2715.97,2717.3,2715.97,2716.36,56.7389,2716.54333333,1.72285714,0.05,0.9,0,TREND_UP,NORMAL,ALIGNED,HEALTHY,ALLOW
2026-09-29T10:04:00Z,2716.35,2717.22,2716.35,2716.8,31.1775,2716.79,1.64285714,0.05,0.9,0,TREND_UP,NORMAL,ALIGNED,HEALTHY,ALLOW
2026-09-29T10:05:00Z,2716.8,2717.06,2716.79,2717.05,21.6999,2716.96666667,1.43714286,0.05,0.9,0,TREND_UP,NORMAL,ALIGNED,HEALTHY,ALLOW
2026-09-29T10:06:00Z,2717.06,2717.55,2716.34,2717.13,55.9382,2717.00666667,1.335,0.05,0.9,0,TREND_UP,NORMAL,ALIGNED,HEALTHY,ALLOW
2026-09-29T10:07:00Z,2717.12,2718.72,2716.95,2718.71,124.5208,2718.12666667,1.34357143,0.05,0.9,0,TREND_UP,NORMAL,ALIGNED,HEALTHY,ALLOW
2026-09-29T10:08:00Z,2718.72,2719.21,2718.07,2718.3,128.1282,2718.52666667,1.21857143,0.05,0.9,0,TREND_DOWN,NORMAL,NEUTRAL,HEALTHY,ALLOW
2026-09-29T10:09:00Z,2718.3,2720.52,2718.29,2720.51,131.4233,2719.77333333,1.19357143,0.05,0.9,0,TREND_UP,NORMAL,ALIGNED,HEALTHY,ALLOW
2026-09-29T10:10:00Z,2720.52,2720.52,2719.11,2719.58,92.255,2719.73666667,1.13,0.05,0.9,0,TREND_DOWN,NORMAL,NEUTRAL,HEALTHY,ALLOW
2026-09-29T10:11:00Z,2719.58,2720.29,2719.36,2719.36,45.8273,2719.67,1.15714286,0.05,0.9,0,TREND_DOWN,NORMAL,NEUTRAL,HEALTHY,ALLOW
2026-09-29T10:12:00Z,2719.37,2719.37,2717.75,2718.8,81.5292,2718.64,1.24428571,0.05,0.9,0,TREND_DOWN,NORMAL,NEUTRAL,HEALTHY,ALLOW
2026-09-29T10:13:00Z,2718.79,2718.8,2717.75,2717.75,88.0514,2718.1,1.27714286,0.05,0.9,0,TREND_DOWN,NORMAL,NEUTRAL,HEALTHY,ALLOW
2026-09-29T10:14:00Z,2717.75,2717.76,2715.98,2716.15,74.7527,2716.63,1.28357143,0.05,0.9,0,TREND_DOWN,NORMAL,NEUTRAL,HEALTHY,ALLOW
2026-09-29T10:15:00Z,2716.15,2716.78,2715.98,2715.98,59.1239,2716.24666667,1.29214286,0.05,0.9,0,TREND_DOWN,NORMAL,NEUTRAL,HEALTHY,ALLOW
2026-09-29T10:16:00Z,2715.98,2717.02,2715.98,2716.1,77.6955,2716.36666667,1.24642857,0.05,0.9,0,TREND_UP,NORMAL,ALIGNED,HEALTHY,ALLOW
2026-09-29T10:17:00Z,2716.09,2716.84,2715.97,2716.12,37.0606,2716.31,1.21357143,0.05,0.9,0,TREND_UP,NORMAL,ALIGNED,HEALTHY,ALLOW
2026-09-29T10:18:00Z,2716.12,2716.12,2715.0,2715.14,233.1153,2715.42,1.23142857,0.05,0.9,0,TREND_DOWN,NORMAL,NEUTRAL,HEALTHY,ALLOW
2026-09-29T10:19:00Z,2715.14,2715.31,2715.0,2715.01,44.6887,2715.10666667,1.23428571,0.05,0.9,0,TREND_DOWN,NORMAL,NEUTRAL,HEALTHY,ALLOW
2026-09-29T10:20:00Z,2715.0,2715.01,2714.44,2714.44,69.6753,2714.63,1.18857143,0.05,0.9,0,TREND_DOWN,NORMAL,NEUTRAL,HEALTHY,ALLOW
2026-09-29T10:21:00Z,2714.45,2714.45,2712.11,2712.64,153.2979,2713.06666667,1.22928571,0.05,0.9,0,TREND_DOWN,NORMAL,NEUTRAL,HEALTHY,ALLOW
2026-09-29T10:22:00Z,2712.63,2713.83,2712.63,2713.83,63.1801,2713.43,1.23357143,0.05,0.9,0,TREND_UP,NORMAL,ALIGNED,HEALTHY,ALLOW
2026-09-29T10:23:00Z,2713.83,2713.92,2712.71,2713.28,89.7584,2713.30333333,1.16071429,0.05,0.9,0,TREND_DOWN,NORMAL,NEUTRAL,HEALTHY,ALLOW
2026-09-29T10:24:00Z,2713.28,2714.04,2713.06,2713.06,41.9673,2713.38666667,1.13,0.05,0.9,0,TREND_DOWN,NORMAL,NEUTRAL,HEALTHY,ALLOW
2026-09-29T10:25:00Z,2713.06,2714.72,2713.06,2714.72,93.2831,2714.16666667,1.18214286,0.05,0.9,0,TREND_UP,NORMAL,ALIGNED,HEALTHY,ALLOW
2026-09-29T10:26:00Z,2714.73,2714.76,2714.23,2714.68,76.8335,2714.55666667,1.10428571,0.05,0.9,0,TREND_DOWN,NORMAL,NEUTRAL,HEALTHY,ALLOW
2026-09-29T10:27:00Z,2714.68,2715.15,2714.68,2715.14,37.6857,2714.99,1.06285714,0.05,0.9,0,TREND_UP,NORMAL,ALIGNED,HEALTHY,ALLOW
2026-09-29T10:28:00Z,2715.14,2715.14,2714.05,2714.33,40.032,2714.50666667,1.01357143,0.05,0.9,0,TREND_DOWN,NORMAL,NEUTRAL,HEALTHY,ALLOW
2026-09-29T10:29:00Z,2714.32,2715.08,2714.32,2715.07,48.8798,2714.82333333,1.01071429,0.05,0.9,0,TREND_UP,NORMAL,ALIGNED,HEALTHY,ALLOW
2026-09-29T10:30:00Z,2715.07,2715.08,2713.68,2713.78,61.8657,2714.18,1.03642857,0.05,0.9,0,TREND_DOWN,NORMAL,NEUTRAL,HEALTHY,ALLOW
2026-09-29T10:31:00Z,2713.78,2713.79,2713.3,2713.38,42.4659,2713.49,1.00928571,0.05,0.9,0,TREND_DOWN,NORMAL,NEUTRAL,HEALTHY,ALLOW
2026-09-29T10:32:00Z,2713.38,2713.79,2711.67,2712.94,227.8157,2712.8,1.08071429,0.05,0.9,0,TREND_DOWN,NORMAL,NEUTRAL,HEALTHY,ALLOW
2026-09-29T10:33:00Z,2712.94,2713.35,2711.35,2711.35,62.7498,2712.01666667,1.20142857,0.05,0.9,0,TREND_DOWN,NORMAL,NEUTRAL,HEALTHY,ALLOW
2026-09-29T10:34:00Z,2711.36,2712.92,2711.17,2712.91,114.2762,2712.33333333,1.28571429,0.05,0.9,0,TREND_UP,NORMAL,ALIGNED,HEALTHY,ALLOW
2026-09-29T10:35:00Z,2712.91,2712.91,2711.9,2712.63,132.2836,2712.48,1.19071429,0.05,0.9,0,TREND_DOWN,NORMAL,NEUTRAL,HEALTHY,ALLOW
2026-09-29T10:36:00Z,2712.64,2712.89,2712.36,2712.89,39.3812,2712.71333333,1.14285714,0.05,0.9,0,TREND_UP,NORMAL,ALIGNED,HEALTHY,ALLOW
2026-09-29T10:37:00Z,2712.88,2713.51,2711.52,2712.04,123.8231,2712.35666667,1.19857143,0.05,0.9,0,TREND_DOWN,NORMAL,NEUTRAL,HEALTHY,ALLOW
2026-09-29T10:38:00Z,2712.05,2712.18,2711.52,2711.52,100.9676,2711.74,1.17571429,0.05,0.9,0,TREND_DOWN,NORMAL,NEUTRAL,HEALTHY,ALLOW
2026-09-29T10:39:00Z,2711.53,2711.99,2710.81,2711.98,92.3585,2711.59333333,1.14142857,0.05,0.9,0,TREND_UP,NORMAL,ALIGNED,HEALTHY,ALLOW
2026-09-29T10:40:00Z,2711.98,2713.79,2711.98,2713.62,53.844,2713.13,1.23285714,0.05,0.9,0,TREND_UP,NORMAL,ALIGNED,HEALTHY,ALLOW
2026-09-29T10:41:00Z,2713.62,2713.62,2711.52,2711.52,21.423,2712.22,1.34928571,0.05,0.9,0,TREND_DOWN,NORMAL,NEUTRAL,HEALTHY,ALLOW
2026-09-29T10:42:00Z,2711.52,2712.4,2711.37,2711.49,185.2887,2711.75333333,1.345,0.05,0.9,0,TREND_DOWN,NORMAL,NEUTRAL,HEALTHY,ALLOW
2026-09-29T10:43:00Z,2711.5,2711.57,2710.12,2710.62,166.5759,2710.77,1.39428571,0.05,0.9,0,TREND_DOWN,NORMAL,NEUTRAL,HEALTHY,ALLOW
2026-09-29T10:44:00Z,2710.61,2710.82,2710.3,2710.68,70.3114,2710.6,1.33142857,0.05,0.9,0,TREND_UP,NORMAL,ALIGNED,HEALTHY,ALLOW
2026-09-29T10:45:00Z,2710.67,2711.04,2709.78,2711.03,59.9487,2710.61666667,1.38642857,0.05,0.9,0,TREND_UP,NORMAL,ALIGNED,HEALTHY,ALLOW
2026-09-29T10:46:00Z,2711.04,2712.05,2711.04,2712.04,63.866,2711.71,1.30785714,0.05,0.9,0,TREND_UP,NORMAL,ALIGNED,HEALTHY,ALLOW
2026-09-29T10:47:00Z,2712.05,2712.05,2710.15,2711.01,37.9756,2711.07,1.30071429,0.05,0.9,0,TREND_DOWN,NORMAL,NEUTRAL,HEALTHY,ALLOW
2026-09-29T10:48:00Z,2711.0,2711.53,2710.67,2711.1,47.3424,2711.1,1.23714286,0.05,0.9,0,TREND_UP,NORMAL,ALIGNED,HEALTHY,ALLOW
2026-09-29T10:49:00Z,2711.09,2711.52,2711.09,2711.13,19.0505,2711.24666667,1.19571429,0.05,0.9,0,TREND_UP,NORMAL,ALIGNED,HEALTHY,ALLOW
2026-09-29T10:50:00Z,2711.13,2711.53,2711.09,2711.15,278.2074,2711.25666667,1.18928571,0.05,0.9,0,TREND_UP,NORMAL,ALIGNED,HEALTHY,ALLOW
2026-09-29T10:51:00Z,2711.15,2712.05,2711.15,2712.04,41.9499,2711.74666667,1.11142857,0.05,0.9,0,TREND_UP,NORMAL,ALIGNED,HEALTHY,ALLOW
2026-09-29T10:52:00Z,2712.04,2712.89,2712.04,2712.58,115.8404,2712.50333333,1.125,0.05,0.9,0,TREND_UP,NORMAL,ALIGNED,HEALTHY,ALLOW
2026-09-29T10:53:00Z,2712.59,2712.59,2712.4,2712.4,26.4027,2712.46333333,1.05428571,0.05,0.9,0,TREND_DOWN,NORMAL,NEUTRAL,HEALTHY,ALLOW
2026-09-29T10:54:00Z,2712.41,2712.53,2712.4,2712.52,15.0588,2712.48333333,0.93428571,0.05,0.9,0,TREND_UP,NORMAL,ALIGNED,HEALTHY,ALLOW
2026-09-29T10:55:00Z,2712.53,2713.38,2712.34,2713.03,30.8105,2712.91666667,0.85857143,0.05,0.9,0,TREND_UP,NORMAL,ALIGNED,HEALTHY,ALLOW
2026-09-29T10:56:00Z,2713.02,2713.39,2712.48,2712.48,33.9063,2712.78333333,0.85,0.05,0.9,0,TREND_DOWN,NORMAL,NEUTRAL,HEALTHY,ALLOW
2026-09-29T10:57:00Z,2712.48,2712.87,2712.02,2712.87,47.6572,2712.58666667,0.80714286,0.05,0.9,0,TREND_UP,NORMAL,ALIGNED,HEALTHY,ALLOW
2026-09-29T10:58:00Z,2712.86,2715.13,2712.86,2715.12,145.1652,2714.37,0.93214286,0.05,0.9,0,TREND_UP,NORMAL,ALIGNED,HEALTHY,ALLOW
2026-09-29T10:59:00Z,2715.13,2715.76,2714.8,2714.8,90.3683,2715.12,0.91071429,0.05,0.9,0,TREND_DOWN,NORMAL,NEUTRAL,HEALTHY,ALLOW
2026-09-29T11:00:00Z,2714.8,2715.24,2714.8,2715.23,77.2294,2715.09,0.86928571,0.05,0.9,0,TREND_UP,NORMAL,ALIGNED,HEALTHY,ALLOW
2026-09-29T11:01:00Z,2715.23,2717.78,2715.23,2716.98,185.8766,2716.66333333,0.91571429,0.05,0.9,0,TREND_UP,NORMAL,ALIGNED,HEALTHY,ALLOW
2026-09-29T11:02:00Z,2716.97,2716.97,2715.11,2716.01,90.3091,2716.03,0.98785714,0.05,0.9,0,TREND_DOWN,NORMAL,NEUTRAL,HEALTHY,ALLOW
2026-09-29T11:03:00Z,2716.01,2717.31,2715.31,2716.46,110.5523,2716.36,1.1,0.05,0.9,0,TREND_UP,NORMAL,ALIGNED,HEALTHY,ALLOW
2026-09-29T11:04:00Z,2716.46,2716.46,2715.13,2715.14,67.991,2715.57666667,1.16357143,0.05,0.9,0,TREND_DOWN,NORMAL,NEUTRAL,HEALTHY,ALLOW
2026-09-29T11:05:00Z,2715.13,2716.69,2714.75,2716.68,62.9361,2716.04,1.23785714,0.05,0.9,0,TREND_UP,NORMAL,ALIGNED,HEALTHY,ALLOW
2026-09-29T11:06:00Z,2716.68,2719.64,2716.68,2719.63,112.6957,2718.65,1.38857143,0.05,0.9,0,TREND_UP,NORMAL,ALIGNED,HEALTHY,ALLOW
2026-09-29T11:07:00Z,2719.63,2719.64,2718.12,2719.19,87.7101,2718.98333333,1.48357143,0.05,0.9,0,TREND_DOWN,NORMAL,NEUTRAL,HEALTHY,ALLOW
2026-09-29T11:08:00Z,2719.19,2721.0,2718.84,2718.85,585.1626,2719.56333333,1.62857143,0.05,0.9,0,TREND_DOWN,NORMAL,NEUTRAL,HEALTHY,ALLOW
2026-09-29T11:09:00Z,2718.85,2719.91,2718.27,2718.93,74.9494,2719.03666667,1.67142857,0.05,0.9,0,TREND_UP,NORMAL,ALIGNED,HEALTHY,ALLOW
2026-09-29T11:10:00Z,2718.94,2719.59,2717.12,2717.12,151.4313,2717.94333333,1.78285714,0.05,0.9,0,TREND_DOWN,NORMAL,NEUTRAL,HEALTHY,ALLOW
2026-09-29T11:11:00Z,2717.12,2718.91,2716.89,2717.87,183.273,2717.89,1.86642857,0.05,0.9,0,TREND_UP,NORMAL,ALIGNED,HEALTHY,ALLOW
2026-09-29T11:12:00Z,2717.88,2719.31,2717.46,2719.01,220.3671,2718.59333333,1.83642857,0.05,0.9,0,TREND_UP,NORMAL,ALIGNED,HEALTHY,ALLOW
2026-09-29T11:13:00Z,2719.0,2719.01,2717.58,2717.61,285.2991,2718.06666667,1.87,0.05,0.9,0,TREND_DOWN,NORMAL,NEUTRAL,HEALTHY,ALLOW
2026-09-29T11:14:00Z,2717.61,2717.62,2716.43,2717.2,32.0121,2717.08333333,1.92357143,0.05,0.9,0,TREND_DOWN,NORMAL,NEUTRAL,HEALTHY,ALLOW
2026-09-29T11:15:00Z,2717.19,2717.73,2715.15,2715.15,54.5464,2716.01,1.92571429,0.05,0.9,0,TREND_DOWN,NORMAL,NEUTRAL,HEALTHY,ALLOW
2026-09-29T11:16:00Z,2715.14,2716.34,2715.14,2716.33,44.129,2715.93666667,1.87785714,0.05,0.9,0,TREND_UP,NORMAL,ALIGNED,HEALTHY,ALLOW
2026-09-29T11:17:00Z,2716.34,2716.88,2716.34,2716.79,169.7553,2716.67,1.77428571,0.05,0.9,0,TREND_UP,NORMAL,ALIGNED,HEALTHY,ALLOW
2026-09-29T11:18:00Z,2716.8,2718.42,2716.79,2718.41,107.1207,2717.87333333,1.79571429,0.05,0.9,0,TREND_UP,NORMAL,ALIGNED,HEALTHY,ALLOW
2026-09-29T11:19:00Z,2718.42,2718.56,2716.79,2716.79,196.6904,2717.38,1.78357143,0.05,0.9,0,TREND_DOWN,NORMAL,NEUTRAL,HEALTHY,ALLOW
2026-09-29T11:20:00Z,2716.79,2717.46,2715.57,2717.46,102.0033,2716.83,1.70714286,0.05,0.9,0,TREND_UP,NORMAL,ALIGNED,HEALTHY,ALLOW
2026-09-29T11:21:00Z,2717.45,2717.81,2716.39,2717.8,50.8627,2717.33333333,1.7,0.05,0.9,0,TREND_UP,NORMAL,ALIGNED,HEALTHY,ALLOW
2026-09-29T11:22:00Z,2717.81,2718.17,2717.8,2717.88,38.3636,2717.95,1.57214286,0.05,0.9,0,TREND_UP,NORMAL,ALIGNED,HEALTHY,ALLOW
2026-09-29T11:23:00Z,2717.89,2718.09,2717.17,2717.73,46.8216,2717.66333333,1.52071429,0.05,0.9,0,TREND_DOWN,NORMAL,NEUTRAL,HEALTHY,ALLOW
2026-09-29T11:24:00Z,2717.73,2718.25,2717.61,2718.09,28.6954,2717.98333333,1.39,0.05,0.9,0,TREND_UP,NORMAL,ALIGNED,HEALTHY,ALLOW
2026-09-29T11:25:00Z,2718.08,2718.36,2717.17,2717.17,70.0248,2717.56666667,1.33071429,0.05,0.9,0,TREND_DOWN,NORMAL,NEUTRAL,HEALTHY,ALLOW
2026-09-29T11:26:00Z,2717.18,2718.64,2717.17,2718.63,129.8653,2718.14666667,1.30357143,0.05,0.9,0,TREND_UP,NORMAL,ALIGNED,HEALTHY,ALLOW
2026-09-29T11:27:00Z,2718.64,2719.37,2717.88,2719.36,114.3806,2718.87,1.30785714,0.05,0.9,0,TREND_UP,NORMAL,ALIGNED,HEALTHY,ALLOW
2026-09-29T11:28:00Z,2719.37,2719.37,2719.0,2719.0,78.6437,2719.12333333,1.24928571,0.05,0.9,0,TREND_DOWN,NORMAL,NEUTRAL,HEALTHY,ALLOW
2026-09-29T11:29:00Z,2719.0,2719.01,2718.43,2718.43,27.524,2718.62333333,1.10642857,0.05,0.9,0,TREND_DOWN,NORMAL,NEUTRAL,HEALTHY,ALLOW
2026-09-29T11:30:00Z,2718.43,2720.48,2718.43,2720.35,143.0776,2719.75333333,1.16714286,0.05,0.9,0,TREND_UP,NORMAL,ALIGNED,HEALTHY,ALLOW
2026-09-29T11:31:00Z,2720.36,2720.89,2720.18,2720.56,115.7038,2720.54333333,1.17857143,0.05,0.9,0,TREND_UP,NORMAL,ALIGNED,HEALTHY,ALLOW
2026-09-29T11:32:00Z,2720.56,2725.48,2720.55,2725.48,473.6333,2723.83666667,1.41428571,0.05,0.9,0,TREND_UP,NORMAL,ALIGNED,HEALTHY,ALLOW
2026-09-29T11:33:00Z,2725.49,2727.47,2724.48,2727.46,286.8944,2726.47,1.50142857,0.05,0.9,0,TREND_UP,NORMAL,ALIGNED,HEALTHY,ALLOW
2026-09-29T11:34:00Z,2727.46,2728.57,2726.79,2728.54,360.7536,2727.96666667,1.49357143,0.05,0.9,0,TREND_UP,NORMAL,ALIGNED,HEALTHY,ALLOW
2026-09-29T11:35:00Z,2728.53,2730.6,2727.18,2730.47,941.5363,2729.41666667,1.63642857,0.05,0.9,0,TREND_UP,NORMAL,ALIGNED,HEALTHY,ALLOW
2026-09-29T11:36:00Z,2730.47,2732.0,2728.1,2728.1,422.9689,2729.4,1.88857143,0.05,0.9,0,TREND_DOWN,NORMAL,NEUTRAL,HEALTHY,ALLOW
2026-09-29T11:37:00Z,2728.11,2728.81,2725.28,2725.55,231.8928,2726.54666667,2.075,0.05,0.9,0,TREND_DOWN,NORMAL,NEUTRAL,HEALTHY,ALLOW
2026-09-29T11:38:00Z,2725.55,2727.37,2724.99,2727.09,185.9044,2726.48333333,2.19928571,0.05,0.9,0,TREND_UP,NORMAL,ALIGNED,HEALTHY,ALLOW
2026-09-29T11:39:00Z,2727.05,2727.28,2725.53,2725.54,92.3758,2726.11666667,2.23928571,0.05,0.9,0,TREND_DOWN,NORMAL,NEUTRAL,HEALTHY,ALLOW
2026-09-29T11:40:00Z,2725.55,2725.94,2724.5,2724.51,156.9163,2724.98333333,2.23714286,0.05,0.9,0,TREND_DOWN,NORMAL,NEUTRAL,HEALTHY,ALLOW
2026-09-29T11:41:00Z,2724.5,2724.5,2722.99,2723.13,234.408,2723.54,2.23928571,0.05,0.9,0,TREND_DOWN,NORMAL,NEUTRAL,HEALTHY,ALLOW
2026-09-29T11:42:00Z,2723.13,2723.14,2721.44,2721.68,210.3244,2722.08666667,2.33428571,0.05,0.9,0,TREND_DOWN,NORMAL,NEUTRAL,HEALTHY,ALLOW
2026-09-29T11:43:00Z,2721.68,2723.75,2721.67,2723.2,109.1902,2722.87333333,2.44142857,0.05,0.9,0,TREND_UP,NORMAL,ALIGNED,HEALTHY,ALLOW
2026-09-29T11:44:00Z,2723.21,2724.98,2722.96,2724.97,185.2884,2724.30333333,2.43928571,0.05,0.9,0,TREND_UP,NORMAL,ALIGNED,HEALTHY,ALLOW
2026-09-29T11:45:00Z,2724.98,2726.2,2724.07,2725.37,165.5864,2725.21333333,2.54071429,0.05,0.9,0,TREND_UP,NORMAL,ALIGNED,HEALTHY,ALLOW
2026-09-29T11:46:00Z,2725.37,2728.28,2725.36,2728.27,200.7047,2727.30333333,2.39714286,0.05,0.9,0,TREND_UP,NORMAL,ALIGNED,HEALTHY,ALLOW
2026-09-29T11:47:00Z,2728.27,2729.34,2727.97,2728.51,97.8835,2728.60666667,2.28142857,0.05,0.9,0,TREND_UP,NORMAL,ALIGNED,HEALTHY,ALLOW
2026-09-29T11:48:00Z,2728.51,2729.18,2728.49,2729.18,107.6359,2728.95,2.20357143,0.05,0.9,0,TREND_UP,NORMAL,ALIGNED,HEALTHY,ALLOW
2026-09-29T11:49:00Z,2729.17,2733.88,2727.52,2733.36,929.0779,2731.58666667,2.41357143,0.05,0.9,0,TREND_UP,NORMAL,ALIGNED,HEALTHY,ALLOW
2026-09-29T11:50:00Z,2733.36,2738.51,2731.38,2736.03,2317.1147,2735.30666667,2.64428571,0.05,0.9,0,TREND_UP,NORMAL,ALIGNED,HEALTHY,ALLOW
2026-09-29T11:51:00Z,2736.03,2737.5,2727.79,2728.57,1160.6366,2731.28666667,3.08571429,0.05,0.9,0,TREND_DOWN,NORMAL,NEUTRAL,HEALTHY,ALLOW
2026-09-29T11:52:00Z,2728.58,2733.94,2728.57,2732.62,548.2061,2731.71,3.29928571,0.05,0.9,0,TREND_UP,NORMAL,ALIGNED,HEALTHY,ALLOW
2026-09-29T11:53:00Z,2732.61,2733.73,2732.31,2732.31,226.8458,2732.78333333,3.27571429,0.05,0.9,0,TREND_DOWN,NORMAL,NEUTRAL,HEALTHY,ALLOW
2026-09-29T11:54:00Z,2732.3,2735.57,2730.67,2735.36,579.0189,2733.86666667,3.52285714,0.05,0.9,0,TREND_UP,NORMAL,ALIGNED,HEALTHY,ALLOW
2026-09-29T11:55:00Z,2735.36,2735.36,2733.55,2733.55,222.0948,2734.15333333,3.54357143,0.05,0.9,0,TREND_DOWN,NORMAL,NEUTRAL,HEALTHY,ALLOW
2026-09-29T11:56:00Z,2733.55,2735.53,2733.51,2735.01,222.905,2734.68333333,3.56642857,0.05,0.9,0,TREND_UP,NORMAL,ALIGNED,HEALTHY,ALLOW
2026-09-29T11:57:00Z,2735.0,2735.33,2733.09,2733.09,137.0686,2733.83666667,3.57785714,0.05,0.9,0,TREND_DOWN,NORMAL,NEUTRAL,HEALTHY,ALLOW
2026-09-29T11:58:00Z,2733.1,2734.93,2733.1,2733.87,923.2758,2733.96666667,3.565,0.05,0.9,0,TREND_UP,NORMAL,ALIGNED,HEALTHY,ALLOW
2026-09-29T11:59:00Z,2733.87,2733.94,2732.3,2732.47,377.9002,2732.90333333,3.53,0.05,0.9,0,TREND_DOWN,NORMAL,NEUTRAL,HEALTHY,ALLOW
2026-09-29T12:00:00Z,2732.47,2732.56,2729.94,2731.84,327.4565,2731.44666667,3.50857143,0.05,0.9,0,TREND_DOWN,NORMAL,NEUTRAL,HEALTHY,ALLOW
2026-09-29T12:01:00Z,2731.83,2733.74,2731.83,2732.84,149.078,2732.80333333,3.54714286,0.05,0.9,0,TREND_UP,NORMAL,ALIGNED,HEALTHY,ALLOW
2026-09-29T12:02:00Z,2732.83,2732.83,2730.84,2731.72,512.4643,2731.79666667,3.64071429,0.05,0.9,0,TREND_DOWN,NORMAL,NEUTRAL,HEALTHY,ALLOW
2026-09-29T12:03:00Z,2731.7,2732.57,2730.37,2730.37,725.0128,2731.10333333,3.34357143,0.05,0.9,0,TREND_DOWN,NORMAL,NEUTRAL,HEALTHY,ALLOW
2026-09-29T12:04:00Z,2730.37,2732.2,2730.37,2731.37,183.151,2731.31333333,2.965,0.05,0.9,0,TREND_UP,NORMAL,ALIGNED,HEALTHY,ALLOW
2026-09-29T12:05:00Z,2731.37,2731.53,2729.68,2731.27,606.2796,2730.82666667,2.40357143,0.05,0.9,0,TREND_DOWN,NORMAL,NEUTRAL,HEALTHY,ALLOW
2026-09-29T12:06:00Z,2731.28,2731.28,2729.63,2730.0,141.8678,2730.30333333,2.13785714,0.05,0.9,0,TREND_DOWN,NORMAL,NEUTRAL,HEALTHY,ALLOW
2026-09-29T12:07:00Z,2729.99,2731.86,2729.99,2731.68,222.994,2731.17666667,2.17,0.05,0.9,0,TREND_UP,NORMAL,ALIGNED,HEALTHY,ALLOW
2026-09-29T12:08:00Z,2731.68,2731.68,2730.14,2730.14,402.4062,2730.65333333,1.93,0.05,0.9,0,TREND_DOWN,NORMAL,NEUTRAL,HEALTHY,ALLOW
2026-09-29T12:09:00Z,2730.14,2731.0,2729.63,2730.14,139.1783,2730.25666667,1.89857143,0.05,0.9,0,TREND_UP,NORMAL,ALIGNED,HEALTHY,ALLOW
2026-09-29T12:10:00Z,2730.13,2730.64,2730.0,2730.28,32.3342,2730.30666667,1.8,0.05,0.9,0,TREND_UP,NORMAL,ALIGNED,HEALTHY,ALLOW
2026-09-29T12:11:00Z,2730.29,2730.29,2729.63,2729.88,59.8185,2729.93333333,1.68714286,0.05,0.9,0,TREND_DOWN,NORMAL,NEUTRAL,HEALTHY,ALLOW
2026-09-29T12:12:00Z,2729.88,2731.0,2729.72,2729.74,81.0879,2730.15333333,1.64714286,0.05,0.9,0,TREND_DOWN,NORMAL,NEUTRAL,HEALTHY,ALLOW
2026-09-29T12:13:00Z,2729.75,2732.86,2729.74,2731.92,149.4005,2731.50666667,1.75285714,0.05,0.9,0,TREND_UP,NORMAL,ALIGNED,HEALTHY,ALLOW
2026-09-29T12:14:00Z,2731.93,2732.68,2731.85,2731.85,74.4854,2732.12666667,1.625,0.05,0.9,0,TREND_DOWN,NORMAL,NEUTRAL,HEALTHY,ALLOW
2026-09-29T12:15:00Z,2731.85,2737.87,2731.85,2736.21,824.0106,2735.31,1.91857143,0.05,0.9,0,TREND_UP,NORMAL,ALIGNED,HEALTHY,ALLOW
2026-09-29T12:16:00Z,2736.21,2740.7,2736.21,2740.28,1655.334,2739.06333333,2.09642857,0.05,0.9,0,TREND_UP,NORMAL,ALIGNED,HEALTHY,ALLOW
2026-09-29T12:17:00Z,2740.28,2744.87,2738.48,2744.46,2573.3842,2742.60333333,2.39571429,0.05,0.9,0,TREND_UP,NORMAL,ALIGNED,HEALTHY,ALLOW
2026-09-29T12:18:00Z,2744.47,2748.6,2742.16,2744.02,8026.2806,2744.92666667,2.725,0.05,0.9,0,TREND_DOWN,NORMAL,NEUTRAL,HEALTHY,ALLOW
2026-09-29T12:19:00Z,2744.03,2744.44,2735.39,2736.35,751.2808,2738.72666667,3.23928571,0.05,0.9,0,TREND_DOWN,NORMAL,NEUTRAL,HEALTHY,ALLOW
2026-09-29T12:20:00Z,2736.35,2736.67,2732.91,2734.4,793.8454,2734.66,3.39,0.05,0.9,0,TREND_DOWN,NORMAL,NEUTRAL,HEALTHY,ALLOW
2026-09-29T12:21:00Z,2734.41,2735.47,2733.14,2733.15,250.9055,2733.92,3.42285714,0.05,0.9,0,TREND_DOWN,NORMAL,NEUTRAL,HEALTHY,ALLOW
2026-09-29T12:22:00Z,2733.15,2735.89,2732.96,2734.41,130.0603,2734.42,3.52214286,0.05,0.9,0,TREND_UP,NORMAL,ALIGNED,HEALTHY,ALLOW
2026-09-29T12:23:00Z,2734.42,2735.48,2734.2,2735.24,334.4347,2734.97333333,3.51571429,0.05,0.9,0,TREND_UP,NORMAL,ALIGNED,HEALTHY,ALLOW
2026-09-29T12:24:00Z,2735.24,2735.41,2733.73,2734.52,483.3548,2734.55333333,3.59,0.05,0.9,0,TREND_DOWN,NORMAL,NEUTRAL,HEALTHY,ALLOW
2026-09-29T12:25:00Z,2734.52,2734.66,2732.22,2732.9,132.0659,2733.26,3.71714286,0.05,0.9,0,TREND_DOWN,NORMAL,NEUTRAL,HEALTHY,ALLOW
2026-09-29T12:26:00Z,2732.9,2734.99,2732.52,2734.99,170.6788,2734.16666667,3.80214286,0.05,0.9,0,TREND_UP,NORMAL,ALIGNED,HEALTHY,ALLOW
2026-09-29T12:27:00Z,2735.0,2737.61,2734.99,2736.37,185.7138,2736.32333333,3.76642857,0.05,0.9,0,TREND_UP,NORMAL,ALIGNED,HEALTHY,ALLOW
2026-09-29T12:28:00Z,2736.38,2737.22,2734.76,2735.97,84.2256,2735.98333333,3.88285714,0.05,0.9,0,TREND_DOWN,NORMAL,NEUTRAL,HEALTHY,ALLOW
2026-09-29T12:29:00Z,2735.98,2737.21,2735.75,2737.21,133.6797,2736.72333333,3.55714286,0.05,0.9,0,TREND_UP,NORMAL,ALIGNED,HEALTHY,ALLOW
2026-09-29T12:30:00Z,2737.2,2739.8,2736.82,2739.63,219.1118,2738.75,3.44928571,0.05,0.9,0,TREND_UP,NORMAL,ALIGNED,HEALTHY,ALLOW
2026-09-29T12:31:00Z,2739.62,2740.64,2738.45,2740.09,420.1056,2739.72666667,3.14928571,0.05,0.9,0,TREND_UP,NORMAL,ALIGNED,HEALTHY,ALLOW
2026-09-29T12:32:00Z,2740.09,2741.32,2739.29,2739.29,1234.8092,2739.96666667,2.83428571,0.05,0.9,0,TREND_DOWN,NORMAL,NEUTRAL,HEALTHY,ALLOW
2026-09-29T12:33:00Z,2739.29,2740.61,2739.29,2739.65,265.5953,2739.85,2.28214286,0.05,0.9,0,TREND_UP,NORMAL,ALIGNED,HEALTHY,ALLOW
2026-09-29T12:34:00Z,2739.65,2741.23,2739.64,2740.47,150.4334,2740.44666667,2.12714286,0.05,0.9,0,TREND_UP,NORMAL,ALIGNED,HEALTHY,ALLOW
2026-09-29T12:35:00Z,2740.48,2742.27,2737.37,2738.93,685.7322,2739.52333333,2.31071429,0.05,0.9,0,TREND_DOWN,NORMAL,NEUTRAL,HEALTHY,ALLOW
2026-09-29T12:36:00Z,2738.94,2739.48,2738.09,2739.39,316.2126,2738.98666667,2.20071429,0.05,0.9,0,TREND_UP,NORMAL,ALIGNED,HEALTHY,ALLOW
2026-09-29T12:37:00Z,2739.39,2743.36,2739.39,2743.35,481.7384,2742.03333333,2.39285714,0.05,0.9,0,TREND_UP,NORMAL,ALIGNED,HEALTHY,ALLOW
2026-09-29T12:38:00Z,2743.35,2744.89,2743.32,2744.13,425.1549,2744.11333333,2.385,0.05,0.9,0,TREND_UP,NORMAL,ALIGNED,HEALTHY,ALLOW
2026-09-29T12:39:00Z,2744.13,2744.47,2743.1,2743.1,636.1842,2743.55666667,2.30857143,0.05,0.9,0,TREND_DOWN,NORMAL,NEUTRAL,HEALTHY,ALLOW
2026-09-29T12:40:00Z,2743.1,2743.1,2739.27,2740.79,699.9866,2741.05333333,2.40571429,0.05,0.9,0,TREND_DOWN,NORMAL,NEUTRAL,HEALTHY,ALLOW
2026-09-29T12:41:00Z,2740.79,2742.47,2740.67,2741.76,333.0824,2741.63333333,2.34714286,0.05,0.9,0,TREND_UP,NORMAL,ALIGNED,HEALTHY,ALLOW
2026-09-29T12:42:00Z,2741.77,2742.3,2739.65,2739.83,236.6233,2740.59333333,2.36071429,0.05,0.9,0,TREND_DOWN,NORMAL,NEUTRAL,HEALTHY,ALLOW
2026-09-29T12:43:00Z,2739.84,2740.56,2739.31,2739.31,86.2191,2739.72666667,2.34571429,0.05,0.9,0,TREND_DOWN,NORMAL,NEUTRAL,HEALTHY,ALLOW
2026-09-29T12:44:00Z,2739.31,2739.75,2738.45,2739.75,151.1719,2739.31666667,2.22571429,0.05,0.9,0,TREND_UP,NORMAL,ALIGNED,HEALTHY,ALLOW
2026-09-29T12:45:00Z,2739.74,2739.93,2736.12,2736.15,195.6805,2737.4,2.34142857,0.05,0.9,0,TREND_DOWN,NORMAL,NEUTRAL,HEALTHY,ALLOW
2026-09-29T12:46:00Z,2736.15,2736.88,2735.44,2736.02,156.115,2736.11333333,2.29928571,0.05,0.9,0,TREND_DOWN,NORMAL,NEUTRAL,HEALTHY,ALLOW
2026-09-29T12:47:00Z,2736.03,2738.3,2736.03,2737.47,608.4333,2737.26666667,2.36785714,0.05,0.9,0,TREND_UP,NORMAL,ALIGNED,HEALTHY,ALLOW
2026-09-29T12:48:00Z,2737.46,2738.05,2736.5,2738.05,188.8881,2737.53333333,2.365,0.05,0.9,0,TREND_UP,NORMAL,ALIGNED,HEALTHY,ALLOW
2026-09-29T12:49:00Z,2738.05,2738.06,2736.9,2736.9,351.3867,2737.28666667,2.09785714,0.05,0.9,0,TREND_DOWN,NORMAL,NEUTRAL,HEALTHY,ALLOW
2026-09-29T12:50:00Z,2736.9,2736.9,2734.44,2734.44,93.4342,2735.26,2.17428571,0.05,0.9,0,TREND_DOWN,NORMAL,NEUTRAL,HEALTHY,ALLOW
2026-09-29T12:51:00Z,2734.43,2735.25,2733.73,2735.24,114.7633,2734.74,1.99928571,0.05,0.9,0,TREND_UP,NORMAL,ALIGNED,HEALTHY,ALLOW
2026-09-29T12:52:00Z,2735.24,2737.4,2735.24,2736.57,101.6577,2736.40333333,2.04142857,0.05,0.9,0,TREND_UP,NORMAL,ALIGNED,HEALTHY,ALLOW
2026-09-29T12:53:00Z,2736.58,2736.58,2734.48,2734.49,87.0264,2735.18333333,2.09357143,0.05,0.9,0,TREND_DOWN,NORMAL,NEUTRAL,HEALTHY,ALLOW
2026-09-29T12:54:00Z,2734.49,2736.22,2734.49,2736.21,158.1089,2735.64,1.94357143,0.05,0.9,0,TREND_UP,NORMAL,ALIGNED,HEALTHY,ALLOW
2026-09-29T12:55:00Z,2736.22,2736.37,2734.99,2735.44,127.1819,2735.6,1.91357143,0.05,0.9,0,TREND_DOWN,NORMAL,NEUTRAL,HEALTHY,ALLOW
2026-09-29T12:56:00Z,2735.44,2737.71,2735.44,2736.99,235.9939,2736.71333333,1.88642857,0.05,0.9,0,TREND_UP,NORMAL,ALIGNED,HEALTHY,ALLOW
2026-09-29T12:57:00Z,2736.99,2737.0,2736.38,2736.59,137.7827,2736.65666667,1.84142857,0.05,0.9,0,TREND_DOWN,NORMAL,NEUTRAL,HEALTHY,ALLOW
2026-09-29T12:58:00Z,2736.59,2736.83,2735.22,2735.48,838.6706,2735.84333333,1.86357143,0.05,0.9,0,TREND_DOWN,NORMAL,NEUTRAL,HEALTHY,ALLOW
2026-09-29T12:59:00Z,2735.48,2737.95,2735.48,2736.83,127.8212,2736.75333333,1.76785714,0.05,0.9,0,TREND_UP,NORMAL,ALIGNED,HEALTHY,ALLOW
2026-09-29T13:00:00Z,2736.83,2738.96,2736.4,2736.41,217.5934,2737.25666667,1.84785714,0.05,0.9,0,TREND_DOWN,NORMAL,NEUTRAL,HEALTHY,ALLOW
2026-09-29T13:01:00Z,2736.41,2736.83,2733.76,2736.83,151.0566,2735.80666667,1.90428571,0.05,0.9,0,TREND_UP,NORMAL,ALIGNED,HEALTHY,ALLOW
2026-09-29T13:02:00Z,2736.82,2737.76,2736.82,2737.59,148.3445,2737.39,1.86071429,0.05,0.9,0,TREND_UP,NORMAL,ALIGNED,HEALTHY,ALLOW
2026-09-29T13:03:00Z,2737.59,2738.14,2735.78,2735.78,116.5443,2736.56666667,1.94642857,0.05,0.9,0,TREND_DOWN,NORMAL,NEUTRAL,HEALTHY,ALLOW
2026-09-29T13:04:00Z,2735.79,2737.68,2735.62,2737.23,141.5334,2736.84333333,1.91785714,0.05,0.9,0,TREND_UP,NORMAL,ALIGNED,HEALTHY,ALLOW
2026-09-29T13:05:00Z,2737.23,2738.47,2736.91,2737.88,103.8697,2737.75333333,1.92071429,0.05,0.9,0,TREND_UP,NORMAL,ALIGNED,HEALTHY,ALLOW
2026-09-29T13:06:00Z,2737.87,2737.87,2736.47,2737.29,141.8019,2737.21,1.86714286,0.05,0.9,0,TREND_DOWN,NORMAL,NEUTRAL,HEALTHY,ALLOW
2026-09-29T13:07:00Z,2737.29,2738.0,2737.08,2737.99,116.307,2737.69,1.78285714,0.05,0.9,0,TREND_UP,NORMAL,ALIGNED,HEALTHY,ALLOW
2026-09-29T13:08:00Z,2737.99,2739.0,2737.83,2738.08,77.9156,2738.30333333,1.74285714,0.05,0.9,0,TREND_UP,NORMAL,ALIGNED,HEALTHY,ALLOW
2026-09-29T13:09:00Z,2738.09,2740.53,2738.08,2740.53,332.5307,2739.71333333,1.81928571,0.05,0.9,0,TREND_UP,NORMAL,ALIGNED,HEALTHY,ALLOW
2026-09-29T13:10:00Z,2740.53,2740.72,2738.37,2738.37,1349.6778,2739.15333333,1.825,0.05,0.9,0,TREND_DOWN,NORMAL,NEUTRAL,HEALTHY,ALLOW
2026-09-29T13:11:00Z,2738.37,2738.37,2736.52,2737.28,214.0801,2737.39,1.91285714,0.05,0.9,0,TREND_DOWN,NORMAL,NEUTRAL,HEALTHY,ALLOW
2026-09-29T13:12:00Z,2737.28,2737.62,2736.53,2736.82,54.954,2736.99,1.87571429,0.05,0.9,0,TREND_DOWN,NORMAL,NEUTRAL,HEALTHY,ALLOW
2026-09-29T13:13:00Z,2736.82,2737.13,2736.53,2736.53,121.8335,2736.73,1.74214286,0.05,0.9,0,TREND_DOWN,NORMAL,NEUTRAL,HEALTHY,ALLOW
2026-09-29T13:14:00Z,2736.53,2737.33,2736.1,2736.43,168.3466,2736.62,1.64714286,0.05,0.9,0,TREND_DOWN,NORMAL,NEUTRAL,HEALTHY,ALLOW
2026-09-29T13:15:00Z,2736.43,2737.29,2732.94,2733.9,1367.479,2734.71,1.73857143,0.05,0.9,0,TREND_DOWN,NORMAL,NEUTRAL,HEALTHY,ALLOW
2026-09-29T13:16:00Z,2733.91,2735.8,2733.91,2735.55,114.0823,2735.08666667,1.80714286,0.05,0.9,0,TREND_UP,NORMAL,ALIGNED,HEALTHY,ALLOW
2026-09-29T13:17:00Z,2735.55,2736.0,2734.82,2735.99,93.7196,2735.60333333,1.72285714,0.05,0.9,0,TREND_UP,NORMAL,ALIGNED,HEALTHY,ALLOW
2026-09-29T13:18:00Z,2736.0,2736.73,2734.32,2734.35,86.6344,2735.13333333,1.74785714,0.05,0.9,0,TREND_DOWN,NORMAL,NEUTRAL,HEALTHY,ALLOW
2026-09-29T13:19:00Z,2734.38,2735.22,2734.38,2735.18,51.7256,2734.92666667,1.69857143,0.05,0.9,0,TREND_UP,NORMAL,ALIGNED,HEALTHY,ALLOW
2026-09-29T13:20:00Z,2735.19,2735.19,2734.38,2734.38,93.9972,2734.65,1.65571429,0.05,0.9,0,TREND_DOWN,NORMAL,NEUTRAL,HEALTHY,ALLOW
2026-09-29T13:21:00Z,2734.38,2734.92,2733.98,2734.44,166.8573,2734.44666667,1.65714286,0.05,0.9,0,TREND_UP,NORMAL,ALIGNED,HEALTHY,ALLOW
2026-09-29T13:22:00Z,2734.44,2734.68,2733.77,2734.68,41.969,2734.37666667,1.63857143,0.05,0.9,0,TREND_UP,NORMAL,ALIGNED,HEALTHY,ALLOW
2026-09-29T13:23:00Z,2734.68,2735.19,2734.58,2735.05,97.3826,2734.94,1.50714286,0.05,0.9,0,TREND_UP,NORMAL,ALIGNED,HEALTHY,ALLOW
2026-09-29T13:24:00Z,2735.05,2736.21,2734.79,2736.2,176.0676,2735.73333333,1.44071429,0.05,0.9,0,TREND_UP,NORMAL,ALIGNED,HEALTHY,ALLOW
2026-09-29T13:25:00Z,2736.2,2738.25,2734.46,2734.54,185.7583,2735.75,1.57928571,0.05,0.9,0,TREND_DOWN,NORMAL,NEUTRAL,HEALTHY,ALLOW
2026-09-29T13:26:00Z,2734.49,2735.19,2733.14,2734.61,148.0002,2734.31333333,1.64785714,0.05,0.9,0,TREND_UP,NORMAL,ALIGNED,HEALTHY,ALLOW
2026-09-29T13:27:00Z,2734.61,2737.98,2733.76,2737.66,147.2497,2736.46666667,1.90642857,0.05,0.9,0,TREND_UP,NORMAL,ALIGNED,HEALTHY,ALLOW
2026-09-29T13:28:00Z,2737.66,2739.28,2736.44,2737.22,755.6612,2737.64666667,2.02142857,0.05,0.9,0,TREND_DOWN,NORMAL,NEUTRAL,HEALTHY,ALLOW
2026-09-29T13:29:00Z,2737.22,2738.68,2736.77,2737.22,113.2818,2737.55666667,1.84714286,0.05,0.9,0,TREND_UP,NORMAL,ALIGNED,HEALTHY,ALLOW
2026-09-29T13:30:00Z,2737.23,2737.23,2729.62,2732.38,522.6356,2733.07666667,2.255,0.05,0.9,0,TREND_DOWN,NORMAL,NEUTRAL,HEALTHY,ALLOW
2026-09-29T13:31:00Z,2732.37,2734.45,2728.7,2729.24,327.1835,2730.79666667,2.58142857,0.05,0.9,0,TREND_DOWN,NORMAL,NEUTRAL,HEALTHY,ALLOW
2026-09-29T13:32:00Z,2729.23,2731.39,2726.36,2726.88,348.3212,2728.21,2.76857143,0.05,0.9,0,TREND_DOWN,NORMAL,NEUTRAL,HEALTHY,ALLOW
2026-09-29T13:33:00Z,2726.88,2727.54,2724.24,2724.71,1267.698,2725.49666667,2.94214286,0.05,0.9,0,TREND_DOWN,NORMAL,NEUTRAL,HEALTHY,ALLOW
2026-09-29T13:34:00Z,2724.72,2728.2,2723.98,2727.65,518.4046,2726.61,3.18571429,0.05,0.9,0,TREND_UP,NORMAL,ALIGNED,HEALTHY,ALLOW
2026-09-29T13:35:00Z,2727.65,2729.24,2721.63,2721.63,595.6881,2724.16666667,3.66214286,0.05,0.9,0,TREND_DOWN,NORMAL,NEUTRAL,HEALTHY,ALLOW
2026-09-29T13:36:00Z,2721.63,2727.5,2721.63,2725.77,336.4572,2724.96666667,4.01642857,0.05,0.9,0,TREND_UP,NORMAL,ALIGNED,HEALTHY,ALLOW
2026-09-29T13:37:00Z,2725.78,2729.1,2725.78,2727.68,317.1836,2727.52,4.21071429,0.05,0.9,0,TREND_UP,NORMAL,ALIGNED,HEALTHY,ALLOW
2026-09-29T13:38:00Z,2727.68,2728.96,2726.65,2728.95,315.8773,2728.18666667,4.27428571,0.05,0.9,0,TREND_UP,NORMAL,ALIGNED,HEALTHY,ALLOW
2026-09-29T13:39:00Z,2728.96,2730.8,2728.69,2729.49,214.148,2729.66,4.15428571,0.05,0.9,0,TREND_UP,NORMAL,ALIGNED,HEALTHY,ALLOW
2026-09-29T13:40:00Z,2729.49,2730.2,2726.59,2726.74,1166.0979,2727.84333333,4.26571429,0.05,0.9,0,TREND_DOWN,NORMAL,NEUTRAL,HEALTHY,ALLOW
2026-09-29T13:41:00Z,2726.73,2727.93,2726.64,2727.3,136.9785,2727.29,4.05642857,0.05,0.9,0,TREND_UP,NORMAL,ALIGNED,HEALTHY,ALLOW
2026-09-29T13:42:00Z,2727.3,2729.14,2726.67,2727.28,208.0919,2727.69666667,4.03,0.05,0.9,0,TREND_DOWN,NORMAL,NEUTRAL,HEALTHY,ALLOW
2026-09-29T13:43:00Z,2727.28,2731.0,2724.48,2724.48,680.6775,2726.65333333,4.35928571,0.05,0.9,0,TREND_DOWN,NORMAL,NEUTRAL,HEALTHY,ALLOW
2026-09-29T13:44:00Z,2724.49,2727.01,2724.44,2725.89,166.9167,2725.78,3.99928571,0.05,0.9,0,TREND_UP,NORMAL,ALIGNED,HEALTHY,ALLOW
2026-09-29T13:45:00Z,2725.9,2727.35,2724.48,2724.64,147.0838,2725.49,3.79357143,0.05,0.9,0,TREND_DOWN,NORMAL,NEUTRAL,HEALTHY,ALLOW
2026-09-29T13:46:00Z,2724.65,2726.49,2722.04,2722.04,378.7042,2723.52333333,3.75214286,0.05,0.9,0,TREND_DOWN,NORMAL,NEUTRAL,HEALTHY,ALLOW
2026-09-29T13:47:00Z,2722.03,2724.98,2721.5,2723.48,287.6331,2723.32,3.765,0.05,0.9,0,TREND_UP,NORMAL,ALIGNED,HEALTHY,ALLOW
2026-09-29T13:48:00Z,2723.48,2724.98,2722.04,2722.32,336.4217,2723.11333333,3.67357143,0.05,0.9,0,TREND_DOWN,NORMAL,NEUTRAL,HEALTHY,ALLOW
2026-09-29T13:49:00Z,2722.33,2725.95,2722.29,2725.94,177.0112,2724.72666667,3.39142857,0.05,0.9,0,TREND_UP,NORMAL,ALIGNED,HEALTHY,ALLOW
2026-09-29T13:50:00Z,2725.95,2727.22,2723.34,2725.87,271.4465,2725.47666667,3.24928571,0.05,0.9,0,TREND_DOWN,NORMAL,NEUTRAL,HEALTHY,ALLOW
2026-09-29T13:51:00Z,2725.87,2727.75,2725.59,2726.43,322.9971,2726.59,3.16571429,0.05,0.9,0,TREND_UP,NORMAL,ALIGNED,HEALTHY,ALLOW
2026-09-29T13:52:00Z,2726.42,2730.79,2726.41,2730.79,433.5384,2729.33,3.31357143,0.05,0.9,0,TREND_UP,NORMAL,ALIGNED,HEALTHY,ALLOW
2026-09-29T13:53:00Z,2730.79,2734.08,2730.79,2732.96,401.1362,2732.61,3.39785714,0.05,0.9,0,TREND_UP,NORMAL,ALIGNED,HEALTHY,ALLOW
2026-09-29T13:54:00Z,2732.95,2734.98,2732.75,2734.96,182.9504,2734.23,3.29928571,0.05,0.9,0,TREND_UP,NORMAL,ALIGNED,HEALTHY,ALLOW
2026-09-29T13:55:00Z,2734.95,2734.97,2733.38,2734.81,127.794,2734.38666667,3.32071429,0.05,0.9,0,TREND_DOWN,NORMAL,NEUTRAL,HEALTHY,ALLOW
2026-09-29T13:56:00Z,2734.81,2735.45,2732.79,2732.79,231.9788,2733.67666667,3.33428571,0.05,0.9,0,TREND_DOWN,NORMAL,NEUTRAL,HEALTHY,ALLOW
2026-09-29T13:57:00Z,2732.78,2733.03,2729.17,2730.14,110.6687,2730.78,3.14428571,0.05,0.9,0,TREND_DOWN,NORMAL,NEUTRAL,HEALTHY,ALLOW
2026-09-29T13:58:00Z,2730.14,2730.14,2727.72,2727.95,176.6086,2728.60333333,3.13357143,0.05,0.9,0,TREND_DOWN,NORMAL,NEUTRAL,HEALTHY,ALLOW
2026-09-29T13:59:00Z,2727.95,2727.95,2726.82,2726.83,218.3684,2727.2,3.00928571,0.05,0.9,0,TREND_DOWN,NORMAL,NEUTRAL,HEALTHY,ALLOW
2026-09-29T14:00:00Z,2726.83,2732.01,2726.82,2730.17,272.8793,2729.66666667,3.06214286,0.05,0.9,0,TREND_UP,NORMAL,ALIGNED,HEALTHY,ALLOW
2026-09-29T14:01:00Z,2730.22,2732.48,2725.81,2725.81,196.892,2728.03333333,3.29,0.05,0.9,0,TREND_DOWN,NORMAL,NEUTRAL,HEALTHY,ALLOW
2026-09-29T14:02:00Z,2725.8,2726.0,2722.66,2723.01,581.6937,2723.89,3.31857143,0.05,0.9,0,TREND_DOWN,NORMAL,NEUTRAL,HEALTHY,ALLOW
2026-09-29T14:03:00Z,2723.01,2725.19,2722.01,2724.42,358.2388,2723.87333333,3.28428571,0.05,0.9,0,TREND_UP,NORMAL,ALIGNED,HEALTHY,ALLOW
2026-09-29T14:04:00Z,2724.42,2724.42,2721.0,2722.59,176.9805,2722.67,3.25142857,0.05,0.9,0,TREND_DOWN,NORMAL,NEUTRAL,HEALTHY,ALLOW
2026-09-29T14:05:00Z,2722.59,2723.91,2721.5,2722.83,166.0851,2722.74666667,3.26928571,0.05,0.9,0,TREND_UP,NORMAL,ALIGNED,HEALTHY,ALLOW
2026-09-29T14:06:00Z,2722.82,2722.82,2717.26,2718.33,538.3545,2719.47,3.35428571,0.05,0.9,0,TREND_DOWN,NORMAL,NEUTRAL,HEALTHY,ALLOW
2026-09-29T14:07:00Z,2718.34,2719.62,2718.31,2719.61,206.6815,2719.18,3.21285714,0.05,0.9,0,TREND_UP,NORMAL,ALIGNED,HEALTHY,ALLOW
2026-09-29T14:08:00Z,2719.6,2723.0,2719.47,2721.1,191.3444,2721.19,3.30571429,0.05,0.9,0,TREND_UP,NORMAL,ALIGNED,HEALTHY,ALLOW
2026-09-29T14:09:00Z,2721.09,2721.09,2717.78,2718.51,251.5368,2719.12666667,3.42928571,0.05,0.9,0,TREND_DOWN,NORMAL,NEUTRAL,HEALTHY,ALLOW
2026-09-29T14:10:00Z,2718.51,2721.1,2717.86,2720.73,214.3014,2719.89666667,3.47071429,0.05,0.9,0,TREND_UP,NORMAL,ALIGNED,HEALTHY,ALLOW
2026-09-29T14:11:00Z,2720.73,2721.11,2717.4,2718.09,615.0798,2718.86666667,3.46,0.05,0.9,0,TREND_DOWN,NORMAL,NEUTRAL,HEALTHY,ALLOW
2026-09-29T14:12:00Z,2718.08,2718.08,2715.76,2717.25,201.2584,2717.03,3.45357143,0.05,0.9,0,TREND_DOWN,NORMAL,NEUTRAL,HEALTHY,ALLOW
2026-09-29T14:13:00Z,2717.26,2721.08,2717.26,2718.97,189.6264,2719.10333333,3.64642857,0.05,0.9,0,TREND_UP,NORMAL,ALIGNED,HEALTHY,ALLOW
2026-09-29T14:14:00Z,2718.98,2719.9,2717.52,2717.53,122.7958,2718.31666667,3.44571429,0.05,0.9,0,TREND_DOWN,NORMAL,NEUTRAL,HEALTHY,ALLOW
2026-09-29T14:15:00Z,2717.52,2718.62,2716.18,2716.79,139.7159,2717.19666667,3.14357143,0.05,0.9,0,TREND_DOWN,NORMAL,NEUTRAL,HEALTHY,ALLOW
2026-09-29T14:16:00Z,2716.8,2716.92,2711.35,2713.5,968.5672,2713.92333333,3.30285714,0.05,0.9,0,TREND_DOWN,NORMAL,NEUTRAL,HEALTHY,ALLOW
2026-09-29T14:17:00Z,2713.51,2717.21,2713.51,2715.05,549.9079,2715.25666667,3.34071429,0.05,0.9,0,TREND_UP,NORMAL,ALIGNED,HEALTHY,ALLOW
2026-09-29T14:18:00Z,2715.04,2717.06,2714.63,2717.04,124.4984,2716.24333333,3.27,0.05,0.9,0,TREND_UP,NORMAL,ALIGNED,HEALTHY,ALLOW
2026-09-29T14:19:00Z,2717.03,2720.63,2717.03,2720.63,248.5251,2719.43,3.355,0.05,0.9,0,TREND_UP,NORMAL,ALIGNED,HEALTHY,ALLOW
2026-09-29T14:20:00Z,2720.64,2722.72,2715.69,2715.69,427.0829,2718.03333333,3.45928571,0.05,0.9,0,TREND_DOWN,NORMAL,NEUTRAL,HEALTHY,ALLOW
2026-09-29T14:21:00Z,2715.69,2717.27,2713.51,2717.25,493.9554,2716.01,3.63428571,0.05,0.9,0,TREND_UP,NORMAL,ALIGNED,HEALTHY,ALLOW
2026-09-29T14:22:00Z,2717.26,2718.24,2716.28,2718.24,147.4007,2717.58666667,3.52214286,0.05,0.9,0,TREND_UP,NORMAL,ALIGNED,HEALTHY,ALLOW
2026-09-29T14:23:00Z,2718.25,2718.25,2714.19,2715.31,191.3099,2715.91666667,3.575,0.05,0.9,0,TREND_DOWN,NORMAL,NEUTRAL,HEALTHY,ALLOW
2026-09-29T14:24:00Z,2715.3,2715.3,2712.35,2714.62,690.6991,2714.09,3.555,0.05,0.9,0,TREND_DOWN,NORMAL,NEUTRAL,HEALTHY,ALLOW
2026-09-29T14:25:00Z,2714.61,2717.87,2713.76,2717.82,493.9775,2716.48333333,3.58357143,0.05,0.9,0,TREND_UP,NORMAL,ALIGNED,HEALTHY,ALLOW
2026-09-29T14:26:00Z,2717.81,2720.58,2717.68,2720.58,456.3917,2719.61333333,3.62428571,0.05,0.9,0,TREND_UP,NORMAL,ALIGNED,HEALTHY,ALLOW
2026-09-29T14:27:00Z,2720.57,2720.98,2720.0,2720.98,191.6558,2720.65333333,3.42071429,0.05,0.9,0,TREND_UP,NORMAL,ALIGNED,HEALTHY,ALLOW
2026-09-29T14:28:00Z,2720.98,2720.98,2717.89,2718.29,179.2398,2719.05333333,3.47142857,0.05,0.9,0,TREND_DOWN,NORMAL,NEUTRAL,HEALTHY,ALLOW
2026-09-29T14:29:00Z,2718.29,2718.29,2716.02,2716.02,83.6148,2716.77666667,3.45928571,0.05,0.9,0,TREND_DOWN,NORMAL,NEUTRAL,HEALTHY,ALLOW
2026-09-29T14:30:00Z,2716.03,2716.2,2714.21,2715.82,153.2354,2715.41,3.20357143,0.05,0.9,0,TREND_DOWN,NORMAL,NEUTRAL,HEALTHY,ALLOW
2026-09-29T14:31:00Z,2715.82,2719.45,2715.7,2718.25,109.4995,2717.8,3.20642857,0.05,0.9,0,TREND_UP,NORMAL,ALIGNED,HEALTHY,ALLOW
2026-09-29T14:32:00Z,2718.25,2719.47,2716.15,2717.87,66.8426,2717.83,3.27,0.05,0.9,0,TREND_DOWN,NORMAL,NEUTRAL,HEALTHY,ALLOW
2026-09-29T14:33:00Z,2717.88,2718.25,2715.98,2717.28,71.5188,2717.17,3.175,0.05,0.9,0,TREND_DOWN,NORMAL,NEUTRAL,HEALTHY,ALLOW
2026-09-29T14:34:00Z,2717.28,2717.9,2715.58,2715.59,211.9667,2716.35666667,2.83857143,0.05,0.9,0,TREND_DOWN,NORMAL,NEUTRAL,HEALTHY,ALLOW
2026-09-29T14:35:00Z,2715.58,2715.59,2712.35,2714.1,271.1433,2714.01333333,2.80142857,0.05,0.9,0,TREND_DOWN,NORMAL,NEUTRAL,HEALTHY,ALLOW
2026-09-29T14:36:00Z,2714.11,2714.11,2710.34,2710.62,398.3499,2711.69,2.93071429,0.05,0.9,0,TREND_DOWN,NORMAL,NEUTRAL,HEALTHY,ALLOW
2026-09-29T14:37:00Z,2710.62,2711.97,2707.97,2710.88,1589.4003,2710.27333333,2.92642857,0.05,0.9,0,TREND_UP,NORMAL,ALIGNED,HEALTHY,ALLOW
2026-09-29T14:38:00Z,2710.88,2715.41,2710.88,2715.41,1074.3298,2713.9,3.03857143,0.05,0.9,0,TREND_UP,NORMAL,ALIGNED,HEALTHY,ALLOW
2026-09-29T14:39:00Z,2715.4,2716.1,2714.34,2716.1,180.618,2715.51333333,2.87071429,0.05,0.9,0,TREND_UP,NORMAL,ALIGNED,HEALTHY,ALLOW
2026-09-29T14:40:00Z,2716.11,2719.24,2716.1,2717.72,320.0888,2717.68666667,2.88785714,0.05,0.9,0,TREND_UP,NORMAL,ALIGNED,HEALTHY,ALLOW
2026-09-29T14:41:00Z,2717.73,2719.93,2717.06,2718.44,234.4627,2718.47666667,3.02285714,0.05,0.9,0,TREND_UP,NORMAL,ALIGNED,HEALTHY,ALLOW
2026-09-29T14:42:00Z,2718.43,2721.01,2717.22,2718.77,289.6428,2719.0,3.07285714,0.05,0.9,0,TREND_UP,NORMAL,ALIGNED,HEALTHY,ALLOW
2026-09-29T14:43:00Z,2718.77,2718.82,2715.44,2715.45,344.8322,2716.57,3.15214286,0.05,0.9,0,TREND_DOWN,NORMAL,NEUTRAL,HEALTHY,ALLOW
2026-09-29T14:44:00Z,2715.45,2715.45,2713.16,2715.15,307.9967,2714.58666667,3.17357143,0.05,0.9,0,TREND_DOWN,NORMAL,NEUTRAL,HEALTHY,ALLOW
2026-09-29T14:45:00Z,2715.14,2718.77,2715.14,2718.76,522.7093,2717.55666667,3.165,0.05,0.9,0,TREND_UP,NORMAL,ALIGNED,HEALTHY,ALLOW
2026-09-29T14:46:00Z,2718.77,2718.99,2717.35,2718.31,175.9981,2718.21666667,3.045,0.05,0.9,0,TREND_DOWN,NORMAL,NEUTRAL,HEALTHY,ALLOW
2026-09-29T14:47:00Z,2718.3,2718.3,2714.28,2714.65,257.1501,2715.74333333,3.17071429,0.05,0.9,0,TREND_DOWN,NORMAL,NEUTRAL,HEALTHY,ALLOW
2026-09-29T14:48:00Z,2714.66,2716.72,2714.65,2714.86,169.4062,2715.41,3.15285714,0.05,0.9,0,TREND_UP,NORMAL,ALIGNED,HEALTHY,ALLOW
2026-09-29T14:49:00Z,2714.86,2715.03,2710.61,2710.62,563.4458,2712.08666667,3.23714286,0.05,0.9,0,TREND_DOWN,NORMAL,NEUTRAL,HEALTHY,ALLOW
2026-09-29T14:50:00Z,2710.61,2711.01,2708.21,2710.77,1023.3345,2709.99666667,3.16785714,0.05,0.9,0,TREND_UP,NORMAL,ALIGNED,HEALTHY,ALLOW
2026-09-29T14:51:00Z,2710.77,2715.14,2710.0,2715.14,201.0345,2713.42666667,3.24928571,0.05,0.9,0,TREND_UP,NORMAL,ALIGNED,HEALTHY,ALLOW
2026-09-29T14:52:00Z,2715.14,2715.86,2713.08,2713.36,184.7243,2714.1,3.12428571,0.05,0.9,0,TREND_DOWN,NORMAL,NEUTRAL,HEALTHY,ALLOW
2026-09-29T14:53:00Z,2713.36,2713.91,2712.08,2713.43,119.5969,2713.14,3.12928571,0.05,0.9,0,TREND_UP,NORMAL,ALIGNED,HEALTHY,ALLOW
2026-09-29T14:54:00Z,2713.44,2714.85,2713.17,2714.85,125.554,2714.29,3.025,0.05,0.9,0,TREND_UP,NORMAL,ALIGNED,HEALTHY,ALLOW
2026-09-29T14:55:00Z,2714.84,2717.0,2714.84,2716.15,137.0175,2715.99666667,2.97428571,0.05,0.9,0,TREND_UP,NORMAL,ALIGNED,HEALTHY,ALLOW
2026-09-29T14:56:00Z,2716.16,2717.0,2715.71,2717.0,80.6897,2716.57,2.79571429,0.05,0.9,0,TREND_UP,NORMAL,ALIGNED,HEALTHY,ALLOW
2026-09-29T14:57:00Z,2717.0,2717.91,2715.44,2717.16,261.8462,2716.83666667,2.73071429,0.05,0.9,0,TREND_UP,NORMAL,ALIGNED,HEALTHY,ALLOW
2026-09-29T14:58:00Z,2717.15,2717.16,2714.55,2714.56,100.8345,2715.42333333,2.75357143,0.05,0.9,0,TREND_DOWN,NORMAL,NEUTRAL,HEALTHY,ALLOW
2026-09-29T14:59:00Z,2714.55,2714.61,2710.75,2710.99,182.0569,2712.11666667,2.77,0.05,0.9,0,TREND_DOWN,NORMAL,NEUTRAL,HEALTHY,ALLOW
2026-09-29T15:00:00Z,2710.99,2711.59,2707.79,2708.85,394.6495,2709.41,2.92428571,0.05,0.9,0,TREND_DOWN,NORMAL,NEUTRAL,HEALTHY,ALLOW
2026-09-29T15:01:00Z,2708.84,2709.98,2705.3,2709.98,405.7346,2708.42,2.97071429,0.05,0.9,0,TREND_UP,NORMAL,ALIGNED,HEALTHY,ALLOW
2026-09-29T15:02:00Z,2709.98,2711.95,2708.18,2708.8,271.0895,2709.64333333,3.09214286,0.05,0.9,0,TREND_DOWN,NORMAL,NEUTRAL,HEALTHY,ALLOW
2026-09-29T15:03:00Z,2708.79,2708.79,2706.37,2706.37,359.7412,2707.17666667,2.95,0.05,0.9,0,TREND_DOWN,NORMAL,NEUTRAL,HEALTHY,ALLOW
2026-09-29T15:04:00Z,2706.37,2707.99,2704.0,2704.0,653.2843,2705.33,3.035,0.05,0.9,0,TREND_DOWN,NORMAL,NEUTRAL,HEALTHY,ALLOW
2026-09-29T15:05:00Z,2703.99,2705.85,2696.61,2696.89,1446.1291,2699.78333333,3.32785714,0.05,0.9,0,TREND_DOWN,NORMAL,NEUTRAL,HEALTHY,ALLOW
2026-09-29T15:06:00Z,2696.88,2701.79,2693.83,2700.54,858.5126,2698.72,3.69785714,0.05,0.9,0,TREND_UP,NORMAL,ALIGNED,HEALTHY,ALLOW
2026-09-29T15:07:00Z,2700.54,2700.54,2697.3,2698.02,356.6476,2698.62,3.79857143,0.05,0.9,0,TREND_DOWN,NORMAL,NEUTRAL,HEALTHY,ALLOW
2026-09-29T15:08:00Z,2698.01,2699.66,2696.23,2698.96,577.9885,2698.28333333,3.92357143,0.05,0.9,0,TREND_UP,NORMAL,ALIGNED,HEALTHY,ALLOW
2026-09-29T15:09:00Z,2698.97,2701.72,2698.34,2701.41,261.0594,2700.49,4.01071429,0.05,0.9,0,TREND_UP,NORMAL,ALIGNED,HEALTHY,ALLOW
2026-09-29T15:10:00Z,2701.4,2703.83,2700.77,2700.91,404.3857,2701.83666667,4.13714286,0.05,0.9,0,TREND_DOWN,NORMAL,NEUTRAL,HEALTHY,ALLOW
2026-09-29T15:11:00Z,2700.91,2701.2,2699.06,2699.55,148.0551,2699.93666667,4.11357143,0.05,0.9,0,TREND_DOWN,NORMAL,NEUTRAL,HEALTHY,ALLOW
2026-09-29T15:12:00Z,2699.55,2699.55,2693.83,2693.84,464.4212,2695.74,4.33571429,0.05,0.9,0,TREND_DOWN,NORMAL,NEUTRAL,HEALTHY,ALLOW
2026-09-29T15:13:00Z,2693.83,2693.84,2690.52,2691.65,1433.7445,2692.00333333,4.29714286,0.05,0.9,0,TREND_DOWN,NORMAL,NEUTRAL,HEALTHY,ALLOW
2026-09-29T15:14:00Z,2691.65,2693.69,2690.47,2693.13,458.0114,2692.43,4.25571429,0.05,0.9,0,TREND_UP,NORMAL,ALIGNED,HEALTHY,ALLOW
2026-09-29T15:15:00Z,2693.13,2697.38,2692.72,2697.0,428.6016,2695.7,4.25428571,0.05,0.9,0,TREND_UP,NORMAL,ALIGNED,HEALTHY,ALLOW
2026-09-29T15:16:00Z,2697.0,2699.07,2697.0,2698.5,160.6921,2698.19,4.13285714,0.05,0.9,0,TREND_UP,NORMAL,ALIGNED,HEALTHY,ALLOW
2026-09-29T15:17:00Z,2698.51,2698.51,2693.46,2693.46,272.7371,2695.14333333,4.32,0.05,0.9,0,TREND_DOWN,NORMAL,NEUTRAL,HEALTHY,ALLOW
2026-09-29T15:18:00Z,2693.47,2694.17,2688.71,2688.79,576.9566,2690.55666667,4.425,0.05,0.9,0,TREND_DOWN,NORMAL,NEUTRAL,HEALTHY,ALLOW
2026-09-29T15:19:00Z,2688.78,2690.06,2686.99,2687.41,1383.1046,2688.15333333,3.98428571,0.05,0.9,0,TREND_DOWN,NORMAL,NEUTRAL,HEALTHY,ALLOW
2026-09-29T15:20:00Z,2687.41,2688.98,2686.3,2686.94,354.5143,2687.40666667,3.60714286,0.05,0.9,0,TREND_DOWN,NORMAL,NEUTRAL,HEALTHY,ALLOW
2026-09-29T15:21:00Z,2686.94,2689.48,2684.53,2688.56,673.8944,2687.52333333,3.72928571,0.05,0.9,0,TREND_UP,NORMAL,ALIGNED,HEALTHY,ALLOW
2026-09-29T15:22:00Z,2688.56,2690.09,2685.67,2686.0,516.3404,2687.25333333,3.8,0.05,0.9,0,TREND_DOWN,NORMAL,NEUTRAL,HEALTHY,ALLOW
2026-09-29T15:23:00Z,2685.96,2686.55,2680.95,2680.96,908.7048,2682.82,3.95857143,0.05,0.9,0,TREND_DOWN,NORMAL,NEUTRAL,HEALTHY,ALLOW
2026-09-29T15:24:00Z,2680.96,2681.38,2676.0,2677.6,2040.7445,2678.32666667,4.12428571,0.05,0.9,0,TREND_DOWN,NORMAL,NEUTRAL,HEALTHY,ALLOW
2026-09-29T15:25:00Z,2677.6,2677.98,2674.1,2677.26,1282.549,2676.44666667,4.24857143,0.05,0.9,0,TREND_DOWN,NORMAL,NEUTRAL,HEALTHY,ALLOW
2026-09-29T15:26:00Z,2677.26,2679.27,2675.09,2676.2,690.6244,2676.85333333,4.13857143,0.05,0.9,0,TREND_DOWN,NORMAL,NEUTRAL,HEALTHY,ALLOW
2026-09-29T15:27:00Z,2676.2,2676.21,2672.35,2673.7,573.0419,2674.08666667,4.17714286,0.05,0.9,0,TREND_DOWN,NORMAL,NEUTRAL,HEALTHY,ALLOW
2026-09-29T15:28:00Z,2673.7,2678.36,2671.41,2677.66,455.3552,2675.81,4.44357143,0.05,0.9,0,TREND_UP,NORMAL,ALIGNED,HEALTHY,ALLOW
2026-09-29T15:29:00Z,2677.67,2679.34,2676.5,2677.09,344.1461,2677.64333333,4.31357143,0.05,0.9,0,TREND_DOWN,NORMAL,NEUTRAL,HEALTHY,ALLOW
2026-09-29T15:30:00Z,2677.08,2681.81,2675.99,2678.75,779.1118,2678.85,4.58142857,0.05,0.9,0,TREND_UP,NORMAL,ALIGNED,HEALTHY,ALLOW
2026-09-29T15:31:00Z,2678.75,2679.87,2676.51,2679.87,520.759,2678.75,4.46071429,0.05,0.9,0,TREND_UP,NORMAL,ALIGNED,HEALTHY,ALLOW
2026-09-29T15:32:00Z,2679.88,2682.46,2679.42,2682.46,301.5677,2681.44666667,4.28785714,0.05,0.9,0,TREND_UP,NORMAL,ALIGNED,HEALTHY,ALLOW
2026-09-29T15:33:00Z,2682.45,2683.42,2680.91,2681.52,497.5593,2681.95,4.24785714,0.05,0.9,0,TREND_DOWN,NORMAL,NEUTRAL,HEALTHY,ALLOW
2026-09-29T15:34:00Z,2681.52,2683.53,2680.91,2681.25,412.204,2681.89666667,4.24357143,0.05,0.9,0,TREND_DOWN,NORMAL,NEUTRAL,HEALTHY,ALLOW
2026-09-29T15:35:00Z,2681.26,2683.16,2679.63,2682.86,852.0198,2681.88333333,4.14214286,0.05,0.9,0,TREND_UP,NORMAL,ALIGNED,HEALTHY,ALLOW
2026-09-29T15:36:00Z,2682.86,2683.13,2681.31,2682.26,196.6764,2682.23333333,3.95642857,0.05,0.9,0,TREND_DOWN,NORMAL,NEUTRAL,HEALTHY,ALLOW
2026-09-29T15:37:00Z,2682.29,2683.4,2682.0,2682.38,185.5085,2682.59333333,3.65642857,0.05,0.9,0,TREND_UP,NORMAL,ALIGNED,HEALTHY,ALLOW
2026-09-29T15:38:00Z,2682.38,2682.73,2681.31,2682.72,237.4182,2682.25333333,3.37357143,0.05,0.9,0,TREND_UP,NORMAL,ALIGNED,HEALTHY,ALLOW
2026-09-29T15:39:00Z,2682.73,2683.72,2682.51,2683.28,183.4523,2683.17,3.18285714,0.05,0.9,0,TREND_UP,NORMAL,ALIGNED,HEALTHY,ALLOW
2026-09-29T15:40:00Z,2683.28,2683.99,2682.73,2683.99,168.3919,2683.57,2.97428571,0.05,0.9,0,TREND_UP,NORMAL,ALIGNED,HEALTHY,ALLOW
2026-09-29T15:41:00Z,2683.99,2685.36,2681.3,2681.89,483.7179,2682.85,2.98857143,0.05,0.9,0,TREND_DOWN,NORMAL,NEUTRAL,HEALTHY,ALLOW
2026-09-29T15:42:00Z,2681.88,2682.21,2680.03,2680.84,252.5842,2681.02666667,2.64785714,0.05,0.9,0,TREND_DOWN,NORMAL,NEUTRAL,HEALTHY,ALLOW
2026-09-29T15:43:00Z,2680.84,2680.84,2678.91,2679.48,225.668,2679.74333333,2.58285714,0.05,0.9,0,TREND_DOWN,NORMAL,NEUTRAL,HEALTHY,ALLOW
2026-09-29T15:44:00Z,2679.47,2681.48,2679.47,2681.39,247.7496,2680.78,2.31071429,0.05,0.9,0,TREND_UP,NORMAL,ALIGNED,HEALTHY,ALLOW
2026-09-29T15:45:00Z,2681.4,2684.12,2681.4,2681.67,327.7513,2682.39666667,2.26571429,0.05,0.9,0,TREND_UP,NORMAL,ALIGNED,HEALTHY,ALLOW
2026-09-29T15:46:00Z,2681.68,2682.27,2679.0,2679.01,493.3615,2680.09333333,2.28214286,0.05,0.9,0,TREND_DOWN,NORMAL,NEUTRAL,HEALTHY,ALLOW
2026-09-29T15:47:00Z,2679.01,2684.9,2677.67,2684.11,656.9687,2682.22666667,2.61928571,0.05,0.9,0,TREND_UP,NORMAL,ALIGNED,HEALTHY,ALLOW
2026-09-29T15:48:00Z,2684.1,2686.59,2681.73,2686.58,470.3561,2684.96666667,2.77928571,0.05,0.9,0,TREND_UP,NORMAL,ALIGNED,HEALTHY,ALLOW
2026-09-29T15:49:00Z,2686.58,2686.58,2682.93,2683.06,178.3451,2684.19,2.78785714,0.05,0.9,0,TREND_DOWN,NORMAL,NEUTRAL,HEALTHY,ALLOW
2026-09-29T15:50:00Z,2683.06,2683.98,2678.94,2679.24,308.9956,2680.72,3.01785714,0.05,0.9,0,TREND_DOWN,NORMAL,NEUTRAL,HEALTHY,ALLOW
2026-09-29T15:51:00Z,2679.24,2679.51,2677.27,2677.57,267.6708,2678.11666667,3.07785714,0.05,0.9,0,TREND_DOWN,NORMAL,NEUTRAL,HEALTHY,ALLOW
2026-09-29T15:52:00Z,2677.58,2677.89,2673.23,2673.24,502.9567,2674.78666667,3.30928571,0.05,0.9,0,TREND_DOWN,NORMAL,NEUTRAL,HEALTHY,ALLOW
2026-09-29T15:53:00Z,2673.23,2675.64,2671.96,2671.97,909.9406,2673.19,3.48571429,0.05,0.9,0,TREND_DOWN,NORMAL,NEUTRAL,HEALTHY,ALLOW
2026-09-29T15:54:00Z,2671.97,2671.97,2668.5,2670.95,1259.7701,2670.47333333,3.64357143,0.05,0.9,0,TREND_DOWN,NORMAL,NEUTRAL,HEALTHY,ALLOW
2026-09-29T15:55:00Z,2670.95,2674.9,2670.95,2672.89,581.0767,2672.91333333,3.63571429,0.05,0.9,0,TREND_UP,NORMAL,ALIGNED,HEALTHY,ALLOW
2026-09-29T15:56:00Z,2672.87,2674.99,2672.86,2674.97,161.2503,2674.27333333,3.63214286,0.05,0.9,0,TREND_UP,NORMAL,ALIGNED,HEALTHY,ALLOW
2026-09-29T15:57:00Z,2674.98,2675.85,2671.39,2671.4,1050.3692,2672.88,3.81285714,0.05,0.9,0,TREND_DOWN,NORMAL,NEUTRAL,HEALTHY,ALLOW
2026-09-29T15:58:00Z,2671.39,2672.08,2670.71,2670.72,136.6286,2671.17,3.76714286,0.05,0.9,0,TREND_DOWN,NORMAL,NEUTRAL,HEALTHY,ALLOW
2026-09-29T15:59:00Z,2670.71,2674.17,2670.12,2674.17,266.5561,2672.82,3.86142857,0.05,0.9,0,TREND_UP,NORMAL,ALIGNED,HEALTHY,ALLOW
2026-09-29T16:00:00Z,2674.16,2676.05,2672.91,2674.61,581.047,2674.52333333,3.85214286,0.05,0.9,0,TREND_UP,NORMAL,ALIGNED,HEALTHY,ALLOW
2026-09-29T16:01:00Z,2674.6,2676.99,2674.25,2674.89,300.1669,2675.37666667,3.53142857,0.05,0.9,0,TREND_UP,NORMAL,ALIGNED,HEALTHY,ALLOW
2026-09-29T16:02:00Z,2674.9,2674.95,2672.84,2674.16,201.5902,2673.98333333,3.335,0.05,0.9,0,TREND_DOWN,NORMAL,NEUTRAL,HEALTHY,ALLOW
2026-09-29T16:03:00Z,2674.17,2674.54,2672.77,2672.77,182.2491,2673.36,3.20071429,0.05,0.9,0,TREND_DOWN,NORMAL,NEUTRAL,HEALTHY,ALLOW
2026-09-29T16:04:00Z,2672.77,2672.78,2671.35,2671.35,82.9537,2671.82666667,2.94285714,0.05,0.9,0,TREND_DOWN,NORMAL,NEUTRAL,HEALTHY,ALLOW
2026-09-29T16:05:00Z,2671.35,2675.96,2670.87,2675.42,534.8801,2674.08333333,3.14642857,0.05,0.9,0,TREND_UP,NORMAL,ALIGNED,HEALTHY,ALLOW
2026-09-29T16:06:00Z,2675.41,2675.42,2672.48,2672.48,223.877,2673.46,3.02357143,0.05,0.9,0,TREND_DOWN,NORMAL,NEUTRAL,HEALTHY,ALLOW
2026-09-29T16:07:00Z,2672.49,2673.97,2670.87,2673.7,122.2411,2672.84666667,2.98214286,0.05,0.9,0,TREND_UP,NORMAL,ALIGNED,HEALTHY,ALLOW
2026-09-29T16:08:00Z,2673.71,2673.91,2673.15,2673.15,81.7851,2673.40333333,2.78857143,0.05,0.9,0,TREND_DOWN,NORMAL,NEUTRAL,HEALTHY,ALLOW
2026-09-29T16:09:00Z,2673.15,2673.69,2673.12,2673.64,103.3299,2673.48333333,2.54714286,0.05,0.9,0,TREND_UP,NORMAL,ALIGNED,HEALTHY,ALLOW
2026-09-29T16:10:00Z,2673.65,2677.98,2673.64,2676.88,197.8635,2676.16666667,2.705,0.05,0.9,0,TREND_UP,NORMAL,ALIGNED,HEALTHY,ALLOW
2026-09-29T16:11:00Z,2676.88,2677.18,2675.0,2676.45,114.0091,2676.21,2.54214286,0.05,0.9,0,TREND_DOWN,NORMAL,NEUTRAL,HEALTHY,ALLOW
2026-09-29T16:12:00Z,2676.44,2677.28,2675.25,2675.25,145.5618,2675.92666667,2.58928571,0.05,0.9,0,TREND_DOWN,NORMAL,NEUTRAL,HEALTHY,ALLOW
2026-09-29T16:13:00Z,2675.25,2676.45,2675.17,2675.65,88.5114,2675.75666667,2.39142857,0.05,0.9,0,TREND_UP,NORMAL,ALIGNED,HEALTHY,ALLOW
2026-09-29T16:14:00Z,2675.65,2675.65,2672.37,2675.08,236.6397,2674.36666667,2.40142857,0.05,0.9,0,TREND_DOWN,NORMAL,NEUTRAL,HEALTHY,ALLOW
2026-09-29T16:15:00Z,2675.09,2676.57,2674.69,2675.55,141.5103,2675.60333333,2.34,0.05,0.9,0,TREND_UP,NORMAL,ALIGNED,HEALTHY,ALLOW
2026-09-29T16:16:00Z,2675.55,2679.47,2674.64,2679.05,247.0307,2677.72,2.53428571,0.05,0.9,0,TREND_UP,NORMAL,ALIGNED,HEALTHY,ALLOW
2026-09-29T16:17:00Z,2679.05,2679.93,2677.99,2678.08,135.5967,2678.66666667,2.54642857,0.05,0.9,0,TREND_DOWN,NORMAL,NEUTRAL,HEALTHY,ALLOW
2026-09-29T16:18:00Z,2678.07,2679.05,2677.13,2678.82,100.9912,2678.33333333,2.58142857,0.05,0.9,0,TREND_UP,NORMAL,ALIGNED,HEALTHY,ALLOW
2026-09-29T16:19:00Z,2678.83,2679.36,2677.62,2678.82,148.2675,2678.6,2.34214286,0.05,0.9,0,TREND_DOWN,NORMAL,NEUTRAL,HEALTHY,ALLOW
2026-09-29T16:20:00Z,2678.82,2681.08,2678.5,2680.17,86.9963,2679.91666667,2.31642857,0.05,0.9,0,TREND_UP,NORMAL,ALIGNED,HEALTHY,ALLOW
2026-09-29T16:21:00Z,2680.17,2682.29,2680.13,2680.52,165.6724,2680.98,2.24928571,0.05,0.9,0,TREND_UP,NORMAL,ALIGNED,HEALTHY,ALLOW
2026-09-29T16:22:00Z,2680.53,2681.95,2680.28,2680.95,156.2445,2681.06,2.31428571,0.05,0.9,0,TREND_UP,NORMAL,ALIGNED,HEALTHY,ALLOW
2026-09-29T16:23:00Z,2680.94,2680.99,2679.17,2680.99,129.131,2680.38333333,2.40357143,0.05,0.9,0,TREND_UP,NORMAL,ALIGNED,HEALTHY,ALLOW
2026-09-29T16:24:00Z,2680.99,2681.85,2680.46,2680.47,90.0161,2680.92666667,2.19285714,0.05,0.9,0,TREND_DOWN,NORMAL,NEUTRAL,HEALTHY,ALLOW
2026-09-29T16:25:00Z,2680.46,2681.83,2679.3,2681.83,252.5706,2680.98666667,2.21785714,0.05,0.9,0,TREND_UP,NORMAL,ALIGNED,HEALTHY,ALLOW
2026-09-29T16:26:00Z,2681.82,2682.73,2681.49,2682.72,122.0377,2682.31333333,2.16142857,0.05,0.9,0,TREND_UP,NORMAL,ALIGNED,HEALTHY,ALLOW
2026-09-29T16:27:00Z,2682.73,2683.45,2682.29,2682.63,62.9913,2682.79,2.15285714,0.05,0.9,0,TREND_DOWN,NORMAL,NEUTRAL,HEALTHY,ALLOW
2026-09-29T16:28:00Z,2682.62,2683.87,2682.62,2682.64,76.5117,2683.04333333,2.00785714,0.05,0.9,0,TREND_UP,NORMAL,ALIGNED,HEALTHY,ALLOW
2026-09-29T16:29:00Z,2682.63,2683.25,2682.11,2682.24,88.9967,2682.53333333,1.955,0.05,0.9,0,TREND_DOWN,NORMAL,NEUTRAL,HEALTHY,ALLOW
2026-09-29T16:30:00Z,2682.25,2682.25,2678.77,2678.77,100.3151,2679.93,1.85857143,0.05,0.9,0,TREND_DOWN,NORMAL,NEUTRAL,HEALTHY,ALLOW
2026-09-29T16:31:00Z,2678.77,2679.73,2677.49,2678.48,176.2733,2678.56666667,1.88,0.05,0.9,0,TREND_DOWN,NORMAL,NEUTRAL,HEALTHY,ALLOW
2026-09-29T16:32:00Z,2678.49,2680.17,2677.97,2677.98,104.1355,2678.70666667,1.9,0.05,0.9,0,TREND_DOWN,NORMAL,NEUTRAL,HEALTHY,ALLOW
2026-09-29T16:33:00Z,2677.98,2678.9,2677.91,2678.9,251.3941,2678.57,1.84642857,0.05,0.9,0,TREND_UP,NORMAL,ALIGNED,HEALTHY,ALLOW
2026-09-29T16:34:00Z,2678.9,2680.61,2677.97,2680.61,66.4965,2679.73,1.85071429,0.05,0.9,0,TREND_UP,NORMAL,ALIGNED,HEALTHY,ALLOW
2026-09-29T16:35:00Z,2680.61,2683.0,2680.61,2682.01,89.2417,2681.87333333,1.86714286,0.05,0.9,0,TREND_UP,NORMAL,ALIGNED,HEALTHY,ALLOW
2026-09-29T16:36:00Z,2682.01,2683.81,2681.51,2683.45,83.1217,2682.92333333,1.91214286,0.05,0.9,0,TREND_UP,NORMAL,ALIGNED,HEALTHY,ALLOW
2026-09-29T16:37:00Z,2683.46,2684.36,2682.52,2683.24,198.3179,2683.37333333,1.91357143,0.05,0.9,0,TREND_DOWN,NORMAL,NEUTRAL,HEALTHY,ALLOW
2026-09-29T16:38:00Z,2683.24,2684.18,2682.63,2682.63,47.8716,2683.14666667,1.925,0.05,0.9,0,TREND_DOWN,NORMAL,NEUTRAL,HEALTHY,ALLOW
2026-09-29T16:39:00Z,2682.64,2682.64,2679.27,2679.27,77.7652,2680.39333333,1.985,0.05,0.9,0,TREND_DOWN,NORMAL,NEUTRAL,HEALTHY,ALLOW
2026-09-29T16:40:00Z,2679.26,2679.27,2675.73,2676.06,144.7725,2677.02,2.14928571,0.05,0.9,0,TREND_DOWN,NORMAL,NEUTRAL,HEALTHY,ALLOW
2026-09-29T16:41:00Z,2676.06,2677.34,2674.52,2674.52,162.909,2675.46,2.26785714,0.05,0.9,0,TREND_DOWN,NORMAL,NEUTRAL,HEALTHY,ALLOW
2026-09-29T16:42:00Z,2674.52,2676.01,2673.58,2674.45,197.3999,2674.68,2.35214286,0.05,0.9,0,TREND_DOWN,NORMAL,NEUTRAL,HEALTHY,ALLOW
2026-09-29T16:43:00Z,2674.44,2675.38,2672.31,2673.61,192.3196,2673.76666667,2.49,0.05,0.9,0,TREND_DOWN,NORMAL,NEUTRAL,HEALTHY,ALLOW
2026-09-29T16:44:00Z,2673.62,2674.3,2672.52,2672.86,92.6117,2673.22666667,2.36857143,0.05,0.9,0,TREND_DOWN,NORMAL,NEUTRAL,HEALTHY,ALLOW
2026-09-29T16:45:00Z,2672.86,2673.75,2669.02,2669.58,734.302,2670.78333333,2.54642857,0.05,0.9,0,TREND_DOWN,NORMAL,NEUTRAL,HEALTHY,ALLOW
2026-09-29T16:46:00Z,2669.58,2674.2,2669.36,2674.16,236.931,2672.57333333,2.735,0.05,0.9,0,TREND_UP,NORMAL,ALIGNED,HEALTHY,ALLOW
2026-09-29T16:47:00Z,2674.17,2674.87,2672.03,2672.4,76.5982,2673.1,2.86714286,0.05,0.9,0,TREND_DOWN,NORMAL,NEUTRAL,HEALTHY,ALLOW
2026-09-29T16:48:00Z,2672.41,2673.61,2671.3,2673.19,161.3609,2672.7,2.84357143,0.05,0.9,0,TREND_UP,NORMAL,ALIGNED,HEALTHY,ALLOW
2026-09-29T16:49:00Z,2673.2,2673.72,2671.21,2672.75,167.0339,2672.56,2.85214286,0.05,0.9,0,TREND_DOWN,NORMAL,NEUTRAL,HEALTHY,ALLOW
2026-09-29T16:50:00Z,2672.76,2675.24,2672.56,2675.23,73.538,2674.34333333,2.87928571,0.05,0.9,0,TREND_UP,NORMAL,ALIGNED,HEALTHY,ALLOW
2026-09-29T16:51:00Z,2675.24,2676.55,2674.29,2674.29,179.4058,2675.04333333,2.90928571,0.05,0.9,0,TREND_DOWN,NORMAL,NEUTRAL,HEALTHY,ALLOW
2026-09-29T16:52:00Z,2674.3,2675.79,2673.4,2674.81,88.1514,2674.66666667,2.96928571,0.05,0.9,0,TREND_UP,NORMAL,ALIGNED,HEALTHY,ALLOW
2026-09-29T16:53:00Z,2674.82,2675.23,2672.06,2672.07,38.827,2673.12,2.955,0.05,0.9,0,TREND_DOWN,NORMAL,NEUTRAL,HEALTHY,ALLOW
2026-09-29T16:54:00Z,2672.07,2672.71,2671.34,2671.37,118.8942,2671.80666667,2.8,0.05,0.9,0,TREND_DOWN,NORMAL,NEUTRAL,HEALTHY,ALLOW
2026-09-29T16:55:00Z,2671.37,2671.79,2670.95,2671.16,90.0851,2671.3,2.65857143,0.05,0.9,0,TREND_DOWN,NORMAL,NEUTRAL,HEALTHY,ALLOW
2026-09-29T16:56:00Z,2671.16,2671.46,2668.4,2669.99,595.5806,2669.95,2.70357143,0.05,0.9,0,TREND_DOWN,NORMAL,NEUTRAL,HEALTHY,ALLOW
2026-09-29T16:57:00Z,2670.0,2674.08,2670.0,2673.33,72.1642,2672.47,2.77642857,0.05,0.9,0,TREND_UP,NORMAL,ALIGNED,HEALTHY,ALLOW
2026-09-29T16:58:00Z,2673.33,2676.17,2673.33,2675.86,88.304,2675.12,2.85214286,0.05,0.9,0,TREND_UP,NORMAL,ALIGNED,HEALTHY,ALLOW
2026-09-29T16:59:00Z,2675.87,2677.01,2675.86,2675.99,74.9324,2676.28666667,2.59642857,0.05,0.9,0,TREND_UP,NORMAL,ALIGNED,HEALTHY,ALLOW
2026-09-29T17:00:00Z,2675.99,2676.51,2675.0,2675.0,57.0616,2675.50333333,2.35857143,0.05,0.9,0,TREND_DOWN,NORMAL,NEUTRAL,HEALTHY,ALLOW
2026-09-29T17:01:00Z,2675.0,2676.1,2674.24,2675.53,146.8581,2675.29,2.28857143,0.05,0.9,0,TREND_UP,NORMAL,ALIGNED,HEALTHY,ALLOW
2026-09-29T17:02:00Z,2675.54,2675.85,2673.54,2674.15,74.9338,2674.51333333,2.28857143,0.05,0.9,0,TREND_DOWN,NORMAL,NEUTRAL,HEALTHY,ALLOW
2026-09-29T17:03:00Z,2674.15,2676.86,2673.52,2676.86,90.5431,2675.74666667,2.34785714,0.05,0.9,0,TREND_UP,NORMAL,ALIGNED,HEALTHY,ALLOW
2026-09-29T17:04:00Z,2676.86,2677.57,2675.65,2675.65,81.0995,2676.29,2.29357143,0.05,0.9,0,TREND_DOWN,NORMAL,NEUTRAL,HEALTHY,ALLOW
2026-09-29T17:05:00Z,2675.66,2677.98,2675.02,2677.98,129.249,2676.99333333,2.34357143,0.05,0.9,0,TREND_UP,NORMAL,ALIGNED,HEALTHY,ALLOW
2026-09-29T17:06:00Z,2677.97,2679.3,2677.97,2678.99,124.2959,2678.75333333,2.26785714,0.05,0.9,0,TREND_UP,NORMAL,ALIGNED,HEALTHY,ALLOW
2026-09-29T17:07:00Z,2679.0,2679.0,2677.3,2677.72,73.3205,2678.00666667,2.16285714,0.05,0.9,0,TREND_DOWN,NORMAL,NEUTRAL,HEALTHY,ALLOW
2026-09-29T17:08:00Z,2677.72,2678.87,2677.72,2678.87,66.5577,2678.48666667,2.14714286,0.05,0.9,0,TREND_UP,NORMAL,ALIGNED,HEALTHY,ALLOW
2026-09-29T17:09:00Z,2678.86,2679.82,2678.86,2679.01,85.4817,2679.23,2.15571429,0.05,0.9,0,TREND_UP,NORMAL,ALIGNED,HEALTHY,ALLOW
2026-09-29T17:10:00Z,2679.0,2679.18,2677.82,2677.82,96.8784,2678.27333333,2.03428571,0.05,0.9,0,TREND_DOWN,NORMAL,NEUTRAL,HEALTHY,ALLOW
2026-09-29T17:11:00Z,2677.83,2679.99,2677.61,2677.65,425.9473,2678.41666667,1.91214286,0.05,0.9,0,TREND_DOWN,NORMAL,NEUTRAL,HEALTHY,ALLOW
2026-09-29T17:12:00Z,2677.64,2678.65,2676.58,2678.1,103.9979,2677.77666667,1.85714286,0.05,0.9,0,TREND_UP,NORMAL,ALIGNED,HEALTHY,ALLOW
2026-09-29T17:13:00Z,2678.11,2679.37,2677.5,2678.75,74.2186,2678.54,1.90857143,0.05,0.9,0,TREND_UP,NORMAL,ALIGNED,HEALTHY,ALLOW
2026-09-29T17:14:00Z,2678.74,2679.99,2678.72,2679.99,120.3587,2679.56666667,1.89142857,0.05,0.9,0,TREND_UP,NORMAL,ALIGNED,HEALTHY,ALLOW
2026-09-29T17:15:00Z,2680.0,2680.57,2678.44,2678.44,145.6358,2679.15,1.91071429,0.05,0.9,0,TREND_DOWN,NORMAL,NEUTRAL,HEALTHY,ALLOW
2026-09-29T17:16:00Z,2678.43,2678.56,2674.87,2676.12,72.1352,2676.51666667,2.00928571,0.05,0.9,0,TREND_DOWN,NORMAL,NEUTRAL,HEALTHY,ALLOW
2026-09-29T17:17:00Z,2676.13,2677.56,2675.76,2676.84,90.9938,2676.72,1.89928571,0.05,0.9,0,TREND_UP,NORMAL,ALIGNED,HEALTHY,ALLOW
2026-09-29T17:18:00Z,2676.85,2677.89,2676.51,2676.67,49.7913,2677.02333333,1.86071429,0.05,0.9,0,TREND_DOWN,NORMAL,NEUTRAL,HEALTHY,ALLOW
2026-09-29T17:19:00Z,2676.67,2677.73,2676.32,2677.33,41.6574,2677.12666667,1.75,0.05,0.9,0,TREND_UP,NORMAL,ALIGNED,HEALTHY,ALLOW
2026-09-29T17:20:00Z,2677.34,2677.6,2674.87,2674.88,130.8228,2675.78333333,1.85,0.05,0.9,0,TREND_DOWN,NORMAL,NEUTRAL,HEALTHY,ALLOW
2026-09-29T17:21:00Z,2674.87,2674.87,2672.99,2673.0,168.2454,2673.62,1.86357143,0.05,0.9,0,TREND_DOWN,NORMAL,NEUTRAL,HEALTHY,ALLOW
2026-09-29T17:22:00Z,2672.99,2673.47,2672.99,2673.15,79.4386,2673.20333333,1.81571429,0.05,0.9,0,TREND_UP,NORMAL,ALIGNED,HEALTHY,ALLOW
2026-09-29T17:23:00Z,2673.15,2676.26,2673.14,2675.23,51.9357,2674.87666667,1.97,0.05,0.9,0,TREND_UP,NORMAL,ALIGNED,HEALTHY,ALLOW
2026-09-29T17:24:00Z,2675.23,2676.36,2674.8,2675.49,49.1352,2675.55,1.98428571,0.05,0.9,0,TREND_UP,NORMAL,ALIGNED,HEALTHY,ALLOW
2026-09-29T17:25:00Z,2675.5,2676.16,2675.11,2675.52,64.7225,2675.59666667,1.88928571,0.05,0.9,0,TREND_UP,NORMAL,ALIGNED,HEALTHY,ALLOW
2026-09-29T17:26:00Z,2675.53,2676.19,2675.11,2676.07,104.5056,2675.79,1.81857143,0.05,0.9,0,TREND_UP,NORMAL,ALIGNED,HEALTHY,ALLOW
2026-09-29T17:27:00Z,2676.06,2676.62,2675.39,2676.62,138.7028,2676.21,1.77285714,0.05,0.9,0,TREND_UP,NORMAL,ALIGNED,HEALTHY,ALLOW
2026-09-29T17:28:00Z,2676.61,2677.21,2674.9,2674.91,59.6404,2675.67333333,1.84714286,0.05,0.9,0,TREND_DOWN,NORMAL,NEUTRAL,HEALTHY,ALLOW
2026-09-29T17:29:00Z,2674.9,2677.63,2674.71,2677.62,54.4093,2676.65333333,1.90357143,0.05,0.9,0,TREND_UP,NORMAL,ALIGNED,HEALTHY,ALLOW
2026-09-29T17:30:00Z,2677.63,2679.11,2677.31,2677.79,205.1577,2678.07,1.76857143,0.05,0.9,0,TREND_UP,NORMAL,ALIGNED,HEALTHY,ALLOW
2026-09-29T17:31:00Z,2677.8,2679.18,2677.14,2678.99,89.75,2678.43666667,1.78571429,0.05,0.9,0,TREND_UP,NORMAL,ALIGNED,HEALTHY,ALLOW
2026-09-29T17:32:00Z,2678.99,2679.23,2676.7,2679.23,43.8322,2678.38666667,1.86785714,0.05,0.9,0,TREND_UP,NORMAL,ALIGNED,HEALTHY,ALLOW
2026-09-29T17:33:00Z,2679.24,2679.47,2677.79,2678.14,71.9751,2678.46666667,1.88714286,0.05,0.9,0,TREND_DOWN,NORMAL,NEUTRAL,HEALTHY,ALLOW
2026-09-29T17:34:00Z,2678.15,2679.2,2676.65,2676.65,124.7294,2677.5,1.87428571,0.05,0.9,0,TREND_DOWN,NORMAL,NEUTRAL,HEALTHY,ALLOW
2026-09-29T17:35:00Z,2676.56,2677.11,2674.44,2675.06,145.54,2675.53666667,1.93,0.05,0.9,0,TREND_DOWN,NORMAL,NEUTRAL,HEALTHY,ALLOW
2026-09-29T17:36:00Z,2675.07,2676.31,2674.71,2674.73,38.884,2675.25,2.01,0.05,0.9,0,TREND_DOWN,NORMAL,NEUTRAL,HEALTHY,ALLOW
2026-09-29T17:37:00Z,2674.73,2675.29,2673.99,2674.3,99.9733,2674.52666667,1.88,0.05,0.9,0,TREND_DOWN,NORMAL,NEUTRAL,HEALTHY,ALLOW
2026-09-29T17:38:00Z,2674.3,2675.16,2673.44,2673.45,103.9535,2674.01666667,1.89142857,0.05,0.9,0,TREND_DOWN,NORMAL,NEUTRAL,HEALTHY,ALLOW
2026-09-29T17:39:00Z,2673.44,2674.76,2673.44,2674.75,43.9659,2674.31666667,1.91071429,0.05,0.9,0,TREND_UP,NORMAL,ALIGNED,HEALTHY,ALLOW
2026-09-29T17:40:00Z,2674.75,2675.26,2674.3,2675.02,121.4242,2674.86,1.90214286,0.05,0.9,0,TREND_UP,NORMAL,ALIGNED,HEALTHY,ALLOW
2026-09-29T17:41:00Z,2675.03,2676.88,2674.89,2676.08,52.4125,2675.95,1.95642857,0.05,0.9,0,TREND_UP,NORMAL,ALIGNED,HEALTHY,ALLOW
2026-09-29T17:42:00Z,2676.08,2676.27,2675.11,2675.91,46.853,2675.76333333,1.87428571,0.05,0.9,0,TREND_DOWN,NORMAL,NEUTRAL,HEALTHY,ALLOW
2026-09-29T17:43:00Z,2675.91,2675.91,2674.54,2675.19,44.4802,2675.21333333,1.76357143,0.05,0.9,0,TREND_DOWN,NORMAL,NEUTRAL,HEALTHY,ALLOW
2026-09-29T17:44:00Z,2675.2,2675.46,2674.29,2674.29,50.3384,2674.68,1.71857143,0.05,0.9,0,TREND_DOWN,NORMAL,NEUTRAL,HEALTHY,ALLOW
2026-09-29T17:45:00Z,2674.29,2676.29,2674.29,2676.17,45.9505,2675.58333333,1.71571429,0.05,0.9,0,TREND_UP,NORMAL,ALIGNED,HEALTHY,ALLOW
2026-09-29T17:46:00Z,2676.16,2676.55,2673.0,2673.01,159.5183,2674.18666667,1.78857143,0.05,0.9,0,TREND_DOWN,NORMAL,NEUTRAL,HEALTHY,ALLOW
2026-09-29T17:47:00Z,2673.0,2674.01,2672.28,2673.4,86.9206,2673.23,1.79214286,0.05,0.9,0,TREND_UP,NORMAL,ALIGNED,HEALTHY,ALLOW
2026-09-29T17:48:00Z,2673.4,2673.89,2672.34,2673.27,41.5412,2673.16666667,1.72071429,0.05,0.9,0,TREND_DOWN,NORMAL,NEUTRAL,HEALTHY,ALLOW
2026-09-29T17:49:00Z,2673.26,2673.83,2671.79,2671.87,57.9527,2672.49666667,1.67571429,0.05,0.9,0,TREND_DOWN,NORMAL,NEUTRAL,HEALTHY,ALLOW
2026-09-29T17:50:00Z,2671.87,2672.68,2670.97,2670.97,190.657,2671.54,1.68357143,0.05,0.9,0,TREND_DOWN,NORMAL,NEUTRAL,HEALTHY,ALLOW
2026-09-29T17:51:00Z,2670.97,2672.76,2669.59,2672.6,154.1832,2671.65,1.81714286,0.05,0.9,0,TREND_UP,NORMAL,ALIGNED,HEALTHY,ALLOW
2026-09-29T17:52:00Z,2672.6,2673.28,2672.1,2672.94,146.4432,2672.77333333,1.77857143,0.05,0.9,0,TREND_UP,NORMAL,ALIGNED,HEALTHY,ALLOW
2026-09-29T17:53:00Z,2672.93,2672.93,2670.62,2671.66,178.4601,2671.73666667,1.85,0.05,0.9,0,TREND_DOWN,NORMAL,NEUTRAL,HEALTHY,ALLOW
2026-09-29T17:54:00Z,2671.65,2673.04,2671.26,2671.66,77.5345,2671.98666667,1.90857143,0.05,0.9,0,TREND_UP,NORMAL,ALIGNED,HEALTHY,ALLOW
2026-09-29T17:55:00Z,2671.66,2671.79,2671.07,2671.21,115.1552,2671.35666667,1.81785714,0.05,0.9,0,TREND_DOWN,NORMAL,NEUTRAL,HEALTHY,ALLOW
2026-09-29T17:56:00Z,2671.22,2672.09,2671.0,2671.57,107.1005,2671.55333333,1.81285714,0.05,0.9,0,TREND_UP,NORMAL,ALIGNED,HEALTHY,ALLOW
2026-09-29T17:57:00Z,2671.57,2672.15,2670.79,2670.8,39.133,2671.24666667,1.81214286,0.05,0.9,0,TREND_DOWN,NORMAL,NEUTRAL,HEALTHY,ALLOW
2026-09-29T17:58:00Z,2670.79,2671.24,2670.22,2671.24,118.7665,2670.9,1.80142857,0.05,0.9,0,TREND_UP,NORMAL,ALIGNED,HEALTHY,ALLOW
2026-09-29T17:59:00Z,2671.24,2673.77,2671.23,2673.76,34.7019,2672.92,1.84,0.05,0.9,0,TREND_UP,NORMAL,ALIGNED,HEALTHY,ALLOW
2026-09-29T18:00:00Z,2673.77,2681.92,2673.77,2681.92,668.1202,2679.20333333,2.16928571,0.05,0.9,0,TREND_UP,NORMAL,ALIGNED,HEALTHY,ALLOW
2026-09-29T18:01:00Z,2681.92,2683.2,2679.73,2680.5,434.8399,2681.14333333,2.29357143,0.05,0.9,0,TREND_DOWN,NORMAL,NEUTRAL,HEALTHY,ALLOW
2026-09-29T18:02:00Z,2680.5,2681.91,2679.55,2680.86,128.8983,2680.77333333,2.35142857,0.05,0.9,0,TREND_UP,NORMAL,ALIGNED,HEALTHY,ALLOW
2026-09-29T18:03:00Z,2680.86,2680.86,2677.34,2678.01,109.0811,2678.73666667,2.45714286,0.05,0.9,0,TREND_DOWN,NORMAL,NEUTRAL,HEALTHY,ALLOW
2026-09-29T18:04:00Z,2678.01,2681.71,2677.74,2681.68,154.5449,2680.37666667,2.61857143,0.05,0.9,0,TREND_UP,NORMAL,ALIGNED,HEALTHY,ALLOW
2026-09-29T18:05:00Z,2681.68,2682.81,2680.35,2681.98,135.4528,2681.71333333,2.56785714,0.05,0.9,0,TREND_UP,NORMAL,ALIGNED,HEALTHY,ALLOW
2026-09-29T18:06:00Z,2681.97,2684.71,2681.97,2684.12,208.926,2683.6,2.67928571,0.05,0.9,0,TREND_UP,NORMAL,ALIGNED,HEALTHY,ALLOW
2026-09-29T18:07:00Z,2684.11,2684.7,2680.34,2681.19,221.2465,2682.07666667,2.825,0.05,0.9,0,TREND_DOWN,NORMAL,NEUTRAL,HEALTHY,ALLOW
2026-09-29T18:08:00Z,2681.19,2682.73,2680.63,2681.6,70.8885,2681.65333333,2.84785714,0.05,0.9,0,TREND_UP,NORMAL,ALIGNED,HEALTHY,ALLOW
2026-09-29T18:09:00Z,2681.6,2682.63,2679.59,2679.59,75.2397,2680.60333333,3.01357143,0.05,0.9,0,TREND_DOWN,NORMAL,NEUTRAL,HEALTHY,ALLOW
2026-09-29T18:10:00Z,2679.6,2680.77,2679.47,2680.15,55.5989,2680.13,3.02857143,0.05,0.9,0,TREND_UP,NORMAL,ALIGNED,HEALTHY,ALLOW
2026-09-29T18:11:00Z,2680.15,2681.12,2680.15,2680.46,66.8616,2680.57666667,3.00071429,0.05,0.9,0,TREND_UP,NORMAL,ALIGNED,HEALTHY,ALLOW
2026-09-29T18:12:00Z,2680.47,2683.5,2680.47,2683.24,74.869,2682.40333333,3.145,0.05,0.9,0,TREND_UP,NORMAL,ALIGNED,HEALTHY,ALLOW
2026-09-29T18:13:00Z,2683.25,2684.7,2682.1,2684.21,70.0849,2683.67,3.14928571,0.05,0.9,0,TREND_UP,NORMAL,ALIGNED,HEALTHY,ALLOW
2026-09-29T18:14:00Z,2684.2,2684.71,2684.1,2684.49,68.75,2684.43333333,2.61,0.05,0.9,0,TREND_UP,NORMAL,ALIGNED,HEALTHY,ALLOW
2026-09-29T18:15:00Z,2684.49,2687.19,2684.33,2686.75,185.6787,2686.09,2.56642857,0.05,0.9,0,TREND_UP,NORMAL,ALIGNED,HEALTHY,ALLOW
2026-09-29T18:16:00Z,2686.76,2688.7,2686.76,2687.22,166.4707,2687.56,2.53714286,0.05,0.9,0,TREND_UP,NORMAL,ALIGNED,HEALTHY,ALLOW
2026-09-29T18:17:00Z,2687.22,2687.23,2684.62,2685.5,112.2741,2685.78333333,2.47214286,0.05,0.9,0,TREND_DOWN,NORMAL,NEUTRAL,HEALTHY,ALLOW
2026-09-29T18:18:00Z,2685.5,2685.5,2683.99,2685.27,70.0385,2684.92,2.29642857,0.05,0.9,0,TREND_DOWN,NORMAL,NEUTRAL,HEALTHY,ALLOW
2026-09-29T18:19:00Z,2685.26,2685.27,2684.49,2684.77,53.1446,2684.84333333,2.17642857,0.05,0.9,0,TREND_DOWN,NORMAL,NEUTRAL,HEALTHY,ALLOW
2026-09-29T18:20:00Z,2684.78,2685.66,2683.62,2685.55,76.2821,2684.94333333,2.12642857,0.05,0.9,0,TREND_UP,NORMAL,ALIGNED,HEALTHY,ALLOW
2026-09-29T18:21:00Z,2685.55,2687.27,2685.25,2687.1,79.307,2686.54,1.95928571,0.05,0.9,0,TREND_UP,NORMAL,ALIGNED,HEALTHY,ALLOW
2026-09-29T18:22:00Z,2687.1,2688.51,2686.03,2688.44,88.6381,2687.66,1.98642857,0.05,0.9,0,TREND_UP,NORMAL,ALIGNED,HEALTHY,ALLOW
2026-09-29T18:23:00Z,2688.45,2689.36,2687.88,2688.34,310.2641,2688.52666667,1.875,0.05,0.9,0,TREND_DOWN,NORMAL,NEUTRAL,HEALTHY,ALLOW
2026-09-29T18:24:00Z,2688.34,2688.34,2687.43,2687.45,54.4619,2687.74,1.84714286,0.05,0.9,0,TREND_DOWN,NORMAL,NEUTRAL,HEALTHY,ALLOW
2026-09-29T18:25:00Z,2687.44,2688.18,2686.15,2686.84,81.8884,2687.05666667,1.92285714,0.05,0.9,0,TREND_DOWN,NORMAL,NEUTRAL,HEALTHY,ALLOW
2026-09-29T18:26:00Z,2686.84,2687.39,2685.59,2685.59,54.7676,2686.19,1.83428571,0.05,0.9,0,TREND_DOWN,NORMAL,NEUTRAL,HEALTHY,ALLOW
2026-09-29T18:27:00Z,2685.59,2686.6,2685.56,2685.87,62.9619,2686.01,1.72285714,0.05,0.9,0,TREND_UP,NORMAL,ALIGNED,HEALTHY,ALLOW
2026-09-29T18:28:00Z,2685.87,2688.18,2685.87,2687.82,36.8196,2687.29,1.84428571,0.05,0.9,0,TREND_UP,NORMAL,ALIGNED,HEALTHY,ALLOW
2026-09-29T18:29:00Z,2687.82,2687.82,2685.53,2685.53,87.9942,2686.29333333,1.80357143,0.05,0.9,0,TREND_DOWN,NORMAL,NEUTRAL,HEALTHY,ALLOW
2026-09-29T18:30:00Z,2685.53,2688.62,2685.07,2686.79,236.9713,2686.82666667,1.91785714,0.05,0.9,0,TREND_UP,NORMAL,ALIGNED,HEALTHY,ALLOW
2026-09-29T18:31:00Z,2686.8,2687.27,2684.5,2687.27,169.0086,2686.34666667,1.92928571,0.05,0.9,0,TREND_UP,NORMAL,ALIGNED,HEALTHY,ALLOW
2026-09-29T18:32:00Z,2687.26,2689.52,2687.04,2689.51,69.9938,2688.69,1.99857143,0.05,0.9,0,TREND_UP,NORMAL,ALIGNED,HEALTHY,ALLOW
2026-09-29T18:33:00Z,2689.51,2690.48,2689.29,2689.51,187.0684,2689.76,2.02785714,0.05,0.9,0,TREND_UP,NORMAL,ALIGNED,HEALTHY,ALLOW
2026-09-29T18:34:00Z,2689.5,2691.4,2689.05,2691.39,115.1581,2690.61333333,2.05,0.05,0.9,0,TREND_UP,NORMAL,ALIGNED,HEALTHY,ALLOW
2026-09-29T18:35:00Z,2691.39,2691.39,2689.72,2690.92,95.2705,2690.67666667,2.025,0.05,0.9,0,TREND_DOWN,NORMAL,NEUTRAL,HEALTHY,ALLOW
2026-09-29T18:36:00Z,2690.93,2693.0,2690.36,2692.82,144.8397,2692.06,2.03642857,0.05,0.9,0,TREND_UP,NORMAL,ALIGNED,HEALTHY,ALLOW
2026-09-29T18:37:00Z,2692.82,2693.24,2691.68,2692.08,119.7157,2692.33333333,2.04214286,0.05,0.9,0,TREND_DOWN,NORMAL,NEUTRAL,HEALTHY,ALLOW
2026-09-29T18:38:00Z,2692.07,2693.95,2692.07,2693.83,88.5187,2693.28333333,2.11142857,0.05,0.9,0,TREND_UP,NORMAL,ALIGNED,HEALTHY,ALLOW
2026-09-29T18:39:00Z,2693.83,2694.54,2691.75,2691.75,136.743,2692.68,2.16571429,0.05,0.9,0,TREND_DOWN,NORMAL,NEUTRAL,HEALTHY,ALLOW
2026-09-29T18:40:00Z,2691.74,2694.3,2691.47,2694.3,122.6829,2693.35666667,2.23928571,0.05,0.9,0,TREND_UP,NORMAL,ALIGNED,HEALTHY,ALLOW
2026-09-29T18:41:00Z,2694.31,2695.67,2694.1,2695.67,174.5261,2695.14666667,2.27714286,0.05,0.9,0,TREND_UP,NORMAL,ALIGNED,HEALTHY,ALLOW
2026-09-29T18:42:00Z,2695.68,2696.36,2694.59,2696.09,167.3086,2695.68,2.23857143,0.05,0.9,0,TREND_UP,NORMAL,ALIGNED,HEALTHY,ALLOW
2026-09-29T18:43:00Z,2696.1,2696.36,2695.13,2695.47,81.4935,2695.65333333,2.16285714,0.05,0.9,0,TREND_DOWN,NORMAL,NEUTRAL,HEALTHY,ALLOW
2026-09-29T18:44:00Z,2695.47,2695.68,2694.59,2694.8,84.3875,2695.02333333,1.98714286,0.05,0.9,0,TREND_DOWN,NORMAL,NEUTRAL,HEALTHY,ALLOW
2026-09-29T18:45:00Z,2694.8,2696.57,2694.51,2696.49,93.3377,2695.85666667,1.93642857,0.05,0.9,0,TREND_UP,NORMAL,ALIGNED,HEALTHY,ALLOW
2026-09-29T18:46:00Z,2696.48,2696.48,2695.58,2696.18,50.7356,2696.08,1.82428571,0.05,0.9,0,TREND_DOWN,NORMAL,NEUTRAL,HEALTHY,ALLOW
2026-09-29T18:47:00Z,2696.18,2696.18,2693.58,2694.22,61.4771,2694.66,1.925,0.05,0.9,0,TREND_DOWN,NORMAL,NEUTRAL,HEALTHY,ALLOW
2026-09-29T18:48:00Z,2694.22,2694.62,2693.47,2694.61,76.8535,2694.23333333,1.83928571,0.05,0.9,0,TREND_UP,NORMAL,ALIGNED,HEALTHY,ALLOW
2026-09-29T18:49:00Z,2694.62,2694.64,2693.98,2694.63,90.0739,2694.41666667,1.76714286,0.05,0.9,0,TREND_UP,NORMAL,ALIGNED,HEALTHY,ALLOW
2026-09-29T18:50:00Z,2694.64,2694.93,2693.09,2694.72,117.0185,2694.24666667,1.71,0.05,0.9,0,TREND_UP,NORMAL,ALIGNED,HEALTHY,ALLOW
2026-09-29T18:51:00Z,2694.71,2695.95,2694.68,2695.94,86.8487,2695.52333333,1.68928571,0.05,0.9,0,TREND_UP,NORMAL,ALIGNED,HEALTHY,ALLOW
2026-09-29T18:52:00Z,2696.0,2696.97,2695.47,2696.92,159.6439,2696.45333333,1.66214286,0.05,0.9,0,TREND_UP,NORMAL,ALIGNED,HEALTHY,ALLOW
2026-09-29T18:53:00Z,2696.93,2697.92,2696.1,2696.74,163.294,2696.92,1.59285714,0.05,0.9,0,TREND_DOWN,NORMAL,NEUTRAL,HEALTHY,ALLOW
2026-09-29T18:54:00Z,2696.74,2696.74,2695.19,2695.19,52.2341,2695.70666667,1.50142857,0.05,0.9,0,TREND_DOWN,NORMAL,NEUTRAL,HEALTHY,ALLOW
2026-09-29T18:55:00Z,2695.19,2695.29,2694.55,2694.85,66.8731,2694.89666667,1.44214286,0.05,0.9,0,TREND_DOWN,NORMAL,NEUTRAL,HEALTHY,ALLOW
2026-09-29T18:56:00Z,2694.84,2695.3,2694.41,2694.42,27.2488,2694.71,1.37928571,0.05,0.9,0,TREND_DOWN,NORMAL,NEUTRAL,HEALTHY,ALLOW
2026-09-29T18:57:00Z,2694.41,2694.42,2693.46,2693.46,67.7111,2693.78,1.36,0.05,0.9,0,TREND_DOWN,NORMAL,NEUTRAL,HEALTHY,ALLOW
2026-09-29T18:58:00Z,2693.47,2694.38,2693.08,2693.95,146.4592,2693.80333333,1.375,0.05,0.9,0,TREND_UP,NORMAL,ALIGNED,HEALTHY,ALLOW
2026-09-29T18:59:00Z,2693.96,2696.24,2693.95,2695.86,152.5688,2695.35,1.39142857,0.05,0.9,0,TREND_UP,NORMAL,ALIGNED,HEALTHY,ALLOW
2026-09-29T19:00:00Z,2695.85,2696.31,2695.33,2696.15,119.2343,2695.93,1.39642857,0.05,0.9,0,TREND_UP,NORMAL,ALIGNED,HEALTHY,ALLOW
2026-09-29T19:01:00Z,2696.15,2696.45,2694.87,2695.44,57.0142,2695.58666667,1.32357143,0.05,0.9,0,TREND_DOWN,NORMAL,NEUTRAL,HEALTHY,ALLOW
2026-09-29T19:02:00Z,2695.44,2697.5,2695.11,2696.88,82.5378,2696.49666667,1.41214286,0.05,0.9,0,TREND_UP,NORMAL,ALIGNED,HEALTHY,ALLOW
2026-09-29T19:03:00Z,2696.88,2698.0,2696.88,2696.89,67.0115,2697.25666667,1.445,0.05,0.9,0,TREND_UP,NORMAL,ALIGNED,HEALTHY,ALLOW
2026-09-29T19:04:00Z,2696.88,2698.7,2696.33,2698.69,113.8761,2697.90666667,1.48285714,0.05,0.9,0,TREND_UP,NORMAL,ALIGNED,HEALTHY,ALLOW
2026-09-29T19:05:00Z,2698.69,2698.7,2696.53,2697.83,124.5374,2697.68666667,1.54714286,0.05,0.9,0,TREND_DOWN,NORMAL,NEUTRAL,HEALTHY,ALLOW
2026-09-29T19:06:00Z,2697.84,2699.21,2697.83,2699.21,47.8952,2698.75,1.53857143,0.05,0.9,0,TREND_UP,NORMAL,ALIGNED,HEALTHY,ALLOW
2026-09-29T19:07:00Z,2699.2,2700.0,2699.2,2699.54,85.0428,2699.58,1.46571429,0.05,0.9,0,TREND_UP,NORMAL,ALIGNED,HEALTHY,ALLOW
2026-09-29T19:08:00Z,2699.54,2699.88,2698.67,2698.78,109.466,2699.11,1.44142857,0.05,0.9,0,TREND_DOWN,NORMAL,NEUTRAL,HEALTHY,ALLOW
2026-09-29T19:09:00Z,2698.77,2699.1,2698.37,2698.8,98.3734,2698.75666667,1.44071429,0.05,0.9,0,TREND_UP,NORMAL,ALIGNED,HEALTHY,ALLOW
2026-09-29T19:10:00Z,2698.8,2699.42,2698.45,2699.42,40.9416,2699.09666667,1.44642857,0.05,0.9,0,TREND_UP,NORMAL,ALIGNED,HEALTHY,ALLOW
2026-09-29T19:11:00Z,2699.41,2699.44,2698.01,2698.53,242.8936,2698.66,1.48,0.05,0.9,0,TREND_DOWN,NORMAL,NEUTRAL,HEALTHY,ALLOW
2026-09-29T19:12:00Z,2698.54,2698.54,2697.78,2697.96,92.9626,2698.09333333,1.44142857,0.05,0.9,0,TREND_DOWN,NORMAL,NEUTRAL,HEALTHY,ALLOW
2026-09-29T19:13:00Z,2697.96,2697.99,2697.5,2697.51,33.5959,2697.66666667,1.31285714,0.05,0.9,0,TREND_DOWN,NORMAL,NEUTRAL,HEALTHY,ALLOW
2026-09-29T19:14:00Z,2697.5,2698.17,2696.68,2697.03,83.2188,2697.29333333,1.34928571,0.05,0.9,0,TREND_DOWN,NORMAL,NEUTRAL,HEALTHY,ALLOW
2026-09-29T19:15:00Z,2697.04,2697.98,2695.84,2696.17,68.3274,2696.66333333,1.38928571,0.05,0.9,0,TREND_DOWN,NORMAL,NEUTRAL,HEALTHY,ALLOW
2026-09-29T19:16:00Z,2696.18,2696.57,2695.59,2696.4,73.9431,2696.18666667,1.28857143,0.05,0.9,0,TREND_UP,NORMAL,ALIGNED,HEALTHY,ALLOW
2026-09-29T19:17:00Z,2696.4,2698.17,2695.59,2698.17,105.3151,2697.31,1.39285714,0.05,0.9,0,TREND_UP,NORMAL,ALIGNED,HEALTHY,ALLOW
2026-09-29T19:18:00Z,2698.17,2699.0,2698.16,2698.28,263.2388,2698.48,1.28357143,0.05,0.9,0,TREND_UP,NORMAL,ALIGNED,HEALTHY,ALLOW
2026-09-29T19:19:00Z,2698.28,2698.41,2696.89,2698.08,73.9103,2697.79333333,1.23714286,0.05,0.9,0,TREND_DOWN,NORMAL,NEUTRAL,HEALTHY,ALLOW
2026-09-29T19:20:00Z,2698.07,2698.07,2697.05,2697.05,97.6438,2697.39,1.21214286,0.05,0.9,0,TREND_DOWN,NORMAL,NEUTRAL,HEALTHY,ALLOW
2026-09-29T19:21:00Z,2697.04,2697.05,2696.2,2696.65,53.2647,2696.63333333,1.21571429,0.05,0.9,0,TREND_DOWN,NORMAL,NEUTRAL,HEALTHY,ALLOW
2026-09-29T19:22:00Z,2696.64,2696.65,2696.0,2696.65,43.1638,2696.43333333,1.17571429,0.05,0.9,0,TREND_UP,NORMAL,ALIGNED,HEALTHY,ALLOW
2026-09-29T19:23:00Z,2696.65,2697.65,2696.64,2697.47,55.7051,2697.25333333,1.19571429,0.05,0.9,0,TREND_UP,NORMAL,ALIGNED,HEALTHY,ALLOW
2026-09-29T19:24:00Z,2697.47,2698.0,2697.13,2697.92,58.5737,2697.68333333,1.18857143,0.05,0.9,0,TREND_UP,NORMAL,ALIGNED,HEALTHY,ALLOW
2026-09-29T19:25:00Z,2697.92,2698.59,2697.86,2697.87,65.7658,2698.10666667,1.13857143,0.05,0.9,0,TREND_DOWN,NORMAL,NEUTRAL,HEALTHY,ALLOW
2026-09-29T19:26:00Z,2697.87,2697.87,2696.09,2696.5,54.2483,2696.82,1.21142857,0.05,0.9,0,TREND_DOWN,NORMAL,NEUTRAL,HEALTHY,ALLOW
2026-09-29T19:27:00Z,2696.51,2696.51,2695.77,2696.26,68.9889,2696.18,1.22928571,0.05,0.9,0,TREND_DOWN,NORMAL,NEUTRAL,HEALTHY,ALLOW
2026-09-29T19:28:00Z,2696.26,2696.26,2695.08,2695.09,78.2339,2695.47666667,1.20714286,0.05,0.9,0,TREND_DOWN,NORMAL,NEUTRAL,HEALTHY,ALLOW
2026-09-29T19:29:00Z,2695.08,2695.43,2695.08,2695.25,49.7356,2695.25333333,1.07928571,0.05,0.9,0,TREND_UP,NORMAL,ALIGNED,HEALTHY,ALLOW
2026-09-29T19:30:00Z,2695.24,2695.43,2694.11,2694.99,71.1899,2694.84333333,1.10357143,0.05,0.9,0,TREND_DOWN,NORMAL,NEUTRAL,HEALTHY,ALLOW
2026-09-29T19:31:00Z,2694.99,2696.32,2694.8,2694.93,67.5757,2695.35,1.02785714,0.05,0.9,0,TREND_DOWN,NORMAL,NEUTRAL,HEALTHY,ALLOW
2026-09-29T19:32:00Z,2694.93,2697.5,2694.92,2697.23,128.5304,2696.55,1.15214286,0.05,0.9,0,TREND_UP,NORMAL,ALIGNED,HEALTHY,ALLOW
2026-09-29T19:33:00Z,2697.23,2697.23,2696.42,2696.97,67.1467,2696.87333333,1.10142857,0.05,0.9,0,TREND_DOWN,NORMAL,NEUTRAL,HEALTHY,ALLOW
2026-09-29T19:34:00Z,2696.98,2696.98,2696.22,2696.71,62.2289,2696.63666667,1.08214286,0.05,0.9,0,TREND_DOWN,NORMAL,NEUTRAL,HEALTHY,ALLOW
2026-09-29T19:35:00Z,2696.72,2696.92,2696.04,2696.04,53.0675,2696.33333333,1.08428571,0.05,0.9,0,TREND_DOWN,NORMAL,NEUTRAL,HEALTHY,ALLOW
2026-09-29T19:36:00Z,2696.03,2696.21,2695.77,2695.83,100.0819,2695.93666667,1.06928571,0.05,0.9,0,TREND_DOWN,NORMAL,NEUTRAL,HEALTHY,ALLOW
2026-09-29T19:37:00Z,2695.83,2696.57,2695.0,2695.0,63.2254,2695.52333333,1.10928571,0.05,0.9,0,TREND_DOWN,NORMAL,NEUTRAL,HEALTHY,ALLOW
2026-09-29T19:38:00Z,2695.01,2696.57,2694.6,2695.78,169.4946,2695.65,1.18785714,0.05,0.9,0,TREND_UP,NORMAL,ALIGNED,HEALTHY,ALLOW
2026-09-29T19:39:00Z,2695.77,2696.29,2695.77,2695.93,207.348,2695.99666667,1.17285714,0.05,0.9,0,TREND_UP,NORMAL,ALIGNED,HEALTHY,ALLOW
2026-09-29T19:40:00Z,2695.92,2695.95,2693.46,2693.82,254.6337,2694.41,1.22357143,0.05,0.9,0,TREND_DOWN,NORMAL,NEUTRAL,HEALTHY,ALLOW
2026-09-29T19:41:00Z,2693.81,2693.82,2693.53,2693.6,141.7569,2693.65,1.19142857,0.05,0.9,0,TREND_DOWN,NORMAL,NEUTRAL,HEALTHY,ALLOW
2026-09-29T19:42:00Z,2693.61,2693.73,2692.59,2693.1,222.3631,2693.14,1.18857143,0.05,0.9,0,TREND_DOWN,NORMAL,NEUTRAL,HEALTHY,ALLOW
2026-09-29T19:43:00Z,2693.11,2693.47,2692.9,2692.9,67.757,2693.09,1.20428571,0.05,0.9,0,TREND_DOWN,NORMAL,NEUTRAL,HEALTHY,ALLOW
2026-09-29T19:44:00Z,2692.9,2692.9,2689.67,2689.71,474.9878,2690.76,1.34071429,0.05,0.9,0,TREND_DOWN,NORMAL,NEUTRAL,HEALTHY,ALLOW
2026-09-29T19:45:00Z,2689.71,2689.71,2687.53,2687.53,179.7537,2688.25666667,1.38785714,0.05,0.9,0,TREND_DOWN,NORMAL,NEUTRAL,HEALTHY,ALLOW
2026-09-29T19:46:00Z,2687.52,2687.94,2686.59,2687.93,292.953,2687.48666667,1.3,0.05,0.9,0,TREND_UP,NORMAL,ALIGNED,HEALTHY,ALLOW
2026-09-29T19:47:00Z,2687.93,2692.98,2687.42,2691.81,470.8631,2690.73666667,1.63928571,0.05,0.9,0,TREND_UP,NORMAL,ALIGNED,HEALTHY,ALLOW
2026-09-29T19:48:00Z,2691.83,2692.43,2689.53,2689.78,198.4605,2690.58,1.79214286,0.05,0.9,0,TREND_DOWN,NORMAL,NEUTRAL,HEALTHY,ALLOW
2026-09-29T19:49:00Z,2689.78,2691.64,2689.77,2690.66,161.1361,2690.69,1.86285714,0.05,0.9,0,TREND_UP,NORMAL,ALIGNED,HEALTHY,ALLOW
2026-09-29T19:50:00Z,2690.65,2691.64,2690.03,2690.16,227.8004,2690.61,1.94642857,0.05,0.9,0,TREND_DOWN,NORMAL,NEUTRAL,HEALTHY,ALLOW
2026-09-29T19:51:00Z,2690.15,2692.17,2689.84,2691.9,132.6579,2691.30333333,2.00071429,0.05,0.9,0,TREND_UP,NORMAL,ALIGNED,HEALTHY,ALLOW
2026-09-29T19:52:00Z,2691.91,2692.28,2691.28,2691.68,81.9239,2691.74666667,1.93142857,0.05,0.9,0,TREND_DOWN,NORMAL,NEUTRAL,HEALTHY,ALLOW
2026-09-29T19:53:00Z,2691.68,2691.92,2689.45,2691.92,67.7232,2691.09666667,2.07071429,0.05,0.9,0,TREND_UP,NORMAL,ALIGNED,HEALTHY,ALLOW
2026-09-29T19:54:00Z,2691.95,2692.11,2690.61,2690.86,52.8607,2691.19333333,2.0,0.05,0.9,0,TREND_DOWN,NORMAL,NEUTRAL,HEALTHY,ALLOW
2026-09-29T19:55:00Z,2690.86,2691.2,2689.46,2691.05,117.0472,2690.57,2.10357143,0.05,0.9,0,TREND_UP,NORMAL,ALIGNED,HEALTHY,ALLOW
2026-09-29T19:56:00Z,2691.08,2691.87,2690.35,2691.01,98.8842,2691.07666667,2.13071429,0.05,0.9,0,TREND_DOWN,NORMAL,NEUTRAL,HEALTHY,ALLOW
2026-09-29T19:57:00Z,2691.08,2691.25,2690.98,2691.09,30.5441,2691.10666667,2.10928571,0.05,0.9,0,TREND_UP,NORMAL,ALIGNED,HEALTHY,ALLOW
2026-09-29T19:58:00Z,2691.09,2691.09,2689.56,2689.56,55.1448,2690.07,1.98785714,0.05,0.9,0,TREND_DOWN,NORMAL,NEUTRAL,HEALTHY,ALLOW
2026-09-29T19:59:00Z,2689.55,2690.84,2689.17,2690.01,194.4518,2690.00666667,1.95142857,0.05,0.9,0,TREND_UP,NORMAL,ALIGNED,HEALTHY,ALLOW
2026-09-29T20:00:00Z,2690.01,2690.32,2688.99,2690.32,168.5026,2689.87666667,1.95,0.05,0.9,0,TREND_UP,NORMAL,ALIGNED,HEALTHY,ALLOW
2026-09-29T20:01:00Z,2690.33,2690.86,2687.64,2687.64,102.1311,2688.71333333,1.78285714,0.05,0.9,0,TREND_DOWN,NORMAL,NEUTRAL,HEALTHY,ALLOW
2026-09-29T20:02:00Z,2687.64,2688.39,2686.74,2688.15,126.9958,2687.76,1.69357143,0.05,0.9,0,TREND_UP,NORMAL,ALIGNED,HEALTHY,ALLOW
2026-09-29T20:03:00Z,2688.15,2688.68,2687.82,2688.09,74.8686,2688.19666667,1.62142857,0.05,0.9,0,TREND_DOWN,NORMAL,NEUTRAL,HEALTHY,ALLOW
2026-09-29T20:04:00Z,2688.09,2689.31,2687.76,2688.18,144.8272,2688.41666667,1.61714286,0.05,0.9,0,TREND_UP,NORMAL,ALIGNED,HEALTHY,ALLOW
2026-09-29T20:05:00Z,2688.18,2689.36,2687.99,2689.12,103.0188,2688.82333333,1.54857143,0.05,0.9,0,TREND_UP,NORMAL,ALIGNED,HEALTHY,ALLOW
2026-09-29T20:06:00Z,2689.12,2690.49,2688.69,2690.09,50.9155,2689.75666667,1.60571429,0.05,0.9,0,TREND_UP,NORMAL,ALIGNED,HEALTHY,ALLOW
2026-09-29T20:07:00Z,2690.1,2692.03,2690.1,2691.74,245.0083,2691.29,1.56785714,0.05,0.9,0,TREND_UP,NORMAL,ALIGNED,HEALTHY,ALLOW
2026-09-29T20:08:00Z,2691.73,2691.73,2690.66,2691.08,57.8956,2691.15666667,1.53785714,0.05,0.9,0,TREND_DOWN,NORMAL,NEUTRAL,HEALTHY,ALLOW
2026-09-29T20:09:00Z,2691.09,2692.17,2688.83,2688.84,92.2009,2689.94666667,1.65214286,0.05,0.9,0,TREND_DOWN,NORMAL,NEUTRAL,HEALTHY,ALLOW
2026-09-29T20:10:00Z,2688.83,2688.83,2687.02,2687.02,31.1274,2687.62333333,1.67357143,0.05,0.9,0,TREND_DOWN,NORMAL,NEUTRAL,HEALTHY,ALLOW
2026-09-29T20:11:00Z,2687.02,2687.76,2686.91,2687.37,64.1182,2687.34666667,1.715,0.05,0.9,0,TREND_UP,NORMAL,ALIGNED,HEALTHY,ALLOW
2026-09-29T20:12:00Z,2687.37,2688.56,2687.31,2688.56,66.1754,2688.14333333,1.695,0.05,0.9,0,TREND_UP,NORMAL,ALIGNED,HEALTHY,ALLOW
2026-09-29T20:13:00Z,2688.61,2689.88,2688.61,2689.79,20.7432,2689.42666667,1.67,0.05,0.9,0,TREND_UP,NORMAL,ALIGNED,HEALTHY,ALLOW
2026-09-29T20:14:00Z,2689.8,2690.52,2689.53,2689.99,33.4912,2690.01333333,1.64571429,0.05,0.9,0,TREND_UP,NORMAL,ALIGNED,HEALTHY,ALLOW
2026-09-29T20:15:00Z,2689.99,2691.06,2689.99,2691.06,48.0035,2690.70333333,1.49214286,0.05,0.9,0,TREND_UP,NORMAL,ALIGNED,HEALTHY,ALLOW
2026-09-29T20:16:00Z,2691.06,2691.68,2691.05,2691.68,19.0588,2691.47,1.41928571,0.05,0.9,0,TREND_UP,NORMAL,ALIGNED,HEALTHY,ALLOW
2026-09-29T20:17:00Z,2691.69,2692.82,2691.68,2692.82,46.1649,2692.44,1.43928571,0.05,0.9,0,TREND_UP,NORMAL,ALIGNED,HEALTHY,ALLOW
2026-09-29T20:18:00Z,2692.82,2693.24,2692.65,2693.24,95.7403,2693.04333333,1.37071429,0.05,0.9,0,TREND_UP,NORMAL,ALIGNED,HEALTHY,ALLOW
2026-09-29T20:19:00Z,2693.25,2693.47,2693.25,2693.4,15.3052,2693.37333333,1.28928571,0.05,0.9,0,TREND_UP,NORMAL,ALIGNED,HEALTHY,ALLOW
2026-09-29T20:20:00Z,2693.4,2693.47,2693.39,2693.47,31.4991,2693.44333333,1.16642857,0.05,0.9,0,TREND_UP,NORMAL,ALIGNED,HEALTHY,ALLOW
2026-09-29T20:21:00Z,2693.47,2693.47,2693.06,2693.07,22.3393,2693.2,1.05714286,0.05,0.9,0,TREND_DOWN,NORMAL,NEUTRAL,HEALTHY,ALLOW
2026-09-29T20:22:00Z,2693.07,2693.24,2692.65,2692.65,39.1085,2692.84666667,1.02214286,0.05,0.9,0,TREND_DOWN,NORMAL,NEUTRAL,HEALTHY,ALLOW
2026-09-29T20:23:00Z,2692.65,2692.81,2692.0,2692.0,87.7847,2692.27,0.84142857,0.05,0.9,0,TREND_DOWN,NORMAL,NEUTRAL,HEALTHY,ALLOW
2026-09-29T20:24:00Z,2691.99,2691.99,2691.57,2691.8,57.9106,2691.78666667,0.74214286,0.05,0.9,0,TREND_DOWN,NORMAL,NEUTRAL,HEALTHY,ALLOW
2026-09-29T20:25:00Z,2691.81,2692.09,2691.52,2691.82,27.4705,2691.81,0.72214286,0.05,0.9,0,TREND_UP,NORMAL,ALIGNED,HEALTHY,ALLOW
2026-09-29T20:26:00Z,2691.82,2693.99,2691.82,2693.99,53.3293,2693.26666667,0.78785714,0.05,0.9,0,TREND_UP,NORMAL,ALIGNED,HEALTHY,ALLOW
2026-09-29T20:27:00Z,2694.0,2694.19,2693.54,2693.55,29.6297,2693.76,0.74,0.05,0.9,0,TREND_DOWN,NORMAL,NEUTRAL,HEALTHY,ALLOW
2026-09-29T20:28:00Z,2693.54,2693.54,2692.05,2692.28,27.2929,2692.62333333,0.77642857,0.05,0.9,0,TREND_DOWN,NORMAL,NEUTRAL,HEALTHY,ALLOW
2026-09-29T20:29:00Z,2692.28,2692.41,2692.13,2692.18,12.2487,2692.24,0.72,0.05,0.9,0,TREND_DOWN,NORMAL,NEUTRAL,HEALTHY,ALLOW
2026-09-29T20:30:00Z,2692.18,2692.18,2691.37,2691.87,18.9361,2691.80666667,0.73285714,0.05,0.9,0,TREND_DOWN,NORMAL,NEUTRAL,HEALTHY,ALLOW
2026-09-29T20:31:00Z,2691.87,2691.87,2690.48,2690.48,12.99,2690.94333333,0.75071429,0.05,0.9,0,TREND_DOWN,NORMAL,NEUTRAL,HEALTHY,ALLOW
2026-09-29T20:32:00Z,2690.47,2690.99,2690.46,2690.99,16.8819,2690.81333333,0.74642857,0.05,0.9,0,TREND_UP,NORMAL,ALIGNED,HEALTHY,ALLOW
2026-09-29T20:33:00Z,2690.99,2691.54,2690.99,2691.53,20.1859,2691.35333333,0.76928571,0.05,0.9,0,TREND_UP,NORMAL,ALIGNED,HEALTHY,ALLOW
2026-09-29T20:34:00Z,2691.53,2691.88,2690.36,2690.36,31.4395,2690.86666667,0.87214286,0.05,0.9,0,TREND_DOWN,NORMAL,NEUTRAL,HEALTHY,ALLOW
2026-09-29T20:35:00Z,2690.37,2691.47,2690.36,2691.36,27.0475,2691.06333333,0.92214286,0.05,0.9,0,TREND_UP,NORMAL,ALIGNED,HEALTHY,ALLOW
2026-09-29T20:36:00Z,2691.36,2691.9,2691.23,2691.3,28.5627,2691.47666667,0.92785714,0.05,0.9,0,TREND_DOWN,NORMAL,NEUTRAL,HEALTHY,ALLOW
2026-09-29T20:37:00Z,2691.31,2692.03,2691.3,2692.03,22.9043,2691.78666667,0.92214286,0.05,0.9,0,TREND_UP,NORMAL,ALIGNED,HEALTHY,ALLOW
2026-09-29T20:38:00Z,2692.03,2692.03,2691.37,2691.37,19.0334,2691.59,0.93857143,0.05,0.9,0,TREND_DOWN,NORMAL,NEUTRAL,HEALTHY,ALLOW
2026-09-29T20:39:00Z,2691.38,2692.81,2691.38,2692.53,39.2573,2692.24,1.00071429,0.05,0.9,0,TREND_UP,NORMAL,ALIGNED,HEALTHY,ALLOW
2026-09-29T20:40:00Z,2692.52,2692.66,2692.44,2692.44,9.7661,2692.51333333,0.86142857,0.05,0.9,0,TREND_DOWN,NORMAL,NEUTRAL,HEALTHY,ALLOW
2026-09-29T20:41:00Z,2692.44,2692.66,2692.44,2692.59,23.9016,2692.56333333,0.83071429,0.05,0.9,0,TREND_UP,NORMAL,ALIGNED,HEALTHY,ALLOW
2026-09-29T20:42:00Z,2692.59,2692.82,2692.5,2692.8,24.0881,2692.70666667,0.74642857,0.05,0.9,0,TREND_UP,NORMAL,ALIGNED,HEALTHY,ALLOW
2026-09-29T20:43:00Z,2692.79,2693.0,2692.14,2692.28,37.594,2692.47333333,0.78785714,0.05,0.9,0,TREND_DOWN,NORMAL,NEUTRAL,HEALTHY,ALLOW
2026-09-29T20:44:00Z,2692.28,2692.72,2692.28,2692.52,26.0475,2692.50666667,0.76142857,0.05,0.9,0,TREND_UP,NORMAL,ALIGNED,HEALTHY,ALLOW
2026-09-29T20:45:00Z,2692.53,2692.53,2690.99,2691.0,26.5514,2691.50666667,0.77214286,0.05,0.9,0,TREND_DOWN,NORMAL,NEUTRAL,HEALTHY,ALLOW
2026-09-29T20:46:00Z,2691.0,2691.61,2690.99,2691.3,32.6808,2691.3,0.77857143,0.05,0.9,0,TREND_UP,NORMAL,ALIGNED,HEALTHY,ALLOW
2026-09-29T20:47:00Z,2691.29,2691.63,2690.67,2691.62,32.2255,2691.30666667,0.80785714,0.05,0.9,0,TREND_UP,NORMAL,ALIGNED,HEALTHY,ALLOW
2026-09-29T20:48:00Z,2691.62,2691.96,2691.25,2691.95,23.0976,2691.72,0.75,0.05,0.9,0,TREND_UP,NORMAL,ALIGNED,HEALTHY,ALLOW
2026-09-29T20:49:00Z,2691.96,2693.16,2691.95,2692.56,46.7172,2692.55666667,0.75714286,0.05,0.9,0,TREND_UP,NORMAL,ALIGNED,HEALTHY,ALLOW
2026-09-29T20:50:00Z,2692.57,2692.58,2691.64,2691.94,57.9921,2692.05333333,0.77642857,0.05,0.9,0,TREND_DOWN,NORMAL,NEUTRAL,HEALTHY,ALLOW
2026-09-29T20:51:00Z,2691.94,2692.65,2691.94,2692.21,24.783,2692.26666667,0.775,0.05,0.9,0,TREND_UP,NORMAL,ALIGNED,HEALTHY,ALLOW
2026-09-29T20:52:00Z,2692.22,2692.53,2692.11,2692.13,90.9999,2692.25666667,0.75785714,0.05,0.9,0,TREND_DOWN,NORMAL,NEUTRAL,HEALTHY,ALLOW
2026-09-29T20:53:00Z,2692.12,2692.52,2691.66,2691.66,22.9177,2691.94666667,0.71642857,0.05,0.9,0,TREND_DOWN,NORMAL,NEUTRAL,HEALTHY,ALLOW
2026-09-29T20:54:00Z,2691.67,2691.92,2691.16,2691.16,22.9696,2691.41333333,0.755,0.05,0.9,0,TREND_DOWN,NORMAL,NEUTRAL,HEALTHY,ALLOW
2026-09-29T20:55:00Z,2691.17,2691.59,2691.17,2691.58,32.6948,2691.44666667,0.77,0.05,0.9,0,TREND_UP,NORMAL,ALIGNED,HEALTHY,ALLOW
2026-09-29T20:56:00Z,2691.59,2691.59,2690.91,2690.92,27.477,2691.14,0.79571429,0.05,0.9,0,TREND_DOWN,NORMAL,NEUTRAL,HEALTHY,ALLOW
2026-09-29T20:57:00Z,2690.91,2691.32,2690.17,2691.03,177.661,2690.84,0.81642857,0.05,0.9,0,TREND_UP,NORMAL,ALIGNED,HEALTHY,ALLOW
2026-09-29T20:58:00Z,2691.03,2691.46,2690.74,2691.09,129.3408,2691.09666667,0.83642857,0.05,0.9,0,TREND_UP,NORMAL,ALIGNED,HEALTHY,ALLOW
2026-09-29T20:59:00Z,2691.1,2691.12,2689.25,2689.26,170.2347,2689.87666667,0.86,0.05,0.9,0,TREND_DOWN,NORMAL,NEUTRAL,HEALTHY,ALLOW
2026-09-29T21:00:00Z,2689.25,2689.97,2689.21,2689.96,157.7274,2689.71333333,0.87,0.05,0.9,0,TREND_UP,NORMAL,ALIGNED,HEALTHY,ALLOW
2026-09-29T21:01:00Z,2689.96,2690.55,2689.27,2689.52,485.9444,2689.78,0.89285714,0.05,0.9,0,TREND_DOWN,NORMAL,NEUTRAL,HEALTHY,ALLOW
2026-09-29T21:02:00Z,2689.52,2689.53,2688.24,2688.24,486.8622,2688.67,0.93428571,0.05,0.9,0,TREND_DOWN,NORMAL,NEUTRAL,HEALTHY,ALLOW
2026-09-29T21:03:00Z,2688.24,2688.83,2687.39,2687.39,612.3786,2687.87,0.95071429,0.05,0.9,0,TREND_DOWN,NORMAL,NEUTRAL,HEALTHY,ALLOW
2026-09-29T21:04:00Z,2687.39,2689.4,2686.13,2687.57,489.1647,2687.7,1.11714286,0.05,0.9,0,TREND_UP,NORMAL,ALIGNED,HEALTHY,ALLOW
2026-09-29T21:05:00Z,2687.58,2688.11,2687.39,2687.59,49.1506,2687.69666667,1.11785714,0.05,0.9,0,TREND_UP,NORMAL,ALIGNED,HEALTHY,ALLOW
2026-09-29T21:06:00Z,2687.59,2689.87,2687.39,2689.41,93.6566,2688.89,1.265,0.05,0.9,0,TREND_UP,NORMAL,ALIGNED,HEALTHY,ALLOW
2026-09-29T21:07:00Z,2689.4,2689.4,2688.32,2688.49,286.4068,2688.73666667,1.28142857,0.05,0.9,0,TREND_DOWN,NORMAL,NEUTRAL,HEALTHY,ALLOW
2026-09-29T21:08:00Z,2688.48,2688.49,2687.35,2688.1,349.0237,2687.98,1.30857143,0.05,0.9,0,TREND_DOWN,NORMAL,NEUTRAL,HEALTHY,ALLOW
2026-09-29T21:09:00Z,2688.1,2688.68,2687.23,2688.06,568.5683,2687.99,1.38142857,0.05,0.9,0,TREND_DOWN,NORMAL,NEUTRAL,HEALTHY,ALLOW
2026-09-29T21:10:00Z,2688.06,2688.3,2687.8,2688.29,492.8456,2688.13,1.36857143,0.05,0.9,0,TREND_UP,NORMAL,ALIGNED,HEALTHY,ALLOW
2026-09-29T21:11:00Z,2688.3,2688.68,2688.29,2688.68,56.3394,2688.55,1.31428571,0.05,0.9,0,TREND_UP,NORMAL,ALIGNED,HEALTHY,ALLOW
2026-09-29T21:12:00Z,2688.68,2688.96,2688.67,2688.69,140.015,2688.77333333,1.28357143,0.05,0.9,0,TREND_UP,NORMAL,ALIGNED,HEALTHY,ALLOW
2026-09-29T21:13:00Z,2688.68,2688.89,2687.4,2688.89,390.2961,2688.39333333,1.25642857,0.05,0.9,0,TREND_UP,NORMAL,ALIGNED,HEALTHY,ALLOW
2026-09-29T21:14:00Z,2688.88,2689.83,2688.88,2689.83,549.6207,2689.51333333,1.27,0.05,0.9,0,TREND_UP,NORMAL,ALIGNED,HEALTHY,ALLOW
2026-09-29T21:15:00Z,2689.83,2690.22,2688.11,2688.11,789.8063,2688.81333333,1.32928571,0.05,0.9,0,TREND_DOWN,NORMAL,NEUTRAL,HEALTHY,ALLOW
2026-09-29T21:16:00Z,2688.12,2688.12,2688.11,2688.12,28.7185,2688.11666667,1.23785714,0.05,0.9,0,TREND_UP,NORMAL,ALIGNED,HEALTHY,ALLOW
2026-09-29T21:17:00Z,2688.11,2688.53,2688.11,2688.24,47.9573,2688.29333333,1.165,0.05,0.9,0,TREND_UP,NORMAL,ALIGNED,HEALTHY,ALLOW
2026-09-29T21:18:00Z,2688.23,2688.44,2686.91,2687.28,110.7166,2687.54333333,1.04071429,0.05,0.9,0,TREND_DOWN,NORMAL,NEUTRAL,HEALTHY,ALLOW
2026-09-29T21:19:00Z,2687.28,2687.28,2686.62,2686.62,28.9621,2686.84,1.03642857,0.05,0.9,0,TREND_DOWN,NORMAL,NEUTRAL,HEALTHY,ALLOW
2026-09-29T21:20:00Z,2686.63,2686.63,2684.17,2684.33,129.3883,2685.04333333,1.035,0.05,0.9,0,TREND_DOWN,NORMAL,NEUTRAL,HEALTHY,ALLOW
2026-09-29T21:21:00Z,2684.34,2684.4,2683.47,2683.78,387.5128,2683.88333333,1.02357143,0.05,0.9,0,TREND_DOWN,NORMAL,NEUTRAL,HEALTHY,ALLOW
2026-09-29T21:22:00Z,2683.77,2683.78,2682.81,2682.81,214.0014,2683.13333333,1.01142857,0.05,0.9,0,TREND_DOWN,NORMAL,NEUTRAL,HEALTHY,ALLOW
2026-09-29T21:23:00Z,2682.82,2683.7,2681.86,2682.25,424.6829,2682.60333333,1.03928571,0.05,0.9,0,TREND_DOWN,NORMAL,NEUTRAL,HEALTHY,ALLOW
2026-09-29T21:24:00Z,2682.25,2683.28,2681.87,2682.55,830.1755,2682.56666667,1.10428571,0.05,0.9,0,TREND_UP,NORMAL,ALIGNED,HEALTHY,ALLOW
2026-09-29T21:25:00Z,2682.55,2682.55,2680.06,2681.24,490.2326,2681.28333333,1.25428571,0.05,0.9,0,TREND_DOWN,NORMAL,NEUTRAL,HEALTHY,ALLOW
2026-09-29T21:26:00Z,2681.25,2681.59,2679.0,2679.0,318.9959,2679.86333333,1.41857143,0.05,0.9,0,TREND_DOWN,NORMAL,NEUTRAL,HEALTHY,ALLOW
2026-09-29T21:27:00Z,2679.0,2679.27,2677.67,2678.54,619.5938,2678.49333333,1.42642857,0.05,0.9,0,TREND_DOWN,NORMAL,NEUTRAL,HEALTHY,ALLOW
2026-09-29T21:28:00Z,2678.54,2679.3,2678.53,2678.54,139.3155,2678.79,1.41357143,0.05,0.9,0,TREND_UP,NORMAL,ALIGNED,HEALTHY,ALLOW
2026-09-29T21:29:00Z,2678.53,2680.53,2678.03,2679.33,619.8234,2679.29666667,1.44142857,0.05,0.9,0,TREND_UP,NORMAL,ALIGNED,HEALTHY,ALLOW
2026-09-29T21:30:00Z,2679.34,2680.11,2678.89,2679.82,447.4587,2679.60666667,1.52785714,0.05,0.9,0,TREND_UP,NORMAL,ALIGNED,HEALTHY,ALLOW
2026-09-29T21:31:00Z,2679.82,2680.4,2679.62,2679.63,175.7325,2679.88333333,1.55357143,0.05,0.9,0,TREND_DOWN,NORMAL,NEUTRAL,HEALTHY,ALLOW
2026-09-29T21:32:00Z,2679.62,2679.95,2678.69,2679.62,235.7813,2679.42,1.53428571,0.05,0.9,0,TREND_UP,NORMAL,ALIGNED,HEALTHY,ALLOW
2026-09-29T21:33:00Z,2679.62,2680.88,2678.87,2680.6,286.6244,2680.11666667,1.63071429,0.05,0.9,0,TREND_UP,NORMAL,ALIGNED,HEALTHY,ALLOW
2026-09-29T21:34:00Z,2680.61,2680.61,2679.94,2680.22,103.3175,2680.25666667,1.50285714,0.05,0.9,0,TREND_DOWN,NORMAL,NEUTRAL,HEALTHY,ALLOW
2026-09-29T21:35:00Z,2680.21,2680.21,2679.23,2679.24,137.9011,2679.56,1.50714286,0.05,0.9,0,TREND_DOWN,NORMAL,NEUTRAL,HEALTHY,ALLOW
2026-09-29T21:36:00Z,2679.23,2680.03,2679.23,2680.02,160.168,2679.76,1.495,0.05,0.9,0,TREND_UP,NORMAL,ALIGNED,HEALTHY,ALLOW
2026-09-29T21:37:00Z,2680.02,2680.02,2678.92,2679.12,199.7114,2679.35333333,1.44214286,0.05,0.9,0,TREND_DOWN,NORMAL,NEUTRAL,HEALTHY,ALLOW
2026-09-29T21:38:00Z,2679.12,2679.31,2678.04,2679.3,448.0243,2678.88333333,1.43214286,0.05,0.9,0,TREND_UP,NORMAL,ALIGNED,HEALTHY,ALLOW
2026-09-29T21:39:00Z,2679.3,2680.63,2679.3,2680.56,153.329,2680.16333333,1.34928571,0.05,0.9,0,TREND_UP,NORMAL,ALIGNED,HEALTHY,ALLOW
2026-09-29T21:40:00Z,2680.56,2681.59,2680.36,2681.18,89.7099,2681.04333333,1.25214286,0.05,0.9,0,TREND_UP,NORMAL,ALIGNED,HEALTHY,ALLOW
2026-09-29T21:41:00Z,2681.18,2681.19,2680.97,2680.97,6.8701,2681.04333333,1.15357143,0.05,0.9,0,TREND_DOWN,NORMAL,NEUTRAL,HEALTHY,ALLOW
2026-09-29T21:42:00Z,2680.97,2681.69,2680.97,2681.68,51.205,2681.44666667,1.15,0.05,0.9,0,TREND_UP,NORMAL,ALIGNED,HEALTHY,ALLOW
2026-09-29T21:43:00Z,2681.69,2681.69,2680.7,2680.7,168.674,2681.03,1.04214286,0.05,0.9,0,TREND_DOWN,NORMAL,NEUTRAL,HEALTHY,ALLOW
2026-09-29T21:44:00Z,2680.71,2681.08,2680.19,2680.55,69.2916,2680.60666667,1.01857143,0.05,0.9,0,TREND_DOWN,NORMAL,NEUTRAL,HEALTHY,ALLOW
2026-09-29T21:45:00Z,2680.55,2680.55,2678.32,2678.55,146.8396,2679.14,1.12214286,0.05,0.9,0,TREND_DOWN,NORMAL,NEUTRAL,HEALTHY,ALLOW
2026-09-29T21:46:00Z,2678.56,2678.56,2678.0,2678.2,35.1101,2678.25333333,1.07214286,0.05,0.9,0,TREND_DOWN,NORMAL,NEUTRAL,HEALTHY,ALLOW
2026-09-29T21:47:00Z,2678.21,2678.28,2678.08,2678.28,23.5525,2678.21333333,0.94285714,0.05,0.9,0,TREND_UP,NORMAL,ALIGNED,HEALTHY,ALLOW
2026-09-29T21:48:00Z,2678.27,2678.28,2678.27,2678.27,37.6239,2678.27333333,0.89571429,0.05,0.9,0,TREND_UP,NORMAL,ALIGNED,HEALTHY,ALLOW
2026-09-29T21:49:00Z,2678.27,2678.54,2678.27,2678.54,54.1521,2678.45,0.84428571,0.05,0.9,0,TREND_UP,NORMAL,ALIGNED,HEALTHY,ALLOW
2026-09-29T21:50:00Z,2678.54,2678.75,2676.96,2677.6,1042.9077,2677.77,0.915,0.05,0.9,0,TREND_DOWN,NORMAL,NEUTRAL,HEALTHY,ALLOW
2026-09-29T21:51:00Z,2677.6,2678.33,2677.59,2678.33,478.3306,2678.08333333,0.88928571,0.05,0.9,0,TREND_UP,NORMAL,ALIGNED,HEALTHY,ALLOW
2026-09-29T21:52:00Z,2678.33,2678.75,2678.23,2678.75,105.0316,2678.57666667,0.83571429,0.05,0.9,0,TREND_UP,NORMAL,ALIGNED,HEALTHY,ALLOW
2026-09-29T21:53:00Z,2678.75,2679.15,2678.74,2678.75,93.7557,2678.88,0.77,0.05,0.9,0,TREND_UP,NORMAL,ALIGNED,HEALTHY,ALLOW
2026-09-29T21:54:00Z,2678.74,2678.94,2678.12,2678.63,85.8631,2678.56333333,0.74071429,0.05,0.9,0,TREND_DOWN,NORMAL,NEUTRAL,HEALTHY,ALLOW
2026-09-29T21:55:00Z,2678.63,2678.63,2678.46,2678.46,41.7298,2678.51666667,0.73714286,0.05,0.9,0,TREND_DOWN,NORMAL,NEUTRAL,HEALTHY,ALLOW
2026-09-29T21:56:00Z,2678.47,2678.47,2677.6,2677.6,46.2721,2677.89,0.74785714,0.05,0.9,0,TREND_DOWN,NORMAL,NEUTRAL,HEALTHY,ALLOW
2026-09-29T21:57:00Z,2677.6,2677.79,2677.28,2677.79,17.3762,2677.62,0.71357143,0.05,0.9,0,TREND_UP,NORMAL,ALIGNED,HEALTHY,ALLOW
2026-09-29T21:58:00Z,2677.79,2678.95,2677.78,2678.77,107.8114,2678.5,0.73357143,0.05,0.9,0,TREND_UP,NORMAL,ALIGNED,HEALTHY,ALLOW
2026-09-29T21:59:00Z,2678.77,2679.44,2678.76,2679.44,8.7875,2679.21333333,0.62285714,0.05,0.9,0,TREND_UP,NORMAL,ALIGNED,HEALTHY,ALLOW
2026-09-29T22:00:00Z,2679.44,2681.67,2678.9,2681.67,148.7848,2680.74666667,0.78071429,0.05,0.9,0,TREND_UP,NORMAL,ALIGNED,HEALTHY,ALLOW
2026-09-29T22:01:00Z,2681.67,2683.28,2681.44,2683.28,106.9739,2682.66666667,0.89785714,0.05,0.9,0,TREND_UP,NORMAL,ALIGNED,HEALTHY,ALLOW
2026-09-29T22:02:00Z,2683.27,2683.56,2683.27,2683.56,72.3173,2683.46333333,0.91785714,0.05,0.9,0,TREND_UP,NORMAL,ALIGNED,HEALTHY,ALLOW
2026-09-29T22:03:00Z,2683.56,2684.39,2683.55,2684.39,66.7458,2684.11,0.95857143,0.05,0.9,0,TREND_UP,NORMAL,ALIGNED,HEALTHY,ALLOW
2026-09-29T22:04:00Z,2684.4,2686.08,2684.14,2684.9,168.5318,2685.04,0.96928571,0.05,0.9,0,TREND_UP,NORMAL,ALIGNED,HEALTHY,ALLOW
2026-09-29T22:05:00Z,2684.9,2685.41,2682.35,2683.07,142.6374,2683.61,1.135,0.05,0.9,0,TREND_DOWN,NORMAL,NEUTRAL,HEALTHY,ALLOW
2026-09-29T22:06:00Z,2683.06,2683.57,2681.9,2681.9,34.459,2682.45666667,1.21714286,0.05,0.9,0,TREND_DOWN,NORMAL,NEUTRAL,HEALTHY,ALLOW
2026-09-29T22:07:00Z,2681.9,2682.23,2681.89,2681.91,40.5907,2682.01,1.21214286,0.05,0.9,0,TREND_UP,NORMAL,ALIGNED,HEALTHY,ALLOW
2026-09-29T22:08:00Z,2681.92,2682.57,2680.76,2682.57,69.3074,2681.96666667,1.28285714,0.05,0.9,0,TREND_UP,NORMAL,ALIGNED,HEALTHY,ALLOW
2026-09-29T22:09:00Z,2682.58,2683.45,2681.83,2683.45,71.6894,2682.91,1.38642857,0.05,0.9,0,TREND_UP,NORMAL,ALIGNED,HEALTHY,ALLOW
2026-09-29T22:10:00Z,2683.45,2683.86,2682.28,2683.85,53.6907,2683.33,1.43714286,0.05,0.9,0,TREND_UP,NORMAL,ALIGNED,HEALTHY,ALLOW
2026-09-29T22:11:00Z,2683.85,2683.85,2682.84,2682.88,90.6376,2683.19,1.47285714,0.05,0.9,0,TREND_DOWN,NORMAL,NEUTRAL,HEALTHY,ALLOW
2026-09-29T22:12:00Z,2682.87,2684.18,2682.2,2684.18,134.9842,2683.52,1.53071429,0.05,0.9,0,TREND_UP,NORMAL,ALIGNED,HEALTHY,ALLOW
2026-09-29T22:13:00Z,2684.18,2686.17,2684.17,2686.17,60.94,2685.50333333,1.625,0.05,0.9,0,TREND_UP,NORMAL,ALIGNED,HEALTHY,ALLOW
2026-09-29T22:14:00Z,2686.16,2686.16,2684.24,2684.24,71.2259,2684.88,1.565,0.05,0.9,0,TREND_DOWN,NORMAL,NEUTRAL,HEALTHY,ALLOW
2026-09-29T22:15:00Z,2684.23,2684.29,2680.3,2680.59,269.1263,2681.72666667,1.71857143,0.05,0.9,0,TREND_DOWN,NORMAL,NEUTRAL,HEALTHY,ALLOW
2026-09-29T22:16:00Z,2680.6,2681.92,2680.02,2680.02,115.3724,2680.65333333,1.83357143,0.05,0.9,0,TREND_DOWN,NORMAL,NEUTRAL,HEALTHY,ALLOW
2026-09-29T22:17:00Z,2680.01,2680.32,2679.5,2680.32,78.379,2680.04666667,1.83214286,0.05,0.9,0,TREND_UP,NORMAL,ALIGNED,HEALTHY,ALLOW
2026-09-29T22:18:00Z,2680.33,2681.08,2679.78,2679.92,147.1633,2680.26,1.78642857,0.05,0.9,0,TREND_DOWN,NORMAL,NEUTRAL,HEALTHY,ALLOW
2026-09-29T22:19:00Z,2679.92,2683.71,2679.23,2682.82,257.0134,2681.92,1.88785714,0.05,0.9,0,TREND_UP,NORMAL,ALIGNED,HEALTHY,ALLOW
2026-09-29T22:20:00Z,2682.82,2683.44,2681.31,2681.31,61.5902,2682.02,1.92071429,0.05,0.9,0,TREND_DOWN,NORMAL,NEUTRAL,HEALTHY,ALLOW
2026-09-29T22:21:00Z,2681.31,2681.31,2680.37,2680.58,36.5081,2680.75333333,1.96357143,0.05,0.9,0,TREND_DOWN,NORMAL,NEUTRAL,HEALTHY,ALLOW
2026-09-29T22:22:00Z,2680.58,2682.57,2680.27,2682.57,546.046,2681.80333333,1.99857143,0.05,0.9,0,TREND_UP,NORMAL,ALIGNED,HEALTHY,ALLOW
2026-09-29T22:23:00Z,2682.57,2682.95,2682.54,2682.55,20.0736,2682.68,1.91214286,0.05,0.9,0,TREND_DOWN,NORMAL,NEUTRAL,HEALTHY,ALLOW
2026-09-29T22:24:00Z,2682.55,2683.07,2682.37,2682.39,43.7478,2682.61,1.84928571,0.05,0.9,0,TREND_DOWN,NORMAL,NEUTRAL,HEALTHY,ALLOW
2026-09-29T22:25:00Z,2682.38,2683.02,2682.24,2683.02,22.7324,2682.76,1.83285714,0.05,0.9,0,TREND_UP,NORMAL,ALIGNED,HEALTHY,ALLOW
2026-09-29T22:26:00Z,2683.07,2683.89,2682.41,2682.41,71.1632,2682.90333333,1.79714286,0.05,0.9,0,TREND_DOWN,NORMAL,NEUTRAL,HEALTHY,ALLOW
2026-09-29T22:27:00Z,2682.41,2682.78,2681.37,2681.38,54.6333,2681.84333333,1.755,0.05,0.9,0,TREND_DOWN,NORMAL,NEUTRAL,HEALTHY,ALLOW
2026-09-29T22:28:00Z,2681.37,2681.38,2681.08,2681.09,14.151,2681.18333333,1.63857143,0.05,0.9,0,TREND_DOWN,NORMAL,NEUTRAL,HEALTHY,ALLOW
2026-09-29T22:29:00Z,2681.08,2681.09,2680.6,2680.69,38.983,2680.79333333,1.38857143,0.05,0.9,0,TREND_DOWN,NORMAL,NEUTRAL,HEALTHY,ALLOW
2026-09-29T22:30:00Z,2680.68,2680.68,2678.35,2678.63,179.4482,2679.22,1.42,0.05,0.9,0,TREND_DOWN,NORMAL,NEUTRAL,HEALTHY,ALLOW
2026-09-29T22:31:00Z,2678.62,2679.06,2675.0,2676.78,525.8742,2676.94666667,1.65142857,0.05,0.9,0,TREND_DOWN,NORMAL,NEUTRAL,HEALTHY,ALLOW
2026-09-29T22:32:00Z,2676.79,2678.96,2676.78,2677.67,63.0763,2677.80333333,1.71428571,0.05,0.9,0,TREND_UP,NORMAL,ALIGNED,HEALTHY,ALLOW
2026-09-29T22:33:00Z,2677.68,2678.21,2677.27,2677.28,69.4874,2677.58666667,1.46142857,0.05,0.9,0,TREND_DOWN,NORMAL,NEUTRAL,HEALTHY,ALLOW
2026-09-29T22:34:00Z,2677.28,2678.71,2677.27,2678.29,38.9978,2678.09,1.41214286,0.05,0.9,0,TREND_UP,NORMAL,ALIGNED,HEALTHY,ALLOW
2026-09-29T22:35:00Z,2678.29,2678.61,2677.76,2678.6,28.4167,2678.32333333,1.40571429,0.05,0.9,0,TREND_UP,NORMAL,ALIGNED,HEALTHY,ALLOW
2026-09-29T22:36:00Z,2678.6,2679.32,2678.59,2678.6,24.8997,2678.83666667,1.29357143,0.05,0.9,0,TREND_UP,NORMAL,ALIGNED,HEALTHY,ALLOW
2026-09-29T22:37:00Z,2678.6,2680.0,2678.6,2680.0,24.5735,2679.53333333,1.36428571,0.05,0.9,0,TREND_UP,NORMAL,ALIGNED,HEALTHY,ALLOW
2026-09-29T22:38:00Z,2680.0,2680.0,2679.47,2679.47,38.2051,2679.64666667,1.35214286,0.05,0.9,0,TREND_DOWN,NORMAL,NEUTRAL,HEALTHY,ALLOW
2026-09-29T22:39:00Z,2679.48,2679.48,2678.86,2679.39,21.2477,2679.24333333,1.34071429,0.05,0.9,0,TREND_DOWN,NORMAL,NEUTRAL,HEALTHY,ALLOW
2026-09-29T22:40:00Z,2679.39,2679.39,2679.38,2679.39,6.7342,2679.38666667,1.23571429,0.05,0.9,0,TREND_UP,NORMAL,ALIGNED,HEALTHY,ALLOW
2026-09-29T22:41:00Z,2679.39,2680.71,2679.38,2680.71,40.9574,2680.26666667,1.23,0.05,0.9,0,TREND_UP,NORMAL,ALIGNED,HEALTHY,ALLOW
2026-09-29T22:42:00Z,2680.71,2681.49,2680.7,2681.49,44.4772,2681.22666667,1.265,0.05,0.9,0,TREND_UP,NORMAL,ALIGNED,HEALTHY,ALLOW
2026-09-29T22:43:00Z,2681.49,2681.49,2680.99,2681.0,79.6125,2681.16,1.26571429,0.05,0.9,0,TREND_DOWN,NORMAL,NEUTRAL,HEALTHY,ALLOW
2026-09-29T22:44:00Z,2680.99,2681.49,2680.99,2681.48,14.0477,2681.32,1.13428571,0.05,0.9,0,TREND_UP,NORMAL,ALIGNED,HEALTHY,ALLOW
2026-09-29T22:45:00Z,2681.48,2682.67,2680.66,2680.66,117.9153,2681.33,0.98785714,0.05,0.9,0,TREND_DOWN,NORMAL,NEUTRAL,HEALTHY,ALLOW
2026-09-29T22:46:00Z,2680.67,2682.05,2680.67,2681.49,104.9362,2681.40333333,0.93142857,0.05,0.9,0,TREND_UP,NORMAL,ALIGNED,HEALTHY,ALLOW
2026-09-29T22:47:00Z,2681.49,2681.8,2680.08,2681.07,174.0587,2680.98333333,0.98714286,0.05,0.9,0,TREND_DOWN,NORMAL,NEUTRAL,HEALTHY,ALLOW
2026-09-29T22:48:00Z,2681.08,2681.6,2681.04,2681.04,87.3899,2681.22666667,0.92428571,0.05,0.9,0,TREND_DOWN,NORMAL,NEUTRAL,HEALTHY,ALLOW
2026-09-29T22:49:00Z,2681.04,2681.6,2680.9,2681.53,68.8352,2681.34333333,0.91357143,0.05,0.9,0,TREND_UP,NORMAL,ALIGNED,HEALTHY,ALLOW
2026-09-29T22:50:00Z,2681.52,2682.57,2681.2,2682.56,66.0473,2682.11,0.95928571,0.05,0.9,0,TREND_UP,NORMAL,ALIGNED,HEALTHY,ALLOW
2026-09-29T22:51:00Z,2682.56,2682.91,2682.19,2682.91,52.1122,2682.67,0.91071429,0.05,0.9,0,TREND_UP,NORMAL,ALIGNED,HEALTHY,ALLOW
2026-09-29T22:52:00Z,2682.91,2682.91,2682.53,2682.53,18.2316,2682.65666667,0.9,0.05,0.9,0,TREND_DOWN,NORMAL,NEUTRAL,HEALTHY,ALLOW
2026-09-29T22:53:00Z,2682.54,2682.87,2682.53,2682.87,29.5464,2682.75666667,0.88,0.05,0.9,0,TREND_UP,NORMAL,ALIGNED,HEALTHY,ALLOW
2026-09-29T22:54:00Z,2682.87,2683.57,2682.49,2682.5,60.5152,2682.85333333,0.95642857,0.05,0.9,0,TREND_DOWN,NORMAL,NEUTRAL,HEALTHY,ALLOW
2026-09-29T22:55:00Z,2682.5,2683.19,2682.5,2683.19,12.3487,2682.96,0.91071429,0.05,0.9,0,TREND_UP,NORMAL,ALIGNED,HEALTHY,ALLOW
2026-09-29T22:56:00Z,2683.19,2683.19,2682.16,2682.65,32.2272,2682.66666667,0.92785714,0.05,0.9,0,TREND_DOWN,NORMAL,NEUTRAL,HEALTHY,ALLOW
2026-09-29T22:57:00Z,2682.65,2682.65,2682.43,2682.45,45.5438,2682.51,0.90785714,0.05,0.9,0,TREND_DOWN,NORMAL,NEUTRAL,HEALTHY,ALLOW
2026-09-29T22:58:00Z,2682.45,2682.45,2682.22,2682.23,18.1738,2682.3,0.88857143,0.05,0.9,0,TREND_DOWN,NORMAL,NEUTRAL,HEALTHY,ALLOW
2026-09-29T22:59:00Z,2682.22,2682.22,2681.5,2681.83,107.6518,2681.85,0.79714286,0.05,0.9,0,TREND_DOWN,NORMAL,NEUTRAL,HEALTHY,ALLOW
2026-09-29T23:00:00Z,2681.84,2682.18,2681.69,2681.97,74.9755,2681.94666667,0.73285714,0.05,0.9,0,TREND_UP,NORMAL,ALIGNED,HEALTHY,ALLOW
2026-09-29T23:01:00Z,2681.97,2682.72,2681.96,2682.54,77.1287,2682.40666667,0.66428571,0.05,0.9,0,TREND_UP,NORMAL,ALIGNED,HEALTHY,ALLOW
2026-09-29T23:02:00Z,2682.53,2683.79,2682.02,2682.98,137.3337,2682.93,0.75071429,0.05,0.9,0,TREND_UP,NORMAL,ALIGNED,HEALTHY,ALLOW
2026-09-29T23:03:00Z,2682.97,2684.18,2682.97,2684.18,67.7418,2683.77666667,0.78714286,0.05,0.9,0,TREND_UP,NORMAL,ALIGNED,HEALTHY,ALLOW
2026-09-29T23:04:00Z,2684.18,2686.15,2684.18,2686.15,113.0106,2685.49333333,0.83,0.05,0.9,0,TREND_UP,NORMAL,ALIGNED,HEALTHY,ALLOW
2026-09-29T23:05:00Z,2686.15,2687.93,2686.15,2687.92,124.6805,2687.33333333,0.90571429,0.05,0.9,0,TREND_UP,NORMAL,ALIGNED,HEALTHY,ALLOW
2026-09-29T23:06:00Z,2687.92,2687.92,2686.49,2687.59,204.4735,2687.33333333,0.98071429,0.05,0.9,0,TREND_DOWN,NORMAL,NEUTRAL,HEALTHY,ALLOW
2026-09-29T23:07:00Z,2687.58,2688.51,2686.37,2687.77,548.2823,2687.55,1.10928571,0.05,0.9,0,TREND_UP,NORMAL,ALIGNED,HEALTHY,ALLOW
2026-09-29T23:08:00Z,2687.78,2688.45,2684.46,2684.48,387.5899,2685.79666667,1.31714286,0.05,0.9,0,TREND_DOWN,NORMAL,NEUTRAL,HEALTHY,ALLOW
2026-09-29T23:09:00Z,2684.47,2685.59,2684.47,2685.59,69.0478,2685.21666667,1.34785714,0.05,0.9,0,TREND_UP,NORMAL,ALIGNED,HEALTHY,ALLOW
2026-09-29T23:10:00Z,2685.59,2686.44,2685.58,2686.44,97.0531,2686.15333333,1.33571429,0.05,0.9,0,TREND_UP,NORMAL,ALIGNED,HEALTHY,ALLOW
2026-09-29T23:11:00Z,2686.43,2686.44,2685.96,2686.29,78.4783,2686.23,1.35428571,0.05,0.9,0,TREND_DOWN,NORMAL,NEUTRAL,HEALTHY,ALLOW
2026-09-29T23:12:00Z,2686.3,2686.35,2686.29,2686.34,23.8277,2686.32666667,1.34214286,0.05,0.9,0,TREND_UP,NORMAL,ALIGNED,HEALTHY,ALLOW
2026-09-29T23:13:00Z,2686.35,2687.27,2686.34,2687.27,37.8986,2686.96,1.35642857,0.05,0.9,0,TREND_UP,NORMAL,ALIGNED,HEALTHY,ALLOW
2026-09-29T23:14:00Z,2687.27,2688.0,2687.27,2687.86,45.692,2687.71,1.37357143,0.05,0.9,0,TREND_UP,NORMAL,ALIGNED,HEALTHY,ALLOW
2026-09-29T23:15:00Z,2687.85,2687.85,2686.97,2686.98,55.0398,2687.26666667,1.38285714,0.05,0.9,0,TREND_DOWN,NORMAL,NEUTRAL,HEALTHY,ALLOW
2026-09-29T23:16:00Z,2686.98,2687.27,2686.28,2687.27,89.6936,2686.94,1.32714286,0.05,0.9,0,TREND_UP,NORMAL,ALIGNED,HEALTHY,ALLOW
2026-09-29T23:17:00Z,2687.26,2687.27,2686.07,2686.44,119.0867,2686.59333333,1.32642857,0.05,0.9,0,TREND_DOWN,NORMAL,NEUTRAL,HEALTHY,ALLOW
2026-09-29T23:18:00Z,2686.44,2686.45,2684.68,2685.06,31.8471,2685.39666667,1.31214286,0.05,0.9,0,TREND_DOWN,NORMAL,NEUTRAL,HEALTHY,ALLOW
2026-09-29T23:19:00Z,2685.05,2685.67,2684.7,2684.74,63.229,2685.03666667,1.25428571,0.05,0.9,0,TREND_DOWN,NORMAL,NEUTRAL,HEALTHY,ALLOW
2026-09-29T23:20:00Z,2684.73,2684.73,2683.14,2683.15,116.4774,2683.67333333,1.26642857,0.05,0.9,0,TREND_DOWN,NORMAL,NEUTRAL,HEALTHY,ALLOW
2026-09-29T23:21:00Z,2683.15,2683.15,2682.22,2682.54,365.3517,2682.63666667,1.18,0.05,0.9,0,TREND_DOWN,NORMAL,NEUTRAL,HEALTHY,ALLOW
2026-09-29T23:22:00Z,2682.55,2682.83,2682.32,2682.61,33.8962,2682.58666667,0.93142857,0.05,0.9,0,TREND_UP,NORMAL,ALIGNED,HEALTHY,ALLOW
2026-09-29T23:23:00Z,2682.6,2682.61,2681.91,2682.12,38.678,2682.21333333,0.90142857,0.05,0.9,0,TREND_DOWN,NORMAL,NEUTRAL,HEALTHY,ALLOW
2026-09-29T23:24:00Z,2682.11,2682.29,2681.26,2681.27,114.9635,2681.60666667,0.91357143,0.05,0.9,0,TREND_DOWN,NORMAL,NEUTRAL,HEALTHY,ALLOW
2026-09-29T23:25:00Z,2681.26,2682.37,2680.84,2681.76,135.2754,2681.65666667,0.98857143,0.05,0.9,0,TREND_UP,NORMAL,ALIGNED,HEALTHY,ALLOW
2026-09-29T23:26:00Z,2681.76,2682.13,2681.75,2682.13,22.3863,2682.00333333,1.01142857,0.05,0.9,0,TREND_UP,NORMAL,ALIGNED,HEALTHY,ALLOW
2026-09-29T23:27:00Z,2682.12,2683.51,2682.12,2682.93,57.0309,2682.85333333,1.04428571,0.05,0.9,0,TREND_UP,NORMAL,ALIGNED,HEALTHY,ALLOW
2026-09-29T23:28:00Z,2682.93,2682.93,2681.66,2681.66,20.6504,2682.08333333,1.08285714,0.05,0.9,0,TREND_DOWN,NORMAL,NEUTRAL,HEALTHY,ALLOW
2026-09-29T23:29:00Z,2681.66,2681.76,2680.48,2680.95,90.3746,2681.06333333,1.11071429,0.05,0.9,0,TREND_DOWN,NORMAL,NEUTRAL,HEALTHY,ALLOW
2026-09-29T23:30:00Z,2680.95,2680.95,2680.0,2680.12,45.2807,2680.35666667,1.10785714,0.05,0.9,0,TREND_DOWN,NORMAL,NEUTRAL,HEALTHY,ALLOW
2026-09-29T23:31:00Z,2680.12,2680.12,2679.7,2679.71,41.0008,2679.84333333,1.05214286,0.05,0.9,0,TREND_DOWN,NORMAL,NEUTRAL,HEALTHY,ALLOW
2026-09-29T23:32:00Z,2679.7,2679.71,2678.98,2678.99,28.6604,2679.22666667,0.97785714,0.05,0.9,0,TREND_DOWN,NORMAL,NEUTRAL,HEALTHY,ALLOW
2026-09-29T23:33:00Z,2678.99,2679.39,2678.99,2679.39,18.2566,2679.25666667,0.93714286,0.05,0.9,0,TREND_UP,NORMAL,ALIGNED,HEALTHY,ALLOW
2026-09-29T23:34:00Z,2679.39,2679.39,2677.88,2678.48,168.9095,2678.58333333,0.93071429,0.05,0.9,0,TREND_DOWN,NORMAL,NEUTRAL,HEALTHY,ALLOW
2026-09-29T23:35:00Z,2678.51,2679.6,2678.38,2679.23,193.1178,2679.07,0.95142857,0.05,0.9,0,TREND_UP,NORMAL,ALIGNED,HEALTHY,ALLOW
2026-09-29T23:36:00Z,2679.22,2679.41,2678.79,2678.84,22.7822,2679.01333333,0.95928571,0.05,0.9,0,TREND_DOWN,NORMAL,NEUTRAL,HEALTHY,ALLOW
2026-09-29T23:37:00Z,2678.84,2679.18,2678.79,2678.79,35.2483,2678.92,0.93714286,0.05,0.9,0,TREND_DOWN,NORMAL,NEUTRAL,HEALTHY,ALLOW
2026-09-29T23:38:00Z,2678.8,2679.11,2678.56,2678.95,141.5216,2678.87333333,0.90285714,0.05,0.9,0,TREND_UP,NORMAL,ALIGNED,HEALTHY,ALLOW
2026-09-29T23:39:00Z,2678.95,2679.63,2678.71,2679.62,39.6953,2679.32,0.85928571,0.05,0.9,0,TREND_UP,NORMAL,ALIGNED,HEALTHY,ALLOW
2026-09-29T23:40:00Z,2679.63,2679.63,2679.16,2679.16,17.7372,2679.31666667,0.86571429,0.05,0.9,0,TREND_DOWN,NORMAL,NEUTRAL,HEALTHY,ALLOW
2026-09-29T23:41:00Z,2679.16,2679.16,2677.17,2677.28,138.8897,2677.87,0.90857143,0.05,0.9,0,TREND_DOWN,NORMAL,NEUTRAL,HEALTHY,ALLOW
2026-09-29T23:42:00Z,2677.28,2677.29,2676.74,2676.75,45.6845,2676.92666667,0.85714286,0.05,0.9,0,TREND_DOWN,NORMAL,NEUTRAL,HEALTHY,ALLOW
2026-09-29T23:43:00Z,2676.74,2676.75,2675.81,2675.81,64.9529,2676.12333333,0.83285714,0.05,0.9,0,TREND_DOWN,NORMAL,NEUTRAL,HEALTHY,ALLOW
2026-09-29T23:44:00Z,2675.8,2677.6,2675.8,2677.59,83.9631,2676.99666667,0.89357143,0.05,0.9,0,TREND_UP,NORMAL,ALIGNED,HEALTHY,ALLOW
2026-09-29T23:45:00Z,2677.6,2678.85,2677.59,2678.38,159.7427,2678.27333333,0.95357143,0.05,0.9,0,TREND_UP,NORMAL,ALIGNED,HEALTHY,ALLOW
2026-09-29T23:46:00Z,2678.37,2678.96,2678.37,2678.66,72.9935,2678.66333333,0.94357143,0.05,0.9,0,TREND_UP,NORMAL,ALIGNED,HEALTHY,ALLOW
2026-09-29T23:47:00Z,2678.67,2679.31,2678.3,2679.3,19.4764,2678.97,0.98714286,0.05,0.9,0,TREND_UP,NORMAL,ALIGNED,HEALTHY,ALLOW
2026-09-29T23:48:00Z,2679.3,2679.3,2678.0,2678.95,36.4827,2678.75,0.97214286,0.05,0.9,0,TREND_DOWN,NORMAL,NEUTRAL,HEALTHY,ALLOW
2026-09-29T23:49:00Z,2678.96,2679.17,2678.96,2679.15,5.4661,2679.09333333,0.90071429,0.05,0.9,0,TREND_UP,NORMAL,ALIGNED,HEALTHY,ALLOW
2026-09-29T23:50:00Z,2679.15,2679.31,2678.95,2679.18,28.8309,2679.14666667,0.88214286,0.05,0.9,0,TREND_UP,NORMAL,ALIGNED,HEALTHY,ALLOW
2026-09-29T23:51:00Z,2679.17,2679.17,2678.38,2678.98,25.3162,2678.84333333,0.91142857,0.05,0.9,0,TREND_DOWN,NORMAL,NEUTRAL,HEALTHY,ALLOW
2026-09-29T23:52:00Z,2678.97,2679.04,2678.61,2679.04,16.1404,2678.89666667,0.90285714,0.05,0.9,0,TREND_UP,NORMAL,ALIGNED,HEALTHY,ALLOW
2026-09-29T23:53:00Z,2679.03,2679.04,2678.0,2678.0,27.566,2678.34666667,0.91142857,0.05,0.9,0,TREND_DOWN,NORMAL,NEUTRAL,HEALTHY,ALLOW
2026-09-29T23:54:00Z,2678.0,2678.0,2677.2,2677.67,121.0658,2677.62333333,0.935,0.05,0.9,0,TREND_DOWN,NORMAL,NEUTRAL,HEALTHY,ALLOW
2026-09-29T23:55:00Z,2677.68,2677.98,2677.67,2677.97,20.214,2677.87333333,0.815,0.05,0.9,0,TREND_UP,NORMAL,ALIGNED,HEALTHY,ALLOW
2026-09-29T23:56:00Z,2677.98,2678.29,2677.85,2677.86,14.0118,2678.0,0.80714286,0.05,0.9,0,TREND_DOWN,NORMAL,NEUTRAL,HEALTHY,ALLOW
2026-09-29T23:57:00Z,2677.86,2677.86,2677.57,2677.58,39.4235,2677.67,0.76071429,0.05,0.9,0,TREND_DOWN,NORMAL,NEUTRAL,HEALTHY,ALLOW
2026-09-29T23:58:00Z,2677.58,2677.8,2677.58,2677.8,14.4115,2677.72666667,0.64785714,0.05,0.9,0,TREND_UP,NORMAL,ALIGNED,HEALTHY,ALLOW
2026-09-29T23:59:00Z,2677.79,2677.98,2677.79,2677.98,42.2143,2677.91666667,0.57142857,0.05,0.9,0,TREND_UP,NORMAL,ALIGNED,HEALTHY,ALLOW
2026-09-30T00:00:00Z,2677.98,2679.0,2677.97,2678.03,62.7072,2678.33333333,0.60285714,0.05,0.9,0,TREND_UP,NORMAL,ALIGNED,HEALTHY,ALLOW
2026-09-30T00:01:00Z,2678.04,2678.35,2677.51,2677.8,69.8782,2677.88666667,0.59071429,0.05,0.9,0,TREND_DOWN,NORMAL,NEUTRAL,HEALTHY,ALLOW
2026-09-30T00:02:00Z,2677.8,2679.93,2677.6,2679.23,74.6349,2678.92,0.66428571,0.05,0.9,0,TREND_UP,NORMAL,ALIGNED,HEALTHY,ALLOW
2026-09-30T00:03:00Z,2679.23,2679.44,2678.23,2679.11,60.9045,2678.92666667,0.735,0.05,0.9,0,TREND_DOWN,NORMAL,NEUTRAL,HEALTHY,ALLOW
2026-09-30T00:04:00Z,2679.1,2679.1,2676.63,2677.91,122.6926,2677.88,0.88642857,0.05,0.9,0,TREND_DOWN,NORMAL,NEUTRAL,HEALTHY,ALLOW
2026-09-30T00:05:00Z,2677.92,2679.32,2677.36,2678.71,75.0826,2678.46333333,0.96928571,0.05,0.9,0,TREND_UP,NORMAL,ALIGNED,HEALTHY,ALLOW
2026-09-30T00:06:00Z,2678.71,2679.13,2677.48,2677.76,29.4084,2678.12333333,1.05642857,0.05,0.9,0,TREND_DOWN,NORMAL,NEUTRAL,HEALTHY,ALLOW
2026-09-30T00:07:00Z,2677.76,2677.76,2676.81,2677.44,34.5249,2677.33666667,1.05,0.05,0.9,0,TREND_DOWN,NORMAL,NEUTRAL,HEALTHY,ALLOW
2026-09-30T00:08:00Z,2677.44,2677.44,2675.56,2675.57,102.6636,2676.19,1.12714286,0.05,0.9,0,TREND_DOWN,NORMAL,NEUTRAL,HEALTHY,ALLOW
2026-09-30T00:09:00Z,2675.56,2675.85,2675.02,2675.02,46.8463,2675.29666667,1.16428571,0.05,0.9,0,TREND_DOWN,NORMAL,NEUTRAL,HEALTHY,ALLOW
2026-09-30T00:10:00Z,2675.03,2675.04,2674.34,2674.34,239.5346,2674.57333333,1.18285714,0.05,0.9,0,TREND_DOWN,NORMAL,NEUTRAL,HEALTHY,ALLOW
2026-09-30T00:11:00Z,2674.35,2674.35,2670.46,2671.78,724.8671,2672.19666667,1.44,0.05,0.9,0,TREND_DOWN,NORMAL,NEUTRAL,HEALTHY,ALLOW
2026-09-30T00:12:00Z,2671.77,2671.79,2671.17,2671.79,107.8039,2671.58333333,1.46857143,0.05,0.9,0,TREND_UP,NORMAL,ALIGNED,HEALTHY,ALLOW
2026-09-30T00:13:00Z,2671.78,2672.64,2671.78,2671.91,37.4877,2672.11,1.51642857,0.05,0.9,0,TREND_UP,NORMAL,ALIGNED,HEALTHY,ALLOW
2026-09-30T00:14:00Z,2671.91,2672.29,2671.9,2671.92,15.0359,2672.03666667,1.47071429,0.05,0.9,0,TREND_UP,NORMAL,ALIGNED,HEALTHY,ALLOW
2026-09-30T00:15:00Z,2671.93,2672.28,2671.41,2672.28,32.5716,2671.99,1.47285714,0.05,0.9,0,TREND_UP,NORMAL,ALIGNED,HEALTHY,ALLOW
2026-09-30T00:16:00Z,2672.28,2672.36,2672.27,2672.28,34.1314,2672.30333333,1.31285714,0.05,0.9,0,TREND_UP,NORMAL,ALIGNED,HEALTHY,ALLOW
2026-09-30T00:17:00Z,2672.28,2672.68,2670.85,2670.85,129.4462,2671.46,1.35714286,0.05,0.9,0,TREND_DOWN,NORMAL,NEUTRAL,HEALTHY,ALLOW
2026-09-30T00:18:00Z,2670.85,2670.86,2670.04,2670.05,132.9544,2670.31666667,1.23857143,0.05,0.9,0,TREND_DOWN,NORMAL,NEUTRAL,HEALTHY,ALLOW
2026-09-30T00:19:00Z,2670.04,2670.41,2669.8,2669.98,184.0471,2670.06333333,1.14214286,0.05,0.9,0,TREND_DOWN,NORMAL,NEUTRAL,HEALTHY,ALLOW
2026-09-30T00:20:00Z,2669.99,2669.99,2668.6,2668.9,253.7701,2669.16333333,1.12357143,0.05,0.9,0,TREND_DOWN,NORMAL,NEUTRAL,HEALTHY,ALLOW
2026-09-30T00:21:00Z,2668.89,2669.56,2668.28,2669.24,110.5596,2669.02666667,1.14714286,0.05,0.9,0,TREND_UP,NORMAL,ALIGNED,HEALTHY,ALLOW
2026-09-30T00:22:00Z,2669.25,2669.55,2668.74,2668.77,70.1099,2669.02,1.07071429,0.05,0.9,0,TREND_DOWN,NORMAL,NEUTRAL,HEALTHY,ALLOW
2026-09-30T00:23:00Z,2668.77,2668.97,2668.49,2668.97,44.0602,2668.81,1.04571429,0.05,0.9,0,TREND_UP,NORMAL,ALIGNED,HEALTHY,ALLOW
2026-09-30T00:24:00Z,2668.97,2670.23,2668.97,2669.08,297.6521,2669.42666667,1.08571429,0.05,0.9,0,TREND_UP,NORMAL,ALIGNED,HEALTHY,ALLOW
2026-09-30T00:25:00Z,2669.08,2670.83,2668.68,2670.56,70.1383,2670.02333333,0.96142857,0.05,0.9,0,TREND_UP,NORMAL,ALIGNED,HEALTHY,ALLOW
2026-09-30T00:26:00Z,2670.56,2671.44,2669.05,2671.43,123.1386,2670.64,1.08785714,0.05,0.9,0,TREND_UP,NORMAL,ALIGNED,HEALTHY,ALLOW
2026-09-30T00:27:00Z,2671.44,2672.58,2670.8,2671.43,350.5243,2671.60333333,1.15357143,0.05,0.9,0,TREND_DOWN,NORMAL,NEUTRAL,HEALTHY,ALLOW
2026-09-30T00:28:00Z,2671.43,2674.09,2671.43,2674.09,97.7973,2673.20333333,1.31571429,0.05,0.9,0,TREND_UP,NORMAL,ALIGNED,HEALTHY,ALLOW
2026-09-30T00:29:00Z,2674.09,2674.3,2673.41,2673.41,71.8287,2673.70666667,1.31714286,0.05,0.9,0,TREND_DOWN,NORMAL,NEUTRAL,HEALTHY,ALLOW
2026-09-30T00:30:00Z,2673.41,2673.94,2672.73,2673.43,161.1521,2673.36666667,1.39714286,0.05,0.9,0,TREND_UP,NORMAL,ALIGNED,HEALTHY,ALLOW
2026-09-30T00:31:00Z,2673.43,2673.73,2672.01,2673.73,63.334,2673.15666667,1.38928571,0.05,0.9,0,TREND_UP,NORMAL,ALIGNED,HEALTHY,ALLOW
2026-09-30T00:32:00Z,2673.73,2673.74,2672.21,2673.72,74.9001,2673.22333333,1.44,0.05,0.9,0,TREND_DOWN,NORMAL,NEUTRAL,HEALTHY,ALLOW
2026-09-30T00:33:00Z,2673.72,2674.3,2673.71,2674.3,16.2758,2674.10333333,1.43857143,0.05,0.9,0,TREND_UP,NORMAL,ALIGNED,HEALTHY,ALLOW
2026-09-30T00:34:00Z,2674.3,2675.69,2674.21,2675.69,46.5544,2675.19666667,1.445,0.05,0.9,0,TREND_UP,NORMAL,ALIGNED,HEALTHY,ALLOW
2026-09-30T00:35:00Z,2675.69,2676.09,2673.58,2674.51,49.6169,2674.72666667,1.53285714,0.05,0.9,0,TREND_DOWN,NORMAL,NEUTRAL,HEALTHY,ALLOW
2026-09-30T00:36:00Z,2674.52,2674.54,2671.78,2671.78,35.8238,2672.7,1.67214286,0.05,0.9,0,TREND_DOWN,NORMAL,NEUTRAL,HEALTHY,ALLOW
2026-09-30T00:37:00Z,2671.78,2671.79,2670.66,2671.78,64.3032,2671.41,1.71857143,0.05,0.9,0,TREND_UP,NORMAL,ALIGNED,HEALTHY,ALLOW
2026-09-30T00:38:00Z,2671.79,2671.79,2671.21,2671.56,44.6876,2671.52,1.67,0.05,0.9,0,TREND_DOWN,NORMAL,NEUTRAL,HEALTHY,ALLOW
2026-09-30T00:39:00Z,2671.57,2671.77,2671.11,2671.38,18.5635,2671.42,1.56357143,0.05,0.9,0,TREND_DOWN,NORMAL,NEUTRAL,HEALTHY,ALLOW
2026-09-30T00:40:00Z,2671.39,2672.86,2671.0,2672.22,57.76,2672.02666667,1.52571429,0.05,0.9,0,TREND_UP,NORMAL,ALIGNED,HEALTHY,ALLOW
2026-09-30T00:41:00Z,2672.23,2673.33,2672.22,2672.73,59.1542,2672.76,1.47785714,0.05,0.9,0,TREND_UP,NORMAL,ALIGNED,HEALTHY,ALLOW
2026-09-30T00:42:00Z,2672.74,2672.74,2671.12,2671.78,29.5397,2671.88,1.40357143,0.05,0.9,0,TREND_DOWN,NORMAL,NEUTRAL,HEALTHY,ALLOW
2026-09-30T00:43:00Z,2671.79,2671.79,2670.12,2670.12,23.6219,2670.67666667,1.45928571,0.05,0.9,0,TREND_DOWN,NORMAL,NEUTRAL,HEALTHY,ALLOW
2026-09-30T00:44:00Z,2670.13,2670.9,2670.12,2670.62,38.9561,2670.54666667,1.42857143,0.05,0.9,0,TREND_UP,NORMAL,ALIGNED,HEALTHY,ALLOW
2026-09-30T00:45:00Z,2670.62,2670.75,2668.97,2669.15,48.8488,2669.62333333,1.43285714,0.05,0.9,0,TREND_DOWN,NORMAL,NEUTRAL,HEALTHY,ALLOW
2026-09-30T00:46:00Z,2669.14,2670.65,2668.68,2670.57,146.1269,2669.96666667,1.46428571,0.05,0.9,0,TREND_UP,NORMAL,ALIGNED,HEALTHY,ALLOW
2026-09-30T00:47:00Z,2670.56,2671.27,2669.37,2669.4,199.6457,2670.01333333,1.55785714,0.05,0.9,0,TREND_DOWN,NORMAL,NEUTRAL,HEALTHY,ALLOW
2026-09-30T00:48:00Z,2669.4,2669.4,2668.39,2668.4,98.6433,2668.73,1.52428571,0.05,0.9,0,TREND_DOWN,NORMAL,NEUTRAL,HEALTHY,ALLOW
2026-09-30T00:49:00Z,2668.4,2669.43,2668.08,2668.53,511.5171,2668.68,1.44142857,0.05,0.9,0,TREND_UP,NORMAL,ALIGNED,HEALTHY,ALLOW
2026-09-30T00:50:00Z,2668.53,2668.73,2668.27,2668.27,65.0437,2668.42333333,1.27714286,0.05,0.9,0,TREND_DOWN,NORMAL,NEUTRAL,HEALTHY,ALLOW
2026-09-30T00:51:00Z,2668.27,2668.32,2668.27,2668.31,48.2624,2668.3,1.2,0.05,0.9,0,TREND_UP,NORMAL,ALIGNED,HEALTHY,ALLOW
2026-09-30T00:52:00Z,2668.32,2669.05,2668.32,2668.65,78.4381,2668.67333333,1.21142857,0.05,0.9,0,TREND_UP,NORMAL,ALIGNED,HEALTHY,ALLOW
2026-09-30T00:53:00Z,2668.64,2668.66,2668.33,2668.65,34.5663,2668.54666667,1.18785714,0.05,0.9,0,TREND_UP,NORMAL,ALIGNED,HEALTHY,ALLOW
2026-09-30T00:54:00Z,2668.65,2669.71,2668.49,2668.75,63.4285,2668.98333333,1.14214286,0.05,0.9,0,TREND_UP,NORMAL,ALIGNED,HEALTHY,ALLOW
2026-09-30T00:55:00Z,2668.75,2670.5,2668.64,2670.23,69.1763,2669.79,1.19571429,0.05,0.9,0,TREND_UP,NORMAL,ALIGNED,HEALTHY,ALLOW
2026-09-30T00:56:00Z,2670.24,2671.39,2670.16,2670.93,129.7044,2670.82666667,1.16785714,0.05,0.9,0,TREND_UP,NORMAL,ALIGNED,HEALTHY,ALLOW
2026-09-30T00:57:00Z,2670.94,2673.62,2670.92,2673.61,71.601,2672.71666667,1.24142857,0.05,0.9,0,TREND_UP,NORMAL,ALIGNED,HEALTHY,ALLOW
2026-09-30T00:58:00Z,2673.62,2673.62,2671.89,2672.89,98.9812,2672.8,1.30928571,0.05,0.9,0,TREND_DOWN,NORMAL,NEUTRAL,HEALTHY,ALLOW
2026-09-30T00:59:00Z,2672.9,2672.9,2671.82,2672.62,91.5035,2672.44666667,1.25928571,0.05,0.9,0,TREND_DOWN,NORMAL,NEUTRAL,HEALTHY,ALLOW
2026-09-30T01:00:00Z,2672.62,2672.62,2670.84,2671.36,51.9246,2671.60666667,1.24571429,0.05,0.9,0,TREND_DOWN,NORMAL,NEUTRAL,HEALTHY,ALLOW
2026-09-30T01:01:00Z,2671.36,2672.12,2670.44,2671.57,166.5025,2671.37666667,1.23,0.05,0.9,0,TREND_UP,NORMAL,ALIGNED,HEALTHY,ALLOW
2026-09-30T01:02:00Z,2671.57,2673.7,2671.39,2673.68,100.1042,2672.92333333,1.32285714,0.05,0.9,0,TREND_UP,NORMAL,ALIGNED,HEALTHY,ALLOW
2026-09-30T01:03:00Z,2673.68,2673.68,2672.24,2673.23,60.9265,2673.05,1.32928571,0.05,0.9,0,TREND_DOWN,NORMAL,NEUTRAL,HEALTHY,ALLOW
2026-09-30T01:04:00Z,2673.23,2673.23,2671.78,2671.78,75.0502,2672.26333333,1.4,0.05,0.9,0,TREND_DOWN,NORMAL,NEUTRAL,HEALTHY,ALLOW
2026-09-30T01:05:00Z,2671.79,2673.27,2671.78,2673.27,37.2951,2672.77333333,1.50285714,0.05,0.9,0,TREND_UP,NORMAL,ALIGNED,HEALTHY,ALLOW
2026-09-30T01:06:00Z,2673.27,2673.27,2672.13,2672.13,29.3336,2672.51,1.53142857,0.05,0.9,0,TREND_DOWN,NORMAL,NEUTRAL,HEALTHY,ALLOW
2026-09-30T01:07:00Z,2672.12,2672.12,2670.97,2671.78,107.9499,2671.62333333,1.59071429,0.05,0.9,0,TREND_DOWN,NORMAL,NEUTRAL,HEALTHY,ALLOW
2026-09-30T01:08:00Z,2671.79,2671.79,2671.08,2671.78,40.986,2671.55,1.55428571,0.05,0.9,0,TREND_DOWN,NORMAL,NEUTRAL,HEALTHY,ALLOW
2026-09-30T01:09:00Z,2671.79,2674.39,2671.79,2674.31,78.1966,2673.49666667,1.60785714,0.05,0.9,0,TREND_UP,NORMAL,ALIGNED,HEALTHY,ALLOW
2026-09-30T01:10:00Z,2674.31,2674.51,2672.15,2672.69,126.3572,2673.11666667,1.68857143,0.05,0.9,0,TREND_DOWN,NORMAL,NEUTRAL,HEALTHY,ALLOW
2026-09-30T01:11:00Z,2672.7,2674.96,2672.7,2674.61,28.5249,2674.09,1.65785714,0.05,0.9,0,TREND_UP,NORMAL,ALIGNED,HEALTHY,ALLOW
2026-09-30T01:12:00Z,2674.61,2674.88,2672.66,2672.66,24.9256,2673.4,1.69285714,0.05,0.9,0,TREND_DOWN,NORMAL,NEUTRAL,HEALTHY,ALLOW
2026-09-30T01:13:00Z,2672.65,2672.8,2671.78,2672.32,40.2118,2672.3,1.68857143,0.05,0.9,0,TREND_DOWN,NORMAL,NEUTRAL,HEALTHY,ALLOW
2026-09-30T01:14:00Z,2672.32,2672.78,2672.22,2672.77,41.4519,2672.59,1.60142857,0.05,0.9,0,TREND_UP,NORMAL,ALIGNED,HEALTHY,ALLOW
2026-09-30T01:15:00Z,2672.78,2673.26,2672.3,2672.94,64.8716,2672.83333333,1.55,0.05,0.9,0,TREND_UP,NORMAL,ALIGNED,HEALTHY,ALLOW
2026-09-30T01:16:00Z,2672.94,2673.79,2672.75,2673.07,43.748,2673.20333333,1.45928571,0.05,0.9,0,TREND_UP,NORMAL,ALIGNED,HEALTHY,ALLOW
2026-09-30T01:17:00Z,2673.07,2674.12,2672.57,2672.96,42.6647,2673.21666667,1.46714286,0.05,0.9,0,TREND_DOWN,NORMAL,NEUTRAL,HEALTHY,ALLOW
2026-09-30T01:18:00Z,2672.97,2673.09,2672.31,2672.32,37.4202,2672.57333333,1.41928571,0.05,0.9,0,TREND_DOWN,NORMAL,NEUTRAL,HEALTHY,ALLOW
2026-09-30T01:19:00Z,2672.32,2672.56,2672.0,2672.17,56.1611,2672.24333333,1.35285714,0.05,0.9,0,TREND_DOWN,NORMAL,NEUTRAL,HEALTHY,ALLOW
2026-09-30T01:20:00Z,2672.17,2672.52,2672.17,2672.39,24.7599,2672.36,1.29642857,0.05,0.9,0,TREND_UP,NORMAL,ALIGNED,HEALTHY,ALLOW
2026-09-30T01:21:00Z,2672.4,2673.84,2672.29,2672.93,58.6353,2673.02,1.32428571,0.05,0.9,0,TREND_UP,NORMAL,ALIGNED,HEALTHY,ALLOW
2026-09-30T01:22:00Z,2672.93,2673.53,2672.53,2673.21,131.3598,2673.09,1.345,0.05,0.9,0,TREND_UP,NORMAL,ALIGNED,HEALTHY,ALLOW
2026-09-30T01:23:00Z,2673.22,2675.34,2673.21,2675.27,81.7093,2674.60666667,1.31071429,0.05,0.9,0,TREND_UP,NORMAL,ALIGNED,HEALTHY,ALLOW
2026-09-30T01:24:00Z,2675.28,2676.03,2674.92,2676.03,88.9934,2675.66,1.22142857,0.05,0.9,0,TREND_UP,NORMAL,ALIGNED,HEALTHY,ALLOW
2026-09-30T01:25:00Z,2676.03,2677.08,2675.96,2676.71,253.2247,2676.58333333,1.13928571,0.05,0.9,0,TREND_UP,NORMAL,ALIGNED,HEALTHY,ALLOW
2026-09-30T01:26:00Z,2676.71,2676.74,2675.58,2676.0,134.1113,2676.10666667,1.06357143,0.05,0.9,0,TREND_DOWN,NORMAL,NEUTRAL,HEALTHY,ALLOW
2026-09-30T01:27:00Z,2676.0,2676.0,2674.23,2674.24,63.733,2674.82333333,1.11714286,0.05,0.9,0,TREND_DOWN,NORMAL,NEUTRAL,HEALTHY,ALLOW
2026-09-30T01:28:00Z,2674.23,2674.24,2673.48,2673.99,48.4595,2673.90333333,1.13142857,0.05,0.9,0,TREND_DOWN,NORMAL,NEUTRAL,HEALTHY,ALLOW
2026-09-30T01:29:00Z,2673.98,2673.99,2672.24,2672.24,24.0277,2672.82333333,1.18785714,0.05,0.9,0,TREND_DOWN,NORMAL,NEUTRAL,HEALTHY,ALLOW
2026-09-30T01:30:00Z,2672.24,2672.68,2669.05,2671.69,310.6926,2671.14,1.37285714,0.05,0.9,0,TREND_DOWN,NORMAL,NEUTRAL,HEALTHY,ALLOW
2026-09-30T01:31:00Z,2671.68,2671.89,2668.69,2668.84,214.5409,2669.80666667,1.49071429,0.05,0.9,0,TREND_DOWN,NORMAL,NEUTRAL,HEALTHY,ALLOW
2026-09-30T01:32:00Z,2668.83,2669.9,2668.69,2669.9,55.8877,2669.49666667,1.52142857,0.05,0.9,0,TREND_UP,NORMAL,ALIGNED,HEALTHY,ALLOW
2026-09-30T01:33:00Z,2669.89,2670.3,2668.68,2670.12,54.3983,2669.7,1.59714286,0.05,0.9,0,TREND_UP,NORMAL,ALIGNED,HEALTHY,ALLOW
2026-09-30T01:34:00Z,2670.13,2670.97,2669.0,2669.0,28.5657,2669.65666667,1.71285714,0.05,0.9,0,TREND_DOWN,NORMAL,NEUTRAL,HEALTHY,ALLOW
2026-09-30T01:35:00Z,2669.0,2670.82,2668.76,2670.06,443.8543,2669.88,1.74928571,0.05,0.9,0,TREND_UP,NORMAL,ALIGNED,HEALTHY,ALLOW
2026-09-30T01:36:00Z,2670.06,2670.8,2669.4,2670.07,64.8982,2670.09,1.77785714,0.05,0.9,0,TREND_UP,NORMAL,ALIGNED,HEALTHY,ALLOW
2026-09-30T01:37:00Z,2670.07,2670.81,2669.28,2669.6,61.1368,2669.89666667,1.735,0.05,0.9,0,TREND_DOWN,NORMAL,NEUTRAL,HEALTHY,ALLOW
2026-09-30T01:38:00Z,2669.59,2669.92,2668.68,2668.68,152.2983,2669.09333333,1.74428571,0.05,0.9,0,TREND_DOWN,NORMAL,NEUTRAL,HEALTHY,ALLOW
2026-09-30T01:39:00Z,2668.69,2669.82,2668.68,2669.82,48.2952,2669.44,1.74571429,0.05,0.9,0,TREND_UP,NORMAL,ALIGNED,HEALTHY,ALLOW
2026-09-30T01:40:00Z,2669.82,2670.0,2669.36,2669.36,29.2671,2669.57333333,1.70857143,0.05,0.9,0,TREND_DOWN,NORMAL,NEUTRAL,HEALTHY,ALLOW
2026-09-30T01:41:00Z,2669.36,2669.92,2668.99,2669.92,37.3189,2669.61,1.64857143,0.05,0.9,0,TREND_UP,NORMAL,ALIGNED,HEALTHY,ALLOW
2026-09-30T01:42:00Z,2669.91,2670.89,2669.67,2670.82,69.3222,2670.46,1.68142857,0.05,0.9,0,TREND_UP,NORMAL,ALIGNED,HEALTHY,ALLOW
2026-09-30T01:43:00Z,2670.81,2672.0,2670.81,2672.0,26.3433,2671.60333333,1.64142857,0.05,0.9,0,TREND_UP,NORMAL,ALIGNED,HEALTHY,ALLOW
2026-09-30T01:44:00Z,2671.99,2672.89,2671.99,2672.24,95.7618,2672.37333333,1.44642857,0.05,0.9,0,TREND_UP,NORMAL,ALIGNED,HEALTHY,ALLOW
2026-09-30T01:45:00Z,2672.24,2672.76,2670.97,2671.19,48.8069,2671.64,1.34571429,0.05,0.9,0,TREND_DOWN,NORMAL,NEUTRAL,HEALTHY,ALLOW
2026-09-30T01:46:00Z,2671.2,2673.55,2671.2,2673.23,61.064,2672.66,1.42785714,0.05,0.9,0,TREND_UP,NORMAL,ALIGNED,HEALTHY,ALLOW
2026-09-30T01:47:00Z,2673.23,2673.34,2671.79,2672.86,80.2831,2672.66333333,1.42285714,0.05,0.9,0,TREND_DOWN,NORMAL,NEUTRAL,HEALTHY,ALLOW
2026-09-30T01:48:00Z,2672.87,2673.61,2671.46,2672.35,1175.4843,2672.47333333,1.43571429,0.05,0.9,0,TREND_DOWN,NORMAL,NEUTRAL,HEALTHY,ALLOW
2026-09-30T01:49:00Z,2672.35,2674.85,2672.12,2674.05,379.4751,2673.67333333,1.48357143,0.05,0.9,0,TREND_UP,NORMAL,ALIGNED,HEALTHY,ALLOW
2026-09-30T01:50:00Z,2674.05,2674.23,2672.97,2674.23,76.039,2673.81,1.47357143,0.05,0.9,0,TREND_UP,NORMAL,ALIGNED,HEALTHY,ALLOW
2026-09-30T01:51:00Z,2674.23,2675.57,2673.49,2675.19,513.6761,2674.75,1.51285714,0.05,0.9,0,TREND_UP,NORMAL,ALIGNED,HEALTHY,ALLOW
2026-09-30T01:52:00Z,2675.19,2676.84,2673.96,2673.96,436.254,2674.92,1.63,0.05,0.9,0,TREND_DOWN,NORMAL,NEUTRAL,HEALTHY,ALLOW
2026-09-30T01:53:00Z,2673.97,2673.97,2672.47,2672.89,111.4266,2673.11,1.65571429,0.05,0.9,0,TREND_DOWN,NORMAL,NEUTRAL,HEALTHY,ALLOW
2026-09-30T01:54:00Z,2672.89,2673.65,2672.22,2673.24,75.0164,2673.03666667,1.71214286,0.05,0.9,0,TREND_UP,NORMAL,ALIGNED,HEALTHY,ALLOW
2026-09-30T01:55:00Z,2673.23,2673.23,2671.03,2671.13,198.0639,2671.79666667,1.80357143,0.05,0.9,0,TREND_DOWN,NORMAL,NEUTRAL,HEALTHY,ALLOW
2026-09-30T01:56:00Z,2671.13,2671.92,2671.13,2671.35,32.5438,2671.46666667,1.77285714,0.05,0.9,0,TREND_UP,NORMAL,ALIGNED,HEALTHY,ALLOW
2026-09-30T01:57:00Z,2671.35,2673.3,2671.06,2673.18,703.3133,2672.51333333,1.84785714,0.05,0.9,0,TREND_UP,NORMAL,ALIGNED,HEALTHY,ALLOW
2026-09-30T01:58:00Z,2673.18,2673.18,2671.66,2671.66,43.6897,2672.16666667,1.89214286,0.05,0.9,0,TREND_DOWN,NORMAL,NEUTRAL,HEALTHY,ALLOW
2026-09-30T01:59:00Z,2671.66,2672.72,2671.66,2672.57,83.3171,2672.31666667,1.84,0.05,0.9,0,TREND_UP,NORMAL,ALIGNED,HEALTHY,ALLOW
2026-09-30T02:00:00Z,2672.58,2674.28,2671.47,2673.83,63.1075,2673.19333333,1.87214286,0.05,0.9,0,TREND_UP,NORMAL,ALIGNED,HEALTHY,ALLOW
2026-09-30T02:01:00Z,2673.83,2674.81,2673.46,2674.81,48.6377,2674.36,1.85785714,0.05,0.9,0,TREND_UP,NORMAL,ALIGNED,HEALTHY,ALLOW
2026-09-30T02:02:00Z,2674.8,2674.8,2672.52,2672.52,45.399,2673.28,1.86785714,0.05,0.9,0,TREND_DOWN,NORMAL,NEUTRAL,HEALTHY,ALLOW
2026-09-30T02:03:00Z,2672.52,2674.02,2672.24,2672.9,42.1657,2673.05333333,1.8,0.05,0.9,0,TREND_UP,NORMAL,ALIGNED,HEALTHY,ALLOW
2026-09-30T02:04:00Z,2672.91,2674.79,2672.91,2674.78,68.0156,2674.16,1.845,0.05,0.9,0,TREND_UP,NORMAL,ALIGNED,HEALTHY,ALLOW
2026-09-30T02:05:00Z,2674.78,2675.37,2674.39,2674.4,54.24,2674.72,1.76642857,0.05,0.9,0,TREND_DOWN,NORMAL,NEUTRAL,HEALTHY,ALLOW
2026-09-30T02:06:00Z,2674.4,2675.77,2674.4,2675.77,34.9403,2675.31333333,1.65857143,0.05,0.9,0,TREND_UP,NORMAL,ALIGNED,HEALTHY,ALLOW
2026-09-30T02:07:00Z,2675.78,2678.32,2675.78,2677.75,174.9914,2677.28333333,1.73357143,0.05,0.9,0,TREND_UP,NORMAL,ALIGNED,HEALTHY,ALLOW
2026-09-30T02:08:00Z,2677.74,2677.98,2675.88,2675.89,87.4463,2676.58333333,1.78142857,0.05,0.9,0,TREND_DOWN,NORMAL,NEUTRAL,HEALTHY,ALLOW
2026-09-30T02:09:00Z,2675.88,2675.88,2673.57,2674.68,276.0281,2674.71,1.78928571,0.05,0.9,0,TREND_DOWN,NORMAL,NEUTRAL,HEALTHY,ALLOW
2026-09-30T02:10:00Z,2674.67,2674.67,2672.86,2673.48,97.1953,2673.67,1.86285714,0.05,0.9,0,TREND_DOWN,NORMAL,NEUTRAL,HEALTHY,ALLOW
2026-09-30T02:11:00Z,2673.49,2673.49,2672.86,2673.46,105.7362,2673.27,1.74785714,0.05,0.9,0,TREND_DOWN,NORMAL,NEUTRAL,HEALTHY,ALLOW
2026-09-30T02:12:00Z,2673.45,2673.46,2671.89,2671.9,108.4254,2672.41666667,1.75142857,0.05,0.9,0,TREND_DOWN,NORMAL,NEUTRAL,HEALTHY,ALLOW
2026-09-30T02:13:00Z,2671.89,2673.89,2671.13,2672.99,119.0397,2672.67,1.87285714,0.05,0.9,0,TREND_UP,NORMAL,ALIGNED,HEALTHY,ALLOW
2026-09-30T02:14:00Z,2672.98,2672.99,2671.89,2672.07,43.2835,2672.31666667,1.75071429,0.05,0.9,0,TREND_DOWN,NORMAL,NEUTRAL,HEALTHY,ALLOW
2026-09-30T02:15:00Z,2672.08,2672.41,2670.76,2672.41,102.8821,2671.86,1.77214286,0.05,0.9,0,TREND_UP,NORMAL,ALIGNED,HEALTHY,ALLOW
2026-09-30T02:16:00Z,2672.41,2672.41,2669.38,2669.39,117.1254,2670.39333333,1.825,0.05,0.9,0,TREND_DOWN,NORMAL,NEUTRAL,HEALTHY,ALLOW
2026-09-30T02:17:00Z,2669.39,2670.41,2669.14,2669.15,164.5563,2669.56666667,1.78857143,0.05,0.9,0,TREND_DOWN,NORMAL,NEUTRAL,HEALTHY,ALLOW
2026-09-30T02:18:00Z,2669.15,2670.7,2668.92,2669.01,124.4859,2669.54333333,1.78071429,0.05,0.9,0,TREND_DOWN,NORMAL,NEUTRAL,HEALTHY,ALLOW
2026-09-30T02:19:00Z,2669.02,2669.37,2668.92,2668.92,61.4897,2669.07,1.74285714,0.05,0.9,0,TREND_DOWN,NORMAL,NEUTRAL,HEALTHY,ALLOW
2026-09-30T02:20:00Z,2668.93,2669.15,2668.68,2668.92,155.5781,2668.91666667,1.67857143,0.05,0.9,0,TREND_DOWN,NORMAL,NEUTRAL,HEALTHY,ALLOW
2026-09-30T02:21:00Z,2668.91,2671.79,2668.89,2671.78,61.8079,2670.82,1.70357143,0.05,0.9,0,TREND_UP,NORMAL,ALIGNED,HEALTHY,ALLOW
2026-09-30T02:22:00Z,2671.79,2672.68,2671.64,2672.68,47.4131,2672.33333333,1.62785714,0.05,0.9,0,TREND_UP,NORMAL,ALIGNED,HEALTHY,ALLOW
2026-09-30T02:23:00Z,2672.68,2675.19,2671.78,2671.79,118.2957,2672.92,1.70571429,0.05,0.9,0,TREND_DOWN,NORMAL,NEUTRAL,HEALTHY,ALLOW
2026-09-30T02:24:00Z,2671.79,2672.69,2670.64,2670.64,51.1335,2671.32333333,1.72214286,0.05,0.9,0,TREND_DOWN,NORMAL,NEUTRAL,HEALTHY,ALLOW
2026-09-30T02:25:00Z,2670.64,2671.72,2669.99,2670.33,77.5321,2670.68,1.80071429,0.05,0.9,0,TREND_DOWN,NORMAL,NEUTRAL,HEALTHY,ALLOW
2026-09-30T02:26:00Z,2670.32,2671.14,2669.87,2669.87,103.4329,2670.29333333,1.77928571,0.05,0.9,0,TREND_DOWN,NORMAL,NEUTRAL,HEALTHY,ALLOW
2026-09-30T02:27:00Z,2669.87,2669.87,2668.95,2668.95,26.4356,2669.25666667,1.64785714,0.05,0.9,0,TREND_DOWN,NORMAL,NEUTRAL,HEALTHY,ALLOW
2026-09-30T02:28:00Z,2668.95,2668.96,2668.9,2668.91,34.8705,2668.92333333,1.57357143,0.05,0.9,0,TREND_DOWN,NORMAL,NEUTRAL,HEALTHY,ALLOW
2026-09-30T02:29:00Z,2668.9,2668.95,2668.68,2668.94,49.3045,2668.85666667,1.475,0.05,0.9,0,TREND_UP,NORMAL,ALIGNED,HEALTHY,ALLOW
2026-09-30T02:30:00Z,2668.95,2670.24,2668.67,2668.67,52.9614,2669.19333333,1.37071429,0.05,0.9,0,TREND_DOWN,NORMAL,NEUTRAL,HEALTHY,ALLOW
2026-09-30T02:31:00Z,2668.67,2670.26,2668.67,2669.82,85.6816,2669.58333333,1.39357143,0.05,0.9,0,TREND_UP,NORMAL,ALIGNED,HEALTHY,ALLOW
2026-09-30T02:32:00Z,2669.82,2669.82,2668.63,2668.64,41.3456,2669.03,1.35142857,0.05,0.9,0,TREND_DOWN,NORMAL,NEUTRAL,HEALTHY,ALLOW
2026-09-30T02:33:00Z,2668.63,2668.64,2668.5,2668.5,49.6652,2668.54666667,1.32928571,0.05,0.9,0,TREND_DOWN,NORMAL,NEUTRAL,HEALTHY,ALLOW
2026-09-30T02:34:00Z,2668.49,2669.21,2667.41,2667.51,409.1344,2668.04333333,1.42428571,0.05,0.9,0,TREND_DOWN,NORMAL,NEUTRAL,HEALTHY,ALLOW
2026-09-30T02:35:00Z,2667.51,2667.89,2667.49,2667.6,69.1232,2667.66,1.24571429,0.05,0.9,0,TREND_UP,NORMAL,ALIGNED,HEALTHY,ALLOW
2026-09-30T02:36:00Z,2667.59,2667.6,2666.27,2667.46,292.5901,2667.11,1.26642857,0.05,0.9,0,TREND_DOWN,NORMAL,NEUTRAL,HEALTHY,ALLOW
2026-09-30T02:37:00Z,2667.45,2668.73,2666.62,2666.97,221.0033,2667.44,1.17357143,0.05,0.9,0,TREND_DOWN,NORMAL,NEUTRAL,HEALTHY,ALLOW
2026-09-30T02:38:00Z,2666.97,2667.65,2666.19,2667.47,80.2222,2667.10333333,1.13142857,0.05,0.9,0,TREND_UP,NORMAL,ALIGNED,HEALTHY,ALLOW
2026-09-30T02:39:00Z,2667.47,2668.69,2666.99,2668.68,48.5573,2668.12,1.12928571,0.05,0.9,0,TREND_UP,NORMAL,ALIGNED,HEALTHY,ALLOW
2026-09-30T02:40:00Z,2668.69,2672.05,2668.69,2672.04,38.8153,2670.92666667,1.27928571,0.05,0.9,0,TREND_UP,NORMAL,ALIGNED,HEALTHY,ALLOW
2026-09-30T02:41:00Z,2672.05,2672.52,2671.39,2672.39,111.0058,2672.1,1.29428571,0.05,0.9,0,TREND_UP,NORMAL,ALIGNED,HEALTHY,ALLOW
2026-09-30T02:42:00Z,2672.39,2672.39,2670.18,2670.18,49.8616,2670.91666667,1.44785714,0.05,0.9,0,TREND_DOWN,NORMAL,NEUTRAL,HEALTHY,ALLOW
2026-09-30T02:43:00Z,2670.18,2671.18,2669.98,2670.94,28.821,2670.7,1.51428571,0.05,0.9,0,TREND_UP,NORMAL,ALIGNED,HEALTHY,ALLOW
2026-09-30T02:44:00Z,2670.94,2672.24,2670.94,2672.23,71.7221,2671.80333333,1.495,0.05,0.9,0,TREND_UP,NORMAL,ALIGNED,HEALTHY,ALLOW
2026-09-30T02:45:00Z,2672.23,2672.52,2671.3,2672.52,48.7226,2672.11333333,1.46857143,0.05,0.9,0,TREND_UP,NORMAL,ALIGNED,HEALTHY,ALLOW
2026-09-30T02:46:00Z,2672.51,2673.66,2672.51,2673.12,93.0073,2673.09666667,1.46571429,0.05,0.9,0,TREND_UP,NORMAL,ALIGNED,HEALTHY,ALLOW
2026-09-30T02:47:00Z,2673.12,2675.72,2673.11,2675.72,79.5347,2674.85,1.64214286,0.05,0.9,0,TREND_UP,NORMAL,ALIGNED,HEALTHY,ALLOW
2026-09-30T02:48:00Z,2675.71,2676.15,2674.62,2675.04,88.6314,2675.27,1.62285714,0.05,0.9,0,TREND_DOWN,NORMAL,NEUTRAL,HEALTHY,ALLOW
2026-09-30T02:49:00Z,2675.04,2675.96,2675.0,2675.0,49.2513,2675.32,1.66285714,0.05,0.9,0,TREND_DOWN,NORMAL,NEUTRAL,HEALTHY,ALLOW
2026-09-30T02:50:00Z,2675.0,2675.21,2674.74,2675.21,23.1749,2675.05333333,1.60142857,0.05,0.9,0,TREND_UP,NORMAL,ALIGNED,HEALTHY,ALLOW
2026-09-30T02:51:00Z,2675.21,2676.09,2675.21,2675.74,179.1907,2675.68,1.51357143,0.05,0.9,0,TREND_UP,NORMAL,ALIGNED,HEALTHY,ALLOW
2026-09-30T02:52:00Z,2675.67,2678.01,2675.2,2677.11,302.8244,2676.77333333,1.61,0.05,0.9,0,TREND_UP,NORMAL,ALIGNED,HEALTHY,ALLOW
2026-09-30T02:53:00Z,2677.11,2677.12,2676.55,2676.62,41.6527,2676.76333333,1.52928571,0.05,0.9,0,TREND_DOWN,NORMAL,NEUTRAL,HEALTHY,ALLOW
2026-09-30T02:54:00Z,2676.62,2676.87,2676.18,2676.76,71.1132,2676.60333333,1.33785714,0.05,0.9,0,TREND_UP,NORMAL,ALIGNED,HEALTHY,ALLOW
2026-09-30T02:55:00Z,2676.75,2676.85,2675.91,2676.0,82.8204,2676.25333333,1.32428571,0.05,0.9,0,TREND_DOWN,NORMAL,NEUTRAL,HEALTHY,ALLOW
2026-09-30T02:56:00Z,2676.0,2676.12,2674.01,2674.13,147.6251,2674.75333333,1.31714286,0.05,0.9,0,TREND_DOWN,NORMAL,NEUTRAL,HEALTHY,ALLOW
2026-09-30T02:57:00Z,2674.13,2674.69,2674.13,2674.35,43.744,2674.39,1.27142857,0.05,0.9,0,TREND_UP,NORMAL,ALIGNED,HEALTHY,ALLOW
2026-09-30T02:58:00Z,2674.34,2674.7,2674.0,2674.0,43.7183,2674.23333333,1.22857143,0.05,0.9,0,TREND_DOWN,NORMAL,NEUTRAL,HEALTHY,ALLOW
2026-09-30T02:59:00Z,2673.99,2674.49,2673.68,2674.49,96.5547,2674.22,1.19928571,0.05,0.9,0,TREND_UP,NORMAL,ALIGNED,HEALTHY,ALLOW
2026-09-30T03:00:00Z,2674.49,2676.25,2674.49,2674.49,134.3215,2675.07666667,1.24285714,0.05,0.9,0,TREND_UP,NORMAL,ALIGNED,HEALTHY,ALLOW
2026-09-30T03:01:00Z,2674.48,2674.48,2672.27,2672.27,51.6659,2673.00666667,1.215,0.05,0.9,0,TREND_DOWN,NORMAL,NEUTRAL,HEALTHY,ALLOW
2026-09-30T03:02:00Z,2672.27,2674.11,2672.27,2673.33,100.5617,2673.23666667,1.23714286,0.05,0.9,0,TREND_UP,NORMAL,ALIGNED,HEALTHY,ALLOW
2026-09-30T03:03:00Z,2673.33,2674.11,2673.32,2674.11,31.9003,2673.84666667,1.225,0.05,0.9,0,TREND_UP,NORMAL,ALIGNED,HEALTHY,ALLOW
2026-09-30T03:04:00Z,2674.1,2675.49,2674.1,2674.87,39.5906,2674.82,1.29071429,0.05,0.9,0,TREND_UP,NORMAL,ALIGNED,HEALTHY,ALLOW
2026-09-30T03:05:00Z,2674.87,2675.76,2674.75,2675.75,139.4731,2675.42,1.3,0.05,0.9,0,TREND_UP,NORMAL,ALIGNED,HEALTHY,ALLOW
2026-09-30T03:06:00Z,2675.74,2675.74,2674.51,2674.85,23.0334,2675.03333333,1.18785714,0.05,0.9,0,TREND_DOWN,NORMAL,NEUTRAL,HEALTHY,ALLOW
2026-09-30T03:07:00Z,2674.85,2674.85,2673.57,2674.0,79.9695,2674.14,1.23857143,0.05,0.9,0,TREND_DOWN,NORMAL,NEUTRAL,HEALTHY,ALLOW
2026-09-30T03:08:00Z,2673.99,2674.0,2672.62,2673.57,58.6011,2673.39666667,1.28785714,0.05,0.9,0,TREND_DOWN,NORMAL,NEUTRAL,HEALTHY,ALLOW
2026-09-30T03:09:00Z,2673.57,2674.94,2673.57,2674.6,34.9302,2674.37,1.31857143,0.05,0.9,0,TREND_UP,NORMAL,ALIGNED,HEALTHY,ALLOW
2026-09-30T03:10:00Z,2674.59,2674.88,2673.48,2673.49,30.2251,2673.95,1.26785714,0.05,0.9,0,TREND_DOWN,NORMAL,NEUTRAL,HEALTHY,ALLOW
2026-09-30T03:11:00Z,2673.48,2673.48,2673.05,2673.06,39.3979,2673.19666667,1.25928571,0.05,0.9,0,TREND_DOWN,NORMAL,NEUTRAL,HEALTHY,ALLOW
2026-09-30T03:12:00Z,2673.05,2673.81,2673.05,2673.58,65.3992,2673.48,1.26357143,0.05,0.9,0,TREND_UP,NORMAL,ALIGNED,HEALTHY,ALLOW
2026-09-30T03:13:00Z,2673.57,2673.57,2673.34,2673.35,35.79,2673.42,1.22285714,0.05,0.9,0,TREND_DOWN,NORMAL,NEUTRAL,HEALTHY,ALLOW
2026-09-30T03:14:00Z,2673.34,2673.7,2673.3,2673.32,86.2504,2673.44,1.12571429,0.05,0.9,0,TREND_DOWN,NORMAL,NEUTRAL,HEALTHY,ALLOW
2026-09-30T03:15:00Z,2673.32,2673.5,2673.32,2673.5,33.5165,2673.44,0.98,0.05,0.9,0,TREND_UP,NORMAL,ALIGNED,HEALTHY,ALLOW
2026-09-30T03:16:00Z,2673.49,2673.5,2670.0,2670.09,163.0678,2671.19666667,1.09857143,0.05,0.9,0,TREND_DOWN,NORMAL,NEUTRAL,HEALTHY,ALLOW
2026-09-30T03:17:00Z,2670.09,2670.33,2669.0,2669.03,135.6384,2669.45333333,1.13714286,0.05,0.9,0,TREND_DOWN,NORMAL,NEUTRAL,HEALTHY,ALLOW
2026-09-30T03:18:00Z,2669.02,2669.02,2668.08,2668.08,75.6432,2668.39333333,1.10571429,0.05,0.9,0,TREND_DOWN,NORMAL,NEUTRAL,HEALTHY,ALLOW
2026-09-30T03:19:00Z,2668.08,2668.75,2668.0,2668.1,104.9476,2668.28333333,1.08714286,0.05,0.9,0,TREND_UP,NORMAL,ALIGNED,HEALTHY,ALLOW
2026-09-30T03:20:00Z,2668.1,2669.29,2668.08,2669.28,413.1602,2668.88333333,1.085,0.05,0.9,0,TREND_UP,NORMAL,ALIGNED,HEALTHY,ALLOW
2026-09-30T03:21:00Z,2669.29,2669.9,2669.21,2669.89,57.4787,2669.66666667,1.04285714,0.05,0.9,0,TREND_UP,NORMAL,ALIGNED,HEALTHY,ALLOW
2026-09-30T03:22:00Z,2669.89,2672.16,2669.89,2672.16,46.5444,2671.40333333,1.10642857,0.05,0.9,0,TREND_UP,NORMAL,ALIGNED,HEALTHY,ALLOW
2026-09-30T03:23:00Z,2672.15,2672.38,2671.7,2671.83,123.7064,2671.97,1.05714286,0.05,0.9,0,TREND_DOWN,NORMAL,NEUTRAL,HEALTHY,ALLOW
2026-09-30T03:24:00Z,2671.84,2671.84,2670.76,2671.43,40.9685,2671.34333333,1.03428571,0.05,0.9,0,TREND_DOWN,NORMAL,NEUTRAL,HEALTHY,ALLOW
2026-09-30T03:25:00Z,2671.44,2671.52,2670.4,2670.4,42.4283,2670.77333333,1.08285714,0.05,0.9,0,TREND_DOWN,NORMAL,NEUTRAL,HEALTHY,ALLOW
2026-09-30T03:26:00Z,2670.4,2670.87,2669.68,2670.75,40.7672,2670.43333333,1.11357143,0.05,0.9,0,TREND_UP,NORMAL,ALIGNED,HEALTHY,ALLOW
2026-09-30T03:27:00Z,2670.76,2671.19,2670.39,2670.94,73.1593,2670.84,1.15357143,0.05,0.9,0,TREND_UP,NORMAL,ALIGNED,HEALTHY,ALLOW
2026-09-30T03:28:00Z,2670.94,2671.91,2670.94,2671.54,57.9149,2671.46333333,1.19428571,0.05,0.9,0,TREND_UP,NORMAL,ALIGNED,HEALTHY,ALLOW
2026-09-30T03:29:00Z,2671.55,2671.79,2671.39,2671.39,24.9059,2671.52333333,1.21,0.05,0.9,0,TREND_DOWN,NORMAL,NEUTRAL,HEALTHY,ALLOW
2026-09-30T03:30:00Z,2671.4,2671.79,2670.42,2670.42,45.073,2670.87666667,1.05785714,0.05,0.9,0,TREND_DOWN,NORMAL,NEUTRAL,HEALTHY,ALLOW
2026-09-30T03:31:00Z,2670.42,2670.43,2669.87,2669.92,28.8347,2670.07333333,1.00285714,0.05,0.9,0,TREND_DOWN,NORMAL,NEUTRAL,HEALTHY,ALLOW
2026-09-30T03:32:00Z,2669.92,2670.07,2669.91,2670.06,32.5614,2670.01333333,0.94642857,0.05,0.9,0,TREND_UP,NORMAL,ALIGNED,HEALTHY,ALLOW
2026-09-30T03:33:00Z,2670.07,2671.79,2670.07,2671.79,39.4393,2671.21666667,1.01642857,0.05,0.9,0,TREND_UP,NORMAL,ALIGNED,HEALTHY,ALLOW
2026-09-30T03:34:00Z,2671.79,2671.79,2671.56,2671.78,11.6964,2671.71,0.94642857,0.05,0.9,0,TREND_DOWN,NORMAL,NEUTRAL,HEALTHY,ALLOW
2026-09-30T03:35:00Z,2671.79,2672.37,2670.49,2670.94,44.4574,2671.26666667,1.03142857,0.05,0.9,0,TREND_DOWN,NORMAL,NEUTRAL,HEALTHY,ALLOW
2026-09-30T03:36:00Z,2670.94,2672.81,2670.71,2672.8,59.3644,2672.10666667,1.01928571,0.05,0.9,0,TREND_UP,NORMAL,ALIGNED,HEALTHY,ALLOW
2026-09-30T03:37:00Z,2672.81,2674.14,2672.81,2673.91,27.0361,2673.62,1.06642857,0.05,0.9,0,TREND_UP,NORMAL,ALIGNED,HEALTHY,ALLOW
2026-09-30T03:38:00Z,2673.91,2674.14,2673.74,2674.14,26.4361,2674.00666667,1.01785714,0.05,0.9,0,TREND_UP,NORMAL,ALIGNED,HEALTHY,ALLOW
2026-09-30T03:39:00Z,2674.14,2675.48,2674.14,2675.03,122.8571,2674.88333333,1.03357143,0.05,0.9,0,TREND_UP,NORMAL,ALIGNED,HEALTHY,ALLOW
2026-09-30T03:40:00Z,2675.02,2675.16,2674.63,2675.15,28.1022,2674.98,0.98642857,0.05,0.9,0,TREND_UP,NORMAL,ALIGNED,HEALTHY,ALLOW
2026-09-30T03:41:00Z,2675.16,2676.35,2675.15,2675.94,145.0024,2675.81333333,1.015,0.05,0.9,0,TREND_UP,NORMAL,ALIGNED,HEALTHY,ALLOW
2026-09-30T03:42:00Z,2675.95,2676.31,2675.16,2675.16,144.68,2675.54333333,1.02785714,0.05,0.9,0,TREND_DOWN,NORMAL,NEUTRAL,HEALTHY,ALLOW
2026-09-30T03:43:00Z,2675.15,2675.69,2674.64,2675.63,60.8681,2675.32,1.07428571,0.05,0.9,0,TREND_UP,NORMAL,ALIGNED,HEALTHY,ALLOW
2026-09-30T03:44:00Z,2675.63,2675.63,2674.72,2674.77,89.1691,2675.04,1.04142857,0.05,0.9,0,TREND_DOWN,NORMAL,NEUTRAL,HEALTHY,ALLOW
2026-09-30T03:45:00Z,2674.77,2674.77,2673.16,2673.16,53.2028,2673.69666667,1.11642857,0.05,0.9,0,TREND_DOWN,NORMAL,NEUTRAL,HEALTHY,ALLOW
2026-09-30T03:46:00Z,2673.16,2673.17,2672.69,2672.86,13.1477,2672.90666667,1.13928571,0.05,0.9,0,TREND_DOWN,NORMAL,NEUTRAL,HEALTHY,ALLOW
2026-09-30T03:47:00Z,2672.87,2674.46,2672.86,2673.78,38.9904,2673.7,1.13,0.05,0.9,0,TREND_UP,NORMAL,ALIGNED,HEALTHY,ALLOW
2026-09-30T03:48:00Z,2673.79,2673.79,2673.33,2673.33,37.8496,2673.48333333,1.14642857,0.05,0.9,0,TREND_DOWN,NORMAL,NEUTRAL,HEALTHY,ALLOW
2026-09-30T03:49:00Z,2673.33,2673.99,2673.07,2673.07,34.5941,2673.37666667,1.07785714,0.05,0.9,0,TREND_DOWN,NORMAL,NEUTRAL,HEALTHY,ALLOW
2026-09-30T03:50:00Z,2673.08,2673.98,2672.61,2673.87,95.249,2673.48666667,1.02571429,0.05,0.9,0,TREND_UP,NORMAL,ALIGNED,HEALTHY,ALLOW
2026-09-30T03:51:00Z,2673.86,2673.86,2672.43,2672.43,55.2928,2672.90666667,1.03285714,0.05,0.9,0,TREND_DOWN,NORMAL,NEUTRAL,HEALTHY,ALLOW
2026-09-30T03:52:00Z,2672.42,2672.43,2672.0,2672.16,104.027,2672.19666667,1.035,0.05,0.9,0,TREND_DOWN,NORMAL,NEUTRAL,HEALTHY,ALLOW
2026-09-30T03:53:00Z,2672.16,2672.56,2671.08,2671.79,287.6621,2671.81,1.045,0.05,0.9,0,TREND_DOWN,NORMAL,NEUTRAL,HEALTHY,ALLOW
2026-09-30T03:54:00Z,2671.78,2672.0,2671.78,2672.0,47.3992,2671.92666667,1.02285714,0.05,0.9,0,TREND_UP,NORMAL,ALIGNED,HEALTHY,ALLOW
2026-09-30T03:55:00Z,2672.0,2672.75,2671.05,2671.05,1130.0702,2671.61666667,1.05857143,0.05,0.9,0,TREND_DOWN,NORMAL,NEUTRAL,HEALTHY,ALLOW
2026-09-30T03:56:00Z,2671.06,2671.47,2670.0,2670.0,167.0115,2670.49,1.08142857,0.05,0.9,0,TREND_DOWN,NORMAL,NEUTRAL,HEALTHY,ALLOW
2026-09-30T03:57:00Z,2670.0,2670.62,2669.99,2670.0,212.7681,2670.20333333,1.05142857,0.05,0.9,0,TREND_UP,NORMAL,ALIGNED,HEALTHY,ALLOW
2026-09-30T03:58:00Z,2669.99,2671.33,2669.99,2671.33,593.7975,2670.88333333,1.08214286,0.05,0.9,0,TREND_UP,NORMAL,ALIGNED,HEALTHY,ALLOW
2026-09-30T03:59:00Z,2671.33,2672.25,2671.32,2671.55,188.388,2671.70666667,1.03357143,0.05,0.9,0,TREND_UP,NORMAL,ALIGNED,HEALTHY,ALLOW
2026-09-30T04:00:00Z,2671.54,2672.09,2670.77,2671.49,229.1864,2671.45,1.09357143,0.05,0.9,0,TREND_DOWN,NORMAL,NEUTRAL,HEALTHY,ALLOW
2026-09-30T04:01:00Z,2671.5,2672.0,2671.23,2672.0,60.5244,2671.74333333,1.03428571,0.05,0.9,0,TREND_UP,NORMAL,ALIGNED,HEALTHY,ALLOW
2026-09-30T04:02:00Z,2671.99,2674.64,2671.99,2674.63,79.2196,2673.75333333,1.19071429,0.05,0.9,0,TREND_UP,NORMAL,ALIGNED,HEALTHY,ALLOW
2026-09-30T04:03:00Z,2674.62,2674.88,2674.45,2674.88,58.8106,2674.73666667,1.15571429,0.05,0.9,0,TREND_UP,NORMAL,ALIGNED,HEALTHY,ALLOW
2026-09-30T04:04:00Z,2674.88,2675.7,2674.73,2675.7,119.6542,2675.37666667,1.12714286,0.05,0.9,0,TREND_UP,NORMAL,ALIGNED,HEALTHY,ALLOW
2026-09-30T04:05:00Z,2675.7,2676.22,2675.53,2675.53,73.1315,2675.76,1.07357143,0.05,0.9,0,TREND_DOWN,NORMAL,NEUTRAL,HEALTHY,ALLOW
2026-09-30T04:06:00Z,2675.53,2676.1,2674.28,2674.3,54.5602,2674.89333333,1.17285714,0.05,0.9,0,TREND_DOWN,NORMAL,NEUTRAL,HEALTHY,ALLOW
2026-09-30T04:07:00Z,2674.3,2674.63,2673.83,2674.63,89.9576,2674.36333333,1.12428571,0.05,0.9,0,TREND_UP,NORMAL,ALIGNED,HEALTHY,ALLOW
2026-09-30T04:08:00Z,2674.63,2674.63,2673.62,2673.62,58.7292,2673.95666667,1.18071429,0.05,0.9,0,TREND_DOWN,NORMAL,NEUTRAL,HEALTHY,ALLOW
2026-09-30T04:09:00Z,2673.62,2673.62,2672.5,2673.15,49.9051,2673.09,1.13928571,0.05,0.9,0,TREND_DOWN,NORMAL,NEUTRAL,HEALTHY,ALLOW
2026-09-30T04:10:00Z,2673.15,2673.45,2672.92,2673.06,43.7839,2673.14333333,1.07214286,0.05,0.9,0,TREND_DOWN,NORMAL,NEUTRAL,HEALTHY,ALLOW
2026-09-30T04:11:00Z,2673.05,2674.1,2673.05,2674.09,43.3146,2673.74666667,1.10214286,0.05,0.9,0,TREND_UP,NORMAL,ALIGNED,HEALTHY,ALLOW
2026-09-30T04:12:00Z,2674.1,2674.31,2673.85,2673.85,25.8961,2674.00333333,1.03928571,0.05,0.9,0,TREND_DOWN,NORMAL,NEUTRAL,HEALTHY,ALLOW
2026-09-30T04:13:00Z,2673.85,2674.88,2673.84,2674.8,42.1191,2674.50666667,1.04714286,0.05,0.9,0,TREND_UP,NORMAL,ALIGNED,HEALTHY,ALLOW
2026-09-30T04:14:00Z,2674.79,2674.88,2674.14,2674.14,159.114,2674.38666667,1.00571429,0.05,0.9,0,TREND_DOWN,NORMAL,NEUTRAL,HEALTHY,ALLOW
2026-09-30T04:15:00Z,2674.15,2675.63,2674.15,2675.62,34.4985,2675.13333333,1.05714286,0.05,0.9,0,TREND_UP,NORMAL,ALIGNED,HEALTHY,ALLOW
2026-09-30T04:16:00Z,2675.63,2675.92,2675.62,2675.73,39.8453,2675.75666667,0.88928571,0.05,0.9,0,TREND_UP,NORMAL,ALIGNED,HEALTHY,ALLOW
2026-09-30T04:17:00Z,2675.74,2676.0,2675.74,2676.0,15.8554,2675.91333333,0.87785714,0.05,0.9,0,TREND_UP,NORMAL,ALIGNED,HEALTHY,ALLOW
2026-09-30T04:18:00Z,2675.99,2676.6,2675.99,2676.59,79.9665,2676.39333333,0.85214286,0.05,0.9,0,TREND_UP,NORMAL,ALIGNED,HEALTHY,ALLOW
2026-09-30T04:19:00Z,2676.6,2676.6,2675.01,2675.01,134.3549,2675.54,0.91642857,0.05,0.9,0,TREND_DOWN,NORMAL,NEUTRAL,HEALTHY,ALLOW
2026-09-30T04:20:00Z,2675.01,2675.88,2674.99,2675.19,167.1235,2675.35333333,0.85,0.05,0.9,0,TREND_UP,NORMAL,ALIGNED,HEALTHY,ALLOW
2026-09-30T04:21:00Z,2675.19,2676.45,2674.91,2676.44,59.9131,2675.93333333,0.90285714,0.05,0.9,0,TREND_UP,NORMAL,ALIGNED,HEALTHY,ALLOW
2026-09-30T04:22:00Z,2676.45,2676.45,2675.67,2675.67,30.0938,2675.93,0.88642857,0.05,0.9,0,TREND_DOWN,NORMAL,NEUTRAL,HEALTHY,ALLOW
2026-09-30T04:23:00Z,2675.68,2675.68,2674.63,2674.63,26.2177,2674.98,0.88142857,0.05,0.9,0,TREND_DOWN,NORMAL,NEUTRAL,HEALTHY,ALLOW
2026-09-30T04:24:00Z,2674.64,2674.64,2673.75,2673.75,121.6575,2674.04666667,0.90714286,0.05,0.9,0,TREND_DOWN,NORMAL,NEUTRAL,HEALTHY,ALLOW
2026-09-30T04:25:00Z,2673.75,2676.15,2673.56,2675.73,182.9484,2675.14666667,1.01714286,0.05,0.9,0,TREND_UP,NORMAL,ALIGNED,HEALTHY,ALLOW
2026-09-30T04:26:00Z,2675.74,2675.74,2675.03,2675.04,136.0231,2675.27,1.035,0.05,0.9,0,TREND_DOWN,NORMAL,NEUTRAL,HEALTHY,ALLOW
2026-09-30T04:27:00Z,2675.03,2675.04,2674.19,2674.36,32.2907,2674.53,1.02142857,0.05,0.9,0,TREND_DOWN,NORMAL,NEUTRAL,HEALTHY,ALLOW
2026-09-30T04:28:00Z,2674.36,2674.37,2673.03,2673.03,59.0617,2673.47666667,1.06428571,0.05,0.9,0,TREND_DOWN,NORMAL,NEUTRAL,HEALTHY,ALLOW
2026-09-30T04:29:00Z,2673.02,2673.22,2672.56,2672.89,91.7138,2672.89,1.005,0.05,0.9,0,TREND_DOWN,NORMAL,NEUTRAL,HEALTHY,ALLOW
2026-09-30T04:30:00Z,2672.89,2673.23,2672.88,2673.23,58.0249,2673.11333333,1.00857143,0.05,0.9,0,TREND_UP,NORMAL,ALIGNED,HEALTHY,ALLOW
2026-09-30T04:31:00Z,2673.22,2673.22,2672.06,2672.2,43.3757,2672.49333333,1.07285714,0.05,0.9,0,TREND_DOWN,NORMAL,NEUTRAL,HEALTHY,ALLOW
2026-09-30T04:32:00Z,2672.21,2672.28,2671.78,2671.79,53.5857,2671.95,1.065,0.05,0.9,0,TREND_DOWN,NORMAL,NEUTRAL,HEALTHY,ALLOW
2026-09-30T04:33:00Z,2671.79,2671.79,2671.48,2671.48,41.0271,2671.58333333,0.97357143,0.05,0.9,0,TREND_DOWN,NORMAL,NEUTRAL,HEALTHY,ALLOW
2026-09-30T04:34:00Z,2671.49,2671.49,2671.23,2671.23,31.9477,2671.31666667,0.92857143,0.05,0.9,0,TREND_DOWN,NORMAL,NEUTRAL,HEALTHY,ALLOW
2026-09-30T04:35:00Z,2671.23,2674.03,2670.87,2674.02,279.7557,2672.97333333,1.04428571,0.05,0.9,0,TREND_UP,NORMAL,ALIGNED,HEALTHY,ALLOW
2026-09-30T04:36:00Z,2674.02,2674.57,2673.29,2674.14,107.3632,2674.0,1.08,0.05,0.9,0,TREND_UP,NORMAL,ALIGNED,HEALTHY,ALLOW
2026-09-30T04:37:00Z,2674.15,2674.27,2672.65,2673.09,73.8084,2673.33666667,1.12071429,0.05,0.9,0,TREND_DOWN,NORMAL,NEUTRAL,HEALTHY,ALLOW
2026-09-30T04:38:00Z,2673.09,2673.87,2673.08,2673.35,21.763,2673.43333333,1.11357143,0.05,0.9,0,TREND_UP,NORMAL,ALIGNED,HEALTHY,ALLOW
2026-09-30T04:39:00Z,2673.36,2673.36,2672.97,2673.35,29.4646,2673.22666667,0.95642857,0.05,0.9,0,TREND_DOWN,NORMAL,NEUTRAL,HEALTHY,ALLOW
2026-09-30T04:40:00Z,2673.35,2673.36,2672.23,2672.23,70.1464,2672.60666667,0.98642857,0.05,0.9,0,TREND_DOWN,NORMAL,NEUTRAL,HEALTHY,ALLOW
2026-09-30T04:41:00Z,2672.23,2673.27,2671.96,2673.09,85.3017,2672.77333333,1.01928571,0.05,0.9,0,TREND_UP,NORMAL,ALIGNED,HEALTHY,ALLOW
2026-09-30T04:42:00Z,2673.09,2673.09,2672.61,2672.61,27.9663,2672.77,0.95785714,0.05,0.9,0,TREND_DOWN,NORMAL,NEUTRAL,HEALTHY,ALLOW
2026-09-30T04:43:00Z,2672.62,2673.13,2672.62,2672.69,85.7469,2672.81333333,0.94785714,0.05,0.9,0,TREND_UP,NORMAL,ALIGNED,HEALTHY,ALLOW
2026-09-30T04:44:00Z,2672.69,2672.69,2672.68,2672.69,13.7915,2672.68666667,0.92357143,0.05,0.9,0,TREND_UP,NORMAL,ALIGNED,HEALTHY,ALLOW
2026-09-30T04:45:00Z,2672.68,2672.85,2672.68,2672.69,27.3236,2672.74,0.85214286,0.05,0.9,0,TREND_UP,NORMAL,ALIGNED,HEALTHY,ALLOW
2026-09-30T04:46:00Z,2672.69,2672.78,2672.68,2672.68,14.0953,2672.71333333,0.82357143,0.05,0.9,0,TREND_DOWN,NORMAL,NEUTRAL,HEALTHY,ALLOW
2026-09-30T04:47:00Z,2672.69,2672.69,2672.68,2672.69,26.9716,2672.68666667,0.80214286,0.05,0.9,0,TREND_UP,NORMAL,ALIGNED,HEALTHY,ALLOW
2026-09-30T04:48:00Z,2672.69,2672.92,2672.68,2672.92,51.6258,2672.84,0.80071429,0.05,0.9,0,TREND_UP,NORMAL,ALIGNED,HEALTHY,ALLOW
2026-09-30T04:49:00Z,2672.92,2672.92,2671.59,2671.59,64.91,2672.03333333,0.67,0.05,0.9,0,TREND_DOWN,NORMAL,NEUTRAL,HEALTHY,ALLOW
2026-09-30T04:50:00Z,2671.58,2671.72,2671.18,2671.55,87.4264,2671.48333333,0.61714286,0.05,0.9,0,TREND_DOWN,NORMAL,NEUTRAL,HEALTHY,ALLOW
2026-09-30T04:51:00Z,2671.54,2671.55,2670.76,2670.76,93.7735,2671.02333333,0.55785714,0.05,0.9,0,TREND_DOWN,NORMAL,NEUTRAL,HEALTHY,ALLOW
2026-09-30T04:52:00Z,2670.77,2670.77,2670.47,2670.47,95.7425,2670.57,0.52285714,0.05,0.9,0,TREND_DOWN,NORMAL,NEUTRAL,HEALTHY,ALLOW
2026-09-30T04:53:00Z,2670.47,2671.04,2670.37,2670.37,77.5127,2670.59333333,0.54285714,0.05,0.9,0,TREND_DOWN,NORMAL,NEUTRAL,HEALTHY,ALLOW
2026-09-30T04:54:00Z,2670.38,2670.38,2670.16,2670.16,14.5844,2670.23333333,0.47785714,0.05,0.9,0,TREND_DOWN,NORMAL,NEUTRAL,HEALTHY,ALLOW
2026-09-30T04:55:00Z,2670.17,2670.97,2670.16,2670.96,47.8861,2670.69666667,0.44214286,0.05,0.9,0,TREND_UP,NORMAL,ALIGNED,HEALTHY,ALLOW
2026-09-30T04:56:00Z,2670.97,2670.97,2670.86,2670.86,61.4456,2670.89666667,0.41571429,0.05,0.9,0,TREND_DOWN,NORMAL,NEUTRAL,HEALTHY,ALLOW
2026-09-30T04:57:00Z,2670.86,2670.86,2670.27,2670.27,25.4061,2670.46666667,0.42071429,0.05,0.9,0,TREND_DOWN,NORMAL,NEUTRAL,HEALTHY,ALLOW
2026-09-30T04:58:00Z,2670.28,2670.73,2670.28,2670.38,68.2647,2670.46333333,0.45285714,0.05,0.9,0,TREND_UP,NORMAL,ALIGNED,HEALTHY,ALLOW
2026-09-30T04:59:00Z,2670.37,2670.37,2669.99,2670.0,84.7863,2670.12,0.46857143,0.05,0.9,0,TREND_DOWN,NORMAL,NEUTRAL,HEALTHY,ALLOW
2026-09-30T05:00:00Z,2669.99,2673.54,2669.99,2673.54,98.3403,2672.35666667,0.715,0.05,0.9,0,TREND_UP,NORMAL,ALIGNED,HEALTHY,ALLOW
2026-09-30T05:01:00Z,2673.53,2674.15,2673.27,2674.15,126.2246,2673.85666667,0.77714286,0.05,0.9,0,TREND_UP,NORMAL,ALIGNED,HEALTHY,ALLOW
2026-09-30T05:02:00Z,2674.14,2674.7,2672.51,2672.51,77.6981,2673.24,0.91642857,0.05,0.9,0,TREND_DOWN,NORMAL,NEUTRAL,HEALTHY,ALLOW
2026-09-30T05:03:00Z,2672.51,2673.16,2671.55,2671.55,57.9233,2672.08666667,0.93642857,0.05,0.9,0,TREND_DOWN,NORMAL,NEUTRAL,HEALTHY,ALLOW
2026-09-30T05:04:00Z,2671.56,2671.79,2671.14,2671.79,50.0115,2671.57333333,0.94428571,0.05,0.9,0,TREND_UP,NORMAL,ALIGNED,HEALTHY,ALLOW
2026-09-30T05:05:00Z,2671.78,2671.78,2670.6,2671.63,61.3182,2671.33666667,0.97285714,0.05,0.9,0,TREND_DOWN,NORMAL,NEUTRAL,HEALTHY,ALLOW
2026-09-30T05:06:00Z,2671.64,2672.97,2671.63,2672.39,45.6459,2672.33,1.04714286,0.05,0.9,0,TREND_UP,NORMAL,ALIGNED,HEALTHY,ALLOW
2026-09-30T05:07:00Z,2672.39,2672.55,2671.1,2671.1,68.2113,2671.58333333,1.10285714,0.05,0.9,0,TREND_DOWN,NORMAL,NEUTRAL,HEALTHY,ALLOW
2026-09-30T05:08:00Z,2671.11,2671.11,2670.4,2670.68,113.6104,2670.73,1.13785714,0.05,0.9,0,TREND_DOWN,NORMAL,NEUTRAL,HEALTHY,ALLOW
2026-09-30T05:09:00Z,2670.67,2671.44,2670.09,2671.06,45.0647,2670.86333333,1.17642857,0.05,0.9,0,TREND_UP,NORMAL,ALIGNED,HEALTHY,ALLOW
2026-09-30T05:10:00Z,2671.05,2671.05,2670.06,2670.18,58.5326,2670.43,1.24,0.05,0.9,0,TREND_DOWN,NORMAL,NEUTRAL,HEALTHY,ALLOW
2026-09-30T05:11:00Z,2670.18,2670.85,2670.05,2670.45,64.9097,2670.45,1.255,0.05,0.9,0,TREND_UP,NORMAL,ALIGNED,HEALTHY,ALLOW
2026-09-30T05:12:00Z,2670.44,2670.91,2669.37,2669.38,68.309,2669.88666667,1.33214286,0.05,0.9,0,TREND_DOWN,NORMAL,NEUTRAL,HEALTHY,ALLOW
2026-09-30T05:13:00Z,2669.37,2669.75,2668.95,2668.95,203.2326,2669.21666667,1.36142857,0.05,0.9,0,TREND_DOWN,NORMAL,NEUTRAL,HEALTHY,ALLOW
2026-09-30T05:14:00Z,2668.96,2668.96,2668.68,2668.68,155.0738,2668.77333333,1.12785714,0.05,0.9,0,TREND_DOWN,NORMAL,NEUTRAL,HEALTHY,ALLOW
2026-09-30T05:15:00Z,2668.68,2668.68,2667.73,2667.74,106.4548,2668.05,1.13285714,0.05,0.9,0,TREND_DOWN,NORMAL,NEUTRAL,HEALTHY,ALLOW
2026-09-30T05:16:00Z,2667.73,2667.83,2667.03,2667.66,209.687,2667.50666667,1.03357143,0.05,0.9,0,TREND_DOWN,NORMAL,NEUTRAL,HEALTHY,ALLOW
2026-09-30T05:17:00Z,2667.67,2668.06,2667.6,2667.88,73.0871,2667.84666667,0.95142857,0.05,0.9,0,TREND_UP,NORMAL,ALIGNED,HEALTHY,ALLOW
2026-09-30T05:18:00Z,2667.87,2669.4,2667.87,2668.83,90.057,2668.7,1.01428571,0.05,0.9,0,TREND_UP,NORMAL,ALIGNED,HEALTHY,ALLOW
2026-09-30T05:19:00Z,2668.84,2670.33,2668.58,2669.93,80.052,2669.61333333,1.05428571,0.05,0.9,0,TREND_UP,NORMAL,ALIGNED,HEALTHY,ALLOW
2026-09-30T05:20:00Z,2669.92,2671.11,2668.97,2670.33,89.2753,2670.13666667,1.11142857,0.05,0.9,0,TREND_UP,NORMAL,ALIGNED,HEALTHY,ALLOW
2026-09-30T05:21:00Z,2670.32,2670.34,2669.57,2669.63,16.6957,2669.84666667,1.06285714,0.05,0.9,0,TREND_DOWN,NORMAL,NEUTRAL,HEALTHY,ALLOW
2026-09-30T05:22:00Z,2669.62,2669.97,2669.45,2669.97,84.4477,2669.79666667,1.04928571,0.05,0.9,0,TREND_UP,NORMAL,ALIGNED,HEALTHY,ALLOW
2026-09-30T05:23:00Z,2669.96,2671.63,2669.96,2671.62,40.1723,2671.07,1.07214286,0.05,0.9,0,TREND_UP,NORMAL,ALIGNED,HEALTHY,ALLOW
2026-09-30T05:24:00Z,2671.62,2674.1,2671.62,2674.1,77.6103,2673.27333333,1.17785714,0.05,0.9,0,TREND_UP,NORMAL,ALIGNED,HEALTHY,ALLOW
2026-09-30T05:25:00Z,2674.09,2675.0,2671.78,2671.79,257.3053,2672.85666667,1.35071429,0.05,0.9,0,TREND_DOWN,NORMAL,NEUTRAL,HEALTHY,ALLOW
2026-09-30T05:26:00Z,2671.79,2671.79,2671.57,2671.57,73.9994,2671.64333333,1.25642857,0.05,0.9,0,TREND_DOWN,NORMAL,NEUTRAL,HEALTHY,ALLOW
2026-09-30T05:27:00Z,2671.57,2673.22,2671.29,2672.14,134.9999,2672.21666667,1.33714286,0.05,0.9,0,TREND_UP,NORMAL,ALIGNED,HEALTHY,ALLOW
2026-09-30T05:28:00Z,2672.14,2674.14,2672.14,2674.13,95.5571,2673.47,1.46,0.05,0.9,0,TREND_UP,NORMAL,ALIGNED,HEALTHY,ALLOW
2026-09-30T05:29:00Z,2674.14,2675.0,2674.14,2675.0,123.1446,2674.71333333,1.45428571,0.05,0.9,0,TREND_UP,NORMAL,ALIGNED,HEALTHY,ALLOW
2026-09-30T05:30:00Z,2675.0,2677.98,2674.82,2677.98,245.7811,2676.92666667,1.62285714,0.05,0.9,0,TREND_UP,NORMAL,ALIGNED,HEALTHY,ALLOW
2026-09-30T05:31:00Z,2677.97,2679.3,2677.72,2679.29,146.1907,2678.77,1.70285714,0.05,0.9,0,TREND_UP,NORMAL,ALIGNED,HEALTHY,ALLOW
2026-09-30T05:32:00Z,2679.3,2680.62,2677.29,2677.51,318.5356,2678.47333333,1.83142857,0.05,0.9,0,TREND_DOWN,NORMAL,NEUTRAL,HEALTHY,ALLOW
2026-09-30T05:33:00Z,2677.51,2677.51,2675.43,2676.7,107.4902,2676.54666667,1.855,0.05,0.9,0,TREND_DOWN,NORMAL,NEUTRAL,HEALTHY,ALLOW
2026-09-30T05:34:00Z,2676.7,2677.61,2676.49,2677.04,252.5141,2677.04666667,1.78214286,0.05,0.9,0,TREND_UP,NORMAL,ALIGNED,HEALTHY,ALLOW
2026-09-30T05:35:00Z,2677.03,2679.92,2675.97,2678.27,323.282,2678.05333333,2.00928571,0.05,0.9,0,TREND_UP,NORMAL,ALIGNED,HEALTHY,ALLOW
2026-09-30T05:36:00Z,2678.26,2678.66,2677.27,2678.24,71.915,2678.05666667,2.07142857,0.05,0.9,0,TREND_DOWN,NORMAL,NEUTRAL,HEALTHY,ALLOW
2026-09-30T05:37:00Z,2678.25,2678.25,2676.83,2677.42,169.057,2677.5,2.05357143,0.05,0.9,0,TREND_DOWN,NORMAL,NEUTRAL,HEALTHY,ALLOW
2026-09-30T05:38:00Z,2677.42,2677.76,2676.83,2677.75,80.7136,2677.44666667,1.94285714,0.05,0.9,0,TREND_UP,NORMAL,ALIGNED,HEALTHY,ALLOW
2026-09-30T05:39:00Z,2677.76,2678.56,2677.59,2677.59,67.009,2677.91333333,1.78214286,0.05,0.9,0,TREND_DOWN,NORMAL,NEUTRAL,HEALTHY,ALLOW
2026-09-30T05:40:00Z,2677.6,2677.6,2676.5,2676.5,83.6501,2676.86666667,1.845,0.05,0.9,0,TREND_DOWN,NORMAL,NEUTRAL,HEALTHY,ALLOW
2026-09-30T05:41:00Z,2676.5,2677.0,2676.49,2676.88,58.9423,2676.79,1.74357143,0.05,0.9,0,TREND_UP,NORMAL,ALIGNED,HEALTHY,ALLOW
2026-09-30T05:42:00Z,2676.88,2676.89,2676.88,2676.89,16.3697,2676.88666667,1.60142857,0.05,0.9,0,TREND_UP,NORMAL,ALIGNED,HEALTHY,ALLOW
2026-09-30T05:43:00Z,2676.88,2677.69,2676.88,2677.69,39.686,2677.42,1.59714286,0.05,0.9,0,TREND_UP,NORMAL,ALIGNED,HEALTHY,ALLOW
2026-09-30T05:44:00Z,2677.68,2679.0,2677.68,2678.41,86.2599,2678.36333333,1.46571429,0.05,0.9,0,TREND_UP,NORMAL,ALIGNED,HEALTHY,ALLOW
2026-09-30T05:45:00Z,2678.42,2678.63,2678.14,2678.15,31.0106,2678.30666667,1.38785714,0.05,0.9,0,TREND_DOWN,NORMAL,NEUTRAL,HEALTHY,ALLOW
2026-09-30T05:46:00Z,2678.15,2679.07,2677.56,2677.56,85.0223,2678.06333333,1.25785714,0.05,0.9,0,TREND_DOWN,NORMAL,NEUTRAL,HEALTHY,ALLOW
2026-09-30T05:47:00Z,2677.56,2677.57,2677.12,2677.12,15.965,2677.27,1.14142857,0.05,0.9,0,TREND_DOWN,NORMAL,NEUTRAL,HEALTHY,ALLOW
2026-09-30T05:48:00Z,2677.13,2677.13,2675.86,2676.03,85.8507,2676.34,1.15214286,0.05,0.9,0,TREND_DOWN,NORMAL,NEUTRAL,HEALTHY,ALLOW
2026-09-30T05:49:00Z,2676.03,2676.04,2675.83,2675.83,16.938,2675.9,0.885,0.05,0.9,0,TREND_DOWN,NORMAL,NEUTRAL,HEALTHY,ALLOW
2026-09-30T05:50:00Z,2675.83,2676.33,2675.83,2675.93,158.8233,2676.03,0.82142857,0.05,0.9,0,TREND_UP,NORMAL,ALIGNED,HEALTHY,ALLOW
2026-09-30T05:51:00Z,2675.94,2675.94,2674.45,2674.45,124.445,2674.94666667,0.82642857,0.05,0.9,0,TREND_DOWN,NORMAL,NEUTRAL,HEALTHY,ALLOW
2026-09-30T05:52:00Z,2674.45,2674.45,2673.63,2673.63,75.9348,2673.90333333,0.81857143,0.05,0.9,0,TREND_DOWN,NORMAL,NEUTRAL,HEALTHY,ALLOW
2026-09-30T05:53:00Z,2673.63,2673.64,2673.29,2673.3,39.6983,2673.41,0.77428571,0.05,0.9,0,TREND_DOWN,NORMAL,NEUTRAL,HEALTHY,ALLOW
2026-09-30T05:54:00Z,2673.29,2673.3,2673.25,2673.25,28.9517,2673.26666667,0.69928571,0.05,0.9,0,TREND_DOWN,NORMAL,NEUTRAL,HEALTHY,ALLOW
2026-09-30T05:55:00Z,2673.25,2673.25,2672.99,2673.03,22.4309,2673.09,0.68142857,0.05,0.9,0,TREND_DOWN,NORMAL,NEUTRAL,HEALTHY,ALLOW
2026-09-30T05:56:00Z,2673.04,2673.43,2673.03,2673.43,24.7692,2673.29666667,0.70928571,0.05,0.9,0,TREND_UP,NORMAL,ALIGNED,HEALTHY,ALLOW
2026-09-30T05:57:00Z,2673.43,2674.45,2672.47,2672.47,381.0233,2673.13,0.79285714,0.05,0.9,0,TREND_DOWN,NORMAL,NEUTRAL,HEALTHY,ALLOW
2026-09-30T05:58:00Z,2672.48,2676.07,2671.78,2675.81,318.543,2674.55333333,1.005,0.05,0.9,0,TREND_UP,NORMAL,ALIGNED,HEALTHY,ALLOW
2026-09-30T05:59:00Z,2675.81,2676.04,2674.67,2675.09,97.6546,2675.26666667,1.06785714,0.05,0.9,0,TREND_DOWN,NORMAL,NEUTRAL,HEALTHY,ALLOW
2026-09-30T06:00:00Z,2675.09,2676.24,2673.6,2676.24,115.4212,2675.36,1.14857143,0.05,0.9,0,TREND_UP,NORMAL,ALIGNED,HEALTHY,ALLOW
2026-09-30T06:01:00Z,2676.25,2676.89,2674.94,2675.57,60.0158,2675.8,1.25571429,0.05,0.9,0,TREND_DOWN,NORMAL,NEUTRAL,HEALTHY,ALLOW
2026-09-30T06:02:00Z,2675.57,2675.57,2673.9,2675.22,68.2377,2674.89666667,1.28428571,0.05,0.9,0,TREND_DOWN,NORMAL,NEUTRAL,HEALTHY,ALLOW
2026-09-30T06:03:00Z,2675.23,2675.23,2673.21,2673.81,52.5496,2674.08333333,1.41357143,0.05,0.9,0,TREND_DOWN,NORMAL,NEUTRAL,HEALTHY,ALLOW
2026-09-30T06:04:00Z,2673.81,2674.07,2673.05,2674.06,109.6121,2673.72666667,1.45071429,0.05,0.9,0,TREND_UP,NORMAL,ALIGNED,HEALTHY,ALLOW
2026-09-30T06:05:00Z,2674.07,2675.26,2673.78,2675.02,132.3909,2674.68666667,1.45,0.05,0.9,0,TREND_UP,NORMAL,ALIGNED,HEALTHY,ALLOW
2026-09-30T06:06:00Z,2675.01,2675.01,2673.42,2673.43,29.3506,2673.95333333,1.50571429,0.05,0.9,0,TREND_DOWN,NORMAL,NEUTRAL,HEALTHY,ALLOW
2026-09-30T06:07:00Z,2673.43,2673.43,2672.0,2672.35,79.426,2672.59333333,1.58285714,0.05,0.9,0,TREND_DOWN,NORMAL,NEUTRAL,HEALTHY,ALLOW
2026-09-30T06:08:00Z,2672.35,2672.64,2671.29,2671.51,100.9295,2671.81333333,1.67571429,0.05,0.9,0,TREND_DOWN,NORMAL,NEUTRAL,HEALTHY,ALLOW
2026-09-30T06:09:00Z,2671.5,2671.79,2670.22,2670.23,178.6383,2670.74666667,1.76928571,0.05,0.9,0,TREND_DOWN,NORMAL,NEUTRAL,HEALTHY,ALLOW
2026-09-30T06:10:00Z,2670.23,2671.37,2670.22,2670.92,52.1174,2670.83666667,1.82285714,0.05,0.9,0,TREND_UP,NORMAL,ALIGNED,HEALTHY,ALLOW
2026-09-30T06:11:00Z,2670.93,2670.93,2669.76,2669.77,192.4805,2670.15333333,1.765,0.05,0.9,0,TREND_DOWN,NORMAL,NEUTRAL,HEALTHY,ALLOW
2026-09-30T06:12:00Z,2669.76,2669.77,2668.32,2668.48,353.5086,2668.85666667,1.56214286,0.05,0.9,0,TREND_DOWN,NORMAL,NEUTRAL,HEALTHY,ALLOW
2026-09-30T06:13:00Z,2668.49,2668.49,2667.91,2667.92,72.4428,2668.10666667,1.50571429,0.05,0.9,0,TREND_DOWN,NORMAL,NEUTRAL,HEALTHY,ALLOW
2026-09-30T06:14:00Z,2667.91,2668.57,2665.0,2665.69,796.7026,2666.42,1.57214286,0.05,0.9,0,TREND_DOWN,NORMAL,NEUTRAL,HEALTHY,ALLOW
2026-09-30T06:15:00Z,2665.73,2668.0,2665.73,2666.03,321.7157,2666.58666667,1.59785714,0.05,0.9,0,TREND_UP,NORMAL,ALIGNED,HEALTHY,ALLOW
2026-09-30T06:16:00Z,2666.04,2667.03,2665.13,2665.98,123.3968,2666.04666667,1.61428571,0.05,0.9,0,TREND_DOWN,NORMAL,NEUTRAL,HEALTHY,ALLOW
2026-09-30T06:17:00Z,2665.98,2667.16,2665.89,2666.06,88.7204,2666.37,1.56071429,0.05,0.9,0,TREND_UP,NORMAL,ALIGNED,HEALTHY,ALLOW
2026-09-30T06:18:00Z,2666.07,2667.46,2665.3,2667.23,246.101,2666.66333333,1.64214286,0.05,0.9,0,TREND_UP,NORMAL,ALIGNED,HEALTHY,ALLOW
2026-09-30T06:19:00Z,2667.24,2667.45,2665.88,2665.88,59.7104,2666.40333333,1.64857143,0.05,0.9,0,TREND_DOWN,NORMAL,NEUTRAL,HEALTHY,ALLOW
2026-09-30T06:20:00Z,2665.89,2667.38,2665.11,2666.77,337.5741,2666.42,1.69642857,0.05,0.9,0,TREND_UP,NORMAL,ALIGNED,HEALTHY,ALLOW
2026-09-30T06:21:00Z,2666.77,2667.74,2666.77,2667.17,447.9841,2667.22666667,1.66357143,0.05,0.9,0,TREND_UP,NORMAL,ALIGNED,HEALTHY,ALLOW
2026-09-30T06:22:00Z,2667.17,2667.39,2665.76,2666.25,70.7909,2666.46666667,1.68357143,0.05,0.9,0,TREND_DOWN,NORMAL,NEUTRAL,HEALTHY,ALLOW
2026-09-30T06:23:00Z,2666.25,2666.88,2665.84,2665.9,400.2561,2666.20666667,1.64571429,0.05,0.9,0,TREND_DOWN,NORMAL,NEUTRAL,HEALTHY,ALLOW
2026-09-30T06:24:00Z,2665.9,2665.9,2664.52,2664.52,220.1074,2664.98,1.66214286,0.05,0.9,0,TREND_DOWN,NORMAL,NEUTRAL,HEALTHY,ALLOW
2026-09-30T06:25:00Z,2664.51,2665.16,2664.45,2664.5,165.6572,2664.70333333,1.62928571,0.05,0.9,0,TREND_DOWN,NORMAL,NEUTRAL,HEALTHY,ALLOW
2026-09-30T06:26:00Z,2664.49,2664.5,2663.25,2663.82,259.0961,2663.85666667,1.615,0.05,0.9,0,TREND_DOWN,NORMAL,NEUTRAL,HEALTHY,ALLOW
2026-09-30T06:27:00Z,2663.81,2664.25,2663.64,2664.23,157.1871,2664.04,1.61714286,0.05,0.9,0,TREND_UP,NORMAL,ALIGNED,HEALTHY,ALLOW
2026-09-30T06:28:00Z,2664.23,2667.54,2664.23,2666.9,216.4056,2666.22333333,1.59857143,0.05,0.9,0,TREND_UP,NORMAL,ALIGNED,HEALTHY,ALLOW
2026-09-30T06:29:00Z,2666.9,2667.33,2666.0,2666.62,163.4109,2666.65,1.52857143,0.05,0.9,0,TREND_DOWN,NORMAL,NEUTRAL,HEALTHY,ALLOW
2026-09-30T06:30:00Z,2666.61,2666.61,2664.39,2665.14,118.338,2665.38,1.55214286,0.05,0.9,0,TREND_DOWN,NORMAL,NEUTRAL,HEALTHY,ALLOW
2026-09-30T06:31:00Z,2665.13,2665.58,2664.45,2665.13,178.5994,2665.05333333,1.54214286,0.05,0.9,0,TREND_UP,NORMAL,ALIGNED,HEALTHY,ALLOW
2026-09-30T06:32:00Z,2665.13,2665.13,2663.24,2664.1,113.2479,2664.15666667,1.52285714,0.05,0.9,0,TREND_DOWN,NORMAL,NEUTRAL,HEALTHY,ALLOW
2026-09-30T06:33:00Z,2664.1,2664.95,2662.58,2662.58,184.8043,2663.37,1.58,0.05,0.9,0,TREND_DOWN,NORMAL,NEUTRAL,HEALTHY,ALLOW
2026-09-30T06:34:00Z,2662.59,2664.14,2662.58,2664.14,122.242,2663.62,1.52928571,0.05,0.9,0,TREND_UP,NORMAL,ALIGNED,HEALTHY,ALLOW
2026-09-30T06:35:00Z,2664.13,2664.67,2663.39,2663.45,264.197,2663.83666667,1.55142857,0.05,0.9,0,TREND_DOWN,NORMAL,NEUTRAL,HEALTHY,ALLOW
2026-09-30T06:36:00Z,2663.44,2664.87,2663.3,2664.09,101.628,2664.08666667,1.54714286,0.05,0.9,0,TREND_UP,NORMAL,ALIGNED,HEALTHY,ALLOW
2026-09-30T06:37:00Z,2664.09,2664.29,2662.65,2662.66,179.1587,2663.2,1.59,0.05,0.9,0,TREND_DOWN,NORMAL,NEUTRAL,HEALTHY,ALLOW
2026-09-30T06:38:00Z,2662.66,2664.26,2662.66,2663.75,93.4859,2663.55666667,1.60571429,0.05,0.9,0,TREND_UP,NORMAL,ALIGNED,HEALTHY,ALLOW
2026-09-30T06:39:00Z,2663.76,2663.89,2662.0,2662.0,142.8315,2662.63,1.69,0.05,0.9,0,TREND_DOWN,NORMAL,NEUTRAL,HEALTHY,ALLOW
2026-09-30T06:40:00Z,2662.01,2663.34,2660.13,2662.44,331.5021,2661.97,1.83,0.05,0.9,0,TREND_UP,NORMAL,ALIGNED,HEALTHY,ALLOW
2026-09-30T06:41:00Z,2662.43,2662.76,2660.0,2660.01,248.9757,2660.92333333,1.98357143,0.05,0.9,0,TREND_DOWN,NORMAL,NEUTRAL,HEALTHY,ALLOW
2026-09-30T06:42:00Z,2660.01,2663.18,2660.01,2663.17,132.3705,2662.12,1.97357143,0.05,0.9,0,TREND_UP,NORMAL,ALIGNED,HEALTHY,ALLOW
2026-09-30T06:43:00Z,2663.17,2663.73,2662.25,2662.87,84.9014,2662.95,1.98428571,0.05,0.9,0,TREND_DOWN,NORMAL,NEUTRAL,HEALTHY,ALLOW
2026-09-30T06:44:00Z,2662.88,2663.77,2662.53,2663.29,89.3522,2663.19666667,1.91357143,0.05,0.9,0,TREND_UP,NORMAL,ALIGNED,HEALTHY,ALLOW
2026-09-30T06:45:00Z,2663.28,2663.29,2660.15,2661.37,101.7823,2661.60333333,2.05714286,0.05,0.9,0,TREND_DOWN,NORMAL,NEUTRAL,HEALTHY,ALLOW
2026-09-30T06:46:00Z,2661.37,2661.38,2660.19,2660.26,103.5515,2660.61,2.00714286,0.05,0.9,0,TREND_DOWN,NORMAL,NEUTRAL,HEALTHY,ALLOW
2026-09-30T06:47:00Z,2660.26,2660.37,2658.82,2659.4,438.5463,2659.53,1.94857143,0.05,0.9,0,TREND_DOWN,NORMAL,NEUTRAL,HEALTHY,ALLOW
2026-09-30T06:48:00Z,2659.4,2659.4,2657.62,2658.59,976.94,2658.53666667,1.96428571,0.05,0.9,0,TREND_DOWN,NORMAL,NEUTRAL,HEALTHY,ALLOW
2026-09-30T06:49:00Z,2658.58,2659.03,2656.92,2659.02,770.3353,2658.32333333,2.02357143,0.05,0.9,0,TREND_UP,NORMAL,ALIGNED,HEALTHY,ALLOW
2026-09-30T06:50:00Z,2659.03,2659.91,2658.94,2658.94,175.8052,2659.26333333,1.98071429,0.05,0.9,0,TREND_DOWN,NORMAL,NEUTRAL,HEALTHY,ALLOW
2026-09-30T06:51:00Z,2658.95,2661.08,2658.95,2661.08,107.8073,2660.37,2.01642857,0.05,0.9,0,TREND_UP,NORMAL,ALIGNED,HEALTHY,ALLOW
2026-09-30T06:52:00Z,2661.08,2663.01,2661.08,2663.0,155.1296,2662.36333333,2.04,0.05,0.9,0,TREND_UP,NORMAL,ALIGNED,HEALTHY,ALLOW
2026-09-30T06:53:00Z,2663.01,2663.27,2662.55,2663.27,415.8268,2663.03,1.95642857,0.05,0.9,0,TREND_UP,NORMAL,ALIGNED,HEALTHY,ALLOW
2026-09-30T06:54:00Z,2663.27,2664.28,2663.26,2664.27,63.517,2663.93666667,1.8,0.05,0.9,0,TREND_UP,NORMAL,ALIGNED,HEALTHY,ALLOW
2026-09-30T06:55:00Z,2664.28,2668.27,2664.28,2668.18,422.5942,2666.91,1.88857143,0.05,0.9,0,TREND_UP,NORMAL,ALIGNED,HEALTHY,ALLOW
2026-09-30T06:56:00Z,2668.18,2668.19,2664.35,2664.36,405.0659,2665.63333333,1.93642857,0.05,0.9,0,TREND_DOWN,NORMAL,NEUTRAL,HEALTHY,ALLOW
2026-09-30T06:57:00Z,2664.36,2664.73,2664.35,2664.73,25.1382,2664.60333333,1.85785714,0.05,0.9,0,TREND_UP,NORMAL,ALIGNED,HEALTHY,ALLOW
2026-09-30T06:58:00Z,2664.72,2665.59,2664.72,2664.73,29.9372,2665.01333333,1.83142857,0.05,0.9,0,TREND_UP,NORMAL,ALIGNED,HEALTHY,ALLOW
2026-09-30T06:59:00Z,2664.72,2664.73,2662.07,2662.07,113.5085,2662.95666667,1.79714286,0.05,0.9,0,TREND_DOWN,NORMAL,NEUTRAL,HEALTHY,ALLOW
2026-09-30T07:00:00Z,2662.08,2662.22,2660.22,2660.87,285.2928,2661.10333333,1.855,0.05,0.9,0,TREND_DOWN,NORMAL,NEUTRAL,HEALTHY,ALLOW
2026-09-30T07:01:00Z,2660.87,2664.4,2660.87,2663.58,135.499,2662.95,1.99642857,0.05,0.9,0,TREND_UP,NORMAL,ALIGNED,HEALTHY,ALLOW
2026-09-30T07:02:00Z,2663.58,2665.46,2663.57,2665.04,184.5693,2664.69,2.00428571,0.05,0.9,0,TREND_UP,NORMAL,ALIGNED,HEALTHY,ALLOW
2026-09-30T07:03:00Z,2665.04,2665.59,2664.76,2664.76,80.4717,2665.03666667,1.91285714,0.05,0.9,0,TREND_DOWN,NORMAL,NEUTRAL,HEALTHY,ALLOW
2026-09-30T07:04:00Z,2664.77,2664.77,2663.36,2663.36,66.8623,2663.83,1.94428571,0.05,0.9,0,TREND_DOWN,NORMAL,NEUTRAL,HEALTHY,ALLOW
2026-09-30T07:05:00Z,2663.35,2663.35,2662.24,2663.31,162.3565,2662.96666667,1.87142857,0.05,0.9,0,TREND_DOWN,NORMAL,NEUTRAL,HEALTHY,ALLOW
2026-09-30T07:06:00Z,2663.31,2663.31,2661.49,2662.49,109.6835,2662.43,1.86357143,0.05,0.9,0,TREND_DOWN,NORMAL,NEUTRAL,HEALTHY,ALLOW
2026-09-30T07:07:00Z,2662.49,2662.93,2661.85,2662.55,56.0696,2662.44333333,1.88928571,0.05,0.9,0,TREND_UP,NORMAL,ALIGNED,HEALTHY,ALLOW
2026-09-30T07:08:00Z,2662.55,2663.41,2662.55,2663.29,103.5031,2663.08333333,1.87785714,0.05,0.9,0,TREND_UP,NORMAL,ALIGNED,HEALTHY,ALLOW
2026-09-30T07:09:00Z,2663.3,2663.46,2662.2,2663.46,41.4702,2663.04,1.68214286,0.05,0.9,0,TREND_UP,NORMAL,ALIGNED,HEALTHY,ALLOW
2026-09-30T07:10:00Z,2663.46,2663.46,2662.91,2663.31,49.2488,2663.22666667,1.44714286,0.05,0.9,0,TREND_DOWN,NORMAL,NEUTRAL,HEALTHY,ALLOW
2026-09-30T07:11:00Z,2663.32,2663.32,2662.44,2662.47,37.9027,2662.74333333,1.48285714,0.05,0.9,0,TREND_DOWN,NORMAL,NEUTRAL,HEALTHY,ALLOW
2026-09-30T07:12:00Z,2662.46,2662.52,2661.97,2661.98,55.1682,2662.15666667,1.46,0.05,0.9,0,TREND_DOWN,NORMAL,NEUTRAL,HEALTHY,ALLOW
2026-09-30T07:13:00Z,2661.97,2662.43,2661.77,2662.43,100.3945,2662.21,1.31714286,0.05,0.9,0,TREND_UP,NORMAL,ALIGNED,HEALTHY,ALLOW
2026-09-30T07:14:00Z,2662.44,2663.07,2662.29,2662.3,26.3142,2662.55333333,1.23,0.05,0.9,0,TREND_DOWN,NORMAL,NEUTRAL,HEALTHY,ALLOW
2026-09-30T07:15:00Z,2662.3,2663.39,2662.29,2663.39,98.5577,2663.02333333,1.05642857,0.05,0.9,0,TREND_UP,NORMAL,ALIGNED,HEALTHY,ALLOW
2026-09-30T07:16:00Z,2663.39,2665.38,2663.39,2665.38,83.7104,2664.71666667,1.06357143,0.05,0.9,0,TREND_UP,NORMAL,ALIGNED,HEALTHY,ALLOW
2026-09-30T07:17:00Z,2665.37,2665.59,2664.87,2665.56,69.434,2665.34,1.05571429,0.05,0.9,0,TREND_UP,NORMAL,ALIGNED,HEALTHY,ALLOW
2026-09-30T07:18:00Z,2665.55,2667.04,2665.24,2666.77,145.9236,2666.35,1.08357143,0.05,0.9,0,TREND_UP,NORMAL,ALIGNED,HEALTHY,ALLOW
2026-09-30T07:19:00Z,2666.78,2670.57,2666.78,2670.57,203.487,2669.30666667,1.275,0.05,0.9,0,TREND_UP,NORMAL,ALIGNED,HEALTHY,ALLOW
2026-09-30T07:20:00Z,2670.57,2672.34,2669.69,2670.03,166.168,2670.68666667,1.33428571,0.05,0.9,0,TREND_DOWN,NORMAL,NEUTRAL,HEALTHY,ALLOW
2026-09-30T07:21:00Z,2670.03,2670.19,2669.68,2670.15,36.6501,2670.00666667,1.29357143,0.05,0.9,0,TREND_UP,NORMAL,ALIGNED,HEALTHY,ALLOW
2026-09-30T07:22:00Z,2670.16,2671.17,2669.45,2669.54,107.8106,2670.05333333,1.355,0.05,0.9,0,TREND_DOWN,NORMAL,NEUTRAL,HEALTHY,ALLOW
2026-09-30T07:23:00Z,2669.53,2671.79,2669.52,2671.78,63.6559,2671.03,1.42714286,0.05,0.9,0,TREND_UP,NORMAL,ALIGNED,HEALTHY,ALLOW
2026-09-30T07:24:00Z,2671.78,2672.34,2670.41,2671.92,231.0002,2671.55666667,1.52571429,0.05,0.9,0,TREND_UP,NORMAL,ALIGNED,HEALTHY,ALLOW
2026-09-30T07:25:00Z,2671.91,2673.29,2671.08,2672.14,201.8396,2672.17,1.62071429,0.05,0.9,0,TREND_UP,NORMAL,ALIGNED,HEALTHY,ALLOW
2026-09-30T07:26:00Z,2672.15,2673.22,2671.6,2672.87,221.6269,2672.56333333,1.69714286,0.05,0.9,0,TREND_UP,NORMAL,ALIGNED,HEALTHY,ALLOW
2026-09-30T07:27:00Z,2672.88,2673.2,2671.68,2672.05,104.5618,2672.31,1.75857143,0.05,0.9,0,TREND_DOWN,NORMAL,NEUTRAL,HEALTHY,ALLOW
2026-09-30T07:28:00Z,2672.06,2672.06,2671.19,2671.19,56.7189,2671.48,1.765,0.05,0.9,0,TREND_DOWN,NORMAL,NEUTRAL,HEALTHY,ALLOW
2026-09-30T07:29:00Z,2671.19,2671.9,2670.58,2671.89,91.8821,2671.45666667,1.78071429,0.05,0.9,0,TREND_UP,NORMAL,ALIGNED,HEALTHY,ALLOW
2026-09-30T07:30:00Z,2671.89,2672.34,2670.21,2672.1,112.0802,2671.55,1.79071429,0.05,0.9,0,TREND_UP,NORMAL,ALIGNED,HEALTHY,ALLOW
2026-09-30T07:31:00Z,2672.1,2672.18,2670.81,2671.31,110.9735,2671.43333333,1.83714286,0.05,0.9,0,TREND_DOWN,NORMAL,NEUTRAL,HEALTHY,ALLOW
2026-09-30T07:32:00Z,2671.32,2671.8,2670.81,2670.88,108.8365,2671.16333333,1.77928571,0.05,0.9,0,TREND_DOWN,NORMAL,NEUTRAL,HEALTHY,ALLOW
2026-09-30T07:33:00Z,2670.88,2672.03,2670.42,2671.78,89.9711,2671.41,1.62285714,0.05,0.9,0,TREND_UP,NORMAL,ALIGNED,HEALTHY,ALLOW
2026-09-30T07:34:00Z,2671.79,2672.27,2671.66,2671.85,116.8347,2671.92666667,1.47714286,0.05,0.9,0,TREND_UP,NORMAL,ALIGNED,HEALTHY,ALLOW
2026-09-30T07:35:00Z,2671.86,2674.0,2671.86,2673.99,106.2612,2673.28333333,1.59428571,0.05,0.9,0,TREND_UP,NORMAL,ALIGNED,HEALTHY,ALLOW
2026-09-30T07:36:00Z,2673.99,2675.59,2673.99,2675.22,150.2925,2674.93333333,1.58571429,0.05,0.9,0,TREND_UP,NORMAL,ALIGNED,HEALTHY,ALLOW
2026-09-30T07:37:00Z,2675.22,2675.43,2674.62,2674.85,91.995,2674.96666667,1.48142857,0.05,0.9,0,TREND_DOWN,NORMAL,NEUTRAL,HEALTHY,ALLOW
2026-09-30T07:38:00Z,2674.85,2675.0,2673.47,2674.29,121.3111,2674.25333333,1.45285714,0.05,0.9,0,TREND_DOWN,NORMAL,NEUTRAL,HEALTHY,ALLOW
2026-09-30T07:39:00Z,2674.3,2675.03,2674.29,2674.29,95.2762,2674.53666667,1.34785714,0.05,0.9,0,TREND_DOWN,NORMAL,NEUTRAL,HEALTHY,ALLOW
2026-09-30T07:40:00Z,2674.3,2675.3,2674.29,2674.88,81.5547,2674.82333333,1.30428571,0.05,0.9,0,TREND_UP,NORMAL,ALIGNED,HEALTHY,ALLOW
2026-09-30T07:41:00Z,2674.88,2675.01,2674.87,2675.01,53.1448,2674.96333333,1.20571429,0.05,0.9,0,TREND_UP,NORMAL,ALIGNED,HEALTHY,ALLOW
2026-09-30T07:42:00Z,2675.01,2675.01,2674.1,2674.54,118.828,2674.55,1.20857143,0.05,0.9,0,TREND_DOWN,NORMAL,NEUTRAL,HEALTHY,ALLOW
2026-09-30T07:43:00Z,2674.55,2674.8,2674.55,2674.8,77.4696,2674.71666667,1.13285714,0.05,0.9,0,TREND_UP,NORMAL,ALIGNED,HEALTHY,ALLOW
2026-09-30T07:44:00Z,2674.8,2676.26,2674.79,2676.26,385.5538,2675.77,1.08571429,0.05,0.9,0,TREND_UP,NORMAL,ALIGNED,HEALTHY,ALLOW
2026-09-30T07:45:00Z,2676.27,2676.83,2676.26,2676.31,220.7364,2676.46666667,1.02857143,0.05,0.9,0,TREND_UP,NORMAL,ALIGNED,HEALTHY,ALLOW
2026-09-30T07:46:00Z,2676.32,2676.48,2674.65,2675.32,397.3696,2675.48333333,1.08857143,0.05,0.9,0,TREND_DOWN,NORMAL,NEUTRAL,HEALTHY,ALLOW
2026-09-30T07:47:00Z,2675.31,2675.51,2674.1,2674.88,284.5972,2674.83,1.07428571,0.05,0.9,0,TREND_DOWN,NORMAL,NEUTRAL,HEALTHY,ALLOW
2026-09-30T07:48:00Z,2674.88,2675.61,2674.88,2675.6,68.862,2675.36333333,1.08285714,0.05,0.9,0,TREND_UP,NORMAL,ALIGNED,HEALTHY,ALLOW
2026-09-30T07:49:00Z,2675.61,2676.14,2675.39,2676.14,150.4007,2675.89,0.98285714,0.05,0.9,0,TREND_UP,NORMAL,ALIGNED,HEALTHY,ALLOW
2026-09-30T07:50:00Z,2676.14,2677.31,2676.09,2677.31,157.4537,2676.90333333,0.95571429,0.05,0.9,0,TREND_UP,NORMAL,ALIGNED,HEALTHY,ALLOW
2026-09-30T07:51:00Z,2677.3,2677.98,2676.35,2676.84,196.9116,2677.05666667,1.01428571,0.05,0.9,0,TREND_DOWN,NORMAL,NEUTRAL,HEALTHY,ALLOW
2026-09-30T07:52:00Z,2676.84,2677.5,2676.83,2677.04,84.9437,2677.12333333,0.95285714,0.05,0.9,0,TREND_UP,NORMAL,ALIGNED,HEALTHY,ALLOW
2026-09-30T07:53:00Z,2677.04,2677.4,2676.52,2676.82,118.1355,2676.91333333,0.96285714,0.05,0.9,0,TREND_DOWN,NORMAL,NEUTRAL,HEALTHY,ALLOW
2026-09-30T07:54:00Z,2676.83,2677.1,2676.0,2676.01,100.8651,2676.37,0.96928571,0.05,0.9,0,TREND_DOWN,NORMAL,NEUTRAL,HEALTHY,ALLOW
2026-09-30T07:55:00Z,2676.01,2676.56,2676.0,2676.0,80.3561,2676.18666667,0.99928571,0.05,0.9,0,TREND_DOWN,NORMAL,NEUTRAL,HEALTHY,ALLOW
2026-09-30T07:56:00Z,2676.01,2676.01,2675.27,2675.27,120.3348,2675.51666667,0.98714286,0.05,0.9,0,TREND_DOWN,NORMAL,NEUTRAL,HEALTHY,ALLOW
2026-09-30T07:57:00Z,2675.27,2675.28,2674.45,2674.66,198.6874,2674.79666667,1.02785714,0.05,0.9,0,TREND_DOWN,NORMAL,NEUTRAL,HEALTHY,ALLOW
2026-09-30T07:58:00Z,2674.66,2675.22,2674.66,2675.22,200.8041,2675.03333333,0.96285714,0.05,0.9,0,TREND_UP,NORMAL,ALIGNED,HEALTHY,ALLOW
2026-09-30T07:59:00Z,2675.22,2675.48,2674.46,2674.87,209.0344,2674.93666667,0.995,0.05,0.9,0,TREND_DOWN,NORMAL,NEUTRAL,HEALTHY,ALLOW
2026-09-30T08:00:00Z,2674.87,2674.87,2673.32,2673.49,101.506,2673.89333333,0.975,0.05,0.9,0,TREND_DOWN,NORMAL,NEUTRAL,HEALTHY,ALLOW
2026-09-30T08:01:00Z,2673.5,2674.68,2673.28,2673.28,107.8061,2673.74666667,0.97428571,0.05,0.9,0,TREND_DOWN,NORMAL,NEUTRAL,HEALTHY,ALLOW
2026-09-30T08:02:00Z,2673.27,2673.27,2671.92,2672.63,101.4631,2672.60666667,1.01928571,0.05,0.9,0,TREND_DOWN,NORMAL,NEUTRAL,HEALTHY,ALLOW
2026-09-30T08:03:00Z,2672.63,2674.05,2672.39,2674.04,126.0808,2673.49333333,1.08428571,0.05,0.9,0,TREND_UP,NORMAL,ALIGNED,HEALTHY,ALLOW
2026-09-30T08:04:00Z,2674.03,2674.03,2671.39,2671.82,115.8975,2672.41333333,1.18642857,0.05,0.9,0,TREND_DOWN,NORMAL,NEUTRAL,HEALTHY,ALLOW
2026-09-30T08:05:00Z,2671.84,2672.12,2670.83,2670.86,86.6985,2671.27,1.16214286,0.05,0.9,0,TREND_DOWN,NORMAL,NEUTRAL,HEALTHY,ALLOW
2026-09-30T08:06:00Z,2670.87,2671.68,2670.86,2670.87,81.4202,2671.13666667,1.17285714,0.05,0.9,0,TREND_UP,NORMAL,ALIGNED,HEALTHY,ALLOW
2026-09-30T08:07:00Z,2670.86,2670.87,2669.1,2669.1,194.7745,2669.69,1.23642857,0.05,0.9,0,TREND_DOWN,NORMAL,NEUTRAL,HEALTHY,ALLOW
2026-09-30T08:08:00Z,2669.11,2669.37,2668.94,2669.36,71.8255,2669.22333333,1.18857143,0.05,0.9,0,TREND_UP,NORMAL,ALIGNED,HEALTHY,ALLOW
2026-09-30T08:09:00Z,2669.36,2669.38,2668.94,2668.94,81.6652,2669.08666667,1.18,0.05,0.9,0,TREND_DOWN,NORMAL,NEUTRAL,HEALTHY,ALLOW
2026-09-30T08:10:00Z,2668.94,2668.94,2668.0,2668.68,164.8473,2668.54,1.19428571,0.05,0.9,0,TREND_DOWN,NORMAL,NEUTRAL,HEALTHY,ALLOW
2026-09-30T08:11:00Z,2668.68,2668.68,2667.39,2667.56,87.5436,2667.87666667,1.22714286,0.05,0.9,0,TREND_DOWN,NORMAL,NEUTRAL,HEALTHY,ALLOW
2026-09-30T08:12:00Z,2667.57,2667.97,2667.56,2667.64,66.8589,2667.72333333,1.21642857,0.05,0.9,0,TREND_UP,NORMAL,ALIGNED,HEALTHY,ALLOW
2026-09-30T08:13:00Z,2667.63,2667.64,2667.17,2667.17,42.4175,2667.32666667,1.17714286,0.05,0.9,0,TREND_DOWN,NORMAL,NEUTRAL,HEALTHY,ALLOW
2026-09-30T08:14:00Z,2667.16,2667.31,2666.91,2666.95,140.443,2667.05666667,1.095,0.05,0.9,0,TREND_DOWN,NORMAL,NEUTRAL,HEALTHY,ALLOW
2026-09-30T08:15:00Z,2666.95,2667.39,2665.96,2667.38,86.8699,2666.91,1.09714286,0.05,0.9,0,TREND_UP,NORMAL,ALIGNED,HEALTHY,ALLOW
2026-09-30T08:16:00Z,2667.39,2668.77,2667.35,2668.77,143.6011,2668.29666667,1.10142857,0.05,0.9,0,TREND_UP,NORMAL,ALIGNED,HEALTHY,ALLOW
2026-09-30T08:17:00Z,2668.76,2670.62,2668.76,2670.09,150.001,2669.82333333,1.11571429,0.05,0.9,0,TREND_UP,NORMAL,ALIGNED,HEALTHY,ALLOW
2026-09-30T08:18:00Z,2670.09,2672.01,2670.09,2672.01,89.4771,2671.37,1.06357143,0.05,0.9,0,TREND_UP,NORMAL,ALIGNED,HEALTHY,ALLOW
2026-09-30T08:19:00Z,2672.01,2672.14,2669.07,2669.07,104.8049,2670.09333333,1.19071429,0.05,0.9,0,TREND_DOWN,NORMAL,NEUTRAL,HEALTHY,ALLOW
2026-09-30T08:20:00Z,2669.07,2670.82,2668.41,2670.61,132.2273,2669.94666667,1.30428571,0.05,0.9,0,TREND_UP,NORMAL,ALIGNED,HEALTHY,ALLOW
2026-09-30T08:21:00Z,2670.61,2671.47,2669.74,2671.47,74.123,2670.89333333,1.30142857,0.05,0.9,0,TREND_UP,NORMAL,ALIGNED,HEALTHY,ALLOW
2026-09-30T08:22:00Z,2671.46,2671.47,2669.95,2669.96,95.0313,2670.46,1.37928571,0.05,0.9,0,TREND_DOWN,NORMAL,NEUTRAL,HEALTHY,ALLOW
2026-09-30T08:23:00Z,2669.96,2670.93,2669.95,2670.04,54.0465,2670.30666667,1.41785714,0.05,0.9,0,TREND_UP,NORMAL,ALIGNED,HEALTHY,ALLOW
2026-09-30T08:24:00Z,2670.05,2670.05,2667.73,2669.27,217.5442,2669.01666667,1.51642857,0.05,0.9,0,TREND_DOWN,NORMAL,NEUTRAL,HEALTHY,ALLOW
2026-09-30T08:25:00Z,2669.27,2669.55,2669.07,2669.07,52.5969,2669.23,1.45857143,0.05,0.9,0,TREND_DOWN,NORMAL,NEUTRAL,HEALTHY,ALLOW
2026-09-30T08:26:00Z,2669.06,2670.08,2668.05,2669.91,84.4243,2669.34666667,1.57428571,0.05,0.9,0,TREND_UP,NORMAL,ALIGNED,HEALTHY,ALLOW
2026-09-30T08:27:00Z,2669.92,2670.35,2669.22,2670.35,33.8629,2669.97333333,1.62142857,0.05,0.9,0,TREND_UP,NORMAL,ALIGNED,HEALTHY,ALLOW
2026-09-30T08:28:00Z,2670.34,2670.73,2669.7,2670.21,92.1494,2670.21333333,1.66642857,0.05,0.9,0,TREND_DOWN,NORMAL,NEUTRAL,HEALTHY,ALLOW
2026-09-30T08:29:00Z,2670.2,2670.21,2668.69,2668.7,58.2599,2669.2,1.67285714,0.05,0.9,0,TREND_DOWN,NORMAL,NEUTRAL,HEALTHY,ALLOW
2026-09-30T08:30:00Z,2668.69,2668.85,2666.51,2666.92,355.7793,2667.42666667,1.73857143,0.05,0.9,0,TREND_DOWN,NORMAL,NEUTRAL,HEALTHY,ALLOW
2026-09-30T08:31:00Z,2666.91,2666.92,2665.58,2665.67,115.3016,2666.05666667,1.70142857,0.05,0.9,0,TREND_DOWN,NORMAL,NEUTRAL,HEALTHY,ALLOW
2026-09-30T08:32:00Z,2665.68,2666.02,2665.0,2665.76,876.4184,2665.59333333,1.63714286,0.05,0.9,0,TREND_UP,NORMAL,ALIGNED,HEALTHY,ALLOW
2026-09-30T08:33:00Z,2665.77,2666.3,2665.0,2665.0,854.3634,2665.43333333,1.51071429,0.05,0.9,0,TREND_DOWN,NORMAL,NEUTRAL,HEALTHY,ALLOW
2026-09-30T08:34:00Z,2665.0,2666.92,2665.0,2666.65,248.6774,2666.19,1.47571429,0.05,0.9,0,TREND_UP,NORMAL,ALIGNED,HEALTHY,ALLOW
2026-09-30T08:35:00Z,2666.66,2667.0,2665.66,2666.09,53.2653,2666.25,1.44785714,0.05,0.9,0,TREND_DOWN,NORMAL,NEUTRAL,HEALTHY,ALLOW
2026-09-30T08:36:00Z,2666.09,2666.52,2665.52,2665.53,44.0676,2665.85666667,1.41071429,0.05,0.9,0,TREND_DOWN,NORMAL,NEUTRAL,HEALTHY,ALLOW
2026-09-30T08:37:00Z,2665.52,2666.97,2665.23,2666.57,40.0833,2666.25666667,1.465,0.05,0.9,0,TREND_UP,NORMAL,ALIGNED,HEALTHY,ALLOW
2026-09-30T08:38:00Z,2666.56,2669.46,2666.56,2669.45,59.9491,2668.49,1.50642857,0.05,0.9,0,TREND_UP,NORMAL,ALIGNED,HEALTHY,ALLOW
2026-09-30T08:39:00Z,2669.45,2670.15,2669.03,2669.55,68.494,2669.57666667,1.55214286,0.05,0.9,0,TREND_UP,NORMAL,ALIGNED,HEALTHY,ALLOW
2026-09-30T08:40:00Z,2669.55,2670.38,2669.37,2670.31,42.5939,2670.02,1.47928571,0.05,0.9,0,TREND_UP,NORMAL,ALIGNED,HEALTHY,ALLOW
2026-09-30T08:41:00Z,2670.31,2670.32,2668.47,2669.28,67.0139,2669.35666667,1.53071429,0.05,0.9,0,TREND_DOWN,NORMAL,NEUTRAL,HEALTHY,ALLOW
2026-09-30T08:42:00Z,2669.28,2669.29,2667.8,2668.19,52.1553,2668.42666667,1.56357143,0.05,0.9,0,TREND_DOWN,NORMAL,NEUTRAL,HEALTHY,ALLOW
2026-09-30T08:43:00Z,2668.18,2668.49,2667.67,2668.01,57.0149,2668.05666667,1.51357143,0.05,0.9,0,TREND_DOWN,NORMAL,NEUTRAL,HEALTHY,ALLOW
2026-09-30T08:44:00Z,2668.02,2668.8,2668.01,2668.79,38.4161,2668.53333333,1.40285714,0.05,0.9,0,TREND_UP,NORMAL,ALIGNED,HEALTHY,ALLOW
2026-09-30T08:45:00Z,2668.8,2670.09,2668.79,2669.1,46.2642,2669.32666667,1.4,0.05,0.9,0,TREND_UP,NORMAL,ALIGNED,HEALTHY,ALLOW
2026-09-30T08:46:00Z,2669.09,2671.41,2669.09,2671.41,51.2415,2670.63666667,1.49285714,0.05,0.9,0,TREND_UP,NORMAL,ALIGNED,HEALTHY,ALLOW
2026-09-30T08:47:00Z,2671.42,2672.98,2671.41,2672.23,145.4294,2672.20666667,1.51214286,0.05,0.9,0,TREND_UP,NORMAL,ALIGNED,HEALTHY,ALLOW
2026-09-30T08:48:00Z,2672.23,2673.86,2672.2,2673.75,151.3149,2673.27,1.49357143,0.05,0.9,0,TREND_UP,NORMAL,ALIGNED,HEALTHY,ALLOW
2026-09-30T08:49:00Z,2673.75,2674.0,2672.92,2673.57,45.219,2673.49666667,1.475,0.05,0.9,0,TREND_DOWN,NORMAL,NEUTRAL,HEALTHY,ALLOW
2026-09-30T08:50:00Z,2673.58,2674.0,2672.32,2672.65,78.686,2672.99,1.52357143,0.05,0.9,0,TREND_DOWN,NORMAL,NEUTRAL,HEALTHY,ALLOW
2026-09-30T08:51:00Z,2672.66,2672.66,2669.77,2670.26,208.358,2670.89666667,1.60571429,0.05,0.9,0,TREND_DOWN,NORMAL,NEUTRAL,HEALTHY,ALLOW
2026-09-30T08:52:00Z,2670.25,2671.15,2669.67,2669.67,50.8984,2670.16333333,1.50428571,0.05,0.9,0,TREND_DOWN,NORMAL,NEUTRAL,HEALTHY,ALLOW
2026-09-30T08:53:00Z,2669.67,2669.92,2669.66,2669.67,29.1888,2669.75,1.44285714,0.05,0.9,0,TREND_UP,NORMAL,ALIGNED,HEALTHY,ALLOW
2026-09-30T08:54:00Z,2669.67,2670.36,2669.45,2669.86,44.3922,2669.89,1.43571429,0.05,0.9,0,TREND_UP,NORMAL,ALIGNED,HEALTHY,ALLOW
2026-09-30T08:55:00Z,2669.85,2670.61,2669.54,2670.61,43.3337,2670.25333333,1.38,0.05,0.9,0,TREND_UP,NORMAL,ALIGNED,HEALTHY,ALLOW
2026-09-30T08:56:00Z,2670.62,2671.11,2670.35,2671.11,27.5073,2670.85666667,1.32785714,0.05,0.9,0,TREND_UP,NORMAL,ALIGNED,HEALTHY,ALLOW
2026-09-30T08:57:00Z,2671.11,2671.41,2671.11,2671.41,14.3913,2671.31,1.29071429,0.05,0.9,0,TREND_UP,NORMAL,ALIGNED,HEALTHY,ALLOW
2026-09-30T08:58:00Z,2671.4,2672.27,2671.28,2671.94,29.3643,2671.83,1.305,0.05,0.9,0,TREND_UP,NORMAL,ALIGNED,HEALTHY,ALLOW
2026-09-30T08:59:00Z,2671.94,2671.95,2671.1,2671.11,52.4047,2671.38666667,1.27285714,0.05,0.9,0,TREND_DOWN,NORMAL,NEUTRAL,HEALTHY,ALLOW
2026-09-30T09:00:00Z,2671.1,2671.71,2670.58,2671.59,33.456,2671.29333333,1.18785714,0.05,0.9,0,TREND_UP,NORMAL,ALIGNED,HEALTHY,ALLOW
2026-09-30T09:01:00Z,2671.6,2672.14,2671.6,2671.8,19.5079,2671.84666667,1.115,0.05,0.9,0,TREND_UP,NORMAL,ALIGNED,HEALTHY,ALLOW
2026-09-30T09:02:00Z,2671.79,2674.45,2671.7,2674.38,61.5289,2673.51,1.19285714,0.05,0.9,0,TREND_UP,NORMAL,ALIGNED,HEALTHY,ALLOW
2026-09-30T09:03:00Z,2674.38,2674.38,2673.78,2674.32,23.6851,2674.16,1.15857143,0.05,0.9,0,TREND_DOWN,NORMAL,NEUTRAL,HEALTHY,ALLOW
2026-09-30T09:04:00Z,2674.33,2675.66,2674.32,2675.66,71.7721,2675.21333333,1.13428571,0.05,0.9,0,TREND_UP,NORMAL,ALIGNED,HEALTHY,ALLOW
2026-09-30T09:05:00Z,2675.65,2676.48,2675.12,2676.47,115.4431,2676.02333333,1.025,0.05,0.9,0,TREND_UP,NORMAL,ALIGNED,HEALTHY,ALLOW
2026-09-30T09:06:00Z,2676.48,2678.35,2675.8,2678.22,236.416,2677.45666667,1.10142857,0.05,0.9,0,TREND_UP,NORMAL,ALIGNED,HEALTHY,ALLOW
2026-09-30T09:07:00Z,2678.16,2678.16,2676.3,2676.61,25.8003,2677.02333333,1.22,0.05,0.9,0,TREND_DOWN,NORMAL,NEUTRAL,HEALTHY,ALLOW
2026-09-30T09:08:00Z,2676.6,2678.75,2675.92,2676.02,168.0409,2676.89666667,1.35714286,0.05,0.9,0,TREND_DOWN,NORMAL,NEUTRAL,HEALTHY,ALLOW
2026-09-30T09:09:00Z,2676.02,2677.98,2675.41,2677.98,183.3194,2677.12333333,1.46428571,0.05,0.9,0,TREND_UP,NORMAL,ALIGNED,HEALTHY,ALLOW
2026-09-30T09:10:00Z,2677.97,2680.0,2677.97,2679.2,254.4423,2679.05666667,1.555,0.05,0.9,0,TREND_UP,NORMAL,ALIGNED,HEALTHY,ALLOW
2026-09-30T09:11:00Z,2679.2,2679.22,2678.53,2678.67,158.136,2678.80666667,1.58285714,0.05,0.9,0,TREND_DOWN,NORMAL,NEUTRAL,HEALTHY,ALLOW
2026-09-30T09:12:00Z,2678.68,2679.14,2677.59,2678.47,84.2416,2678.4,1.62285714,0.05,0.9,0,TREND_DOWN,NORMAL,NEUTRAL,HEALTHY,ALLOW
2026-09-30T09:13:00Z,2678.47,2678.7,2678.2,2678.2,24.5316,2678.36666667,1.59785714,0.05,0.9,0,TREND_DOWN,NORMAL,NEUTRAL,HEALTHY,ALLOW
2026-09-30T09:14:00Z,2678.2,2679.16,2678.2,2678.65,73.7793,2678.67,1.58571429,0.05,0.9,0,TREND_UP,NORMAL,ALIGNED,HEALTHY,ALLOW
2026-09-30T09:15:00Z,2678.64,2678.65,2678.27,2678.27,8.7174,2678.39666667,1.57357143,0.05,0.9,0,TREND_DOWN,NORMAL,NEUTRAL,HEALTHY,ALLOW
2026-09-30T09:16:00Z,2678.28,2678.28,2677.28,2677.29,14.3447,2677.61666667,1.44857143,0.05,0.9,0,TREND_DOWN,NORMAL,NEUTRAL,HEALTHY,ALLOW
2026-09-30T09:17:00Z,2677.28,2678.37,2677.28,2677.68,104.7425,2677.77666667,1.48357143,0.05,0.9,0,TREND_UP,NORMAL,ALIGNED,HEALTHY,ALLOW
2026-09-30T09:18:00Z,2677.67,2678.66,2677.56,2678.66,30.9585,2678.29333333,1.46642857,0.05,0.9,0,TREND_UP,NORMAL,ALIGNED,HEALTHY,ALLOW
2026-09-30T09:19:00Z,2678.67,2679.38,2678.41,2679.13,125.7085,2678.97333333,1.43857143,0.05,0.9,0,TREND_UP,NORMAL,ALIGNED,HEALTHY,ALLOW
2026-09-30T09:20:00Z,2679.12,2680.82,2678.44,2680.64,631.5884,2679.96666667,1.42642857,0.05,0.9,0,TREND_UP,NORMAL,ALIGNED,HEALTHY,ALLOW
2026-09-30T09:21:00Z,2680.64,2681.95,2679.93,2681.07,105.5335,2680.98333333,1.43357143,0.05,0.9,0,TREND_UP,NORMAL,ALIGNED,HEALTHY,ALLOW
2026-09-30T09:22:00Z,2681.08,2681.67,2680.39,2680.98,217.4982,2681.01333333,1.32285714,0.05,0.9,0,TREND_DOWN,NORMAL,NEUTRAL,HEALTHY,ALLOW
2026-09-30T09:23:00Z,2680.97,2682.63,2680.97,2682.62,114.503,2682.07333333,1.25785714,0.05,0.9,0,TREND_UP,NORMAL,ALIGNED,HEALTHY,ALLOW
2026-09-30T09:24:00Z,2682.62,2684.6,2682.33,2684.6,187.7079,2683.84333333,1.275,0.05,0.9,0,TREND_UP,NORMAL,ALIGNED,HEALTHY,ALLOW
2026-09-30T09:25:00Z,2684.6,2685.95,2683.57,2683.85,374.9383,2684.45666667,1.39571429,0.05,0.9,0,TREND_DOWN,NORMAL,NEUTRAL,HEALTHY,ALLOW
2026-09-30T09:26:00Z,2683.84,2684.04,2683.14,2683.94,65.7755,2683.70666667,1.34928571,0.05,0.9,0,TREND_UP,NORMAL,ALIGNED,HEALTHY,ALLOW
2026-09-30T09:27:00Z,2683.93,2686.87,2683.93,2686.86,236.49,2685.88666667,1.52357143,0.05,0.9,0,TREND_UP,NORMAL,ALIGNED,HEALTHY,ALLOW
2026-09-30T09:28:00Z,2686.86,2686.86,2685.83,2686.19,102.1029,2686.29333333,1.52857143,0.05,0.9,0,TREND_DOWN,NORMAL,NEUTRAL,HEALTHY,ALLOW
2026-09-30T09:29:00Z,2686.18,2686.18,2685.61,2686.06,33.8995,2685.95,1.54285714,0.05,0.9,0,TREND_DOWN,NORMAL,NEUTRAL,HEALTHY,ALLOW
2026-09-30T09:30:00Z,2686.05,2689.52,2684.7,2684.88,473.2636,2686.36666667,1.81571429,0.05,0.9,0,TREND_DOWN,NORMAL,NEUTRAL,HEALTHY,ALLOW
2026-09-30T09:31:00Z,2684.88,2688.93,2684.7,2687.7,207.343,2687.11,2.04,0.05,0.9,0,TREND_UP,NORMAL,ALIGNED,HEALTHY,ALLOW
2026-09-30T09:32:00Z,2687.7,2699.85,2687.7,2697.65,1598.7033,2695.06666667,2.82928571,0.05,0.9,0,TREND_UP,NORMAL,ALIGNED,HEALTHY,ALLOW
2026-09-30T09:33:00Z,2697.66,2697.66,2693.66,2695.14,943.9064,2695.48666667,3.04571429,0.05,0.9,0,TREND_DOWN,NORMAL,NEUTRAL,HEALTHY,ALLOW
2026-09-30T09:34:00Z,2695.14,2696.1,2692.92,2692.94,235.4372,2693.98666667,3.10285714,0.05,0.9,0,TREND_DOWN,NORMAL,NEUTRAL,HEALTHY,ALLOW
2026-09-30T09:35:00Z,2692.93,2692.94,2689.55,2692.11,1466.9127,2691.53333333,3.20071429,0.05,0.9,0,TREND_DOWN,NORMAL,NEUTRAL,HEALTHY,ALLOW
2026-09-30T09:36:00Z,2692.1,2692.85,2691.01,2691.9,165.7717,2691.92,3.24071429,0.05,0.9,0,TREND_DOWN,NORMAL,NEUTRAL,HEALTHY,ALLOW
2026-09-30T09:37:00Z,2691.9,2691.91,2690.24,2690.48,196.3101,2690.87666667,3.24142857,0.05,0.9,0,TREND_DOWN,NORMAL,NEUTRAL,HEALTHY,ALLOW
2026-09-30T09:38:00Z,2690.47,2690.97,2689.67,2690.54,232.6423,2690.39333333,3.17214286,0.05,0.9,0,TREND_UP,NORMAL,ALIGNED,HEALTHY,ALLOW
2026-09-30T09:39:00Z,2690.53,2690.97,2689.12,2689.12,139.536,2689.73666667,3.13428571,0.05,0.9,0,TREND_DOWN,NORMAL,NEUTRAL,HEALTHY,ALLOW
2026-09-30T09:40:00Z,2689.12,2689.13,2687.44,2687.45,268.0894,2688.00666667,3.19071429,0.05,0.9,0,TREND_DOWN,NORMAL,NEUTRAL,HEALTHY,ALLOW
2026-09-30T09:41:00Z,2687.44,2687.45,2686.29,2687.36,122.5526,2687.03333333,3.06357143,0.05,0.9,0,TREND_DOWN,NORMAL,NEUTRAL,HEALTHY,ALLOW
2026-09-30T09:42:00Z,2687.36,2689.36,2687.14,2689.11,126.8511,2688.53666667,3.14857143,0.05,0.9,0,TREND_UP,NORMAL,ALIGNED,HEALTHY,ALLOW
2026-09-30T09:43:00Z,2689.1,2689.1,2687.72,2687.72,90.1368,2688.18,3.20642857,0.05,0.9,0,TREND_DOWN,NORMAL,NEUTRAL,HEALTHY,ALLOW
2026-09-30T09:44:00Z,2687.72,2689.47,2687.72,2689.26,130.2561,2688.81666667,2.98714286,0.05,0.9,0,TREND_UP,NORMAL,ALIGNED,HEALTHY,ALLOW
2026-09-30T09:45:00Z,2689.25,2689.51,2687.32,2687.46,90.2813,2688.09666667,2.84142857,0.05,0.9,0,TREND_DOWN,NORMAL,NEUTRAL,HEALTHY,ALLOW
2026-09-30T09:46:00Z,2687.45,2688.49,2687.18,2688.49,89.8152,2688.05333333,2.06714286,0.05,0.9,0,TREND_UP,NORMAL,ALIGNED,HEALTHY,ALLOW
2026-09-30T09:47:00Z,2688.49,2688.87,2687.72,2688.87,83.3736,2688.48666667,1.86357143,0.05,0.9,0,TREND_UP,NORMAL,ALIGNED,HEALTHY,ALLOW
2026-09-30T09:48:00Z,2688.87,2689.52,2688.87,2689.46,43.1195,2689.28333333,1.68285714,0.05,0.9,0,TREND_UP,NORMAL,ALIGNED,HEALTHY,ALLOW
2026-09-30T09:49:00Z,2689.46,2690.2,2688.8,2690.19,76.2895,2689.73,1.54071429,0.05,0.9,0,TREND_UP,NORMAL,ALIGNED,HEALTHY,ALLOW
2026-09-30T09:50:00Z,2690.2,2690.6,2689.48,2690.17,52.5787,2690.08333333,1.48928571,0.05,0.9,0,TREND_DOWN,NORMAL,NEUTRAL,HEALTHY,ALLOW
2026-09-30T09:51:00Z,2690.17,2692.05,2690.16,2691.68,65.1735,2691.29666667,1.505,0.05,0.9,0,TREND_UP,NORMAL,ALIGNED,HEALTHY,ALLOW
2026-09-30T09:52:00Z,2691.68,2691.68,2688.87,2688.98,206.6726,2689.84333333,1.61285714,0.05,0.9,0,TREND_DOWN,NORMAL,NEUTRAL,HEALTHY,ALLOW
2026-09-30T09:53:00Z,2688.97,2689.12,2688.12,2689.06,139.0539,2688.76666667,1.55214286,0.05,0.9,0,TREND_UP,NORMAL,ALIGNED,HEALTHY,ALLOW
2026-09-30T09:54:00Z,2689.06,2690.5,2689.06,2690.32,151.3767,2689.96,1.53428571,0.05,0.9,0,TREND_UP,NORMAL,ALIGNED,HEALTHY,ALLOW
2026-09-30T09:55:00Z,2690.22,2691.18,2690.22,2690.46,206.0689,2690.62,1.52,0.05,0.9,0,TREND_UP,NORMAL,ALIGNED,HEALTHY,ALLOW
2026-09-30T09:56:00Z,2690.46,2690.46,2689.41,2689.55,107.2255,2689.80666667,1.43642857,0.05,0.9,0,TREND_DOWN,NORMAL,NEUTRAL,HEALTHY,ALLOW
2026-09-30T09:57:00Z,2689.54,2689.85,2689.54,2689.84,40.9143,2689.74333333,1.35928571,0.05,0.9,0,TREND_UP,NORMAL,ALIGNED,HEALTHY,ALLOW
2026-09-30T09:58:00Z,2689.85,2689.85,2688.28,2688.67,170.2765,2688.93333333,1.34642857,0.05,0.9,0,TREND_DOWN,NORMAL,NEUTRAL,HEALTHY,ALLOW
2026-09-30T09:59:00Z,2688.68,2688.68,2688.36,2688.67,93.4487,2688.57,1.21285714,0.05,0.9,0,TREND_DOWN,NORMAL,NEUTRAL,HEALTHY,ALLOW
2026-09-30T10:00:00Z,2688.68,2692.05,2688.67,2691.34,436.352,2690.68666667,1.36071429,0.05,0.9,0,TREND_UP,NORMAL,ALIGNED,HEALTHY,ALLOW
2026-09-30T10:01:00Z,2691.33,2691.9,2690.2,2690.21,122.5222,2690.77,1.4,0.05,0.9,0,TREND_DOWN,NORMAL,NEUTRAL,HEALTHY,ALLOW
2026-09-30T10:02:00Z,2690.2,2690.61,2689.09,2689.86,243.9401,2689.85333333,1.46214286,0.05,0.9,0,TREND_DOWN,NORMAL,NEUTRAL,HEALTHY,ALLOW
2026-09-30T10:03:00Z,2689.86,2689.87,2689.04,2689.04,122.4931,2689.31666667,1.42142857,0.05,0.9,0,TREND_DOWN,NORMAL,NEUTRAL,HEALTHY,ALLOW
2026-09-30T10:04:00Z,2689.04,2690.86,2689.03,2690.02,156.2405,2689.97,1.47214286,0.05,0.9,0,TREND_UP,NORMAL,ALIGNED,HEALTHY,ALLOW
2026-09-30T10:05:00Z,2690.01,2690.14,2689.55,2690.14,78.4417,2689.94333333,1.37928571,0.05,0.9,0,TREND_UP,NORMAL,ALIGNED,HEALTHY,ALLOW
2026-09-30T10:06:00Z,2690.14,2690.72,2690.14,2690.32,101.8919,2690.39333333,1.22,0.05,0.9,0,TREND_UP,NORMAL,ALIGNED,HEALTHY,ALLOW
2026-09-30T10:07:00Z,2690.32,2691.26,2690.05,2690.44,100.9547,2690.58333333,1.235,0.05,0.9,0,TREND_UP,NORMAL,ALIGNED,HEALTHY,ALLOW
2026-09-30T10:08:00Z,2690.43,2691.29,2690.43,2691.29,101.5788,2691.00333333,1.19357143,0.05,0.9,0,TREND_UP,NORMAL,ALIGNED,HEALTHY,ALLOW
2026-09-30T10:09:00Z,2691.29,2691.6,2690.58,2690.94,116.4712,2691.04,1.19785714,0.05,0.9,0,TREND_DOWN,NORMAL,NEUTRAL,HEALTHY,ALLOW
2026-09-30T10:10:00Z,2690.94,2690.94,2690.43,2690.94,61.9128,2690.77,1.15928571,0.05,0.9,0,TREND_UP,NORMAL,ALIGNED,HEALTHY,ALLOW
2026-09-30T10:11:00Z,2690.93,2691.29,2690.93,2691.29,62.6441,2691.17,1.16285714,0.05,0.9,0,TREND_UP,NORMAL,ALIGNED,HEALTHY,ALLOW
2026-09-30T10:12:00Z,2691.28,2691.75,2691.02,2691.6,94.2349,2691.45666667,1.10285714,0.05,0.9,0,TREND_UP,NORMAL,ALIGNED,HEALTHY,ALLOW
2026-09-30T10:13:00Z,2691.6,2692.05,2691.6,2691.66,156.2387,2691.77,1.11214286,0.05,0.9,0,TREND_UP,NORMAL,ALIGNED,HEALTHY,ALLOW
2026-09-30T10:14:00Z,2691.65,2693.07,2689.84,2689.84,289.704,2690.91666667,1.10142857,0.05,0.9,0,TREND_DOWN,NORMAL,NEUTRAL,HEALTHY,ALLOW
2026-09-30T10:15:00Z,2689.83,2691.0,2688.79,2689.05,164.3864,2689.61333333,1.13785714,0.05,0.9,0,TREND_DOWN,NORMAL,NEUTRAL,HEALTHY,ALLOW
2026-09-30T10:16:00Z,2689.05,2689.07,2687.56,2688.7,352.7188,2688.44333333,1.13714286,0.05,0.9,0,TREND_DOWN,NORMAL,NEUTRAL,HEALTHY,ALLOW
2026-09-30T10:17:00Z,2688.7,2690.37,2688.7,2689.88,97.1321,2689.65,1.19714286,0.05,0.9,0,TREND_UP,NORMAL,ALIGNED,HEALTHY,ALLOW
2026-09-30T10:18:00Z,2689.87,2689.93,2688.46,2688.92,62.149,2689.10333333,1.17142857,0.05,0.9,0,TREND_DOWN,NORMAL,NEUTRAL,HEALTHY,ALLOW
2026-09-30T10:19:00Z,2688.93,2690.87,2688.93,2690.37,78.7554,2690.05666667,1.26857143,0.05,0.9,0,TREND_UP,NORMAL,ALIGNED,HEALTHY,ALLOW
2026-09-30T10:20:00Z,2690.36,2692.1,2690.36,2692.1,46.3473,2691.52,1.35142857,0.05,0.9,0,TREND_UP,NORMAL,ALIGNED,HEALTHY,ALLOW
2026-09-30T10:21:00Z,2692.1,2694.84,2692.1,2694.02,300.4732,2693.65333333,1.46071429,0.05,0.9,0,TREND_UP,NORMAL,ALIGNED,HEALTHY,ALLOW
2026-09-30T10:22:00Z,2694.03,2694.03,2691.43,2691.44,115.8835,2692.3,1.585,0.05,0.9,0,TREND_DOWN,NORMAL,NEUTRAL,HEALTHY,ALLOW
2026-09-30T10:23:00Z,2691.43,2692.62,2691.39,2691.55,184.799,2691.85333333,1.6,0.05,0.9,0,TREND_UP,NORMAL,ALIGNED,HEALTHY,ALLOW
2026-09-30T10:24:00Z,2691.54,2692.83,2691.54,2692.82,130.8053,2692.39666667,1.65571429,0.05,0.9,0,TREND_UP,NORMAL,ALIGNED,HEALTHY,ALLOW
2026-09-30T10:25:00Z,2692.83,2694.67,2692.82,2694.66,126.5319,2694.05,1.76214286,0.05,0.9,0,TREND_UP,NORMAL,ALIGNED,HEALTHY,ALLOW
2026-09-30T10:26:00Z,2694.66,2695.0,2694.38,2695.0,74.5635,2694.79333333,1.75428571,0.05,0.9,0,TREND_UP,NORMAL,ALIGNED,HEALTHY,ALLOW
2026-09-30T10:27:00Z,2694.99,2695.0,2692.83,2692.84,207.3793,2693.55666667,1.87714286,0.05,0.9,0,TREND_DOWN,NORMAL,NEUTRAL,HEALTHY,ALLOW
2026-09-30T10:28:00Z,2692.83,2693.13,2692.4,2693.13,91.4734,2692.88666667,1.69857143,0.05,0.9,0,TREND_UP,NORMAL,ALIGNED,HEALTHY,ALLOW
2026-09-30T10:29:00Z,2693.13,2693.13,2693.05,2693.05,25.5135,2693.07666667,1.54642857,0.05,0.9,0,TREND_DOWN,NORMAL,NEUTRAL,HEALTHY,ALLOW
2026-09-30T10:30:00Z,2693.04,2694.92,2692.93,2694.92,92.5669,2694.25666667,1.58071429,0.05,0.9,0,TREND_UP,NORMAL,ALIGNED,HEALTHY,ALLOW
2026-09-30T10:31:00Z,2694.93,2696.94,2694.92,2696.94,153.8777,2696.26666667,1.60571429,0.05,0.9,0,TREND_UP,NORMAL,ALIGNED,HEALTHY,ALLOW
2026-09-30T10:32:00Z,2696.95,2697.7,2696.47,2697.17,184.8632,2697.11333333,1.58857143,0.05,0.9,0,TREND_UP,NORMAL,ALIGNED,HEALTHY,ALLOW
2026-09-30T10:33:00Z,2697.17,2697.7,2696.22,2697.7,319.778,2697.20666667,1.555,0.05,0.9,0,TREND_UP,NORMAL,ALIGNED,HEALTHY,ALLOW
2026-09-30T10:34:00Z,2697.69,2697.7,2696.94,2697.15,52.2342,2697.26333333,1.485,0.05,0.9,0,TREND_DOWN,NORMAL,NEUTRAL,HEALTHY,ALLOW
2026-09-30T10:35:00Z,2697.15,2697.26,2696.22,2696.67,205.6906,2696.71666667,1.36357143,0.05,0.9,0,TREND_DOWN,NORMAL,NEUTRAL,HEALTHY,ALLOW
2026-09-30T10:36:00Z,2696.66,2697.12,2696.22,2696.25,91.4304,2696.53,1.24214286,0.05,0.9,0,TREND_DOWN,NORMAL,NEUTRAL,HEALTHY,ALLOW
2026-09-30T10:37:00Z,2696.24,2696.61,2696.0,2696.04,148.9601,2696.21666667,1.19785714,0.05,0.9,0,TREND_DOWN,NORMAL,NEUTRAL,HEALTHY,ALLOW
2026-09-30T10:38:00Z,2696.04,2697.03,2696.03,2697.03,95.0075,2696.69666667,1.17714286,0.05,0.9,0,TREND_UP,NORMAL,ALIGNED,HEALTHY,ALLOW
2026-09-30T10:39:00Z,2697.02,2697.03,2694.28,2694.65,205.2718,2695.32,1.24142857,0.05,0.9,0,TREND_DOWN,NORMAL,NEUTRAL,HEALTHY,ALLOW
2026-09-30T10:40:00Z,2694.65,2694.67,2693.85,2693.88,88.6655,2694.13333333,1.25571429,0.05,0.9,0,TREND_DOWN,NORMAL,NEUTRAL,HEALTHY,ALLOW
2026-09-30T10:41:00Z,2693.89,2693.89,2692.58,2692.9,142.7275,2693.12333333,1.19428571,0.05,0.9,0,TREND_DOWN,NORMAL,NEUTRAL,HEALTHY,ALLOW
2026-09-30T10:42:00Z,2692.9,2694.07,2692.57,2693.33,132.4235,2693.32333333,1.24928571,0.05,0.9,0,TREND_UP,NORMAL,ALIGNED,HEALTHY,ALLOW
2026-09-30T10:43:00Z,2693.33,2694.06,2692.77,2694.06,76.9343,2693.63,1.33571429,0.05,0.9,0,TREND_UP,NORMAL,ALIGNED,HEALTHY,ALLOW
2026-09-30T10:44:00Z,2694.06,2694.49,2693.93,2694.11,66.7453,2694.17666667,1.23357143,0.05,0.9,0,TREND_UP,NORMAL,ALIGNED,HEALTHY,ALLOW
2026-09-30T10:45:00Z,2694.11,2694.49,2693.36,2693.46,69.5335,2693.77,1.17,0.05,0.9,0,TREND_DOWN,NORMAL,NEUTRAL,HEALTHY,ALLOW
2026-09-30T10:46:00Z,2693.46,2693.79,2693.23,2693.28,93.1423,2693.43333333,1.12214286,0.05,0.9,0,TREND_DOWN,NORMAL,NEUTRAL,HEALTHY,ALLOW
2026-09-30T10:47:00Z,2693.28,2693.98,2693.22,2693.98,73.9891,2693.72666667,1.07071429,0.05,0.9,0,TREND_UP,NORMAL,ALIGNED,HEALTHY,ALLOW
2026-09-30T10:48:00Z,2693.98,2694.11,2693.08,2693.85,47.9033,2693.68,1.09,0.05,0.9,0,TREND_DOWN,NORMAL,NEUTRAL,HEALTHY,ALLOW
2026-09-30T10:49:00Z,2693.84,2694.62,2693.36,2693.47,67.1745,2693.81666667,1.10571429,0.05,0.9,0,TREND_DOWN,NORMAL,NEUTRAL,HEALTHY,ALLOW
2026-09-30T10:50:00Z,2693.47,2694.32,2693.46,2693.91,70.134,2693.89666667,1.10285714,0.05,0.9,0,TREND_UP,NORMAL,ALIGNED,HEALTHY,ALLOW
2026-09-30T10:51:00Z,2693.91,2694.18,2693.57,2694.17,71.6783,2693.97333333,1.10285714,0.05,0.9,0,TREND_UP,NORMAL,ALIGNED,HEALTHY,ALLOW
2026-09-30T10:52:00Z,2694.18,2695.73,2694.18,2695.31,140.7548,2695.07333333,1.14285714,0.05,0.9,0,TREND_UP,NORMAL,ALIGNED,HEALTHY,ALLOW
2026-09-30T10:53:00Z,2695.32,2695.44,2694.75,2695.44,44.4852,2695.21,0.99571429,0.05,0.9,0,TREND_UP,NORMAL,ALIGNED,HEALTHY,ALLOW
2026-09-30T10:54:00Z,2695.43,2695.86,2695.43,2695.73,136.6849,2695.67333333,0.96785714,0.05,0.9,0,TREND_UP,NORMAL,ALIGNED,HEALTHY,ALLOW
2026-09-30T10:55:00Z,2695.74,2695.74,2695.06,2695.09,165.0729,2695.29666667,0.92285714,0.05,0.9,0,TREND_DOWN,NORMAL,NEUTRAL,HEALTHY,ALLOW
2026-09-30T10:56:00Z,2695.1,2695.9,2694.06,2695.59,143.4577,2695.18333333,0.94714286,0.05,0.9,0,TREND_UP,NORMAL,ALIGNED,HEALTHY,ALLOW
2026-09-30T10:57:00Z,2695.57,2695.67,2695.26,2695.66,96.9489,2695.53,0.88428571,0.05,0.9,0,TREND_UP,NORMAL,ALIGNED,HEALTHY,ALLOW
2026-09-30T10:58:00Z,2695.66,2695.69,2695.06,2695.69,225.7898,2695.48,0.88928571,0.05,0.9,0,TREND_UP,NORMAL,ALIGNED,HEALTHY,ALLOW
2026-09-30T10:59:00Z,2695.68,2695.7,2695.59,2695.61,108.6449,2695.63333333,0.81642857,0.05,0.9,0,TREND_DOWN,NORMAL,NEUTRAL,HEALTHY,ALLOW
2026-09-30T11:00:00Z,2695.6,2695.6,2691.93,2691.93,261.276,2693.15333333,1.03928571,0.05,0.9,0,TREND_DOWN,NORMAL,NEUTRAL,HEALTHY,ALLOW
2026-09-30T11:01:00Z,2691.92,2691.92,2688.93,2689.49,585.0933,2690.11333333,1.19928571,0.05,0.9,0,TREND_DOWN,NORMAL,NEUTRAL,HEALTHY,ALLOW
2026-09-30T11:02:00Z,2689.49,2689.49,2689.05,2689.34,79.82,2689.29333333,1.15714286,0.05,0.9,0,TREND_DOWN,NORMAL,NEUTRAL,HEALTHY,ALLOW
2026-09-30T11:03:00Z,2689.34,2691.21,2689.34,2691.21,260.4045,2690.58666667,1.20071429,0.05,0.9,0,TREND_UP,NORMAL,ALIGNED,HEALTHY,ALLOW
2026-09-30T11:04:00Z,2691.2,2691.2,2689.86,2690.17,161.4131,2690.41,1.23571429,0.05,0.9,0,TREND_DOWN,NORMAL,NEUTRAL,HEALTHY,ALLOW
2026-09-30T11:05:00Z,2690.17,2690.63,2689.84,2689.84,74.1442,2690.10333333,1.24857143,0.05,0.9,0,TREND_DOWN,NORMAL,NEUTRAL,HEALTHY,ALLOW
2026-09-30T11:06:00Z,2689.83,2689.83,2688.19,2688.19,187.1141,2688.73666667,1.255,0.05,0.9,0,TREND_DOWN,NORMAL,NEUTRAL,HEALTHY,ALLOW
2026-09-30T11:07:00Z,2688.2,2688.2,2685.37,2686.69,158.5418,2686.75333333,1.40785714,0.05,0.9,0,TREND_DOWN,NORMAL,NEUTRAL,HEALTHY,ALLOW
2026-09-30T11:08:00Z,2686.69,2690.1,2686.68,2689.24,242.4507,2688.67333333,1.62142857,0.05,0.9,0,TREND_UP,NORMAL,ALIGNED,HEALTHY,ALLOW
2026-09-30T11:09:00Z,2689.23,2690.37,2688.33,2688.33,169.5455,2689.01,1.71857143,0.05,0.9,0,TREND_DOWN,NORMAL,NEUTRAL,HEALTHY,ALLOW
2026-09-30T11:10:00Z,2688.33,2688.6,2688.25,2688.59,87.4456,2688.48,1.61214286,0.05,0.9,0,TREND_UP,NORMAL,ALIGNED,HEALTHY,ALLOW
2026-09-30T11:11:00Z,2688.59,2688.6,2687.93,2688.16,60.7278,2688.23,1.63071429,0.05,0.9,0,TREND_DOWN,NORMAL,NEUTRAL,HEALTHY,ALLOW
2026-09-30T11:12:00Z,2688.16,2690.79,2688.16,2690.79,93.411,2689.91333333,1.77357143,0.05,0.9,0,TREND_UP,NORMAL,ALIGNED,HEALTHY,ALLOW
2026-09-30T11:13:00Z,2690.79,2691.67,2690.5,2690.5,119.872,2690.89,1.84928571,0.05,0.9,0,TREND_DOWN,NORMAL,NEUTRAL,HEALTHY,ALLOW
2026-09-30T11:14:00Z,2690.5,2691.16,2689.55,2690.36,88.1397,2690.35666667,1.70142857,0.05,0.9,0,TREND_DOWN,NORMAL,NEUTRAL,HEALTHY,ALLOW
2026-09-30T11:15:00Z,2690.36,2690.82,2689.9,2689.9,57.8903,2690.20666667,1.55285714,0.05,0.9,0,TREND_DOWN,NORMAL,NEUTRAL,HEALTHY,ALLOW
2026-09-30T11:16:00Z,2689.9,2689.92,2689.3,2689.73,66.7389,2689.65,1.56571429,0.05,0.9,0,TREND_DOWN,NORMAL,NEUTRAL,HEALTHY,ALLOW
2026-09-30T11:17:00Z,2689.72,2689.74,2688.66,2689.21,155.2507,2689.20333333,1.50928571,0.05,0.9,0,TREND_DOWN,NORMAL,NEUTRAL,HEALTHY,ALLOW
2026-09-30T11:18:00Z,2689.2,2690.37,2689.2,2690.37,36.179,2689.98,1.49642857,0.05,0.9,0,TREND_UP,NORMAL,ALIGNED,HEALTHY,ALLOW
2026-09-30T11:19:00Z,2690.37,2691.0,2687.77,2687.77,102.3758,2688.84666667,1.67071429,0.05,0.9,0,TREND_DOWN,NORMAL,NEUTRAL,HEALTHY,ALLOW
2026-09-30T11:20:00Z,2687.77,2687.99,2687.26,2687.73,124.4137,2687.66,1.605,0.05,0.9,0,TREND_DOWN,NORMAL,NEUTRAL,HEALTHY,ALLOW
2026-09-30T11:21:00Z,2687.73,2688.83,2687.73,2688.05,105.9369,2688.20333333,1.48142857,0.05,0.9,0,TREND_UP,NORMAL,ALIGNED,HEALTHY,ALLOW
2026-09-30T11:22:00Z,2688.04,2689.7,2687.93,2689.69,71.3616,2689.10666667,1.36357143,0.05,0.9,0,TREND_UP,NORMAL,ALIGNED,HEALTHY,ALLOW
2026-09-30T11:23:00Z,2689.7,2694.51,2689.69,2694.51,211.9761,2692.90333333,1.56214286,0.05,0.9,0,TREND_UP,NORMAL,ALIGNED,HEALTHY,ALLOW
2026-09-30T11:24:00Z,2694.51,2695.79,2694.2,2694.38,157.8277,2694.79,1.65071429,0.05,0.9,0,TREND_DOWN,NORMAL,NEUTRAL,HEALTHY,ALLOW
2026-09-30T11:25:00Z,2694.37,2695.13,2693.84,2694.99,106.0387,2694.65333333,1.695,0.05,0.9,0,TREND_UP,NORMAL,ALIGNED,HEALTHY,ALLOW
2026-09-30T11:26:00Z,2694.99,2695.14,2694.19,2694.19,71.5899,2694.50666667,1.575,0.05,0.9,0,TREND_DOWN,NORMAL,NEUTRAL,HEALTHY,ALLOW
2026-09-30T11:27:00Z,2694.2,2694.2,2692.97,2693.26,97.116,2693.47666667,1.57928571,0.05,0.9,0,TREND_DOWN,NORMAL,NEUTRAL,HEALTHY,ALLOW
2026-09-30T11:28:00Z,2693.25,2693.73,2692.58,2693.47,124.6363,2693.26,1.54642857,0.05,0.9,0,TREND_UP,NORMAL,ALIGNED,HEALTHY,ALLOW
2026-09-30T11:29:00Z,2693.46,2694.42,2693.45,2693.48,83.0553,2693.78333333,1.55,0.05,0.9,0,TREND_UP,NORMAL,ALIGNED,HEALTHY,ALLOW
2026-09-30T11:30:00Z,2693.48,2693.92,2692.79,2693.13,107.1861,2693.28,1.58642857,0.05,0.9,0,TREND_DOWN,NORMAL,NEUTRAL,HEALTHY,ALLOW
2026-09-30T11:31:00Z,2693.12,2693.4,2691.85,2691.91,178.1938,2692.38666667,1.62,0.05,0.9,0,TREND_DOWN,NORMAL,NEUTRAL,HEALTHY,ALLOW
2026-09-30T11:32:00Z,2691.9,2692.18,2691.84,2692.17,37.0663,2692.06333333,1.56071429,0.05,0.9,0,TREND_UP,NORMAL,ALIGNED,HEALTHY,ALLOW
2026-09-30T11:33:00Z,2692.18,2693.23,2692.17,2693.22,90.7718,2692.87333333,1.40571429,0.05,0.9,0,TREND_UP,NORMAL,ALIGNED,HEALTHY,ALLOW
2026-09-30T11:34:00Z,2693.23,2694.81,2693.22,2694.8,53.8043,2694.27666667,1.46714286,0.05,0.9,0,TREND_UP,NORMAL,ALIGNED,HEALTHY,ALLOW
2026-09-30T11:35:00Z,2694.8,2695.85,2694.8,2695.84,45.9876,2695.49666667,1.46357143,0.05,0.9,0,TREND_UP,NORMAL,ALIGNED,HEALTHY,ALLOW
2026-09-30T11:36:00Z,2695.84,2696.0,2694.34,2696.0,147.4589,2695.44666667,1.45571429,0.05,0.9,0,TREND_UP,NORMAL,ALIGNED,HEALTHY,ALLOW
2026-09-30T11:37:00Z,2695.99,2697.41,2695.99,2697.1,255.3871,2696.83333333,1.21285714,0.05,0.9,0,TREND_UP,NORMAL,ALIGNED,HEALTHY,ALLOW
2026-09-30T11:38:00Z,2697.09,2699.5,2697.09,2698.81,192.4029,2698.46666667,1.27142857,0.05,0.9,0,TREND_UP,NORMAL,ALIGNED,HEALTHY,ALLOW
2026-09-30T11:39:00Z,2698.82,2699.32,2697.89,2699.31,284.775,2698.84,1.28142857,0.05,0.9,0,TREND_UP,NORMAL,ALIGNED,HEALTHY,ALLOW
2026-09-30T11:40:00Z,2699.32,2699.86,2699.05,2699.86,181.0536,2699.59,1.27142857,0.05,0.9,0,TREND_UP,NORMAL,ALIGNED,HEALTHY,ALLOW
2026-09-30T11:41:00Z,2699.86,2700.0,2697.97,2697.98,501.41,2698.65,1.32857143,0.05,0.9,0,TREND_DOWN,NORMAL,NEUTRAL,HEALTHY,ALLOW
2026-09-30T11:42:00Z,2697.97,2697.98,2696.86,2697.89,158.848,2697.57666667,1.32642857,0.05,0.9,0,TREND_DOWN,NORMAL,NEUTRAL,HEALTHY,ALLOW
2026-09-30T11:43:00Z,2697.89,2699.66,2697.79,2699.34,150.8738,2698.93,1.39071429,0.05,0.9,0,TREND_UP,NORMAL,ALIGNED,HEALTHY,ALLOW
2026-09-30T11:44:00Z,2699.33,2699.66,2698.23,2699.07,63.2369,2698.98666667,1.41214286,0.05,0.9,0,TREND_DOWN,NORMAL,NEUTRAL,HEALTHY,ALLOW
2026-09-30T11:45:00Z,2699.06,2699.07,2698.0,2698.01,69.9883,2698.36,1.37785714,0.05,0.9,0,TREND_DOWN,NORMAL,NEUTRAL,HEALTHY,ALLOW
2026-09-30T11:46:00Z,2698.01,2700.0,2697.51,2698.87,246.3023,2698.79333333,1.53142857,0.05,0.9,0,TREND_UP,NORMAL,ALIGNED,HEALTHY,ALLOW
2026-09-30T11:47:00Z,2698.88,2698.88,2695.39,2697.11,323.2484,2697.12666667,1.705,0.05,0.9,0,TREND_DOWN,NORMAL,NEUTRAL,HEALTHY,ALLOW
2026-09-30T11:48:00Z,2697.11,2697.43,2696.23,2696.74,57.4649,2696.8,1.67714286,0.05,0.9,0,TREND_DOWN,NORMAL,NEUTRAL,HEALTHY,ALLOW
2026-09-30T11:49:00Z,2696.75,2697.37,2696.17,2696.86,155.9588,2696.8,1.68785714,0.05,0.9,0,TREND_UP,NORMAL,ALIGNED,HEALTHY,ALLOW
2026-09-30T11:50:00Z,2696.85,2696.88,2695.42,2695.68,114.9345,2695.99333333,1.67357143,0.05,0.9,0,TREND_DOWN,NORMAL,NEUTRAL,HEALTHY,ALLOW
2026-09-30T11:51:00Z,2695.67,2696.26,2695.03,2695.53,107.9048,2695.60666667,1.66,0.05,0.9,0,TREND_DOWN,NORMAL,NEUTRAL,HEALTHY,ALLOW
2026-09-30T11:52:00Z,2695.54,2695.85,2695.28,2695.29,69.5075,2695.47333333,1.52857143,0.05,0.9,0,TREND_DOWN,NORMAL,NEUTRAL,HEALTHY,ALLOW
2026-09-30T11:53:00Z,2695.28,2696.57,2695.28,2695.91,125.1747,2695.92,1.51857143,0.05,0.9,0,TREND_UP,NORMAL,ALIGNED,HEALTHY,ALLOW
2026-09-30T11:54:00Z,2695.91,2695.91,2695.33,2695.53,48.3271,2695.59,1.50214286,0.05,0.9,0,TREND_DOWN,NORMAL,NEUTRAL,HEALTHY,ALLOW
2026-09-30T11:55:00Z,2695.52,2695.53,2695.2,2695.34,54.2776,2695.35666667,1.38071429,0.05,0.9,0,TREND_DOWN,NORMAL,NEUTRAL,HEALTHY,ALLOW
2026-09-30T11:56:00Z,2695.34,2696.27,2695.33,2695.5,94.5332,2695.7,1.36785714,0.05,0.9,0,TREND_UP,NORMAL,ALIGNED,HEALTHY,ALLOW
2026-09-30T11:57:00Z,2695.51,2696.21,2695.51,2695.94,71.5703,2695.88666667,1.285,0.05,0.9,0,TREND_UP,NORMAL,ALIGNED,HEALTHY,ALLOW
2026-09-30T11:58:00Z,2695.94,2696.46,2695.88,2696.46,42.172,2696.26666667,1.22428571,0.05,0.9,0,TREND_UP,NORMAL,ALIGNED,HEALTHY,ALLOW
2026-09-30T11:59:00Z,2696.46,2698.07,2696.46,2697.8,64.2462,2697.44333333,1.26285714,0.05,0.9,0,TREND_UP,NORMAL,ALIGNED,HEALTHY,ALLOW
2026-09-30T12:00:00Z,2697.79,2698.82,2696.89,2698.5,92.9385,2698.07,1.22285714,0.05,0.9,0,TREND_UP,NORMAL,ALIGNED,HEALTHY,ALLOW
2026-09-30T12:01:00Z,2698.5,2698.5,2696.46,2696.58,146.3478,2697.18,1.11928571,0.05,0.9,0,TREND_DOWN,NORMAL,NEUTRAL,HEALTHY,ALLOW
2026-09-30T12:02:00Z,2696.59,2697.19,2695.51,2695.51,104.3812,2696.07,1.15357143,0.05,0.9,0,TREND_DOWN,NORMAL,NEUTRAL,HEALTHY,ALLOW
2026-09-30T12:03:00Z,2695.51,2695.99,2695.16,2695.16,49.4831,2695.43666667,1.12714286,0.05,0.9,0,TREND_DOWN,NORMAL,NEUTRAL,HEALTHY,ALLOW
2026-09-30T12:04:00Z,2695.17,2697.0,2695.16,2696.19,111.8474,2696.11666667,1.15428571,0.05,0.9,0,TREND_UP,NORMAL,ALIGNED,HEALTHY,ALLOW
2026-09-30T12:05:00Z,2696.19,2696.21,2694.44,2694.44,96.7235,2695.03,1.19285714,0.05,0.9,0,TREND_DOWN,NORMAL,NEUTRAL,HEALTHY,ALLOW
2026-09-30T12:06:00Z,2694.45,2694.72,2693.46,2693.46,152.2785,2693.88,1.24214286,0.05,0.9,0,TREND_DOWN,NORMAL,NEUTRAL,HEALTHY,ALLOW
2026-09-30T12:07:00Z,2693.47,2693.47,2692.61,2693.46,169.1445,2693.18,1.21142857,0.05,0.9,0,TREND_DOWN,NORMAL,NEUTRAL,HEALTHY,ALLOW
2026-09-30T12:08:00Z,2693.47,2694.0,2692.87,2694.0,55.7681,2693.62333333,1.25071429,0.05,0.9,0,TREND_UP,NORMAL,ALIGNED,HEALTHY,ALLOW
2026-09-30T12:09:00Z,2694.0,2695.2,2693.99,2694.37,108.6532,2694.52,1.31357143,0.05,0.9,0,TREND_UP,NORMAL,ALIGNED,HEALTHY,ALLOW
2026-09-30T12:10:00Z,2694.38,2695.27,2694.37,2695.27,38.1725,2694.97,1.31071429,0.05,0.9,0,TREND_UP,NORMAL,ALIGNED,HEALTHY,ALLOW
2026-09-30T12:11:00Z,2695.27,2696.0,2695.04,2695.93,71.3601,2695.65666667,1.32857143,0.05,0.9,0,TREND_UP,NORMAL,ALIGNED,HEALTHY,ALLOW
2026-09-30T12:12:00Z,2695.93,2696.57,2695.8,2696.57,37.153,2696.31333333,1.34214286,0.05,0.9,0,TREND_UP,NORMAL,ALIGNED,HEALTHY,ALLOW
2026-09-30T12:13:00Z,2696.58,2698.28,2696.58,2697.63,94.5561,2697.49666667,1.34928571,0.05,0.9,0,TREND_UP,NORMAL,ALIGNED,HEALTHY,ALLOW
2026-09-30T12:14:00Z,2697.66,2699.51,2697.66,2699.51,114.3757,2698.89333333,1.34571429,0.05,0.9,0,TREND_UP,NORMAL,ALIGNED,HEALTHY,ALLOW
2026-09-30T12:15:00Z,2699.51,2699.66,2695.68,2696.2,164.4043,2697.18,1.48428571,0.05,0.9,0,TREND_DOWN,NORMAL,NEUTRAL,HEALTHY,ALLOW
2026-09-30T12:16:00Z,2696.2,2696.21,2693.48,2694.53,105.2632,2694.74,1.55928571,0.05,0.9,0,TREND_DOWN,NORMAL,NEUTRAL,HEALTHY,ALLOW
2026-09-30T12:17:00Z,2694.52,2695.71,2693.59,2694.86,70.7157,2694.72,1.65142857,0.05,0.9,0,TREND_UP,NORMAL,ALIGNED,HEALTHY,ALLOW
2026-09-30T12:18:00Z,2694.85,2695.26,2694.24,2694.83,74.3767,2694.77666667,1.59285714,0.05,0.9,0,TREND_DOWN,NORMAL,NEUTRAL,HEALTHY,ALLOW
2026-09-30T12:19:00Z,2694.82,2696.07,2694.63,2694.63,87.7815,2695.11,1.56928571,0.05,0.9,0,TREND_DOWN,NORMAL,NEUTRAL,HEALTHY,ALLOW
2026-09-30T12:20:00Z,2694.64,2695.15,2693.17,2693.47,90.2612,2693.93,1.62071429,0.05,0.9,0,TREND_DOWN,NORMAL,NEUTRAL,HEALTHY,ALLOW
2026-09-30T12:21:00Z,2693.47,2695.69,2693.47,2695.69,99.4624,2694.95,1.71785714,0.05,0.9,0,TREND_UP,NORMAL,ALIGNED,HEALTHY,ALLOW
2026-09-30T12:22:00Z,2695.68,2698.89,2695.31,2698.89,99.4927,2697.69666667,1.89285714,0.05,0.9,0,TREND_UP,NORMAL,ALIGNED,HEALTHY,ALLOW
2026-09-30T12:23:00Z,2698.89,2699.0,2696.21,2696.22,136.9665,2697.14333333,2.00571429,0.05,0.9,0,TREND_DOWN,NORMAL,NEUTRAL,HEALTHY,ALLOW
2026-09-30T12:24:00Z,2696.22,2698.89,2696.21,2698.38,105.3681,2697.82666667,2.13285714,0.05,0.9,0,TREND_UP,NORMAL,ALIGNED,HEALTHY,ALLOW
2026-09-30T12:25:00Z,2698.39,2699.99,2698.38,2698.73,131.0934,2699.03333333,2.17928571,0.05,0.9,0,TREND_UP,NORMAL,ALIGNED,HEALTHY,ALLOW
2026-09-30T12:26:00Z,2698.73,2699.66,2697.11,2697.11,233.4493,2697.96,2.30642857,0.05,0.9,0,TREND_DOWN,NORMAL,NEUTRAL,HEALTHY,ALLOW
2026-09-30T12:27:00Z,2697.11,2697.62,2696.95,2697.5,119.5243,2697.35666667,2.23214286,0.05,0.9,0,TREND_UP,NORMAL,ALIGNED,HEALTHY,ALLOW
2026-09-30T12:28:00Z,2697.49,2697.77,2696.36,2697.71,158.6086,2697.28,2.19857143,0.05,0.9,0,TREND_UP,NORMAL,ALIGNED,HEALTHY,ALLOW
2026-09-30T12:29:00Z,2697.71,2708.2,2697.71,2703.59,1258.2736,2703.16666667,2.66357143,0.05,0.9,0,TREND_UP,NORMAL,ALIGNED,HEALTHY,ALLOW
2026-09-30T12:30:00Z,2703.75,2717.88,2700.1,2715.18,3002.7687,2711.05333333,3.73857143,0.05,0.9,0,TREND_UP,NORMAL,ALIGNED,HEALTHY,ALLOW
2026-09-30T12:31:00Z,2715.18,2722.0,2714.5,2721.63,2358.5433,2719.37666667,4.12285714,0.05,0.9,0,TREND_UP,NORMAL,ALIGNED,HEALTHY,ALLOW
2026-09-30T12:32:00Z,2721.62,2724.06,2717.0,2718.53,1850.5777,2719.86333333,4.55428571,0.05,0.9,0,TREND_DOWN,NORMAL,NEUTRAL,HEALTHY,ALLOW
2026-09-30T12:33:00Z,2718.53,2718.55,2712.57,2714.53,1018.8264,2715.21666667,4.87857143,0.05,0.9,0,TREND_DOWN,NORMAL,NEUTRAL,HEALTHY,ALLOW
2026-09-30T12:34:00Z,2714.53,2724.61,2712.85,2724.23,1267.1477,2720.56333333,5.57714286,0.05,0.9,0,TREND_UP,NORMAL,ALIGNED,HEALTHY,ALLOW
2026-09-30T12:35:00Z,2724.23,2729.76,2722.8,2725.36,2059.3252,2725.97333333,5.91571429,0.05,0.9,0,TREND_UP,NORMAL,ALIGNED,HEALTHY,ALLOW
2026-09-30T12:36:00Z,2725.35,2725.98,2721.35,2721.68,3555.0229,2723.00333333,5.99071429,0.05,0.9,0,TREND_DOWN,NORMAL,NEUTRAL,HEALTHY,ALLOW
2026-09-30T12:37:00Z,2721.68,2722.41,2717.94,2720.86,2871.0539,2720.40333333,6.11071429,0.05,0.9,0,TREND_DOWN,NORMAL,NEUTRAL,HEALTHY,ALLOW
2026-09-30T12:38:00Z,2720.85,2725.7,2719.63,2723.84,1396.3029,2723.05666667,6.35285714,0.05,0.9,0,TREND_UP,NORMAL,ALIGNED,HEALTHY,ALLOW
2026-09-30T12:39:00Z,2723.84,2728.0,2723.31,2727.72,694.8592,2726.34333333,6.57285714,0.05,0.9,0,TREND_UP,NORMAL,ALIGNED,HEALTHY,ALLOW
2026-09-30T12:40:00Z,2727.78,2733.0,2727.78,2730.48,2950.8946,2730.42,6.76785714,0.05,0.9,0,TREND_UP,NORMAL,ALIGNED,HEALTHY,ALLOW
2026-09-30T12:41:00Z,2730.48,2732.18,2728.97,2729.08,1091.8483,2730.07666667,6.94928571,0.05,0.9,0,TREND_DOWN,NORMAL,NEUTRAL,HEALTHY,ALLOW
2026-09-30T12:42:00Z,2729.07,2729.22,2724.75,2725.02,700.832,2726.33,7.16785714,0.05,0.9,0,TREND_DOWN,NORMAL,NEUTRAL,HEALTHY,ALLOW
2026-09-30T12:43:00Z,2725.02,2730.0,2724.85,2729.66,588.6118,2728.17,6.78642857,0.05,0.9,0,TREND_UP,NORMAL,ALIGNED,HEALTHY,ALLOW
2026-09-30T12:44:00Z,2729.66,2730.0,2728.56,2729.73,838.2178,2729.43,5.61928571,0.05,0.9,0,TREND_UP,NORMAL,ALIGNED,HEALTHY,ALLOW
2026-09-30T12:45:00Z,2729.72,2735.0,2728.79,2734.9,1535.5605,2732.89666667,5.52714286,0.05,0.9,0,TREND_UP,NORMAL,ALIGNED,HEALTHY,ALLOW
2026-09-30T12:46:00Z,2734.9,2736.95,2730.64,2730.64,1312.5091,2732.74333333,5.47357143,0.05,0.9,0,TREND_DOWN,NORMAL,NEUTRAL,HEALTHY,ALLOW
2026-09-30T12:47:00Z,2730.63,2730.64,2726.48,2729.46,1747.3459,2728.86,5.34357143,0.05,0.9,0,TREND_DOWN,NORMAL,NEUTRAL,HEALTHY,ALLOW
2026-09-30T12:48:00Z,2729.36,2733.95,2729.36,2733.95,628.7632,2732.42,4.83142857,0.05,0.9,0,TREND_UP,NORMAL,ALIGNED,HEALTHY,ALLOW
2026-09-30T12:49:00Z,2733.94,2735.0,2732.37,2732.64,2655.018,2733.33666667,4.52214286,0.05,0.9,0,TREND_DOWN,NORMAL,NEUTRAL,HEALTHY,ALLOW
2026-09-30T12:50:00Z,2732.64,2736.99,2732.63,2736.39,1892.5691,2735.33666667,4.50285714,0.05,0.9,0,TREND_UP,NORMAL,ALIGNED,HEALTHY,ALLOW
2026-09-30T12:51:00Z,2736.39,2737.0,2735.01,2736.88,997.415,2736.29666667,4.32571429,0.05,0.9,0,TREND_UP,NORMAL,ALIGNED,HEALTHY,ALLOW
2026-09-30T12:52:00Z,2736.88,2737.79,2736.0,2737.21,617.7354,2737.0,4.02,0.05,0.9,0,TREND_UP,NORMAL,ALIGNED,HEALTHY,ALLOW
2026-09-30T12:53:00Z,2737.21,2737.5,2736.35,2737.18,846.0636,2737.01,3.76714286,0.05,0.9,0,TREND_DOWN,NORMAL,NEUTRAL,HEALTHY,ALLOW
2026-09-30T12:54:00Z,2737.18,2738.0,2736.71,2737.68,429.8634,2737.46333333,3.48214286,0.05,0.9,0,TREND_UP,NORMAL,ALIGNED,HEALTHY,ALLOW
2026-09-30T12:55:00Z,2737.67,2738.13,2737.03,2737.92,902.7924,2737.69333333,3.33142857,0.05,0.9,0,TREND_UP,NORMAL,ALIGNED,HEALTHY,ALLOW
2026-09-30T12:56:00Z,2737.92,2738.51,2733.73,2734.29,1037.6556,2735.51,3.35357143,0.05,0.9,0,TREND_DOWN,NORMAL,NEUTRAL,HEALTHY,ALLOW
2026-09-30T12:57:00Z,2734.3,2737.95,2734.3,2736.96,706.4623,2736.40333333,3.24714286,0.05,0.9,0,TREND_UP,NORMAL,ALIGNED,HEALTHY,ALLOW
2026-09-30T12:58:00Z,2736.96,2737.22,2734.07,2734.08,290.8869,2735.12333333,3.36928571,0.05,0.9,0,TREND_DOWN,NORMAL,NEUTRAL,HEALTHY,ALLOW
2026-09-30T12:59:00Z,2734.08,2734.43,2731.0,2731.01,437.3631,2732.14666667,3.17071429,0.05,0.9,0,TREND_DOWN,NORMAL,NEUTRAL,HEALTHY,ALLOW
2026-09-30T13:00:00Z,2731.0,2732.95,2730.18,2730.24,638.7284,2731.12333333,2.91785714,0.05,0.9,0,TREND_DOWN,NORMAL,NEUTRAL,HEALTHY,ALLOW
2026-09-30T13:01:00Z,2730.25,2730.59,2727.53,2728.36,3190.4676,2728.82666667,2.83928571,0.05,0.9,0,TREND_DOWN,NORMAL,NEUTRAL,HEALTHY,ALLOW
2026-09-30T13:02:00Z,2728.37,2729.81,2726.98,2729.36,625.4097,2728.71666667,2.71357143,0.05,0.9,0,TREND_UP,NORMAL,ALIGNED,HEALTHY,ALLOW
2026-09-30T13:03:00Z,2729.36,2731.84,2728.24,2731.55,580.0492,2730.54333333,2.78285714,0.05,0.9,0,TREND_UP,NORMAL,ALIGNED,HEALTHY,ALLOW
2026-09-30T13:04:00Z,2731.55,2731.55,2730.26,2731.12,411.2177,2730.97666667,2.56357143,0.05,0.9,0,TREND_DOWN,NORMAL,NEUTRAL,HEALTHY,ALLOW
2026-09-30T13:05:00Z,2731.13,2731.57,2730.62,2731.57,388.9317,2731.25333333,2.48928571,0.05,0.9,0,TREND_UP,NORMAL,ALIGNED,HEALTHY,ALLOW
2026-09-30T13:06:00Z,2731.56,2733.73,2730.62,2732.1,596.0546,2732.15,2.58357143,0.05,0.9,0,TREND_UP,NORMAL,ALIGNED,HEALTHY,ALLOW
2026-09-30T13:07:00Z,2732.1,2732.63,2730.11,2730.12,416.1387,2730.95333333,2.68142857,0.05,0.9,0,TREND_DOWN,NORMAL,NEUTRAL,HEALTHY,ALLOW
2026-09-30T13:08:00Z,2730.12,2733.0,2730.0,2732.11,527.1069,2731.70333333,2.80357143,0.05,0.9,0,TREND_UP,NORMAL,ALIGNED,HEALTHY,ALLOW
2026-09-30T13:09:00Z,2732.11,2737.0,2732.1,2736.19,907.0251,2735.09666667,3.075,0.05,0.9,0,TREND_UP,NORMAL,ALIGNED,HEALTHY,ALLOW
2026-09-30T13:10:00Z,2736.19,2736.19,2731.16,2732.37,588.7543,2733.24,3.09285714,0.05,0.9,0,TREND_DOWN,NORMAL,NEUTRAL,HEALTHY,ALLOW
2026-09-30T13:11:00Z,2732.37,2737.34,2731.41,2736.56,529.7307,2735.10333333,3.255,0.05,0.9,0,TREND_UP,NORMAL,ALIGNED,HEALTHY,ALLOW
2026-09-30T13:12:00Z,2736.57,2737.08,2735.34,2736.31,638.7768,2736.24333333,3.15428571,0.05,0.9,0,TREND_DOWN,NORMAL,NEUTRAL,HEALTHY,ALLOW
2026-09-30T13:13:00Z,2736.31,2736.72,2734.08,2735.03,505.4973,2735.27666667,3.09785714,0.05,0.9,0,TREND_DOWN,NORMAL,NEUTRAL,HEALTHY,ALLOW
2026-09-30T13:14:00Z,2735.03,2735.03,2732.7,2733.73,521.4079,2733.82,3.06642857,0.05,0.9,0,TREND_DOWN,NORMAL,NEUTRAL,HEALTHY,ALLOW
2026-09-30T13:15:00Z,2733.74,2734.96,2732.83,2734.87,403.309,2734.22,3.0,0.05,0.9,0,TREND_UP,NORMAL,ALIGNED,HEALTHY,ALLOW
2026-09-30T13:16:00Z,2734.88,2737.98,2734.6,2737.97,450.0972,2736.85,3.03928571,0.05,0.9,0,TREND_UP,NORMAL,ALIGNED,HEALTHY,ALLOW
2026-09-30T13:17:00Z,2737.97,2737.99,2732.34,2733.21,590.2996,2734.51333333,3.18571429,0.05,0.9,0,TREND_DOWN,NORMAL,NEUTRAL,HEALTHY,ALLOW
2026-09-30T13:18:00Z,2733.22,2733.34,2731.71,2731.72,261.2875,2732.25666667,3.21,0.05,0.9,0,TREND_DOWN,NORMAL,NEUTRAL,HEALTHY,ALLOW
2026-09-30T13:19:00Z,2731.71,2731.72,2727.62,2728.07,547.849,2729.13666667,3.435,0.05,0.9,0,TREND_DOWN,NORMAL,NEUTRAL,HEALTHY,ALLOW
2026-09-30T13:20:00Z,2728.07,2728.07,2726.8,2728.03,526.589,2727.63333333,3.30357143,0.05,0.9,0,TREND_DOWN,NORMAL,NEUTRAL,HEALTHY,ALLOW
2026-09-30T13:21:00Z,2728.04,2729.42,2725.58,2726.4,512.3719,2727.13333333,3.39785714,0.05,0.9,0,TREND_DOWN,NORMAL,NEUTRAL,HEALTHY,ALLOW
2026-09-30T13:22:00Z,2726.41,2727.92,2725.58,2725.62,325.5972,2726.37333333,3.35071429,0.05,0.9,0,TREND_DOWN,NORMAL,NEUTRAL,HEALTHY,ALLOW
2026-09-30T13:23:00Z,2725.62,2727.54,2725.43,2726.83,233.764,2726.6,3.15142857,0.05,0.9,0,TREND_UP,NORMAL,ALIGNED,HEALTHY,ALLOW
2026-09-30T13:24:00Z,2726.83,2726.91,2725.64,2725.88,279.7858,2726.14333333,2.88285714,0.05,0.9,0,TREND_DOWN,NORMAL,NEUTRAL,HEALTHY,ALLOW
2026-09-30T13:25:00Z,2725.88,2725.88,2723.92,2723.93,294.2593,2724.57666667,2.59928571,0.05,0.9,0,TREND_DOWN,NORMAL,NEUTRAL,HEALTHY,ALLOW
2026-09-30T13:26:00Z,2723.93,2726.83,2723.92,2726.82,254.1819,2725.85666667,2.68285714,0.05,0.9,0,TREND_UP,NORMAL,ALIGNED,HEALTHY,ALLOW
2026-09-30T13:27:00Z,2726.83,2727.22,2724.38,2724.81,315.4002,2725.47,2.69714286,0.05,0.9,0,TREND_DOWN,NORMAL,NEUTRAL,HEALTHY,ALLOW
2026-09-30T13:28:00Z,2724.81,2724.81,2718.46,2719.62,1078.9881,2720.96333333,2.98428571,0.05,0.9,0,TREND_DOWN,NORMAL,NEUTRAL,HEALTHY,ALLOW
2026-09-30T13:29:00Z,2719.63,2722.87,2719.63,2722.63,322.1124,2721.71,3.06428571,0.05,0.9,0,TREND_UP,NORMAL,ALIGNED,HEALTHY,ALLOW
2026-09-30T13:30:00Z,2722.64,2726.68,2721.3,2726.65,412.8653,2724.87666667,3.20714286,0.05,0.9,0,TREND_UP,NORMAL,ALIGNED,HEALTHY,ALLOW
2026-09-30T13:31:00Z,2726.66,2734.16,2726.66,2734.15,827.3871,2731.65666667,3.34,0.05,0.9,0,TREND_UP,NORMAL,ALIGNED,HEALTHY,ALLOW
2026-09-30T13:32:00Z,2734.15,2735.62,2729.1,2730.04,619.4761,2731.58666667,3.68928571,0.05,0.9,0,TREND_DOWN,NORMAL,NEUTRAL,HEALTHY,ALLOW
2026-09-30T13:33:00Z,2730.03,2730.04,2724.43,2725.5,452.6814,2726.65666667,3.79714286,0.05,0.9,0,TREND_DOWN,NORMAL,NEUTRAL,HEALTHY,ALLOW
2026-09-30T13:34:00Z,2725.5,2726.57,2723.09,2723.95,310.1639,2724.53666667,3.955,0.05,0.9,0,TREND_DOWN,NORMAL,NEUTRAL,HEALTHY,ALLOW
2026-09-30T13:35:00Z,2723.94,2723.94,2704.93,2707.21,2817.9752,2712.02666667,5.03928571,0.05,0.9,0,TREND_DOWN,NORMAL,NEUTRAL,HEALTHY,ALLOW
2026-09-30T13:36:00Z,2707.21,2708.03,2699.65,2707.77,1365.1672,2705.15,5.47071429,0.05,0.9,0,TREND_UP,NORMAL,ALIGNED,HEALTHY,ALLOW
2026-09-30T13:37:00Z,2707.77,2708.83,2701.82,2702.83,433.7858,2704.49333333,5.82071429,0.05,0.9,0,TREND_DOWN,NORMAL,NEUTRAL,HEALTHY,ALLOW
2026-09-30T13:38:00Z,2702.83,2703.33,2695.45,2699.61,1383.6903,2699.46333333,6.29285714,0.05,0.9,0,TREND_DOWN,NORMAL,NEUTRAL,HEALTHY,ALLOW
2026-09-30T13:39:00Z,2699.62,2701.34,2695.01,2697.76,1123.6174,2698.03666667,6.605,0.05,0.9,0,TREND_DOWN,NORMAL,NEUTRAL,HEALTHY,ALLOW
2026-09-30T13:40:00Z,2697.76,2702.5,2690.0,2691.18,1078.6323,2694.56,7.29,0.05,0.9,0,TREND_DOWN,NORMAL,NEUTRAL,HEALTHY,ALLOW
2026-09-30T13:41:00Z,2691.17,2697.59,2690.14,2696.86,679.7799,2694.86333333,7.61928571,0.05,0.9,0,TREND_UP,NORMAL,ALIGNED,HEALTHY,ALLOW
2026-09-30T13:42:00Z,2696.86,2706.32,2696.46,2704.7,784.9592,2702.49333333,7.87,0.05,0.9,0,TREND_UP,NORMAL,ALIGNED,HEALTHY,ALLOW
2026-09-30T13:43:00Z,2704.7,2705.33,2701.18,2701.18,650.2353,2702.56333333,7.93428571,0.05,0.9,0,TREND_DOWN,NORMAL,NEUTRAL,HEALTHY,ALLOW
2026-09-30T13:44:00Z,2701.18,2704.0,2700.0,2703.31,528.5189,2702.43666667,7.83571429,0.05,0.9,0,TREND_UP,NORMAL,ALIGNED,HEALTHY,ALLOW
2026-09-30T13:45:00Z,2703.32,2705.61,2699.4,2700.32,859.6529,2701.77666667,7.74285714,0.05,0.9,0,TREND_DOWN,NORMAL,NEUTRAL,HEALTHY,ALLOW
2026-09-30T13:46:00Z,2700.29,2707.0,2699.4,2707.0,782.5082,2704.46666667,7.82,0.05,0.9,0,TREND_UP,NORMAL,ALIGNED,HEALTHY,ALLOW
2026-09-30T13:47:00Z,2706.99,2709.62,2705.52,2709.01,808.1711,2708.05,7.71214286,0.05,0.9,0,TREND_UP,NORMAL,ALIGNED,HEALTHY,ALLOW
2026-09-30T13:48:00Z,2709.0,2709.0,2703.36,2704.0,371.213,2705.45333333,7.86714286,0.05,0.9,0,TREND_DOWN,NORMAL,NEUTRAL,HEALTHY,ALLOW
2026-09-30T13:49:00Z,2704.0,2708.5,2703.07,2706.21,265.4851,2705.92666667,6.89642857,0.05,0.9,0,TREND_UP,NORMAL,ALIGNED,HEALTHY,ALLOW
2026-09-30T13:50:00Z,2706.2,2707.39,2703.87,2704.93,204.0496,2705.39666667,6.54928571,0.05,0.9,0,TREND_DOWN,NORMAL,NEUTRAL,HEALTHY,ALLOW
2026-09-30T13:51:00Z,2704.99,2709.33,2704.99,2707.11,563.0254,2707.14333333,6.36285714,0.05,0.9,0,TREND_UP,NORMAL,ALIGNED,HEALTHY,ALLOW
2026-09-30T13:52:00Z,2707.11,2707.11,2704.58,2704.93,228.5415,2705.54,5.98071429,0.05,0.9,0,TREND_DOWN,NORMAL,NEUTRAL,HEALTHY,ALLOW
2026-09-30T13:53:00Z,2704.93,2708.96,2703.66,2708.96,280.5499,2707.19333333,5.90714286,0.05,0.9,0,TREND_UP,NORMAL,ALIGNED,HEALTHY,ALLOW
2026-09-30T13:54:00Z,2708.95,2709.99,2706.63,2708.51,169.7898,2708.37666667,5.25428571,0.05,0.9,0,TREND_DOWN,NORMAL,NEUTRAL,HEALTHY,ALLOW
2026-09-30T13:55:00Z,2708.5,2710.58,2706.93,2707.09,674.21,2708.2,4.98285714,0.05,0.9,0,TREND_DOWN,NORMAL,NEUTRAL,HEALTHY,ALLOW
2026-09-30T13:56:00Z,2707.08,2708.37,2705.67,2706.7,175.1432,2706.91333333,4.47142857,0.05,0.9,0,TREND_DOWN,NORMAL,NEUTRAL,HEALTHY,ALLOW
2026-09-30T13:57:00Z,2706.7,2708.96,2704.63,2706.83,246.6012,2706.80666667,4.48428571,0.05,0.9,0,TREND_UP,NORMAL,ALIGNED,HEALTHY,ALLOW
2026-09-30T13:58:00Z,2706.83,2707.53,2705.8,2707.15,165.7712,2706.82666667,4.32214286,0.05,0.9,0,TREND_UP,NORMAL,ALIGNED,HEALTHY,ALLOW
2026-09-30T13:59:00Z,2707.16,2710.0,2707.16,2710.0,175.3851,2709.05333333,4.08214286,0.05,0.9,0,TREND_UP,NORMAL,ALIGNED,HEALTHY,ALLOW
2026-09-30T14:00:00Z,2710.0,2710.58,2704.24,2705.1,345.5013,2706.64,3.99214286,0.05,0.9,0,TREND_DOWN,NORMAL,NEUTRAL,HEALTHY,ALLOW
2026-09-30T14:01:00Z,2705.1,2710.09,2700.87,2701.14,490.1146,2704.03333333,4.35785714,0.05,0.9,0,TREND_DOWN,NORMAL,NEUTRAL,HEALTHY,ALLOW
2026-09-30T14:02:00Z,2701.18,2705.67,2700.87,2703.46,679.5169,2703.33333333,4.29714286,0.05,0.9,0,TREND_UP,NORMAL,ALIGNED,HEALTHY,ALLOW
2026-09-30T14:03:00Z,2703.46,2706.29,2703.25,2706.29,256.7322,2705.27666667,4.12642857,0.05,0.9,0,TREND_UP,NORMAL,ALIGNED,HEALTHY,ALLOW
2026-09-30T14:04:00Z,2706.29,2710.37,2706.22,2707.96,233.9987,2708.18333333,4.17142857,0.05,0.9,0,TREND_UP,NORMAL,ALIGNED,HEALTHY,ALLOW
2026-09-30T14:05:00Z,2707.97,2709.53,2707.47,2709.53,186.2459,2708.84333333,4.00428571,0.05,0.9,0,TREND_UP,NORMAL,ALIGNED,HEALTHY,ALLOW
2026-09-30T14:06:00Z,2709.54,2713.52,2709.54,2710.14,323.1492,2711.06666667,4.10857143,0.05,0.9,0,TREND_UP,NORMAL,ALIGNED,HEALTHY,ALLOW
2026-09-30T14:07:00Z,2710.14,2710.15,2703.91,2704.21,448.6271,2706.09,4.17571429,0.05,0.9,0,TREND_DOWN,NORMAL,NEUTRAL,HEALTHY,ALLOW
2026-09-30T14:08:00Z,2704.21,2704.69,2701.0,2704.47,242.0345,2703.38666667,4.19928571,0.05,0.9,0,TREND_UP,NORMAL,ALIGNED,HEALTHY,ALLOW
2026-09-30T14:09:00Z,2704.48,2705.52,2702.05,2704.22,171.8992,2703.93,4.18642857,0.05,0.9,0,TREND_DOWN,NORMAL,NEUTRAL,HEALTHY,ALLOW
2026-09-30T14:10:00Z,2704.21,2704.66,2701.0,2701.01,151.1517,2702.22333333,4.255,0.05,0.9,0,TREND_DOWN,NORMAL,NEUTRAL,HEALTHY,ALLOW
2026-09-30T14:11:00Z,2701.01,2701.27,2693.47,2698.96,842.1616,2697.9,4.50285714,0.05,0.9,0,TREND_DOWN,NORMAL,NEUTRAL,HEALTHY,ALLOW
2026-09-30T14:12:00Z,2698.95,2705.04,2698.81,2703.27,574.2326,2702.37333333,4.82428571,0.05,0.9,0,TREND_UP,NORMAL,ALIGNED,HEALTHY,ALLOW
2026-09-30T14:13:00Z,2703.28,2707.0,2700.85,2701.17,666.4655,2703.00666667,5.06,0.05,0.9,0,TREND_DOWN,NORMAL,NEUTRAL,HEALTHY,ALLOW
2026-09-30T14:14:00Z,2701.17,2705.0,2700.85,2702.43,232.83,2702.76,4.90357143,0.05,0.9,0,TREND_UP,NORMAL,ALIGNED,HEALTHY,ALLOW
2026-09-30T14:15:00Z,2702.43,2702.96,2697.82,2700.36,444.01,2700.38,4.61214286,0.05,0.9,0,TREND_DOWN,NORMAL,NEUTRAL,HEALTHY,ALLOW
2026-09-30T14:16:00Z,2700.36,2700.67,2695.0,2696.76,388.0894,2697.47666667,4.67428571,0.05,0.9,0,TREND_DOWN,NORMAL,NEUTRAL,HEALTHY,ALLOW
2026-09-30T14:17:00Z,2696.76,2697.93,2693.5,2693.92,458.4777,2695.11666667,4.77357143,0.05,0.9,0,TREND_DOWN,NORMAL,NEUTRAL,HEALTHY,ALLOW
2026-09-30T14:18:00Z,2693.92,2694.66,2690.01,2692.35,465.4354,2692.34,4.80928571,0.05,0.9,0,TREND_DOWN,NORMAL,NEUTRAL,HEALTHY,ALLOW
2026-09-30T14:19:00Z,2692.42,2694.37,2690.97,2694.24,280.9289,2693.19333333,4.905,0.05,0.9,0,TREND_UP,NORMAL,ALIGNED,HEALTHY,ALLOW
2026-09-30T14:20:00Z,2694.24,2695.73,2691.72,2695.72,196.7873,2694.39,4.90642857,0.05,0.9,0,TREND_UP,NORMAL,ALIGNED,HEALTHY,ALLOW
2026-09-30T14:21:00Z,2695.73,2696.59,2692.12,2692.12,464.5458,2693.61,4.78,0.05,0.9,0,TREND_DOWN,NORMAL,NEUTRAL,HEALTHY,ALLOW
2026-09-30T14:22:00Z,2692.12,2692.12,2684.91,2685.25,1406.1301,2687.42666667,5.03142857,0.05,0.9,0,TREND_DOWN,NORMAL,NEUTRAL,HEALTHY,ALLOW
2026-09-30T14:23:00Z,2685.25,2685.51,2676.31,2684.69,2150.5811,2682.17,5.44071429,0.05,0.9,0,TREND_DOWN,NORMAL,NEUTRAL,HEALTHY,ALLOW
2026-09-30T14:24:00Z,2684.7,2685.52,2681.46,2684.04,653.985,2683.67333333,5.46928571,0.05,0.9,0,TREND_DOWN,NORMAL,NEUTRAL,HEALTHY,ALLOW
2026-09-30T14:25:00Z,2684.05,2686.07,2683.73,2686.02,788.2302,2685.27333333,5.07928571,0.05,0.9,0,TREND_UP,NORMAL,ALIGNED,HEALTHY,ALLOW
2026-09-30T14:26:00Z,2686.03,2686.67,2684.16,2685.67,808.8509,2685.5,4.81357143,0.05,0.9,0,TREND_DOWN,NORMAL,NEUTRAL,HEALTHY,ALLOW
2026-09-30T14:27:00Z,2685.66,2685.66,2679.56,2680.58,625.5449,2681.93333333,4.81071429,0.05,0.9,0,TREND_DOWN,NORMAL,NEUTRAL,HEALTHY,ALLOW
2026-09-30T14:28:00Z,2680.58,2681.73,2677.49,2679.38,632.9557,2679.53333333,4.81714286,0.05,0.9,0,TREND_DOWN,NORMAL,NEUTRAL,HEALTHY,ALLOW
2026-09-30T14:29:00Z,2679.38,2680.74,2677.33,2680.72,372.7697,2679.59666667,4.69357143,0.05,0.9,0,TREND_UP,NORMAL,ALIGNED,HEALTHY,ALLOW
2026-09-30T14:30:00Z,2680.73,2683.15,2678.31,2682.0,328.408,2681.15333333,4.63428571,0.05,0.9,0,TREND_UP,NORMAL,ALIGNED,HEALTHY,ALLOW
2026-09-30T14:31:00Z,2682.0,2682.79,2679.16,2679.16,826.2043,2680.37,4.57714286,0.05,0.9,0,TREND_DOWN,NORMAL,NEUTRAL,HEALTHY,ALLOW
2026-09-30T14:32:00Z,2679.16,2680.01,2672.72,2673.0,1888.0026,2675.24333333,4.76571429,0.05,0.9,0,TREND_DOWN,NORMAL,NEUTRAL,HEALTHY,ALLOW
2026-09-30T14:33:00Z,2673.0,2675.26,2670.0,2675.26,2135.9331,2673.50666667,4.89857143,0.05,0.9,0,TREND_UP,NORMAL,ALIGNED,HEALTHY,ALLOW
2026-09-30T14:34:00Z,2675.26,2676.0,2669.0,2669.01,2812.5458,2671.33666667,5.11214286,0.05,0.9,0,TREND_DOWN,NORMAL,NEUTRAL,HEALTHY,ALLOW
2026-09-30T14:35:00Z,2669.01,2671.63,2668.0,2669.59,1629.3849,2669.74,5.05214286,0.05,0.9,0,TREND_UP,NORMAL,ALIGNED,HEALTHY,ALLOW
2026-09-30T14:36:00Z,2669.59,2671.76,2668.17,2668.37,1046.8968,2669.43333333,4.79357143,0.05,0.9,0,TREND_DOWN,NORMAL,NEUTRAL,HEALTHY,ALLOW
2026-09-30T14:37:00Z,2668.38,2676.71,2668.37,2675.22,493.7884,2673.43333333,4.73214286,0.05,0.9,0,TREND_UP,NORMAL,ALIGNED,HEALTHY,ALLOW
2026-09-30T14:38:00Z,2675.21,2677.98,2675.0,2677.97,470.9341,2676.98333333,4.655,0.05,0.9,0,TREND_UP,NORMAL,ALIGNED,HEALTHY,ALLOW
2026-09-30T14:39:00Z,2677.97,2677.98,2675.0,2675.05,292.1719,2676.01,4.70071429,0.05,0.9,0,TREND_DOWN,NORMAL,NEUTRAL,HEALTHY,ALLOW
2026-09-30T14:40:00Z,2675.05,2675.57,2671.85,2675.2,566.9665,2674.20666667,4.78714286,0.05,0.9,0,TREND_UP,NORMAL,ALIGNED,HEALTHY,ALLOW
2026-09-30T14:41:00Z,2675.19,2677.52,2672.1,2677.52,671.0477,2675.71333333,4.73785714,0.05,0.9,0,TREND_UP,NORMAL,ALIGNED,HEALTHY,ALLOW
2026-09-30T14:42:00Z,2677.52,2677.99,2676.36,2677.86,423.5592,2677.40333333,4.55142857,0.05,0.9,0,TREND_UP,NORMAL,ALIGNED,HEALTHY,ALLOW
2026-09-30T14:43:00Z,2677.85,2679.93,2674.87,2674.91,638.2111,2676.57,4.66928571,0.05,0.9,0,TREND_DOWN,NORMAL,NEUTRAL,HEALTHY,ALLOW
2026-09-30T14:44:00Z,2674.91,2676.0,2673.83,2673.96,255.8927,2674.59666667,4.47857143,0.05,0.9,0,TREND_DOWN,NORMAL,NEUTRAL,HEALTHY,ALLOW
2026-09-30T14:45:00Z,2673.96,2676.68,2673.25,2675.8,331.8926,2675.24333333,4.46428571,0.05,0.9,0,TREND_UP,NORMAL,ALIGNED,HEALTHY,ALLOW
2026-09-30T14:46:00Z,2675.79,2677.89,2675.31,2677.89,223.1324,2677.03,4.12785714,0.05,0.9,0,TREND_UP,NORMAL,ALIGNED,HEALTHY,ALLOW
2026-09-30T14:47:00Z,2677.89,2680.03,2676.99,2678.72,208.4156,2678.58,3.96928571,0.05,0.9,0,TREND_UP,NORMAL,ALIGNED,HEALTHY,ALLOW
2026-09-30T14:48:00Z,2678.72,2681.24,2678.46,2678.8,359.2529,2679.5,3.66785714,0.05,0.9,0,TREND_UP,NORMAL,ALIGNED,HEALTHY,ALLOW
2026-09-30T14:49:00Z,2678.8,2680.51,2677.68,2680.36,335.8056,2679.51666667,3.61071429,0.05,0.9,0,TREND_UP,NORMAL,ALIGNED,HEALTHY,ALLOW
2026-09-30T14:50:00Z,2680.37,2681.63,2679.0,2680.4,293.2303,2680.34333333,3.54214286,0.05,0.9,0,TREND_UP,NORMAL,ALIGNED,HEALTHY,ALLOW
2026-09-30T14:51:00Z,2680.4,2681.64,2679.61,2680.64,363.9964,2680.63,3.09142857,0.05,0.9,0,TREND_UP,NORMAL,ALIGNED,HEALTHY,ALLOW
2026-09-30T14:52:00Z,2680.64,2683.0,2680.04,2680.14,368.7851,2681.06,3.09,0.05,0.9,0,TREND_DOWN,NORMAL,NEUTRAL,HEALTHY,ALLOW
2026-09-30T14:53:00Z,2680.09,2682.14,2680.03,2680.08,363.4978,2680.75,3.02785714,0.05,0.9,0,TREND_DOWN,NORMAL,NEUTRAL,HEALTHY,ALLOW
2026-09-30T14:54:00Z,2680.09,2681.59,2679.16,2680.44,304.8628,2680.39666667,2.93571429,0.05,0.9,0,TREND_UP,NORMAL,ALIGNED,HEALTHY,ALLOW
2026-09-30T14:55:00Z,2680.44,2682.64,2680.32,2682.43,328.4079,2681.79666667,2.71428571,0.05,0.9,0,TREND_UP,NORMAL,ALIGNED,HEALTHY,ALLOW
2026-09-30T14:56:00Z,2682.45,2682.88,2680.45,2680.45,517.4945,2681.26,2.77142857,0.05,0.9,0,TREND_DOWN,NORMAL,NEUTRAL,HEALTHY,ALLOW
2026-09-30T14:57:00Z,2680.46,2681.16,2679.75,2680.67,158.0126,2680.52666667,2.51071429,0.05,0.9,0,TREND_UP,NORMAL,ALIGNED,HEALTHY,ALLOW
2026-09-30T14:58:00Z,2680.66,2680.67,2678.65,2678.66,191.2057,2679.32666667,2.5,0.05,0.9,0,TREND_DOWN,NORMAL,NEUTRAL,HEALTHY,ALLOW
2026-09-30T14:59:00Z,2678.66,2679.8,2678.17,2678.2,87.254,2678.72333333,2.37142857,0.05,0.9,0,TREND_DOWN,NORMAL,NEUTRAL,HEALTHY,ALLOW
2026-09-30T15:00:00Z,2678.2,2680.87,2677.14,2680.22,335.8124,2679.41,2.45357143,0.05,0.9,0,TREND_UP,NORMAL,ALIGNED,HEALTHY,ALLOW
2026-09-30T15:01:00Z,2680.22,2681.54,2677.35,2681.54,171.304,2680.14333333,2.53571429,0.05,0.9,0,TREND_UP,NORMAL,ALIGNED,HEALTHY,ALLOW
2026-09-30T15:02:00Z,2681.54,2681.54,2678.57,2678.74,312.8095,2679.61666667,2.54928571,0.05,0.9,0,TREND_DOWN,NORMAL,NEUTRAL,HEALTHY,ALLOW
2026-09-30T15:03:00Z,2678.75,2682.25,2678.46,2682.25,205.7626,2680.98666667,2.61785714,0.05,0.9,0,TREND_UP,NORMAL,ALIGNED,HEALTHY,ALLOW
2026-09-30T15:04:00Z,2682.24,2682.24,2680.55,2682.13,236.0345,2681.64,2.55142857,0.05,0.9,0,TREND_DOWN,NORMAL,NEUTRAL,HEALTHY,ALLOW
2026-09-30T15:05:00Z,2682.15,2682.86,2681.23,2681.23,156.461,2681.77333333,2.52285714,0.05,0.9,0,TREND_DOWN,NORMAL,NEUTRAL,HEALTHY,ALLOW
2026-09-30T15:06:00Z,2681.23,2681.24,2679.08,2681.07,248.8618,2680.46333333,2.46571429,0.05,0.9,0,TREND_DOWN,NORMAL,NEUTRAL,HEALTHY,ALLOW
2026-09-30T15:07:00Z,2681.08,2681.08,2679.34,2679.9,118.7699,2680.10666667,2.43928571,0.05,0.9,0,TREND_DOWN,NORMAL,NEUTRAL,HEALTHY,ALLOW
2026-09-30T15:08:00Z,2679.89,2680.89,2679.18,2680.31,163.7564,2680.12666667,2.38785714,0.05,0.9,0,TREND_UP,NORMAL,ALIGNED,HEALTHY,ALLOW
2026-09-30T15:09:00Z,2680.32,2682.78,2680.12,2681.47,249.6274,2681.45666667,2.41214286,0.05,0.9,0,TREND_UP,NORMAL,ALIGNED,HEALTHY,ALLOW
2026-09-30T15:10:00Z,2681.47,2684.93,2681.47,2682.74,458.0834,2683.04666667,2.48571429,0.05,0.9,0,TREND_UP,NORMAL,ALIGNED,HEALTHY,ALLOW
2026-09-30T15:11:00Z,2682.73,2685.55,2681.3,2681.3,262.4912,2682.71666667,2.68857143,0.05,0.9,0,TREND_DOWN,NORMAL,NEUTRAL,HEALTHY,ALLOW
2026-09-30T15:12:00Z,2681.3,2682.04,2677.98,2680.95,574.6447,2680.32333333,2.83428571,0.05,0.9,0,TREND_DOWN,NORMAL,NEUTRAL,HEALTHY,ALLOW
2026-09-30T15:13:00Z,2680.96,2682.93,2680.96,2681.17,198.2208,2681.68666667,2.85928571,0.05,0.9,0,TREND_UP,NORMAL,ALIGNED,HEALTHY,ALLOW
2026-09-30T15:14:00Z,2681.16,2682.52,2680.06,2681.0,330.1008,2681.19333333,2.76857143,0.05,0.9,0,TREND_DOWN,NORMAL,NEUTRAL,HEALTHY,ALLOW
2026-09-30T15:15:00Z,2681.0,2682.41,2680.0,2681.61,174.6462,2681.34,2.64142857,0.05,0.9,0,TREND_UP,NORMAL,ALIGNED,HEALTHY,ALLOW
2026-09-30T15:16:00Z,2681.61,2683.14,2680.97,2682.78,146.9687,2682.29666667,2.58428571,0.05,0.9,0,TREND_UP,NORMAL,ALIGNED,HEALTHY,ALLOW
2026-09-30T15:17:00Z,2682.78,2682.78,2677.8,2677.86,144.5216,2679.48,2.66928571,0.05,0.9,0,TREND_DOWN,NORMAL,NEUTRAL,HEALTHY,ALLOW
2026-09-30T15:18:00Z,2677.86,2677.86,2675.0,2675.0,638.3591,2675.95333333,2.75214286,0.05,0.9,0,TREND_DOWN,NORMAL,NEUTRAL,HEALTHY,ALLOW
2026-09-30T15:19:00Z,2675.01,2677.15,2674.4,2675.23,485.4531,2675.59333333,2.83214286,0.05,0.9,0,TREND_UP,NORMAL,ALIGNED,HEALTHY,ALLOW
2026-09-30T15:20:00Z,2675.23,2676.85,2674.41,2676.09,268.317,2675.78333333,2.85214286,0.05,0.9,0,TREND_UP,NORMAL,ALIGNED,HEALTHY,ALLOW
2026-09-30T15:21:00Z,2676.08,2677.27,2674.55,2677.27,177.2076,2676.36333333,2.92214286,0.05,0.9,0,TREND_UP,NORMAL,ALIGNED,HEALTHY,ALLOW
2026-09-30T15:22:00Z,2677.28,2680.0,2677.28,2677.35,208.1662,2678.21,2.995,0.05,0.9,0,TREND_UP,NORMAL,ALIGNED,HEALTHY,ALLOW
2026-09-30T15:23:00Z,2677.36,2678.39,2675.92,2675.93,361.7692,2676.74666667,2.98142857,0.05,0.9,0,TREND_DOWN,NORMAL,NEUTRAL,HEALTHY,ALLOW
2026-09-30T15:24:00Z,2675.93,2676.05,2672.32,2672.32,277.0372,2673.56333333,3.00071429,0.05,0.9,0,TREND_DOWN,NORMAL,NEUTRAL,HEALTHY,ALLOW
2026-09-30T15:25:00Z,2672.33,2673.63,2672.0,2672.0,242.8942,2672.54333333,2.81357143,0.05,0.9,0,TREND_DOWN,NORMAL,NEUTRAL,HEALTHY,ALLOW
2026-09-30T15:26:00Z,2672.0,2673.73,2671.72,2673.05,301.1044,2672.83333333,2.66714286,0.05,0.9,0,TREND_UP,NORMAL,ALIGNED,HEALTHY,ALLOW
2026-09-30T15:27:00Z,2673.04,2674.44,2671.85,2673.97,174.2478,2673.42,2.71071429,0.05,0.9,0,TREND_UP,NORMAL,ALIGNED,HEALTHY,ALLOW
2026-09-30T15:28:00Z,2673.96,2675.66,2673.05,2675.66,92.2406,2674.79,2.72142857,0.05,0.9,0,TREND_UP,NORMAL,ALIGNED,HEALTHY,ALLOW
2026-09-30T15:29:00Z,2675.65,2677.58,2675.65,2677.57,64.4956,2676.93333333,2.68714286,0.05,0.9,0,TREND_UP,NORMAL,ALIGNED,HEALTHY,ALLOW
2026-09-30T15:30:00Z,2677.58,2681.01,2677.58,2681.01,257.1427,2679.86666667,2.77785714,0.05,0.9,0,TREND_UP,NORMAL,ALIGNED,HEALTHY,ALLOW
2026-09-30T15:31:00Z,2681.0,2686.67,2681.0,2686.66,563.8319,2684.77666667,2.82714286,0.05,0.9,0,TREND_UP,NORMAL,ALIGNED,HEALTHY,ALLOW
2026-09-30T15:32:00Z,2686.66,2687.27,2684.46,2685.12,187.8395,2685.61666667,2.82357143,0.05,0.9,0,TREND_DOWN,NORMAL,NEUTRAL,HEALTHY,ALLOW
2026-09-30T15:33:00Z,2685.12,2685.75,2683.36,2684.77,161.802,2684.62666667,2.79785714,0.05,0.9,0,TREND_DOWN,NORMAL,NEUTRAL,HEALTHY,ALLOW
2026-09-30T15:34:00Z,2684.78,2685.07,2683.19,2683.2,131.0009,2683.82,2.75785714,0.05,0.9,0,TREND_DOWN,NORMAL,NEUTRAL,HEALTHY,ALLOW
2026-09-30T15:35:00Z,2683.2,2684.18,2682.48,2682.48,255.6283,2683.04666667,2.685,0.05,0.9,0,TREND_DOWN,NORMAL,NEUTRAL,HEALTHY,ALLOW
2026-09-30T15:36:00Z,2682.48,2682.75,2681.24,2681.3,118.8178,2681.76333333,2.59785714,0.05,0.9,0,TREND_DOWN,NORMAL,NEUTRAL,HEALTHY,ALLOW
2026-09-30T15:37:00Z,2681.31,2687.27,2679.97,2687.26,371.7761,2684.83333333,2.94285714,0.05,0.9,0,TREND_UP,NORMAL,ALIGNED,HEALTHY,ALLOW
2026-09-30T15:38:00Z,2687.26,2688.66,2686.03,2687.12,458.6021,2687.27,2.86428571,0.05,0.9,0,TREND_DOWN,NORMAL,NEUTRAL,HEALTHY,ALLOW
2026-09-30T15:39:00Z,2687.11,2688.38,2686.9,2687.72,108.5723,2687.66666667,2.85357143,0.05,0.9,0,TREND_UP,NORMAL,ALIGNED,HEALTHY,ALLOW
2026-09-30T15:40:00Z,2687.71,2688.65,2686.57,2687.16,141.4572,2687.46,2.85857143,0.05,0.9,0,TREND_DOWN,NORMAL,NEUTRAL,HEALTHY,ALLOW
2026-09-30T15:41:00Z,2687.16,2687.82,2684.52,2684.52,148.0441,2685.62,2.90928571,0.05,0.9,0,TREND_DOWN,NORMAL,NEUTRAL,HEALTHY,ALLOW
2026-09-30T15:42:00Z,2684.52,2687.87,2684.35,2687.06,228.0825,2686.42666667,2.97428571,0.05,0.9,0,TREND_UP,NORMAL,ALIGNED,HEALTHY,ALLOW
2026-09-30T15:43:00Z,2687.06,2687.06,2683.0,2684.67,224.613,2684.91,3.12642857,0.05,0.9,0,TREND_DOWN,NORMAL,NEUTRAL,HEALTHY,ALLOW
2026-09-30T15:44:00Z,2684.67,2684.68,2681.07,2681.31,187.8745,2682.35333333,3.13857143,0.05,0.9,0,TREND_DOWN,NORMAL,NEUTRAL,HEALTHY,ALLOW
2026-09-30T15:45:00Z,2681.31,2683.75,2680.4,2683.74,162.7791,2682.63,2.97285714,0.05,0.9,0,TREND_UP,NORMAL,ALIGNED,HEALTHY,ALLOW
2026-09-30T15:46:00Z,2683.75,2685.94,2683.37,2685.94,77.1315,2685.08333333,2.95571429,0.05,0.9,0,TREND_UP,NORMAL,ALIGNED,HEALTHY,ALLOW
2026-09-30T15:47:00Z,2685.94,2686.8,2685.36,2686.4,92.107,2686.18666667,2.88785714,0.05,0.9,0,TREND_UP,NORMAL,ALIGNED,HEALTHY,ALLOW
2026-09-30T15:48:00Z,2686.4,2689.51,2686.15,2689.5,368.865,2688.38666667,2.99357143,0.05,0.9,0,TREND_UP,NORMAL,ALIGNED,HEALTHY,ALLOW
2026-09-30T15:49:00Z,2689.51,2689.51,2688.19,2689.15,117.1338,2688.95,2.96642857,0.05,0.9,0,TREND_DOWN,NORMAL,NEUTRAL,HEALTHY,ALLOW
2026-09-30T15:50:00Z,2689.15,2689.66,2687.83,2687.84,81.0113,2688.44333333,2.98928571,0.05,0.9,0,TREND_DOWN,NORMAL,NEUTRAL,HEALTHY,ALLOW
2026-09-30T15:51:00Z,2687.84,2688.74,2686.89,2687.14,86.0068,2687.59,2.6,0.05,0.9,0,TREND_DOWN,NORMAL,NEUTRAL,HEALTHY,ALLOW
2026-09-30T15:52:00Z,2687.14,2687.8,2686.3,2686.42,67.2076,2686.84,2.51928571,0.05,0.9,0,TREND_DOWN,NORMAL,NEUTRAL,HEALTHY,ALLOW
2026-09-30T15:53:00Z,2686.42,2687.23,2686.16,2687.07,56.8208,2686.82,2.49,0.05,0.9,0,TREND_UP,NORMAL,ALIGNED,HEALTHY,ALLOW
2026-09-30T15:54:00Z,2687.07,2687.27,2685.0,2685.01,64.0972,2685.76,2.50357143,0.05,0.9,0,TREND_DOWN,NORMAL,NEUTRAL,HEALTHY,ALLOW
2026-09-30T15:55:00Z,2685.01,2685.01,2683.3,2683.3,58.8541,2683.87,2.39,0.05,0.9,0,TREND_DOWN,NORMAL,NEUTRAL,HEALTHY,ALLOW
2026-09-30T15:56:00Z,2683.3,2685.01,2683.11,2684.66,88.0951,2684.26,2.27428571,0.05,0.9,0,TREND_UP,NORMAL,ALIGNED,HEALTHY,ALLOW
2026-09-30T15:57:00Z,2684.67,2685.25,2684.0,2684.01,52.5836,2684.42,2.07357143,0.05,0.9,0,TREND_DOWN,NORMAL,NEUTRAL,HEALTHY,ALLOW
2026-09-30T15:58:00Z,2684.01,2684.18,2683.52,2683.98,30.7878,2683.89333333,1.86285714,0.05,0.9,0,TREND_DOWN,NORMAL,NEUTRAL,HEALTHY,ALLOW
2026-09-30T15:59:00Z,2683.97,2684.01,2683.27,2683.72,51.6137,2683.66666667,1.67642857,0.05,0.9,0,TREND_DOWN,NORMAL,NEUTRAL,HEALTHY,ALLOW
2026-09-30T16:00:00Z,2683.73,2683.73,2682.93,2682.97,83.2367,2683.21,1.55,0.05,0.9,0,TREND_DOWN,NORMAL,NEUTRAL,HEALTHY,ALLOW
2026-09-30T16:01:00Z,2682.97,2683.49,2681.98,2683.07,105.8527,2682.84666667,1.555,0.05,0.9,0,TREND_UP,NORMAL,ALIGNED,HEALTHY,ALLOW
2026-09-30T16:02:00Z,2683.08,2686.37,2683.08,2685.04,113.3132,2684.83,1.55071429,0.05,0.9,0,TREND_UP,NORMAL,ALIGNED,HEALTHY,ALLOW
2026-09-30T16:03:00Z,2685.03,2687.03,2684.4,2687.03,102.3157,2686.15333333,1.64428571,0.05,0.9,0,TREND_UP,NORMAL,ALIGNED,HEALTHY,ALLOW
2026-09-30T16:04:00Z,2687.03,2687.27,2686.71,2686.97,48.9837,2686.98333333,1.55357143,0.05,0.9,0,TREND_DOWN,NORMAL,NEUTRAL,HEALTHY,ALLOW
2026-09-30T16:05:00Z,2686.97,2688.0,2686.72,2687.99,77.0728,2687.57,1.51285714,0.05,0.9,0,TREND_UP,NORMAL,ALIGNED,HEALTHY,ALLOW
2026-09-30T16:06:00Z,2688.0,2688.2,2687.86,2688.2,263.0236,2688.08666667,1.43,0.05,0.9,0,TREND_UP,NORMAL,ALIGNED,HEALTHY,ALLOW
2026-09-30T16:07:00Z,2688.2,2688.4,2687.46,2687.5,57.1876,2687.78666667,1.42071429,0.05,0.9,0,TREND_DOWN,NORMAL,NEUTRAL,HEALTHY,ALLOW
2026-09-30T16:08:00Z,2687.49,2687.83,2687.03,2687.82,39.1242,2687.56,1.31571429,0.05,0.9,0,TREND_UP,NORMAL,ALIGNED,HEALTHY,ALLOW
2026-09-30T16:09:00Z,2687.83,2688.39,2687.82,2688.38,75.1763,2688.19666667,1.23428571,0.05,0.9,0,TREND_UP,NORMAL,ALIGNED,HEALTHY,ALLOW
2026-09-30T16:10:00Z,2688.39,2688.98,2687.87,2687.87,77.8772,2688.24,1.17785714,0.05,0.9,0,TREND_DOWN,NORMAL,NEUTRAL,HEALTHY,ALLOW
2026-09-30T16:11:00Z,2687.88,2688.39,2687.12,2687.61,203.8681,2687.70666667,1.17928571,0.05,0.9,0,TREND_DOWN,NORMAL,NEUTRAL,HEALTHY,ALLOW
2026-09-30T16:12:00Z,2687.6,2687.6,2685.73,2685.74,214.3702,2686.35666667,1.26642857,0.05,0.9,0,TREND_DOWN,NORMAL,NEUTRAL,HEALTHY,ALLOW
2026-09-30T16:13:00Z,2685.73,2687.77,2685.73,2687.77,54.908,2687.09,1.35928571,0.05,0.9,0,TREND_UP,NORMAL,ALIGNED,HEALTHY,ALLOW
2026-09-30T16:14:00Z,2687.77,2688.96,2687.76,2688.75,57.5857,2688.49,1.38785714,0.05,0.9,0,TREND_UP,NORMAL,ALIGNED,HEALTHY,ALLOW
2026-09-30T16:15:00Z,2688.76,2689.29,2686.81,2688.23,115.99,2688.11,1.45714286,0.05,0.9,0,TREND_DOWN,NORMAL,NEUTRAL,HEALTHY,ALLOW
2026-09-30T16:16:00Z,2688.23,2689.5,2688.23,2689.39,42.8123,2689.04,1.31214286,0.05,0.9,0,TREND_UP,NORMAL,ALIGNED,HEALTHY,ALLOW
2026-09-30T16:17:00Z,2689.39,2689.39,2688.01,2688.02,87.4581,2688.47333333,1.22285714,0.05,0.9,0,TREND_DOWN,NORMAL,NEUTRAL,HEALTHY,ALLOW
2026-09-30T16:18:00Z,2688.02,2689.36,2687.27,2689.36,42.2637,2688.66333333,1.33214286,0.05,0.9,0,TREND_UP,NORMAL,ALIGNED,HEALTHY,ALLOW
2026-09-30T16:19:00Z,2689.37,2690.81,2689.37,2690.01,128.2587,2690.06333333,1.34428571,0.05,0.9,0,TREND_UP,NORMAL,ALIGNED,HEALTHY,ALLOW
2026-09-30T16:20:00Z,2690.01,2690.37,2689.05,2689.89,164.2303,2689.77,1.41428571,0.05,0.9,0,TREND_DOWN,NORMAL,NEUTRAL,HEALTHY,ALLOW
2026-09-30T16:21:00Z,2689.9,2691.78,2689.9,2691.03,108.6872,2690.90333333,1.48214286,0.05,0.9,0,TREND_UP,NORMAL,ALIGNED,HEALTHY,ALLOW
2026-09-30T16:22:00Z,2691.03,2692.61,2691.03,2692.13,103.0136,2691.92333333,1.53785714,0.05,0.9,0,TREND_UP,NORMAL,ALIGNED,HEALTHY,ALLOW
2026-09-30T16:23:00Z,2692.13,2692.99,2692.08,2692.81,167.7916,2692.62666667,1.56214286,0.05,0.9,0,TREND_UP,NORMAL,ALIGNED,HEALTHY,ALLOW
2026-09-30T16:24:00Z,2692.8,2693.0,2692.41,2693.0,60.6338,2692.80333333,1.525,0.05,0.9,0,TREND_UP,NORMAL,ALIGNED,HEALTHY,ALLOW
2026-09-30T16:25:00Z,2693.0,2693.29,2692.48,2692.69,251.6868,2692.82,1.49214286,0.05,0.9,0,TREND_DOWN,NORMAL,NEUTRAL,HEALTHY,ALLOW
2026-09-30T16:26:00Z,2692.7,2693.21,2690.69,2691.17,92.9582,2691.69,1.53785714,0.05,0.9,0,TREND_DOWN,NORMAL,NEUTRAL,HEALTHY,ALLOW
2026-09-30T16:27:00Z,2691.17,2691.18,2688.19,2689.21,190.5952,2689.52666667,1.60571429,0.05,0.9,0,TREND_DOWN,NORMAL,NEUTRAL,HEALTHY,ALLOW
2026-09-30T16:28:00Z,2689.21,2690.37,2689.01,2689.61,113.6546,2689.66333333,1.61714286,0.05,0.9,0,TREND_UP,NORMAL,ALIGNED,HEALTHY,ALLOW
2026-09-30T16:29:00Z,2689.61,2689.61,2688.06,2688.06,163.6109,2688.57666667,1.55071429,0.05,0.9,0,TREND_DOWN,NORMAL,NEUTRAL,HEALTHY,ALLOW
2026-09-30T16:30:00Z,2688.06,2688.36,2686.48,2686.53,138.8079,2687.12333333,1.59428571,0.05,0.9,0,TREND_DOWN,NORMAL,NEUTRAL,HEALTHY,ALLOW
2026-09-30T16:31:00Z,2686.54,2687.83,2686.3,2686.3,64.7866,2686.81,1.605,0.05,0.9,0,TREND_DOWN,NORMAL,NEUTRAL,HEALTHY,ALLOW
2026-09-30T16:32:00Z,2686.3,2686.85,2685.34,2685.91,81.4123,2686.03333333,1.56357143,0.05,0.9,0,TREND_DOWN,NORMAL,NEUTRAL,HEALTHY,ALLOW
2026-09-30T16:33:00Z,2685.91,2687.93,2685.33,2686.53,442.9497,2686.59666667,1.64571429,0.05,0.9,0,TREND_UP,NORMAL,ALIGNED,HEALTHY,ALLOW
2026-09-30T16:34:00Z,2686.54,2688.2,2686.53,2687.69,112.8517,2687.47333333,1.67071429,0.05,0.9,0,TREND_UP,NORMAL,ALIGNED,HEALTHY,ALLOW
2026-09-30T16:35:00Z,2687.69,2687.69,2685.33,2685.33,42.5679,2686.11666667,1.70428571,0.05,0.9,0,TREND_DOWN,NORMAL,NEUTRAL,HEALTHY,ALLOW
2026-09-30T16:36:00Z,2685.33,2685.33,2683.66,2683.66,604.9559,2684.21666667,1.71071429,0.05,0.9,0,TREND_DOWN,NORMAL,NEUTRAL,HEALTHY,ALLOW
2026-09-30T16:37:00Z,2683.66,2686.77,2683.66,2685.72,67.6741,2685.38333333,1.86785714,0.05,0.9,0,TREND_UP,NORMAL,ALIGNED,HEALTHY,ALLOW
2026-09-30T16:38:00Z,2685.73,2687.09,2685.15,2686.93,140.4678,2686.39,1.96428571,0.05,0.9,0,TREND_UP,NORMAL,ALIGNED,HEALTHY,ALLOW
2026-09-30T16:39:00Z,2686.93,2688.2,2686.0,2687.06,127.2381,2687.08666667,2.06357143,0.05,0.9,0,TREND_UP,NORMAL,ALIGNED,HEALTHY,ALLOW
2026-09-30T16:40:00Z,2687.07,2687.8,2686.63,2687.26,39.3208,2687.23,1.96714286,0.05,0.9,0,TREND_UP,NORMAL,ALIGNED,HEALTHY,ALLOW
2026-09-30T16:41:00Z,2687.27,2689.09,2687.24,2687.97,106.287,2688.1,1.88571429,0.05,0.9,0,TREND_UP,NORMAL,ALIGNED,HEALTHY,ALLOW
2026-09-30T16:42:00Z,2687.97,2689.09,2687.4,2688.36,51.1296,2688.28333333,1.90928571,0.05,0.9,0,TREND_UP,NORMAL,ALIGNED,HEALTHY,ALLOW
2026-09-30T16:43:00Z,2688.37,2690.8,2688.19,2690.79,87.0998,2689.92666667,1.985,0.05,0.9,0,TREND_UP,NORMAL,ALIGNED,HEALTHY,ALLOW
2026-09-30T16:44:00Z,2690.79,2692.12,2690.79,2692.04,123.5718,2691.65,1.94571429,0.05,0.9,0,TREND_UP,NORMAL,ALIGNED,HEALTHY,ALLOW
2026-09-30T16:45:00Z,2692.04,2692.12,2690.29,2691.57,54.2502,2691.32666667,1.96714286,0.05,0.9,0,TREND_DOWN,NORMAL,NEUTRAL,HEALTHY,ALLOW
2026-09-30T16:46:00Z,2691.57,2693.0,2690.58,2693.0,127.4634,2692.19333333,2.03214286,0.05,0.9,0,TREND_UP,NORMAL,ALIGNED,HEALTHY,ALLOW
2026-09-30T16:47:00Z,2693.0,2694.89,2692.99,2693.47,206.2993,2693.78333333,1.98214286,0.05,0.9,0,TREND_UP,NORMAL,ALIGNED,HEALTHY,ALLOW
2026-09-30T16:48:00Z,2693.46,2693.46,2690.6,2691.04,77.0371,2691.7,2.06785714,0.05,0.9,0,TREND_DOWN,NORMAL,NEUTRAL,HEALTHY,ALLOW
2026-09-30T16:49:00Z,2691.04,2691.49,2690.36,2690.69,70.7861,2690.84666667,1.98,0.05,0.9,0,TREND_DOWN,NORMAL,NEUTRAL,HEALTHY,ALLOW
2026-09-30T16:50:00Z,2690.68,2692.89,2690.68,2692.17,42.947,2691.91333333,2.01857143,0.05,0.9,0,TREND_UP,NORMAL,ALIGNED,HEALTHY,ALLOW
2026-09-30T16:51:00Z,2692.17,2692.59,2691.68,2691.69,30.1443,2691.98666667,1.86142857,0.05,0.9,0,TREND_DOWN,NORMAL,NEUTRAL,HEALTHY,ALLOW
2026-09-30T16:52:00Z,2691.68,2693.0,2691.26,2691.78,54.8434,2692.01333333,1.84714286,0.05,0.9,0,TREND_UP,NORMAL,ALIGNED,HEALTHY,ALLOW
2026-09-30T16:53:00Z,2691.78,2692.55,2691.78,2692.55,88.6224,2692.29333333,1.745,0.05,0.9,0,TREND_UP,NORMAL,ALIGNED,HEALTHY,ALLOW
2026-09-30T16:54:00Z,2692.55,2693.83,2692.49,2693.19,103.8746,2693.17,1.75714286,0.05,0.9,0,TREND_UP,NORMAL,ALIGNED,HEALTHY,ALLOW
2026-09-30T16:55:00Z,2693.18,2694.33,2693.11,2693.67,65.5277,2693.70333333,1.71214286,0.05,0.9,0,TREND_UP,NORMAL,ALIGNED,HEALTHY,ALLOW
2026-09-30T16:56:00Z,2693.66,2694.68,2693.66,2693.99,78.3515,2694.11,1.66428571,0.05,0.9,0,TREND_UP,NORMAL,ALIGNED,HEALTHY,ALLOW
2026-09-30T16:57:00Z,2693.99,2695.45,2693.98,2695.23,181.8382,2694.88666667,1.58285714,0.05,0.9,0,TREND_UP,NORMAL,ALIGNED,HEALTHY,ALLOW
2026-09-30T16:58:00Z,2695.23,2696.0,2694.32,2694.38,183.5881,2694.9,1.60785714,0.05,0.9,0,TREND_DOWN,NORMAL,NEUTRAL,HEALTHY,ALLOW
2026-09-30T16:59:00Z,2694.38,2695.83,2694.38,2695.83,152.2662,2695.34666667,1.58071429,0.05,0.9,0,TREND_UP,NORMAL,ALIGNED,HEALTHY,ALLOW
2026-09-30T17:00:00Z,2695.83,2695.99,2694.83,2694.83,97.7319,2695.21666667,1.49071429,0.05,0.9,0,TREND_DOWN,NORMAL,NEUTRAL,HEALTHY,ALLOW
2026-09-30T17:01:00Z,2694.83,2695.08,2694.32,2694.32,60.2779,2694.57333333,1.40928571,0.05,0.9,0,TREND_DOWN,NORMAL,NEUTRAL,HEALTHY,ALLOW
2026-09-30T17:02:00Z,2694.32,2694.75,2694.03,2694.11,205.9531,2694.29666667,1.25571429,0.05,0.9,0,TREND_DOWN,NORMAL,NEUTRAL,HEALTHY,ALLOW
2026-09-30T17:03:00Z,2694.11,2694.95,2693.7,2694.94,184.8011,2694.53,1.26428571,0.05,0.9,0,TREND_UP,NORMAL,ALIGNED,HEALTHY,ALLOW
2026-09-30T17:04:00Z,2694.93,2695.95,2692.94,2692.95,173.7295,2693.94666667,1.32142857,0.05,0.9,0,TREND_DOWN,NORMAL,NEUTRAL,HEALTHY,ALLOW
2026-09-30T17:05:00Z,2692.94,2695.36,2692.71,2694.12,81.2976,2694.06333333,1.44571429,0.05,0.9,0,TREND_UP,NORMAL,ALIGNED,HEALTHY,ALLOW
2026-09-30T17:06:00Z,2694.12,2695.98,2693.66,2694.97,102.8713,2694.87,1.48714286,0.05,0.9,0,TREND_UP,NORMAL,ALIGNED,HEALTHY,ALLOW
2026-09-30T17:07:00Z,2694.96,2695.67,2694.23,2694.89,270.5528,2694.93,1.535,0.05,0.9,0,TREND_DOWN,NORMAL,NEUTRAL,HEALTHY,ALLOW
2026-09-30T17:08:00Z,2694.9,2698.0,2694.9,2697.49,242.1744,2696.79666667,1.66142857,0.05,0.9,0,TREND_UP,NORMAL,ALIGNED,HEALTHY,ALLOW
2026-09-30T17:09:00Z,2697.49,2697.5,2692.94,2693.86,383.1687,2694.76666667,1.9,0.05,0.9,0,TREND_DOWN,NORMAL,NEUTRAL,HEALTHY,ALLOW
2026-09-30T17:10:00Z,2693.86,2695.11,2693.83,2694.94,31.4932,2694.62666667,1.91857143,0.05,0.9,0,TREND_UP,NORMAL,ALIGNED,HEALTHY,ALLOW
2026-09-30T17:11:00Z,2694.95,2695.31,2692.3,2692.82,906.8864,2693.47666667,2.02857143,0.05,0.9,0,TREND_DOWN,NORMAL,NEUTRAL,HEALTHY,ALLOW
2026-09-30T17:12:00Z,2692.82,2693.84,2692.4,2693.37,68.5032,2693.20333333,2.01142857,0.05,0.9,0,TREND_UP,NORMAL,ALIGNED,HEALTHY,ALLOW
2026-09-30T17:13:00Z,2693.36,2693.36,2691.6,2691.88,997.0379,2692.28,2.03428571,0.05,0.9,0,TREND_DOWN,NORMAL,NEUTRAL,HEALTHY,ALLOW
2026-09-30T17:14:00Z,2691.88,2693.79,2691.88,2692.74,239.0428,2692.80333333,2.08785714,0.05,0.9,0,TREND_UP,NORMAL,ALIGNED,HEALTHY,ALLOW
2026-09-30T17:15:00Z,2692.75,2692.75,2689.41,2689.41,674.5172,2690.52333333,2.27214286,0.05,0.9,0,TREND_DOWN,NORMAL,NEUTRAL,HEALTHY,ALLOW
2026-09-30T17:16:00Z,2689.41,2690.26,2688.25,2689.0,804.4285,2689.17,2.36428571,0.05,0.9,0,TREND_DOWN,NORMAL,NEUTRAL,HEALTHY,ALLOW
2026-09-30T17:17:00Z,2689.0,2689.0,2686.89,2687.93,964.1787,2687.94,2.42571429,0.05,0.9,0,TREND_DOWN,NORMAL,NEUTRAL,HEALTHY,ALLOW
2026-09-30T17:18:00Z,2687.94,2690.37,2686.9,2690.36,814.3303,2689.21,2.45857143,0.05,0.9,0,TREND_UP,NORMAL,ALIGNED,HEALTHY,ALLOW
2026-09-30T17:19:00Z,2690.37,2690.63,2687.94,2687.94,190.0995,2688.83666667,2.46142857,0.05,0.9,0,TREND_DOWN,NORMAL,NEUTRAL,HEALTHY,ALLOW
2026-09-30T17:20:00Z,2687.95,2687.95,2686.25,2686.71,331.1731,2686.97,2.41714286,0.05,0.9,0,TREND_DOWN,NORMAL,NEUTRAL,HEALTHY,ALLOW
2026-09-30T17:21:00Z,2686.71,2688.23,2686.48,2687.66,136.1245,2687.45666667,2.43928571,0.05,0.9,0,TREND_UP,NORMAL,ALIGNED,HEALTHY,ALLOW
2026-09-30T17:22:00Z,2687.65,2688.07,2685.49,2685.63,113.3667,2686.39666667,2.40142857,0.05,0.9,0,TREND_DOWN,NORMAL,NEUTRAL,HEALTHY,ALLOW
2026-09-30T17:23:00Z,2685.63,2685.94,2684.93,2685.31,125.9472,2685.39333333,2.14785714,0.05,0.9,0,TREND_DOWN,NORMAL,NEUTRAL,HEALTHY,ALLOW
2026-09-30T17:24:00Z,2685.32,2686.14,2685.0,2685.5,291.6675,2685.54666667,2.13785714,0.05,0.9,0,TREND_UP,NORMAL,ALIGNED,HEALTHY,ALLOW
2026-09-30T17:25:00Z,2685.49,2685.5,2684.45,2684.45,68.1706,2684.8,1.99785714,0.05,0.9,0,TREND_DOWN,NORMAL,NEUTRAL,HEALTHY,ALLOW
2026-09-30T17:26:00Z,2684.46,2684.46,2681.37,2681.63,304.4312,2682.48666667,2.11571429,0.05,0.9,0,TREND_DOWN,NORMAL,NEUTRAL,HEALTHY,ALLOW
2026-09-30T17:27:00Z,2681.62,2685.5,2681.62,2685.5,55.1654,2684.20666667,2.26642857,0.05,0.9,0,TREND_UP,NORMAL,ALIGNED,HEALTHY,ALLOW
2026-09-30T17:28:00Z,2685.5,2686.07,2684.73,2685.19,140.0356,2685.33,2.22571429,0.05,0.9,0,TREND_DOWN,NORMAL,NEUTRAL,HEALTHY,ALLOW
2026-09-30T17:29:00Z,2685.19,2687.12,2685.18,2687.11,85.6992,2686.47,2.12571429,0.05,0.9,0,TREND_UP,NORMAL,ALIGNED,HEALTHY,ALLOW
2026-09-30T17:30:00Z,2687.12,2687.12,2685.32,2685.33,118.6734,2685.92333333,2.11071429,0.05,0.9,0,TREND_DOWN,NORMAL,NEUTRAL,HEALTHY,ALLOW
2026-09-30T17:31:00Z,2685.32,2685.32,2683.57,2683.68,203.0325,2684.19,2.08571429,0.05,0.9,0,TREND_DOWN,NORMAL,NEUTRAL,HEALTHY,ALLOW
2026-09-30T17:32:00Z,2683.67,2685.11,2683.0,2683.55,190.7909,2683.88666667,1.98857143,0.05,0.9,0,TREND_DOWN,NORMAL,NEUTRAL,HEALTHY,ALLOW
2026-09-30T17:33:00Z,2683.54,2683.54,2682.07,2682.23,95.5168,2682.61333333,1.90214286,0.05,0.9,0,TREND_DOWN,NORMAL,NEUTRAL,HEALTHY,ALLOW
2026-09-30T17:34:00Z,2682.23,2682.35,2680.6,2680.63,231.7468,2681.19333333,1.90571429,0.05,0.9,0,TREND_DOWN,NORMAL,NEUTRAL,HEALTHY,ALLOW
2026-09-30T17:35:00Z,2680.63,2681.6,2680.0,2680.34,106.1405,2680.64666667,1.895,0.05,0.9,0,TREND_DOWN,NORMAL,NEUTRAL,HEALTHY,ALLOW
2026-09-30T17:36:00Z,2680.33,2681.91,2680.02,2680.17,60.3026,2680.7,1.84571429,0.05,0.9,0,TREND_DOWN,NORMAL,NEUTRAL,HEALTHY,ALLOW
2026-09-30T17:37:00Z,2680.16,2680.36,2676.71,2677.05,586.8324,2678.04,2.03428571,0.05,0.9,0,TREND_DOWN,NORMAL,NEUTRAL,HEALTHY,ALLOW
2026-09-30T17:38:00Z,2677.06,2679.43,2676.45,2679.43,247.6897,2678.43666667,2.16571429,0.05,0.9,0,TREND_UP,NORMAL,ALIGNED,HEALTHY,ALLOW
2026-09-30T17:39:00Z,2679.43,2681.15,2679.43,2679.5,100.2208,2680.02666667,2.21357143,0.05,0.9,0,TREND_UP,NORMAL,ALIGNED,HEALTHY,ALLOW
2026-09-30T17:40:00Z,2679.5,2679.51,2678.64,2679.4,38.5365,2679.18333333,2.055,0.05,0.9,0,TREND_DOWN,NORMAL,NEUTRAL,HEALTHY,ALLOW
2026-09-30T17:41:00Z,2679.4,2680.21,2679.1,2680.2,20.7224,2679.83666667,1.85714286,0.05,0.9,0,TREND_UP,NORMAL,ALIGNED,HEALTHY,ALLOW
2026-09-30T17:42:00Z,2680.2,2680.66,2679.34,2680.66,35.1838,2680.22,1.85571429,0.05,0.9,0,TREND_UP,NORMAL,ALIGNED,HEALTHY,ALLOW
2026-09-30T17:43:00Z,2680.66,2681.6,2680.66,2681.12,130.7145,2681.12666667,1.78428571,0.05,0.9,0,TREND_UP,NORMAL,ALIGNED,HEALTHY,ALLOW
2026-09-30T17:44:00Z,2681.11,2681.12,2679.28,2679.28,39.8533,2679.89333333,1.78714286,0.05,0.9,0,TREND_DOWN,NORMAL,NEUTRAL,HEALTHY,ALLOW
2026-09-30T17:45:00Z,2679.28,2680.7,2678.15,2680.26,66.3115,2679.70333333,1.84357143,0.05,0.9,0,TREND_UP,NORMAL,ALIGNED,HEALTHY,ALLOW
2026-09-30T17:46:00Z,2680.25,2681.48,2680.25,2681.3,38.1795,2681.01,1.78071429,0.05,0.9,0,TREND_UP,NORMAL,ALIGNED,HEALTHY,ALLOW
2026-09-30T17:47:00Z,2681.3,2685.53,2681.3,2681.69,211.2021,2682.84,1.97714286,0.05,0.9,0,TREND_UP,NORMAL,ALIGNED,HEALTHY,ALLOW
2026-09-30T17:48:00Z,2681.7,2684.18,2681.68,2684.12,98.7991,2683.32666667,2.03071429,0.05,0.9,0,TREND_UP,NORMAL,ALIGNED,HEALTHY,ALLOW
2026-09-30T17:49:00Z,2684.12,2684.18,2682.85,2683.98,73.6812,2683.67,2.01142857,0.05,0.9,0,TREND_DOWN,NORMAL,NEUTRAL,HEALTHY,ALLOW
2026-09-30T17:50:00Z,2683.98,2685.36,2683.92,2684.53,69.762,2684.60333333,1.97928571,0.05,0.9,0,TREND_UP,NORMAL,ALIGNED,HEALTHY,ALLOW
2026-09-30T17:51:00Z,2684.53,2684.69,2683.22,2683.22,19.3658,2683.71,1.82357143,0.05,0.9,0,TREND_DOWN,NORMAL,NEUTRAL,HEALTHY,ALLOW
2026-09-30T17:52:00Z,2683.23,2683.52,2681.66,2681.66,49.8705,2682.28,1.74357143,0.05,0.9,0,TREND_DOWN,NORMAL,NEUTRAL,HEALTHY,ALLOW
2026-09-30T17:53:00Z,2681.66,2681.66,2681.23,2681.44,44.411,2681.44333333,1.65142857,0.05,0.9,0,TREND_DOWN,NORMAL,NEUTRAL,HEALTHY,ALLOW
2026-09-30T17:54:00Z,2681.44,2681.44,2680.21,2680.21,20.1846,2680.62,1.67714286,0.05,0.9,0,TREND_DOWN,NORMAL,NEUTRAL,HEALTHY,ALLOW
2026-09-30T17:55:00Z,2680.21,2680.22,2679.25,2680.17,48.7722,2679.88,1.66714286,0.05,0.9,0,TREND_DOWN,NORMAL,NEUTRAL,HEALTHY,ALLOW
2026-09-30T17:56:00Z,2680.16,2681.07,2680.16,2680.72,175.1921,2680.65,1.63785714,0.05,0.9,0,TREND_UP,NORMAL,ALIGNED,HEALTHY,ALLOW
2026-09-30T17:57:00Z,2680.72,2680.73,2680.5,2680.5,33.9619,2680.57666667,1.58714286,0.05,0.9,0,TREND_DOWN,NORMAL,NEUTRAL,HEALTHY,ALLOW
2026-09-30T17:58:00Z,2680.5,2682.3,2680.49,2682.3,86.1059,2681.69666667,1.585,0.05,0.9,0,TREND_UP,NORMAL,ALIGNED,HEALTHY,ALLOW
2026-09-30T17:59:00Z,2682.29,2682.84,2682.29,2682.72,89.9202,2682.61666667,1.44214286,0.05,0.9,0,TREND_UP,NORMAL,ALIGNED,HEALTHY,ALLOW
2026-09-30T18:00:00Z,2682.71,2684.7,2682.08,2682.74,215.2777,2683.17333333,1.54142857,0.05,0.9,0,TREND_UP,NORMAL,ALIGNED,HEALTHY,ALLOW
2026-09-30T18:01:00Z,2682.74,2682.86,2681.07,2681.07,30.9685,2681.66666667,1.36714286,0.05,0.9,0,TREND_DOWN,NORMAL,NEUTRAL,HEALTHY,ALLOW
2026-09-30T18:02:00Z,2681.08,2681.16,2680.02,2680.02,151.3169,2680.4,1.27,0.05,0.9,0,TREND_DOWN,NORMAL,NEUTRAL,HEALTHY,ALLOW
2026-09-30T18:03:00Z,2680.03,2681.87,2680.0,2680.02,82.2381,2680.63,1.30857143,0.05,0.9,0,TREND_DOWN,NORMAL,NEUTRAL,HEALTHY,ALLOW
2026-09-30T18:04:00Z,2680.02,2682.82,2679.48,2682.41,217.2289,2681.57,1.44428571,0.05,0.9,0,TREND_UP,NORMAL,ALIGNED,HEALTHY,ALLOW
2026-09-30T18:05:00Z,2682.4,2682.4,2680.6,2680.6,40.9551,2681.2,1.46857143,0.05,0.9,0,TREND_DOWN,NORMAL,NEUTRAL,HEALTHY,ALLOW
2026-09-30T18:06:00Z,2680.54,2680.54,2678.23,2679.04,116.7776,2679.27,1.505,0.05,0.9,0,TREND_DOWN,NORMAL,NEUTRAL,HEALTHY,ALLOW
2026-09-30T18:07:00Z,2679.05,2681.08,2678.89,2681.08,74.604,2680.35,1.63071429,0.05,0.9,0,TREND_UP,NORMAL,ALIGNED,HEALTHY,ALLOW
2026-09-30T18:08:00Z,2681.07,2682.65,2679.65,2682.65,102.8598,2681.65,1.75714286,0.05,0.9,0,TREND_UP,NORMAL,ALIGNED,HEALTHY,ALLOW
2026-09-30T18:09:00Z,2682.65,2684.12,2681.26,2683.65,57.2699,2683.01,1.89214286,0.05,0.9,0,TREND_UP,NORMAL,ALIGNED,HEALTHY,ALLOW
2026-09-30T18:10:00Z,2683.66,2683.97,2681.29,2681.53,68.9894,2682.26333333,2.01857143,0.05,0.9,0,TREND_DOWN,NORMAL,NEUTRAL,HEALTHY,ALLOW
2026-09-30T18:11:00Z,2681.52,2683.64,2681.52,2683.08,57.9673,2682.74666667,2.15357143,0.05,0.9,0,TREND_UP,NORMAL,ALIGNED,HEALTHY,ALLOW
2026-09-30T18:12:00Z,2683.08,2683.81,2682.94,2683.81,47.5503,2683.52,2.08642857,0.05,0.9,0,TREND_UP,NORMAL,ALIGNED,HEALTHY,ALLOW
2026-09-30T18:13:00Z,2683.8,2683.8,2682.25,2682.42,55.9687,2682.82333333,2.15857143,0.05,0.9,0,TREND_DOWN,NORMAL,NEUTRAL,HEALTHY,ALLOW
2026-09-30T18:14:00Z,2682.41,2682.94,2681.18,2681.18,81.8534,2681.76666667,2.09714286,0.05,0.9,0,TREND_DOWN,NORMAL,NEUTRAL,HEALTHY,ALLOW
2026-09-30T18:15:00Z,2681.18,2682.04,2680.61,2681.25,113.9883,2681.3,2.07142857,0.05,0.9,0,TREND_UP,NORMAL,ALIGNED,HEALTHY,ALLOW
2026-09-30T18:16:00Z,2681.27,2682.22,2681.19,2681.2,77.3731,2681.53666667,2.06357143,0.05,0.9,0,TREND_DOWN,NORMAL,NEUTRAL,HEALTHY,ALLOW
2026-09-30T18:17:00Z,2681.19,2681.35,2680.02,2680.03,45.9198,2680.46666667,2.025,0.05,0.9,0,TREND_DOWN,NORMAL,NEUTRAL,HEALTHY,ALLOW
2026-09-30T18:18:00Z,2680.03,2681.46,2679.13,2681.45,77.4776,2680.68,1.95285714,0.05,0.9,0,TREND_UP,NORMAL,ALIGNED,HEALTHY,ALLOW
2026-09-30T18:19:00Z,2681.45,2681.91,2680.47,2681.9,110.9726,2681.42666667,1.92642857,0.05,0.9,0,TREND_UP,NORMAL,ALIGNED,HEALTHY,ALLOW
2026-09-30T18:20:00Z,2681.91,2682.49,2681.55,2682.42,77.9714,2682.15333333,1.82428571,0.05,0.9,0,TREND_UP,NORMAL,ALIGNED,HEALTHY,ALLOW
2026-09-30T18:21:00Z,2682.42,2682.42,2680.13,2680.94,190.2606,2681.16333333,1.83142857,0.05,0.9,0,TREND_DOWN,NORMAL,NEUTRAL,HEALTHY,ALLOW
2026-09-30T18:22:00Z,2680.95,2681.26,2680.74,2681.08,46.633,2681.02666667,1.65428571,0.05,0.9,0,TREND_UP,NORMAL,ALIGNED,HEALTHY,ALLOW
2026-09-30T18:23:00Z,2681.08,2681.08,2679.16,2679.16,45.2467,2679.8,1.58714286,0.05,0.9,0,TREND_DOWN,NORMAL,NEUTRAL,HEALTHY,ALLOW
2026-09-30T18:24:00Z,2679.17,2679.47,2678.14,2678.14,119.5009,2678.58333333,1.49071429,0.05,0.9,0,TREND_DOWN,NORMAL,NEUTRAL,HEALTHY,ALLOW
2026-09-30T18:25:00Z,2678.15,2678.25,2677.54,2677.68,212.4254,2677.82333333,1.39,0.05,0.9,0,TREND_DOWN,NORMAL,NEUTRAL,HEALTHY,ALLOW
2026-09-30T18:26:00Z,2677.68,2678.95,2677.68,2678.43,75.3441,2678.35333333,1.41857143,0.05,0.9,0,TREND_UP,NORMAL,ALIGNED,HEALTHY,ALLOW
2026-09-30T18:27:00Z,2678.43,2679.17,2678.23,2678.28,89.9161,2678.56,1.37428571,0.05,0.9,0,TREND_DOWN,NORMAL,NEUTRAL,HEALTHY,ALLOW
2026-09-30T18:28:00Z,2678.29,2679.89,2678.28,2679.08,150.7043,2679.08333333,1.36357143,0.05,0.9,0,TREND_UP,NORMAL,ALIGNED,HEALTHY,ALLOW
2026-09-30T18:29:00Z,2679.07,2679.97,2678.92,2679.97,66.9997,2679.62,1.33642857,0.05,0.9,0,TREND_UP,NORMAL,ALIGNED,HEALTHY,ALLOW
2026-09-30T18:30:00Z,2679.96,2681.29,2679.4,2681.29,192.6985,2680.66,1.39785714,0.05,0.9,0,TREND_UP,NORMAL,ALIGNED,HEALTHY,ALLOW
2026-09-30T18:31:00Z,2681.29,2681.3,2678.31,2678.31,58.0342,2679.30666667,1.51642857,0.05,0.9,0,TREND_DOWN,NORMAL,NEUTRAL,HEALTHY,ALLOW
2026-09-30T18:32:00Z,2678.3,2678.3,2677.65,2677.74,58.5006,2677.89666667,1.39714286,0.05,0.9,0,TREND_DOWN,NORMAL,NEUTRAL,HEALTHY,ALLOW
2026-09-30T18:33:00Z,2677.74,2678.71,2677.1,2677.73,215.8465,2677.84666667,1.40928571,0.05,0.9,0,TREND_DOWN,NORMAL,NEUTRAL,HEALTHY,ALLOW
2026-09-30T18:34:00Z,2677.7,2677.71,2676.5,2677.26,96.9381,2677.15666667,1.43,0.05,0.9,0,TREND_DOWN,NORMAL,NEUTRAL,HEALTHY,ALLOW
2026-09-30T18:35:00Z,2677.25,2677.25,2675.55,2675.71,87.9493,2676.17,1.38857143,0.05,0.9,0,TREND_DOWN,NORMAL,NEUTRAL,HEALTHY,ALLOW
2026-09-30T18:36:00Z,2675.7,2675.91,2674.87,2674.88,235.2126,2675.22,1.42571429,0.05,0.9,0,TREND_DOWN,NORMAL,NEUTRAL,HEALTHY,ALLOW
2026-09-30T18:37:00Z,2674.87,2674.88,2674.41,2674.84,113.7194,2674.71,1.32214286,0.05,0.9,0,TREND_DOWN,NORMAL,NEUTRAL,HEALTHY,ALLOW
2026-09-30T18:38:00Z,2674.84,2674.99,2674.41,2674.73,49.1151,2674.71,1.26857143,0.05,0.9,0,TREND_DOWN,NORMAL,NEUTRAL,HEALTHY,ALLOW
2026-09-30T18:39:00Z,2674.74,2674.74,2674.14,2674.14,36.2763,2674.34,1.26071429,0.05,0.9,0,TREND_DOWN,NORMAL,NEUTRAL,HEALTHY,ALLOW
2026-09-30T18:40:00Z,2674.15,2676.77,2673.89,2675.16,328.7252,2675.27333333,1.37571429,0.05,0.9,0,TREND_UP,NORMAL,ALIGNED,HEALTHY,ALLOW
2026-09-30T18:41:00Z,2675.16,2675.24,2674.32,2674.5,61.9112,2674.68666667,1.37428571,0.05,0.9,0,TREND_DOWN,NORMAL,NEUTRAL,HEALTHY,ALLOW
2026-09-30T18:42:00Z,2674.49,2674.77,2674.1,2674.77,42.6405,2674.54666667,1.30714286,0.05,0.9,0,TREND_UP,NORMAL,ALIGNED,HEALTHY,ALLOW
2026-09-30T18:43:00Z,2674.77,2675.56,2674.18,2674.53,32.1741,2674.75666667,1.33071429,0.05,0.9,0,TREND_DOWN,NORMAL,NEUTRAL,HEALTHY,ALLOW
2026-09-30T18:44:00Z,2674.53,2675.14,2674.33,2674.46,28.6473,2674.64333333,1.25357143,0.05,0.9,0,TREND_DOWN,NORMAL,NEUTRAL,HEALTHY,ALLOW
2026-09-30T18:45:00Z,2674.46,2674.68,2673.8,2674.67,159.4875,2674.38333333,1.10285714,0.05,0.9,0,TREND_UP,NORMAL,ALIGNED,HEALTHY,ALLOW
2026-09-30T18:46:00Z,2674.67,2675.65,2674.09,2674.86,101.8787,2674.86666667,1.16714286,0.05,0.9,0,TREND_UP,NORMAL,ALIGNED,HEALTHY,ALLOW
2026-09-30T18:47:00Z,2674.87,2675.95,2674.72,2675.33,49.6917,2675.33333333,1.14,0.05,0.9,0,TREND_UP,NORMAL,ALIGNED,HEALTHY,ALLOW
2026-09-30T18:48:00Z,2675.33,2675.33,2674.65,2674.66,46.1932,2674.88,1.10071429,0.05,0.9,0,TREND_DOWN,NORMAL,NEUTRAL,HEALTHY,ALLOW
2026-09-30T18:49:00Z,2674.65,2675.94,2674.65,2675.94,115.9518,2675.51,1.07071429,0.05,0.9,0,TREND_UP,NORMAL,ALIGNED,HEALTHY,ALLOW
2026-09-30T18:50:00Z,2675.95,2678.75,2675.95,2677.65,64.7332,2677.45,1.19714286,0.05,0.9,0,TREND_UP,NORMAL,ALIGNED,HEALTHY,ALLOW
2026-09-30T18:51:00Z,2677.66,2677.98,2677.3,2677.92,131.1247,2677.73333333,1.21214286,0.05,0.9,0,TREND_UP,NORMAL,ALIGNED,HEALTHY,ALLOW
2026-09-30T18:52:00Z,2677.92,2679.56,2677.57,2679.52,139.2662,2678.88333333,1.31285714,0.05,0.9,0,TREND_UP,NORMAL,ALIGNED,HEALTHY,ALLOW
2026-09-30T18:53:00Z,2679.51,2680.03,2677.73,2677.73,98.7197,2678.49666667,1.43428571,0.05,0.9,0,TREND_DOWN,NORMAL,NEUTRAL,HEALTHY,ALLOW
2026-09-30T18:54:00Z,2677.72,2678.5,2677.32,2678.44,33.5963,2678.08666667,1.31285714,0.05,0.9,0,TREND_UP,NORMAL,ALIGNED,HEALTHY,ALLOW
2026-09-30T18:55:00Z,2678.45,2678.68,2678.06,2678.68,22.9872,2678.47333333,1.29142857,0.05,0.9,0,TREND_UP,NORMAL,ALIGNED,HEALTHY,ALLOW
2026-09-30T18:56:00Z,2678.67,2679.35,2678.33,2679.35,33.0859,2679.01,1.31642857,0.05,0.9,0,TREND_UP,NORMAL,ALIGNED,HEALTHY,ALLOW
2026-09-30T18:57:00Z,2679.34,2679.63,2678.65,2679.34,20.5727,2679.20666667,1.28785714,0.05,0.9,0,TREND_UP,NORMAL,ALIGNED,HEALTHY,ALLOW
2026-09-30T18:58:00Z,2679.35,2680.58,2679.03,2680.41,122.2542,2680.00666667,1.34071429,0.05,0.9,0,TREND_UP,NORMAL,ALIGNED,HEALTHY,ALLOW
2026-09-30T18:59:00Z,2680.4,2680.4,2678.5,2679.15,56.8604,2679.35,1.41428571,0.05,0.9,0,TREND_DOWN,NORMAL,NEUTRAL,HEALTHY,ALLOW
2026-09-30T19:00:00Z,2679.16,2680.0,2678.8,2678.81,34.5715,2679.20333333,1.38857143,0.05,0.9,0,TREND_DOWN,NORMAL,NEUTRAL,HEALTHY,ALLOW
2026-09-30T19:01:00Z,2678.8,2679.82,2677.46,2677.99,85.1638,2678.42333333,1.46928571,0.05,0.9,0,TREND_DOWN,NORMAL,NEUTRAL,HEALTHY,ALLOW
2026-09-30T19:02:00Z,2677.99,2679.91,2677.55,2679.9,77.645,2679.12,1.58928571,0.05,0.9,0,TREND_UP,NORMAL,ALIGNED,HEALTHY,ALLOW
2026-09-30T19:03:00Z,2679.91,2680.35,2679.41,2679.49,159.1798,2679.75,1.56428571,0.05,0.9,0,TREND_DOWN,NORMAL,NEUTRAL,HEALTHY,ALLOW
2026-09-30T19:04:00Z,2679.49,2680.05,2679.49,2680.02,69.2943,2679.85333333,1.40357143,0.05,0.9,0,TREND_UP,NORMAL,ALIGNED,HEALTHY,ALLOW
2026-09-30T19:05:00Z,2680.02,2680.88,2679.0,2679.01,221.7196,2679.63,1.48928571,0.05,0.9,0,TREND_DOWN,NORMAL,NEUTRAL,HEALTHY,ALLOW
2026-09-30T19:06:00Z,2679.01,2679.12,2678.88,2678.92,58.5437,2678.97333333,1.36428571,0.05,0.9,0,TREND_DOWN,NORMAL,NEUTRAL,HEALTHY,ALLOW
2026-09-30T19:07:00Z,2678.92,2679.63,2678.92,2679.62,40.7907,2679.39,1.25071429,0.05,0.9,0,TREND_UP,NORMAL,ALIGNED,HEALTHY,ALLOW
2026-09-30T19:08:00Z,2679.62,2679.63,2678.04,2678.04,61.4344,2678.57,1.28,0.05,0.9,0,TREND_DOWN,NORMAL,NEUTRAL,HEALTHY,ALLOW
2026-09-30T19:09:00Z,2678.03,2678.03,2677.55,2677.55,33.6591,2677.71,1.27071429,0.05,0.9,0,TREND_DOWN,NORMAL,NEUTRAL,HEALTHY,ALLOW
2026-09-30T19:10:00Z,2677.56,2677.56,2676.0,2676.0,20.0688,2676.52,1.30928571,0.05,0.9,0,TREND_DOWN,NORMAL,NEUTRAL,HEALTHY,ALLOW
2026-09-30T19:11:00Z,2676.0,2676.01,2675.17,2675.17,119.8574,2675.45,1.29928571,0.05,0.9,0,TREND_DOWN,NORMAL,NEUTRAL,HEALTHY,ALLOW
2026-09-30T19:12:00Z,2675.17,2675.18,2673.37,2674.48,179.439,2674.34333333,1.31785714,0.05,0.9,0,TREND_DOWN,NORMAL,NEUTRAL,HEALTHY,ALLOW
2026-09-30T19:13:00Z,2674.48,2674.87,2673.89,2674.23,145.9777,2674.33,1.25142857,0.05,0.9,0,TREND_DOWN,NORMAL,NEUTRAL,HEALTHY,ALLOW
2026-09-30T19:14:00Z,2674.24,2674.46,2673.9,2673.9,60.6337,2674.08666667,1.20571429,0.05,0.9,0,TREND_DOWN,NORMAL,NEUTRAL,HEALTHY,ALLOW
2026-09-30T19:15:00Z,2673.89,2673.89,2672.72,2672.73,135.0863,2673.11333333,1.12142857,0.05,0.9,0,TREND_DOWN,NORMAL,NEUTRAL,HEALTHY,ALLOW
2026-09-30T19:16:00Z,2672.72,2673.03,2672.72,2673.0,507.2879,2672.91666667,0.975,0.05,0.9,0,TREND_UP,NORMAL,ALIGNED,HEALTHY,ALLOW
2026-09-30T19:17:00Z,2673.0,2673.0,2670.09,2671.5,1046.0806,2671.53,1.11571429,0.05,0.9,0,TREND_DOWN,NORMAL,NEUTRAL,HEALTHY,ALLOW
2026-09-30T19:18:00Z,2671.51,2673.25,2670.96,2673.25,118.9155,2672.48666667,1.23928571,0.05,0.9,0,TREND_UP,NORMAL,ALIGNED,HEALTHY,ALLOW
2026-09-30T19:19:00Z,2673.25,2675.06,2673.24,2675.06,44.9165,2674.45333333,1.235,0.05,0.9,0,TREND_UP,NORMAL,ALIGNED,HEALTHY,ALLOW
2026-09-30T19:20:00Z,2675.05,2675.34,2673.84,2674.35,75.7738,2674.51,1.325,0.05,0.9,0,TREND_DOWN,NORMAL,NEUTRAL,HEALTHY,ALLOW
2026-09-30T19:21:00Z,2674.36,2676.07,2674.35,2674.88,81.6817,2675.1,1.39714286,0.05,0.9,0,TREND_UP,NORMAL,ALIGNED,HEALTHY,ALLOW
2026-09-30T19:22:00Z,2674.87,2674.87,2673.89,2673.89,33.6897,2674.21666667,1.35428571,0.05,0.9,0,TREND_DOWN,NORMAL,NEUTRAL,HEALTHY,ALLOW
2026-09-30T19:23:00Z,2673.9,2673.9,2672.68,2672.68,27.1344,2673.08666667,1.40642857,0.05,0.9,0,TREND_DOWN,NORMAL,NEUTRAL,HEALTHY,ALLOW
2026-09-30T19:24:00Z,2672.67,2672.68,2671.93,2672.17,41.6834,2672.26,1.34857143,0.05,0.9,0,TREND_DOWN,NORMAL,NEUTRAL,HEALTHY,ALLOW
2026-09-30T19:25:00Z,2672.17,2673.34,2672.1,2673.34,74.0174,2672.92666667,1.37714286,0.05,0.9,0,TREND_UP,NORMAL,ALIGNED,HEALTHY,ALLOW
2026-09-30T19:26:00Z,2673.34,2674.88,2673.33,2673.33,71.1785,2673.84666667,1.35857143,0.05,0.9,0,TREND_DOWN,NORMAL,NEUTRAL,HEALTHY,ALLOW
2026-09-30T19:27:00Z,2673.33,2673.98,2673.33,2673.89,21.5721,2673.73333333,1.335,0.05,0.9,0,TREND_UP,NORMAL,ALIGNED,HEALTHY,ALLOW
2026-09-30T19:28:00Z,2673.89,2674.79,2673.89,2674.01,36.3932,2674.23,1.35928571,0.05,0.9,0,TREND_UP,NORMAL,ALIGNED,HEALTHY,ALLOW
2026-09-30T19:29:00Z,2674.01,2674.3,2672.93,2672.93,51.367,2673.38666667,1.37285714,0.05,0.9,0,TREND_DOWN,NORMAL,NEUTRAL,HEALTHY,ALLOW
2026-09-30T19:30:00Z,2672.93,2674.78,2672.92,2674.78,62.2294,2674.16,1.48357143,0.05,0.9,0,TREND_UP,NORMAL,ALIGNED,HEALTHY,ALLOW
2026-09-30T19:31:00Z,2674.77,2675.66,2674.77,2675.41,44.8395,2675.28,1.33928571,0.05,0.9,0,TREND_UP,NORMAL,ALIGNED,HEALTHY,ALLOW
2026-09-30T19:32:00Z,2675.41,2675.74,2674.7,2675.47,69.8055,2675.30333333,1.25,0.05,0.9,0,TREND_UP,NORMAL,ALIGNED,HEALTHY,ALLOW
2026-09-30T19:33:00Z,2675.48,2677.07,2675.47,2677.07,142.177,2676.53666667,1.23428571,0.05,0.9,0,TREND_UP,NORMAL,ALIGNED,HEALTHY,ALLOW
2026-09-30T19:34:00Z,2677.08,2677.21,2675.95,2676.74,99.8513,2676.63333333,1.21714286,0.05,0.9,0,TREND_DOWN,NORMAL,NEUTRAL,HEALTHY,ALLOW
2026-09-30T19:35:00Z,2676.75,2677.97,2676.74,2677.62,154.6116,2677.44333333,1.18214286,0.05,0.9,0,TREND_UP,NORMAL,ALIGNED,HEALTHY,ALLOW
2026-09-30T19:36:00Z,2677.63,2678.63,2677.62,2678.61,52.4288,2678.28666667,1.18357143,0.05,0.9,0,TREND_UP,NORMAL,ALIGNED,HEALTHY,ALLOW
2026-09-30T19:37:00Z,2678.61,2679.48,2678.61,2679.41,77.3686,2679.16666667,1.15857143,0.05,0.9,0,TREND_UP,NORMAL,ALIGNED,HEALTHY,ALLOW
2026-09-30T19:38:00Z,2679.4,2680.56,2679.4,2680.37,60.515,2680.11,1.18785714,0.05,0.9,0,TREND_UP,NORMAL,ALIGNED,HEALTHY,ALLOW
2026-09-30T19:39:00Z,2680.36,2680.36,2678.9,2679.51,36.6546,2679.59,1.20428571,0.05,0.9,0,TREND_DOWN,NORMAL,NEUTRAL,HEALTHY,ALLOW
2026-09-30T19:40:00Z,2679.51,2679.51,2677.98,2677.99,37.0613,2678.49333333,1.20285714,0.05,0.9,0,TREND_DOWN,NORMAL,NEUTRAL,HEALTHY,ALLOW
2026-09-30T19:41:00Z,2677.98,2678.2,2677.05,2677.05,28.0838,2677.43333333,1.23857143,0.05,0.9,0,TREND_DOWN,NORMAL,NEUTRAL,HEALTHY,ALLOW
2026-09-30T19:42:00Z,2677.04,2677.42,2676.25,2676.26,40.9293,2676.64333333,1.25785714,0.05,0.9,0,TREND_DOWN,NORMAL,NEUTRAL,HEALTHY,ALLOW
2026-09-30T19:43:00Z,2676.25,2676.26,2675.66,2675.8,39.7147,2675.90666667,1.20285714,0.05,0.9,0,TREND_DOWN,NORMAL,NEUTRAL,HEALTHY,ALLOW
2026-09-30T19:44:00Z,2675.79,2676.39,2675.79,2676.32,28.9907,2676.16666667,1.11285714,0.05,0.9,0,TREND_UP,NORMAL,ALIGNED,HEALTHY,ALLOW
2026-09-30T19:45:00Z,2676.31,2676.32,2675.12,2675.12,26.3825,2675.52,1.135,0.05,0.9,0,TREND_DOWN,NORMAL,NEUTRAL,HEALTHY,ALLOW
2026-09-30T19:46:00Z,2675.13,2675.24,2674.47,2674.82,234.6344,2674.84333333,1.11571429,0.05,0.9,0,TREND_DOWN,NORMAL,NEUTRAL,HEALTHY,ALLOW
2026-09-30T19:47:00Z,2674.82,2675.85,2673.01,2673.38,191.9732,2674.08,1.20428571,0.05,0.9,0,TREND_DOWN,NORMAL,NEUTRAL,HEALTHY,ALLOW
2026-09-30T19:48:00Z,2673.38,2674.88,2673.21,2673.21,140.6897,2673.76666667,1.23357143,0.05,0.9,0,TREND_DOWN,NORMAL,NEUTRAL,HEALTHY,ALLOW
2026-09-30T19:49:00Z,2673.22,2673.61,2672.84,2673.1,33.8996,2673.18333333,1.20071429,0.05,0.9,0,TREND_DOWN,NORMAL,NEUTRAL,HEALTHY,ALLOW
2026-09-30T19:50:00Z,2673.1,2673.1,2670.68,2670.69,162.2184,2671.49,1.30142857,0.05,0.9,0,TREND_DOWN,NORMAL,NEUTRAL,HEALTHY,ALLOW
2026-09-30T19:51:00Z,2670.68,2670.68,2668.68,2669.84,717.1829,2669.73333333,1.38285714,0.05,0.9,0,TREND_DOWN,NORMAL,NEUTRAL,HEALTHY,ALLOW
2026-09-30T19:52:00Z,2669.85,2671.18,2669.05,2669.6,219.4836,2669.94333333,1.45214286,0.05,0.9,0,TREND_DOWN,NORMAL,NEUTRAL,HEALTHY,ALLOW
2026-09-30T19:53:00Z,2669.6,2671.68,2669.01,2669.02,118.6217,2669.90333333,1.53785714,0.05,0.9,0,TREND_DOWN,NORMAL,NEUTRAL,HEALTHY,ALLOW
2026-09-30T19:54:00Z,2669.01,2669.6,2668.14,2668.24,107.1502,2668.66,1.53285714,0.05,0.9,0,TREND_DOWN,NORMAL,NEUTRAL,HEALTHY,ALLOW
2026-09-30T19:55:00Z,2668.23,2671.86,2667.94,2671.86,203.4034,2670.55333333,1.73071429,0.05,0.9,0,TREND_UP,NORMAL,ALIGNED,HEALTHY,ALLOW
2026-09-30T19:56:00Z,2671.86,2671.86,2669.54,2670.28,77.0493,2670.56,1.81285714,0.05,0.9,0,TREND_DOWN,NORMAL,NEUTRAL,HEALTHY,ALLOW
2026-09-30T19:57:00Z,2670.27,2670.28,2669.24,2669.25,76.3729,2669.59,1.84428571,0.05,0.9,0,TREND_DOWN,NORMAL,NEUTRAL,HEALTHY,ALLOW
2026-09-30T19:58:00Z,2669.25,2669.7,2668.4,2669.69,71.6117,2669.26333333,1.89428571,0.05,0.9,0,TREND_UP,NORMAL,ALIGNED,HEALTHY,ALLOW
2026-09-30T19:59:00Z,2669.69,2670.48,2669.16,2669.61,222.8723,2669.75,1.90285714,0.05,0.9,0,TREND_DOWN,NORMAL,NEUTRAL,HEALTHY,ALLOW
2026-09-30T20:00:00Z,2669.62,2671.32,2669.07,2670.99,297.472,2670.46,2.00857143,0.05,0.9,0,TREND_UP,NORMAL,ALIGNED,HEALTHY,ALLOW
2026-09-30T20:01:00Z,2670.99,2671.15,2668.64,2670.12,177.1121,2669.97,1.985,0.05,0.9,0,TREND_DOWN,NORMAL,NEUTRAL,HEALTHY,ALLOW
2026-09-30T20:02:00Z,2670.12,2671.09,2669.78,2670.19,108.8469,2670.35333333,1.95928571,0.05,0.9,0,TREND_UP,NORMAL,ALIGNED,HEALTHY,ALLOW
2026-09-30T20:03:00Z,2670.2,2671.22,2670.0,2671.22,83.034,2670.81333333,1.99142857,0.05,0.9,0,TREND_UP,NORMAL,ALIGNED,HEALTHY,ALLOW
2026-09-30T20:04:00Z,2671.21,2671.47,2670.07,2671.44,102.7585,2670.99333333,1.91857143,0.05,0.9,0,TREND_UP,NORMAL,ALIGNED,HEALTHY,ALLOW
2026-09-30T20:05:00Z,2671.43,2672.01,2671.29,2671.49,354.6097,2671.59666667,1.82642857,0.05,0.9,0,TREND_UP,NORMAL,ALIGNED,HEALTHY,ALLOW
2026-09-30T20:06:00Z,2671.48,2672.26,2669.8,2671.46,582.8647,2671.17333333,1.85,0.05,0.9,0,TREND_DOWN,NORMAL,NEUTRAL,HEALTHY,ALLOW
2026-09-30T20:07:00Z,2671.47,2672.87,2671.07,2672.47,240.7855,2672.13666667,1.78785714,0.05,0.9,0,TREND_UP,NORMAL,ALIGNED,HEALTHY,ALLOW
2026-09-30T20:08:00Z,2672.48,2672.48,2671.69,2671.7,39.8811,2671.95666667,1.74,0.05,0.9,0,TREND_DOWN,NORMAL,NEUTRAL,HEALTHY,ALLOW
2026-09-30T20:09:00Z,2671.69,2672.55,2671.69,2672.22,64.0802,2672.15333333,1.52142857,0.05,0.9,0,TREND_UP,NORMAL,ALIGNED,HEALTHY,ALLOW
2026-09-30T20:10:00Z,2672.23,2673.15,2672.06,2673.0,81.0681,2672.73666667,1.43357143,0.05,0.9,0,TREND_UP,NORMAL,ALIGNED,HEALTHY,ALLOW
2026-09-30T20:11:00Z,2672.99,2674.0,2672.99,2673.25,62.6915,2673.41333333,1.43142857,0.05,0.9,0,TREND_UP,NORMAL,ALIGNED,HEALTHY,ALLOW
2026-09-30T20:12:00Z,2673.25,2673.26,2673.21,2673.21,13.8365,2673.22666667,1.34214286,0.05,0.9,0,TREND_DOWN,NORMAL,NEUTRAL,HEALTHY,ALLOW
2026-09-30T20:13:00Z,2673.22,2674.0,2672.77,2673.9,32.0555,2673.55666667,1.33571429,0.05,0.9,0,TREND_UP,NORMAL,ALIGNED,HEALTHY,ALLOW
2026-09-30T20:14:00Z,2673.89,2674.88,2673.89,2674.84,86.772,2674.53666667,1.24571429,0.05,0.9,0,TREND_UP,NORMAL,ALIGNED,HEALTHY,ALLOW
2026-09-30T20:15:00Z,2674.84,2675.47,2674.79,2675.46,27.0343,2675.24,1.115,0.05,0.9,0,TREND_UP,NORMAL,ALIGNED,HEALTHY,ALLOW
2026-09-30T20:16:00Z,2675.47,2675.47,2675.09,2675.46,56.6869,2675.34,1.04857143,0.05,0.9,0,TREND_DOWN,NORMAL,NEUTRAL,HEALTHY,ALLOW
2026-09-30T20:17:00Z,2675.47,2675.47,2675.15,2675.45,18.8553,2675.35666667,0.98428571,0.05,0.9,0,TREND_DOWN,NORMAL,NEUTRAL,HEALTHY,ALLOW
2026-09-30T20:18:00Z,2675.46,2675.94,2675.45,2675.94,35.1878,2675.77666667,0.91928571,0.05,0.9,0,TREND_UP,NORMAL,ALIGNED,HEALTHY,ALLOW
2026-09-30T20:19:00Z,2675.94,2676.56,2675.7,2676.54,49.7891,2676.26666667,0.92928571,0.05,0.9,0,TREND_UP,NORMAL,ALIGNED,HEALTHY,ALLOW
2026-09-30T20:20:00Z,2676.55,2677.3,2676.54,2677.08,72.4216,2676.97333333,0.80785714,0.05,0.9,0,TREND_UP,NORMAL,ALIGNED,HEALTHY,ALLOW
2026-09-30T20:21:00Z,2677.08,2677.98,2677.08,2677.98,67.6091,2677.68,0.74357143,0.05,0.9,0,TREND_UP,NORMAL,ALIGNED,HEALTHY,ALLOW
2026-09-30T20:22:00Z,2677.99,2679.48,2677.99,2679.3,86.8887,2678.92333333,0.79428571,0.05,0.9,0,TREND_UP,NORMAL,ALIGNED,HEALTHY,ALLOW
2026-09-30T20:23:00Z,2679.3,2680.0,2679.3,2679.63,86.8257,2679.64333333,0.78285714,0.05,0.9,0,TREND_UP,NORMAL,ALIGNED,HEALTHY,ALLOW
2026-09-30T20:24:00Z,2679.63,2680.0,2679.22,2679.23,36.1178,2679.48333333,0.76071429,0.05,0.9,0,TREND_DOWN,NORMAL,NEUTRAL,HEALTHY,ALLOW
2026-09-30T20:25:00Z,2679.23,2680.09,2679.23,2680.09,28.5736,2679.80333333,0.75,0.05,0.9,0,TREND_UP,NORMAL,ALIGNED,HEALTHY,ALLOW
2026-09-30T20:26:00Z,2680.09,2680.09,2679.9,2679.91,70.8554,2679.96666667,0.76,0.05,0.9,0,TREND_DOWN,NORMAL,NEUTRAL,HEALTHY,ALLOW
2026-09-30T20:27:00Z,2679.91,2680.56,2679.91,2680.55,28.8832,2680.34,0.71857143,0.05,0.9,0,TREND_UP,NORMAL,ALIGNED,HEALTHY,ALLOW
2026-09-30T20:28:00Z,2680.55,2681.08,2680.49,2681.08,23.23,2680.88333333,0.69,0.05,0.9,0,TREND_UP,NORMAL,ALIGNED,HEALTHY,ALLOW
2026-09-30T20:29:00Z,2681.07,2681.75,2680.02,2680.02,104.7551,2680.59666667,0.765,0.05,0.9,0,TREND_DOWN,NORMAL,NEUTRAL,HEALTHY,ALLOW
2026-09-30T20:30:00Z,2680.02,2681.0,2679.85,2679.89,36.226,2680.24666667,0.82,0.05,0.9,0,TREND_DOWN,NORMAL,NEUTRAL,HEALTHY,ALLOW
2026-09-30T20:31:00Z,2679.88,2679.88,2679.09,2679.09,39.8752,2679.35333333,0.85428571,0.05,0.9,0,TREND_DOWN,NORMAL,NEUTRAL,HEALTHY,ALLOW
2026-09-30T20:32:00Z,2679.09,2679.1,2678.91,2678.97,61.2991,2678.99333333,0.83285714,0.05,0.9,0,TREND_DOWN,NORMAL,NEUTRAL,HEALTHY,ALLOW
2026-09-30T20:33:00Z,2678.96,2679.74,2678.96,2679.4,69.7908,2679.36666667,0.82714286,0.05,0.9,0,TREND_UP,NORMAL,ALIGNED,HEALTHY,ALLOW
2026-09-30T20:34:00Z,2679.4,2679.85,2679.0,2679.64,88.6827,2679.49666667,0.83357143,0.05,0.9,0,TREND_UP,NORMAL,ALIGNED,HEALTHY,ALLOW
2026-09-30T20:35:00Z,2679.63,2681.45,2679.63,2680.46,116.3185,2680.51333333,0.89928571,0.05,0.9,0,TREND_UP,NORMAL,ALIGNED,HEALTHY,ALLOW
2026-09-30T20:36:00Z,2680.45,2680.98,2679.63,2679.64,37.2938,2680.08333333,0.88857143,0.05,0.9,0,TREND_DOWN,NORMAL,NEUTRAL,HEALTHY,ALLOW
2026-09-30T20:37:00Z,2679.64,2680.73,2679.27,2680.73,60.8971,2680.24333333,0.94285714,0.05,0.9,0,TREND_UP,NORMAL,ALIGNED,HEALTHY,ALLOW
2026-09-30T20:38:00Z,2680.72,2681.05,2680.69,2680.69,49.8405,2680.81,0.91285714,0.05,0.9,0,TREND_DOWN,NORMAL,NEUTRAL,HEALTHY,ALLOW
2026-09-30T20:39:00Z,2680.69,2681.76,2680.0,2681.02,129.9517,2680.92666667,0.97714286,0.05,0.9,0,TREND_UP,NORMAL,ALIGNED,HEALTHY,ALLOW
2026-09-30T20:40:00Z,2681.02,2681.03,2681.02,2681.02,11.1466,2681.02333333,0.96428571,0.05,0.9,0,TREND_UP,NORMAL,ALIGNED,HEALTHY,ALLOW
2026-09-30T20:41:00Z,2681.02,2681.03,2680.45,2681.02,32.6899,2680.83333333,0.95928571,0.05,0.9,0,TREND_UP,NORMAL,ALIGNED,HEALTHY,ALLOW
2026-09-30T20:42:00Z,2681.02,2681.02,2679.86,2679.87,60.6229,2680.25,1.0,0.05,0.9,0,TREND_DOWN,NORMAL,NEUTRAL,HEALTHY,ALLOW
2026-09-30T20:43:00Z,2679.86,2680.19,2679.76,2680.19,62.6912,2680.04666667,0.90714286,0.05,0.9,0,TREND_UP,NORMAL,ALIGNED,HEALTHY,ALLOW
2026-09-30T20:44:00Z,2680.18,2680.57,2680.18,2680.57,25.858,2680.44,0.85285714,0.05,0.9,0,TREND_UP,NORMAL,ALIGNED,HEALTHY,ALLOW
2026-09-30T20:45:00Z,2680.56,2681.28,2680.5,2681.28,28.7744,2681.02,0.85142857,0.05,0.9,0,TREND_UP,NORMAL,ALIGNED,HEALTHY,ALLOW
2026-09-30T20:46:00Z,2681.27,2681.28,2680.75,2680.76,24.6533,2680.93,0.87571429,0.05,0.9,0,TREND_DOWN,NORMAL,NEUTRAL,HEALTHY,ALLOW
2026-09-30T20:47:00Z,2680.76,2682.07,2680.75,2681.08,87.4512,2681.3,0.91428571,0.05,0.9,0,TREND_UP,NORMAL,ALIGNED,HEALTHY,ALLOW
2026-09-30T20:48:00Z,2681.08,2681.31,2680.64,2680.81,36.3236,2680.92,0.90142857,0.05,0.9,0,TREND_DOWN,NORMAL,NEUTRAL,HEALTHY,ALLOW
2026-09-30T20:49:00Z,2680.81,2681.08,2680.14,2681.07,22.3,2680.76333333,0.83857143,0.05,0.9,0,TREND_UP,NORMAL,ALIGNED,HEALTHY,ALLOW
2026-09-30T20:50:00Z,2681.07,2681.6,2680.82,2681.14,70.2728,2681.18666667,0.79785714,0.05,0.9,0,TREND_UP,NORMAL,ALIGNED,HEALTHY,ALLOW
2026-09-30T20:51:00Z,2681.14,2682.08,2681.14,2682.08,29.2204,2681.76666667,0.76071429,0.05,0.9,0,TREND_UP,NORMAL,ALIGNED,HEALTHY,ALLOW
2026-09-30T20:52:00Z,2682.07,2682.5,2682.07,2682.5,55.7412,2682.35666667,0.76571429,0.05,0.9,0,TREND_UP,NORMAL,ALIGNED,HEALTHY,ALLOW
2026-09-30T20:53:00Z,2682.49,2682.5,2682.38,2682.38,31.7319,2682.42,0.64857143,0.05,0.9,0,TREND_DOWN,NORMAL,NEUTRAL,HEALTHY,ALLOW
2026-09-30T20:54:00Z,2682.38,2682.38,2681.82,2681.82,39.1617,2682.00666667,0.68785714,0.05,0.9,0,TREND_DOWN,NORMAL,NEUTRAL,HEALTHY,ALLOW
2026-09-30T20:55:00Z,2681.82,2681.82,2680.9,2680.9,37.2653,2681.20666667,0.71214286,0.05,0.9,0,TREND_DOWN,NORMAL,NEUTRAL,HEALTHY,ALLOW
2026-09-30T20:56:00Z,2680.9,2680.9,2680.19,2680.3,52.4121,2680.46333333,0.68,0.05,0.9,0,TREND_DOWN,NORMAL,NEUTRAL,HEALTHY,ALLOW
2026-09-30T20:57:00Z,2680.29,2680.71,2680.29,2680.71,33.64,2680.57,0.67928571,0.05,0.9,0,TREND_UP,NORMAL,ALIGNED,HEALTHY,ALLOW
2026-09-30T20:58:00Z,2680.71,2681.52,2680.7,2681.51,29.3533,2681.24333333,0.71,0.05,0.9,0,TREND_UP,NORMAL,ALIGNED,HEALTHY,ALLOW
2026-09-30T20:59:00Z,2681.51,2682.52,2681.51,2682.52,29.4318,2682.18333333,0.72642857,0.05,0.9,0,TREND_UP,NORMAL,ALIGNED,HEALTHY,ALLOW
2026-09-30T21:00:00Z,2682.51,2684.1,2682.51,2683.22,78.807,2683.27666667,0.80214286,0.05,0.9,0,TREND_UP,NORMAL,ALIGNED,HEALTHY,ALLOW
2026-09-30T21:01:00Z,2683.22,2683.98,2682.78,2682.79,53.3243,2683.18333333,0.79357143,0.05,0.9,0,TREND_DOWN,NORMAL,NEUTRAL,HEALTHY,ALLOW
2026-09-30T21:02:00Z,2682.79,2682.79,2682.0,2682.45,42.2338,2682.41333333,0.80214286,0.05,0.9,0,TREND_DOWN,NORMAL,NEUTRAL,HEALTHY,ALLOW
2026-09-30T21:03:00Z,2682.44,2683.6,2682.44,2683.4,39.2417,2683.14666667,0.81785714,0.05,0.9,0,TREND_UP,NORMAL,ALIGNED,HEALTHY,ALLOW
2026-09-30T21:04:00Z,2683.4,2683.51,2683.39,2683.51,7.95,2683.47,0.77071429,0.05,0.9,0,TREND_UP,NORMAL,ALIGNED,HEALTHY,ALLOW
2026-09-30T21:05:00Z,2683.5,2683.5,2682.61,2682.61,21.942,2682.90666667,0.76785714,0.05,0.9,0,TREND_DOWN,NORMAL,NEUTRAL,HEALTHY,ALLOW
2026-09-30T21:06:00Z,2682.61,2683.6,2682.31,2683.59,33.1565,2683.16666667,0.82928571,0.05,0.9,0,TREND_UP,NORMAL,ALIGNED,HEALTHY,ALLOW
2026-09-30T21:07:00Z,2683.6,2683.6,2683.15,2683.43,45.7352,2683.39333333,0.85285714,0.05,0.9,0,TREND_DOWN,NORMAL,NEUTRAL,HEALTHY,ALLOW
2026-09-30T21:08:00Z,2683.44,2684.1,2683.26,2684.1,53.3764,2683.82,0.87285714,0.05,0.9,0,TREND_UP,NORMAL,ALIGNED,HEALTHY,ALLOW
2026-09-30T21:09:00Z,2684.09,2684.1,2683.85,2684.1,46.0905,2684.01666667,0.825,0.05,0.9,0,TREND_UP,NORMAL,ALIGNED,HEALTHY,ALLOW
2026-09-30T21:10:00Z,2684.1,2685.0,2684.1,2684.12,176.8384,2684.40666667,0.83857143,0.05,0.9,0,TREND_UP,NORMAL,ALIGNED,HEALTHY,ALLOW
2026-09-30T21:11:00Z,2684.11,2685.34,2683.79,2685.34,121.0157,2684.82333333,0.91928571,0.05,0.9,0,TREND_UP,NORMAL,ALIGNED,HEALTHY,ALLOW
2026-09-30T21:12:00Z,2685.33,2685.91,2685.27,2685.27,203.3246,2685.48333333,0.90642857,0.05,0.9,0,TREND_DOWN,NORMAL,NEUTRAL,HEALTHY,ALLOW
2026-09-30T21:13:00Z,2685.27,2685.27,2684.06,2684.07,75.8974,2684.46666667,0.92071429,0.05,0.9,0,TREND_DOWN,NORMAL,NEUTRAL,HEALTHY,ALLOW
2026-09-30T21:14:00Z,2684.07,2684.18,2683.78,2683.82,97.9018,2683.92666667,0.83571429,0.05,0.9,0,TREND_DOWN,NORMAL,NEUTRAL,HEALTHY,ALLOW
2026-09-30T21:15:00Z,2683.82,2683.98,2683.67,2683.72,51.8188,2683.79,0.77214286,0.05,0.9,0,TREND_DOWN,NORMAL,NEUTRAL,HEALTHY,ALLOW
2026-09-30T21:16:00Z,2683.72,2684.51,2683.51,2684.5,99.6896,2684.17333333,0.78714286,0.05,0.9,0,TREND_UP,NORMAL,ALIGNED,HEALTHY,ALLOW
2026-09-30T21:17:00Z,2684.51,2684.77,2684.11,2684.45,21.851,2684.44333333,0.75142857,0.05,0.9,0,TREND_DOWN,NORMAL,NEUTRAL,HEALTHY,ALLOW
2026-09-30T21:18:00Z,2684.45,2685.19,2684.41,2684.41,99.7027,2684.67,0.79857143,0.05,0.9,0,TREND_DOWN,NORMAL,NEUTRAL,HEALTHY,ALLOW
2026-09-30T21:19:00Z,2684.42,2684.8,2683.36,2683.37,43.1205,2683.84333333,0.83714286,0.05,0.9,0,TREND_DOWN,NORMAL,NEUTRAL,HEALTHY,ALLOW
2026-09-30T21:20:00Z,2683.37,2683.62,2683.36,2683.62,19.5546,2683.53333333,0.76357143,0.05,0.9,0,TREND_UP,NORMAL,ALIGNED,HEALTHY,ALLOW
2026-09-30T21:21:00Z,2683.62,2683.62,2683.61,2683.61,1.3643,2683.61333333,0.73214286,0.05,0.9,0,TREND_DOWN,NORMAL,NEUTRAL,HEALTHY,ALLOW
2026-09-30T21:22:00Z,2683.61,2683.73,2683.5,2683.73,40.6364,2683.65333333,0.68857143,0.05,0.9,0,TREND_UP,NORMAL,ALIGNED,HEALTHY,ALLOW
2026-09-30T21:23:00Z,2683.73,2683.81,2683.72,2683.81,16.4028,2683.78,0.67714286,0.05,0.9,0,TREND_UP,NORMAL,ALIGNED,HEALTHY,ALLOW
2026-09-30T21:24:00Z,2683.84,2683.85,2683.07,2683.07,48.4864,2683.33,0.66857143,0.05,0.9,0,TREND_DOWN,NORMAL,NEUTRAL,HEALTHY,ALLOW
2026-09-30T21:25:00Z,2683.08,2683.78,2683.07,2683.68,48.8028,2683.51,0.60857143,0.05,0.9,0,TREND_UP,NORMAL,ALIGNED,HEALTHY,ALLOW
2026-09-30T21:26:00Z,2683.68,2684.18,2683.68,2684.17,21.0642,2684.01,0.59857143,0.05,0.9,0,TREND_UP,NORMAL,ALIGNED,HEALTHY,ALLOW
2026-09-30T21:27:00Z,2684.18,2684.34,2684.18,2684.33,5.664,2684.28333333,0.52428571,0.05,0.9,0,TREND_UP,NORMAL,ALIGNED,HEALTHY,ALLOW
2026-09-30T21:28:00Z,2684.33,2684.33,2684.19,2684.2,7.5242,2684.24,0.50571429,0.05,0.9,0,TREND_DOWN,NORMAL,NEUTRAL,HEALTHY,ALLOW
2026-09-30T21:29:00Z,2684.19,2684.2,2683.98,2683.99,38.7223,2684.05666667,0.49928571,0.05,0.9,0,TREND_DOWN,NORMAL,NEUTRAL,HEALTHY,ALLOW
2026-09-30T21:30:00Z,2683.99,2683.99,2683.79,2683.79,28.0667,2683.85666667,0.44214286,0.05,0.9,0,TREND_DOWN,NORMAL,NEUTRAL,HEALTHY,ALLOW
2026-09-30T21:31:00Z,2683.79,2683.8,2683.56,2683.57,27.5382,2683.64333333,0.41214286,0.05,0.9,0,TREND_DOWN,NORMAL,NEUTRAL,HEALTHY,ALLOW
2026-09-30T21:32:00Z,2683.56,2684.86,2683.56,2684.86,41.2089,2684.42666667,0.44928571,0.05,0.9,0,TREND_UP,NORMAL,ALIGNED,HEALTHY,ALLOW
2026-09-30T21:33:00Z,2684.85,2686.02,2684.85,2686.02,52.5571,2685.63,0.43,0.05,0.9,0,TREND_UP,NORMAL,ALIGNED,HEALTHY,ALLOW
2026-09-30T21:34:00Z,2686.03,2686.03,2685.84,2685.85,76.0713,2685.90666667,0.425,0.05,0.9,0,TREND_DOWN,NORMAL,NEUTRAL,HEALTHY,ALLOW
2026-09-30T21:35:00Z,2685.84,2685.85,2685.84,2685.85,17.6168,2685.84666667,0.425,0.05,0.9,0,TREND_UP,NORMAL,ALIGNED,HEALTHY,ALLOW
2026-09-30T21:36:00Z,2685.84,2685.85,2685.84,2685.84,6.5855,2685.84333333,0.40928571,0.05,0.9,0,TREND_UP,NORMAL,ALIGNED,HEALTHY,ALLOW
2026-09-30T21:37:00Z,2685.85,2685.85,2684.74,2685.23,108.0084,2685.27333333,0.48214286,0.05,0.9,0,TREND_DOWN,NORMAL,NEUTRAL,HEALTHY,ALLOW
2026-09-30T21:38:00Z,2685.24,2686.03,2685.24,2686.02,27.6566,2685.76333333,0.48357143,0.05,0.9,0,TREND_UP,NORMAL,ALIGNED,HEALTHY,ALLOW
2026-09-30T21:39:00Z,2686.02,2686.03,2685.52,2685.52,33.3657,2685.69,0.46928571,0.05,0.9,0,TREND_DOWN,NORMAL,NEUTRAL,HEALTHY,ALLOW
2026-09-30T21:40:00Z,2685.52,2685.68,2685.13,2685.21,42.6411,2685.34,0.47285714,0.05,0.9,0,TREND_DOWN,NORMAL,NEUTRAL,HEALTHY,ALLOW
2026-09-30T21:41:00Z,2685.2,2685.2,2684.23,2684.23,24.2348,2684.55333333,0.53071429,0.05,0.9,0,TREND_DOWN,NORMAL,NEUTRAL,HEALTHY,ALLOW
2026-09-30T21:42:00Z,2684.23,2684.24,2684.0,2684.0,12.3981,2684.08,0.53785714,0.05,0.9,0,TREND_DOWN,NORMAL,NEUTRAL,HEALTHY,ALLOW
2026-09-30T21:43:00Z,2683.99,2685.18,2683.99,2684.41,122.2461,2684.52666667,0.60714286,0.05,0.9,0,TREND_UP,NORMAL,ALIGNED,HEALTHY,ALLOW
2026-09-30T21:44:00Z,2684.41,2684.42,2683.46,2683.46,32.0668,2683.78,0.66142857,0.05,0.9,0,TREND_DOWN,NORMAL,NEUTRAL,HEALTHY,ALLOW
2026-09-30T21:45:00Z,2683.46,2684.01,2683.45,2683.97,10.408,2683.81,0.68428571,0.05,0.9,0,TREND_UP,NORMAL,ALIGNED,HEALTHY,ALLOW
2026-09-30T21:46:00Z,2683.96,2684.32,2683.39,2684.32,21.3289,2684.01,0.65785714,0.05,0.9,0,TREND_UP,NORMAL,ALIGNED,HEALTHY,ALLOW
2026-09-30T21:47:00Z,2684.33,2684.33,2684.32,2684.33,33.1106,2684.32666667,0.575,0.05,0.9,0,TREND_UP,NORMAL,ALIGNED,HEALTHY,ALLOW
2026-09-30T21:48:00Z,2684.32,2685.03,2684.32,2684.37,25.3987,2684.57333333,0.61214286,0.05,0.9,0,TREND_UP,NORMAL,ALIGNED,HEALTHY,ALLOW
2026-09-30T21:49:00Z,2684.38,2684.38,2684.37,2684.37,19.6216,2684.37333333,0.61214286,0.05,0.9,0,TREND_DOWN,NORMAL,NEUTRAL,HEALTHY,ALLOW
2026-09-30T21:50:00Z,2684.37,2684.38,2683.25,2683.74,151.3032,2683.79,0.69214286,0.05,0.9,0,TREND_DOWN,NORMAL,NEUTRAL,HEALTHY,ALLOW
2026-09-30T21:51:00Z,2683.74,2683.74,2682.63,2683.03,70.9492,2683.13333333,0.69214286,0.05,0.9,0,TREND_DOWN,NORMAL,NEUTRAL,HEALTHY,ALLOW
2026-09-30T21:52:00Z,2683.03,2683.61,2682.65,2683.61,66.9592,2683.29,0.70357143,0.05,0.9,0,TREND_UP,NORMAL,ALIGNED,HEALTHY,ALLOW
2026-09-30T21:53:00Z,2683.62,2683.78,2683.05,2683.78,24.2121,2683.53666667,0.71928571,0.05,0.9,0,TREND_UP,NORMAL,ALIGNED,HEALTHY,ALLOW
2026-09-30T21:54:00Z,2683.78,2684.18,2683.77,2684.17,8.6116,2684.04,0.70928571,0.05,0.9,0,TREND_UP,NORMAL,ALIGNED,HEALTHY,ALLOW
2026-09-30T21:55:00Z,2684.18,2684.18,2684.17,2684.17,5.7349,2684.17333333,0.64,0.05,0.9,0,TREND_DOWN,NORMAL,NEUTRAL,HEALTHY,ALLOW
2026-09-30T21:56:00Z,2684.17,2684.79,2684.17,2684.79,15.7638,2684.58333333,0.66714286,0.05,0.9,0,TREND_UP,NORMAL,ALIGNED,HEALTHY,ALLOW
2026-09-30T21:57:00Z,2684.78,2684.79,2684.78,2684.78,3.9138,2684.78333333,0.58285714,0.05,0.9,0,TREND_UP,NORMAL,ALIGNED,HEALTHY,ALLOW
2026-09-30T21:58:00Z,2684.78,2684.8,2684.3,2684.3,39.5801,2684.46666667,0.55,0.05,0.9,0,TREND_DOWN,NORMAL,NEUTRAL,HEALTHY,ALLOW
2026-09-30T21:59:00Z,2684.3,2684.32,2683.9,2684.31,20.2051,2684.17666667,0.54,0.05,0.9,0,TREND_UP,NORMAL,ALIGNED,HEALTHY,ALLOW
2026-09-30T22:00:00Z,2684.31,2684.8,2684.25,2684.26,28.8259,2684.43666667,0.51285714,0.05,0.9,0,TREND_DOWN,NORMAL,NEUTRAL,HEALTHY,ALLOW
2026-09-30T22:01:00Z,2684.26,2684.32,2683.79,2683.8,43.2521,2683.97,0.55,0.05,0.9,0,TREND_DOWN,NORMAL,NEUTRAL,HEALTHY,ALLOW
2026-09-30T22:02:00Z,2683.8,2683.8,2683.42,2683.42,46.0673,2683.54666667,0.52642857,0.05,0.9,0,TREND_DOWN,NORMAL,NEUTRAL,HEALTHY,ALLOW
2026-09-30T22:03:00Z,2683.43,2683.43,2682.31,2683.08,81.6274,2682.94,0.60571429,0.05,0.9,0,TREND_DOWN,NORMAL,NEUTRAL,HEALTHY,ALLOW
2026-09-30T22:04:00Z,2683.07,2683.08,2682.07,2682.23,75.1274,2682.46,0.59714286,0.05,0.9,0,TREND_DOWN,NORMAL,NEUTRAL,HEALTHY,ALLOW
2026-09-30T22:05:00Z,2682.23,2682.23,2681.81,2681.93,107.1167,2681.99,0.54785714,0.05,0.9,0,TREND_DOWN,NORMAL,NEUTRAL,HEALTHY,ALLOW
2026-09-30T22:06:00Z,2681.93,2681.93,2679.82,2679.83,115.0181,2680.52666667,0.63,0.05,0.9,0,TREND_DOWN,NORMAL,NEUTRAL,HEALTHY,ALLOW
2026-09-30T22:07:00Z,2679.83,2680.0,2678.76,2679.13,148.7822,2679.29666667,0.66642857,0.05,0.9,0,TREND_DOWN,NORMAL,NEUTRAL,HEALTHY,ALLOW
2026-09-30T22:08:00Z,2679.13,2679.4,2678.42,2679.36,206.2651,2679.06,0.70714286,0.05,0.9,0,TREND_UP,NORMAL,ALIGNED,HEALTHY,ALLOW
2026-09-30T22:09:00Z,2679.35,2679.35,2678.79,2678.81,21.8765,2678.98333333,0.74714286,0.05,0.9,0,TREND_DOWN,NORMAL,NEUTRAL,HEALTHY,ALLOW
2026-09-30T22:10:00Z,2678.8,2680.01,2678.53,2680.0,95.6523,2679.51333333,0.80857143,0.05,0.9,0,TREND_UP,NORMAL,ALIGNED,HEALTHY,ALLOW
2026-09-30T22:11:00Z,2680.0,2680.73,2680.0,2680.25,30.4326,2680.32666667,0.86,0.05,0.9,0,TREND_UP,NORMAL,ALIGNED,HEALTHY,ALLOW
2026-09-30T22:12:00Z,2680.25,2681.08,2680.25,2680.5,24.3876,2680.61,0.88357143,0.05,0.9,0,TREND_UP,NORMAL,ALIGNED,HEALTHY,ALLOW
2026-09-30T22:13:00Z,2680.5,2681.08,2680.5,2681.07,22.9334,2680.88333333,0.895,0.05,0.9,0,TREND_UP,NORMAL,ALIGNED,HEALTHY,ALLOW
2026-09-30T22:14:00Z,2681.07,2682.62,2681.07,2682.62,151.0642,2682.10333333,0.96642857,0.05,0.9,0,TREND_UP,NORMAL,ALIGNED,HEALTHY,ALLOW
2026-09-30T22:15:00Z,2682.62,2682.79,2682.62,2682.79,9.6316,2682.73333333,0.94071429,0.05,0.9,0,TREND_UP,NORMAL,ALIGNED,HEALTHY,ALLOW
2026-09-30T22:16:00Z,2682.79,2682.97,2682.79,2682.97,77.1488,2682.91,0.92642857,0.05,0.9,0,TREND_UP,NORMAL,ALIGNED,HEALTHY,ALLOW
2026-09-30T22:17:00Z,2682.97,2684.05,2682.96,2683.79,31.3802,2683.6,0.92428571,0.05,0.9,0,TREND_UP,NORMAL,ALIGNED,HEALTHY,ALLOW
2026-09-30T22:18:00Z,2683.79,2684.18,2683.79,2684.11,87.0749,2684.02666667,0.88,0.05,0.9,0,TREND_UP,NORMAL,ALIGNED,HEALTHY,ALLOW
2026-09-30T22:19:00Z,2684.11,2684.7,2684.11,2684.69,25.8827,2684.5,0.89214286,0.05,0.9,0,TREND_UP,NORMAL,ALIGNED,HEALTHY,ALLOW
2026-09-30T22:20:00Z,2684.69,2685.25,2684.67,2684.67,55.853,2684.86333333,0.78285714,0.05,0.9,0,TREND_DOWN,NORMAL,NEUTRAL,HEALTHY,ALLOW
2026-09-30T22:21:00Z,2684.68,2685.33,2684.6,2685.33,25.5915,2685.08666667,0.74642857,0.05,0.9,0,TREND_UP,NORMAL,ALIGNED,HEALTHY,ALLOW
2026-09-30T22:22:00Z,2685.32,2685.51,2685.32,2685.51,35.2598,2685.44666667,0.69,0.05,0.9,0,TREND_UP,NORMAL,ALIGNED,HEALTHY,ALLOW
2026-09-30T22:23:00Z,2685.51,2686.98,2685.51,2686.15,141.2312,2686.21333333,0.75428571,0.05,0.9,0,TREND_UP,NORMAL,ALIGNED,HEALTHY,ALLOW
2026-09-30T22:24:00Z,2686.16,2686.59,2686.15,2686.16,49.5654,2686.3,0.68,0.05,0.9,0,TREND_UP,NORMAL,ALIGNED,HEALTHY,ALLOW
2026-09-30T22:25:00Z,2686.15,2687.74,2686.15,2687.67,167.3964,2687.18666667,0.74142857,0.05,0.9,0,TREND_UP,NORMAL,ALIGNED,HEALTHY,ALLOW
2026-09-30T22:26:00Z,2687.68,2688.04,2687.68,2688.04,42.9561,2687.92,0.70857143,0.05,0.9,0,TREND_UP,NORMAL,ALIGNED,HEALTHY,ALLOW
2026-09-30T22:27:00Z,2688.04,2689.59,2688.04,2689.24,136.5044,2688.95666667,0.77785714,0.05,0.9,0,TREND_UP,NORMAL,ALIGNED,HEALTHY,ALLOW
2026-09-30T22:28:00Z,2689.24,2689.24,2688.55,2688.55,22.5976,2688.78,0.71642857,0.05,0.9,0,TREND_DOWN,NORMAL,NEUTRAL,HEALTHY,ALLOW
2026-09-30T22:29:00Z,2688.56,2689.4,2688.56,2688.93,48.0244,2688.96333333,0.765,0.05,0.9,0,TREND_UP,NORMAL,ALIGNED,HEALTHY,ALLOW
2026-09-30T22:30:00Z,2688.93,2689.4,2688.68,2689.4,57.2075,2689.16,0.80357143,0.05,0.9,0,TREND_UP,NORMAL,ALIGNED,HEALTHY,ALLOW
2026-09-30T22:31:00Z,2689.39,2689.99,2689.15,2689.15,46.87,2689.43,0.78571429,0.05,0.9,0,TREND_DOWN,NORMAL,NEUTRAL,HEALTHY,ALLOW
2026-09-30T22:32:00Z,2689.15,2690.0,2688.89,2690.0,43.1945,2689.63,0.83714286,0.05,0.9,0,TREND_UP,NORMAL,ALIGNED,HEALTHY,ALLOW
2026-09-30T22:33:00Z,2689.99,2690.0,2689.73,2690.0,77.2559,2689.91,0.81428571,0.05,0.9,0,TREND_UP,NORMAL,ALIGNED,HEALTHY,ALLOW
2026-09-30T22:34:00Z,2690.0,2690.0,2689.99,2690.0,19.3175,2689.99666667,0.77357143,0.05,0.9,0,TREND_UP,NORMAL,ALIGNED,HEALTHY,ALLOW
2026-09-30T22:35:00Z,2690.0,2691.0,2690.0,2690.33,201.9397,2690.44333333,0.79285714,0.05,0.9,0,TREND_UP,NORMAL,ALIGNED,HEALTHY,ALLOW
2026-09-30T22:36:00Z,2690.33,2691.55,2690.33,2691.04,109.5387,2690.97333333,0.86642857,0.05,0.9,0,TREND_UP,NORMAL,ALIGNED,HEALTHY,ALLOW
2026-09-30T22:37:00Z,2691.05,2691.19,2690.93,2691.19,82.8576,2691.10333333,0.78,0.05,0.9,0,TREND_UP,NORMAL,ALIGNED,HEALTHY,ALLOW
2026-09-30T22:38:00Z,2691.19,2691.9,2691.18,2691.6,107.4784,2691.56,0.8,0.05,0.9,0,TREND_UP,NORMAL,ALIGNED,HEALTHY,ALLOW
2026-09-30T22:39:00Z,2691.59,2691.59,2690.34,2691.05,113.1045,2690.99333333,0.77642857,0.05,0.9,0,TREND_DOWN,NORMAL,NEUTRAL,HEALTHY,ALLOW
2026-09-30T22:40:00Z,2691.08,2692.5,2691.07,2692.04,150.5836,2691.87,0.85357143,0.05,0.9,0,TREND_UP,NORMAL,ALIGNED,HEALTHY,ALLOW
2026-09-30T22:41:00Z,2692.05,2692.56,2691.11,2691.56,232.4376,2691.74333333,0.84642857,0.05,0.9,0,TREND_DOWN,NORMAL,NEUTRAL,HEALTHY,ALLOW
2026-09-30T22:42:00Z,2691.56,2692.28,2691.56,2691.93,25.8821,2691.92333333,0.84857143,0.05,0.9,0,TREND_UP,NORMAL,ALIGNED,HEALTHY,ALLOW
2026-09-30T22:43:00Z,2691.92,2691.92,2690.59,2690.84,44.3017,2691.11666667,0.88357143,0.05,0.9,0,TREND_DOWN,NORMAL,NEUTRAL,HEALTHY,ALLOW
2026-09-30T22:44:00Z,2690.84,2691.34,2690.84,2691.34,12.7146,2691.17333333,0.86785714,0.05,0.9,0,TREND_UP,NORMAL,ALIGNED,HEALTHY,ALLOW
2026-09-30T22:45:00Z,2691.36,2691.73,2690.46,2690.73,45.0293,2690.97333333,0.89857143,0.05,0.9,0,TREND_DOWN,NORMAL,NEUTRAL,HEALTHY,ALLOW
2026-09-30T22:46:00Z,2690.72,2691.41,2690.46,2690.46,33.276,2690.77666667,0.88714286,0.05,0.9,0,TREND_DOWN,NORMAL,NEUTRAL,HEALTHY,ALLOW
2026-09-30T22:47:00Z,2690.46,2690.9,2690.46,2690.89,36.3856,2690.75,0.89928571,0.05,0.9,0,TREND_UP,NORMAL,ALIGNED,HEALTHY,ALLOW
2026-09-30T22:48:00Z,2690.9,2690.9,2689.96,2690.15,41.5479,2690.33666667,0.96571429,0.05,0.9,0,TREND_DOWN,NORMAL,NEUTRAL,HEALTHY,ALLOW
2026-09-30T22:49:00Z,2690.16,2690.16,2689.24,2690.0,30.854,2689.8,0.96,0.05,0.9,0,TREND_DOWN,NORMAL,NEUTRAL,HEALTHY,ALLOW
2026-09-30T22:50:00Z,2690.0,2690.37,2689.13,2689.13,49.0523,2689.54333333,0.96142857,0.05,0.9,0,TREND_DOWN,NORMAL,NEUTRAL,HEALTHY,ALLOW
2026-09-30T22:51:00Z,2689.14,2689.21,2688.36,2688.71,32.7377,2688.76,1.00357143,0.05,0.9,0,TREND_DOWN,NORMAL,NEUTRAL,HEALTHY,ALLOW
2026-09-30T22:52:00Z,2688.72,2690.0,2688.72,2689.99,22.4597,2689.57,1.04428571,0.05,0.9,0,TREND_UP,NORMAL,ALIGNED,HEALTHY,ALLOW
2026-09-30T22:53:00Z,2689.99,2689.99,2688.48,2688.49,25.3848,2688.98666667,1.06214286,0.05,0.9,0,TREND_DOWN,NORMAL,NEUTRAL,HEALTHY,ALLOW
2026-09-30T22:54:00Z,2688.48,2689.26,2688.48,2688.67,24.7164,2688.80333333,1.01428571,0.05,0.9,0,TREND_UP,NORMAL,ALIGNED,HEALTHY,ALLOW
2026-09-30T22:55:00Z,2688.67,2690.16,2688.0,2688.17,78.2034,2688.77666667,1.065,0.05,0.9,0,TREND_DOWN,NORMAL,NEUTRAL,HEALTHY,ALLOW
2026-09-30T22:56:00Z,2688.17,2689.31,2688.17,2689.31,20.3745,2688.93,1.095,0.05,0.9,0,TREND_UP,NORMAL,ALIGNED,HEALTHY,ALLOW
2026-09-30T22:57:00Z,2689.3,2689.47,2687.82,2687.82,39.6635,2688.37,1.11714286,0.05,0.9,0,TREND_DOWN,NORMAL,NEUTRAL,HEALTHY,ALLOW
2026-09-30T22:58:00Z,2687.81,2688.28,2687.65,2688.0,54.6475,2687.97666667,1.12642857,0.05,0.9,0,TREND_UP,NORMAL,ALIGNED,HEALTHY,ALLOW
2026-09-30T22:59:00Z,2688.0,2688.0,2686.73,2687.0,79.0419,2687.24333333,1.12642857,0.05,0.9,0,TREND_DOWN,NORMAL,NEUTRAL,HEALTHY,ALLOW
2026-09-30T23:00:00Z,2687.0,2689.0,2686.74,2688.99,54.3449,2688.24333333,1.22,0.05,0.9,0,TREND_UP,NORMAL,ALIGNED,HEALTHY,ALLOW
2026-09-30T23:01:00Z,2689.0,2690.25,2688.99,2689.51,34.5166,2689.58333333,1.27857143,0.05,0.9,0,TREND_UP,NORMAL,ALIGNED,HEALTHY,ALLOW
2026-09-30T23:02:00Z,2689.52,2691.52,2689.51,2691.52,122.3917,2690.85,1.355,0.05,0.9,0,TREND_UP,NORMAL,ALIGNED,HEALTHY,ALLOW
2026-09-30T23:03:00Z,2691.52,2693.3,2690.09,2691.64,183.0124,2691.67666667,1.51857143,0.05,0.9,0,TREND_UP,NORMAL,ALIGNED,HEALTHY,ALLOW
2026-09-30T23:04:00Z,2691.64,2691.94,2690.44,2690.44,30.6767,2690.94,1.53714286,0.05,0.9,0,TREND_DOWN,NORMAL,NEUTRAL,HEALTHY,ALLOW
2026-09-30T23:05:00Z,2690.44,2691.04,2689.17,2689.18,36.7853,2689.79666667,1.61,0.05,0.9,0,TREND_DOWN,NORMAL,NEUTRAL,HEALTHY,ALLOW
2026-09-30T23:06:00Z,2689.18,2690.19,2688.19,2688.31,53.1307,2688.89666667,1.66071429,0.05,0.9,0,TREND_DOWN,NORMAL,NEUTRAL,HEALTHY,ALLOW
2026-09-30T23:07:00Z,2688.3,2688.92,2687.26,2688.09,73.745,2688.09,1.67142857,0.05,0.9,0,TREND_DOWN,NORMAL,NEUTRAL,HEALTHY,ALLOW
2026-09-30T23:08:00Z,2688.08,2688.08,2685.48,2686.32,153.6893,2686.62666667,1.80214286,0.05,0.9,0,TREND_DOWN,NORMAL,NEUTRAL,HEALTHY,ALLOW
2026-09-30T23:09:00Z,2686.33,2687.18,2685.88,2687.18,47.1422,2686.74666667,1.74071429,0.05,0.9,0,TREND_UP,NORMAL,ALIGNED,HEALTHY,ALLOW
2026-09-30T23:10:00Z,2687.18,2687.18,2686.53,2686.53,21.2574,2686.74666667,1.70571429,0.05,0.9,0,TREND_DOWN,NORMAL,NEUTRAL,HEALTHY,ALLOW
2026-09-30T23:11:00Z,2686.54,2686.81,2686.16,2686.16,56.5105,2686.37666667,1.63428571,0.05,0.9,0,TREND_DOWN,NORMAL,NEUTRAL,HEALTHY,ALLOW
2026-09-30T23:12:00Z,2686.16,2687.64,2686.15,2687.39,34.4182,2687.06,1.69571429,0.05,0.9,0,TREND_UP,NORMAL,ALIGNED,HEALTHY,ALLOW
2026-09-30T23:13:00Z,2687.39,2688.87,2687.39,2688.87,81.6233,2688.37666667,1.71071429,0.05,0.9,0,TREND_UP,NORMAL,ALIGNED,HEALTHY,ALLOW
2026-09-30T23:14:00Z,2688.86,2689.76,2688.0,2688.17,94.1956,2688.64333333,1.675,0.05,0.9,0,TREND_DOWN,NORMAL,NEUTRAL,HEALTHY,ALLOW
2026-09-30T23:15:00Z,2688.16,2689.36,2687.91,2688.0,46.52,2688.42333333,1.68857143,0.05,0.9,0,TREND_DOWN,NORMAL,NEUTRAL,HEALTHY,ALLOW
2026-09-30T23:16:00Z,2687.99,2690.94,2687.27,2689.88,209.9093,2689.36333333,1.80714286,0.05,0.9,0,TREND_UP,NORMAL,ALIGNED,HEALTHY,ALLOW
2026-09-30T23:17:00Z,2689.88,2689.88,2688.67,2688.67,97.7832,2689.07333333,1.66428571,0.05,0.9,0,TREND_DOWN,NORMAL,NEUTRAL,HEALTHY,ALLOW
2026-09-30T23:18:00Z,2688.66,2689.43,2688.57,2689.31,14.1246,2689.10333333,1.61857143,0.05,0.9,0,TREND_UP,NORMAL,ALIGNED,HEALTHY,ALLOW
2026-09-30T23:19:00Z,2689.31,2690.37,2689.31,2690.32,12.962,2690.0,1.56071429,0.05,0.9,0,TREND_UP,NORMAL,ALIGNED,HEALTHY,ALLOW
2026-09-30T23:20:00Z,2690.32,2690.33,2689.4,2690.19,21.6642,2689.97333333,1.48428571,0.05,0.9,0,TREND_DOWN,NORMAL,NEUTRAL,HEALTHY,ALLOW
2026-09-30T23:21:00Z,2690.19,2694.33,2690.19,2690.48,408.7888,2691.66666667,1.66142857,0.05,0.9,0,TREND_UP,NORMAL,ALIGNED,HEALTHY,ALLOW
2026-09-30T23:22:00Z,2690.49,2690.49,2690.48,2690.49,15.3617,2690.48666667,1.47571429,0.05,0.9,0,TREND_UP,NORMAL,ALIGNED,HEALTHY,ALLOW
2026-09-30T23:23:00Z,2690.49,2691.75,2690.48,2691.49,35.9538,2691.24,1.47357143,0.05,0.9,0,TREND_UP,NORMAL,ALIGNED,HEALTHY,ALLOW
2026-09-30T23:24:00Z,2691.5,2691.62,2690.92,2691.62,30.3767,2691.38666667,1.47714286,0.05,0.9,0,TREND_UP,NORMAL,ALIGNED,HEALTHY,ALLOW
2026-09-30T23:25:00Z,2691.62,2692.14,2691.21,2691.22,77.9733,2691.52333333,1.49714286,0.05,0.9,0,TREND_DOWN,NORMAL,NEUTRAL,HEALTHY,ALLOW
2026-09-30T23:26:00Z,2691.21,2691.85,2690.79,2691.24,39.8087,2691.29333333,1.46642857,0.05,0.9,0,TREND_UP,NORMAL,ALIGNED,HEALTHY,ALLOW
2026-09-30T23:27:00Z,2691.24,2691.24,2690.85,2690.86,2.6469,2690.98333333,1.38857143,0.05,0.9,0,TREND_DOWN,NORMAL,NEUTRAL,HEALTHY,ALLOW
2026-09-30T23:28:00Z,2690.86,2690.86,2689.35,2689.35,57.3809,2689.85333333,1.37071429,0.05,0.9,0,TREND_DOWN,NORMAL,NEUTRAL,HEALTHY,ALLOW
2026-09-30T23:29:00Z,2689.35,2689.35,2689.08,2689.21,41.1947,2689.21333333,1.28642857,0.05,0.9,0,TREND_DOWN,NORMAL,NEUTRAL,HEALTHY,ALLOW
2026-09-30T23:30:00Z,2689.2,2689.34,2689.0,2689.34,20.5102,2689.22666667,1.04857143,0.05,0.9,0,TREND_UP,NORMAL,ALIGNED,HEALTHY,ALLOW
2026-09-30T23:31:00Z,2689.35,2689.35,2687.26,2687.27,44.6324,2687.96,1.11142857,0.05,0.9,0,TREND_DOWN,NORMAL,NEUTRAL,HEALTHY,ALLOW
2026-09-30T23:32:00Z,2687.26,2687.27,2686.66,2686.67,26.7399,2686.86666667,1.09357143,0.05,0.9,0,TREND_DOWN,NORMAL,NEUTRAL,HEALTHY,ALLOW
2026-09-30T23:33:00Z,2686.66,2686.66,2684.52,2686.04,73.1223,2685.74,1.17142857,0.05,0.9,0,TREND_DOWN,NORMAL,NEUTRAL,HEALTHY,ALLOW
2026-09-30T23:34:00Z,2686.04,2687.52,2686.03,2687.51,51.5841,2687.02,1.21142857,0.05,0.9,0,TREND_UP,NORMAL,ALIGNED,HEALTHY,ALLOW
2026-09-30T23:35:00Z,2687.51,2688.13,2686.87,2687.87,43.4848,2687.62333333,1.00571429,0.05,0.9,0,TREND_UP,NORMAL,ALIGNED,HEALTHY,ALLOW
2026-09-30T23:36:00Z,2687.87,2690.44,2687.87,2688.7,110.7751,2689.00333333,1.18857143,0.05,0.9,0,TREND_UP,NORMAL,ALIGNED,HEALTHY,ALLOW
2026-09-30T23:37:00Z,2688.7,2689.78,2688.62,2689.77,38.1049,2689.39,1.18071429,0.05,0.9,0,TREND_UP,NORMAL,ALIGNED,HEALTHY,ALLOW
2026-09-30T23:38:00Z,2689.77,2690.01,2689.46,2689.86,37.8162,2689.77666667,1.17,0.05,0.9,0,TREND_UP,NORMAL,ALIGNED,HEALTHY,ALLOW
2026-09-30T23:39:00Z,2689.85,2689.85,2689.52,2689.53,6.407,2689.63333333,1.12785714,0.05,0.9,0,TREND_DOWN,NORMAL,NEUTRAL,HEALTHY,ALLOW
2026-09-30T23:40:00Z,2689.52,2690.21,2689.3,2690.21,59.3338,2689.90666667,1.11714286,0.05,0.9,0,TREND_UP,NORMAL,ALIGNED,HEALTHY,ALLOW
2026-09-30T23:41:00Z,2690.2,2690.61,2690.12,2690.12,31.8701,2690.28333333,1.12428571,0.05,0.9,0,TREND_DOWN,NORMAL,NEUTRAL,HEALTHY,ALLOW
2026-09-30T23:42:00Z,2690.13,2690.13,2688.89,2689.11,77.1238,2689.37666667,1.105,0.05,0.9,0,TREND_DOWN,NORMAL,NEUTRAL,HEALTHY,ALLOW
2026-09-30T23:43:00Z,2689.12,2689.66,2689.05,2689.55,31.0643,2689.42,1.12928571,0.05,0.9,0,TREND_UP,NORMAL,ALIGNED,HEALTHY,ALLOW
2026-09-30T23:44:00Z,2689.55,2689.66,2689.43,2689.55,16.5783,2689.54666667,1.12142857,0.05,0.9,0,TREND_UP,NORMAL,ALIGNED,HEALTHY,ALLOW
2026-09-30T23:45:00Z,2689.54,2689.55,2688.62,2688.63,226.8231,2688.93333333,1.03857143,0.05,0.9,0,TREND_DOWN,NORMAL,NEUTRAL,HEALTHY,ALLOW
2026-09-30T23:46:00Z,2688.63,2688.63,2688.19,2688.4,28.0215,2688.40666667,1.02642857,0.05,0.9,0,TREND_DOWN,NORMAL,NEUTRAL,HEALTHY,ALLOW
2026-09-30T23:47:00Z,2688.4,2688.64,2687.51,2687.51,48.2176,2687.88666667,0.95357143,0.05,0.9,0,TREND_DOWN,NORMAL,NEUTRAL,HEALTHY,ALLOW
2026-09-30T23:48:00Z,2687.51,2687.51,2686.58,2687.5,50.2017,2687.19666667,0.91357143,0.05,0.9,0,TREND_DOWN,NORMAL,NEUTRAL,HEALTHY,ALLOW
2026-09-30T23:49:00Z,2687.5,2688.32,2687.5,2687.94,30.255,2687.92,0.88214286,0.05,0.9,0,TREND_UP,NORMAL,ALIGNED,HEALTHY,ALLOW
2026-09-30T23:50:00Z,2687.93,2687.93,2686.43,2686.64,380.6922,2687.0,0.80642857,0.05,0.9,0,TREND_DOWN,NORMAL,NEUTRAL,HEALTHY,ALLOW
2026-09-30T23:51:00Z,2686.65,2688.44,2686.17,2686.18,187.1759,2686.93,0.88571429,0.05,0.9,0,TREND_DOWN,NORMAL,NEUTRAL,HEALTHY,ALLOW
2026-09-30T23:52:00Z,2686.19,2686.8,2685.73,2686.59,88.7757,2686.37333333,0.92285714,0.05,0.9,0,TREND_UP,NORMAL,ALIGNED,HEALTHY,ALLOW
2026-09-30T23:53:00Z,2686.59,2686.95,2686.4,2686.58,50.0647,2686.64333333,0.93785714,0.05,0.9,0,TREND_DOWN,NORMAL,NEUTRAL,HEALTHY,ALLOW
2026-09-30T23:54:00Z,2686.57,2686.57,2684.95,2684.95,62.8594,2685.49,0.98928571,0.05,0.9,0,TREND_DOWN,NORMAL,NEUTRAL,HEALTHY,ALLOW
2026-09-30T23:55:00Z,2684.96,2684.96,2684.66,2684.66,22.0904,2684.76,0.97571429,0.05,0.9,0,TREND_DOWN,NORMAL,NEUTRAL,HEALTHY,ALLOW
2026-09-30T23:56:00Z,2684.66,2684.8,2684.66,2684.79,53.9854,2684.75,0.89714286,0.05,0.9,0,TREND_UP,NORMAL,ALIGNED,HEALTHY,ALLOW
2026-09-30T23:57:00Z,2684.79,2684.99,2684.79,2684.99,23.8875,2684.92333333,0.86785714,0.05,0.9,0,TREND_UP,NORMAL,ALIGNED,HEALTHY,ALLOW
2026-09-30T23:58:00Z,2685.0,2685.4,2684.99,2685.4,67.6798,2685.26333333,0.88071429,0.05,0.9,0,TREND_UP,NORMAL,ALIGNED,HEALTHY,ALLOW
2026-09-30T23:59:00Z,2685.4,2686.52,2685.39,2686.01,35.5307,2685.97333333,0.895,0.05,0.9,0,TREND_UP,NORMAL,ALIGNED,HEALTHY,ALLOW
