timestamp,open,high,low,close,volume,vwap,atr_14,spread_pct,liquidity_score,oi,mse_state,regime,ipse_alignment,microstructure_state,mps_state
2026-09-28T00:00:00Z,84472.01,84476.01,84442.0,84473.52,6.87907,84463.84333333,84.47352,0.05,0.9,0,TREND_UP,NORMAL,ALIGNED,HEALTHY,ALLOW
2026-09-28T00:01:00Z,84473.52,84533.0,84473.51,84533.0,5.26754,84513.17,71.98176,0.05,0.9,0,TREND_UP,NORMAL,ALIGNED,HEALTHY,ALLOW
2026-09-28T00:02:00Z,84533.0,84558.01,84532.52,84543.36,6.639,84544.63,56.48450667,0.05,0.9,0,TREND_UP,NORMAL,ALIGNED,HEALTHY,ALLOW
2026-09-28T00:03:00Z,84543.36,84566.0,84538.0,84566.0,4.98307,84556.66666667,49.36338,0.05,0.9,0,TREND_UP,NORMAL,ALIGNED,HEALTHY,ALLOW
2026-09-28T00:04:00Z,84566.0,84567.0,84550.0,84551.23,3.97483,84556.07666667,42.890704,0.05,0.9,0,TREND_DOWN,NORMAL,NEUTRAL,HEALTHY,ALLOW
2026-09-28T00:05:00Z,84551.23,84551.23,84518.0,84522.01,9.93597,84530.41333333,41.28058667,0.05,0.9,0,TREND_DOWN,NORMAL,NEUTRAL,HEALTHY,ALLOW
2026-09-28T00:06:00Z,84522.01,84546.01,84522.01,84542.02,3.26018,84536.68,38.81193143,0.05,0.9,0,TREND_UP,NORMAL,ALIGNED,HEALTHY,ALLOW
2026-09-28T00:07:00Z,84542.02,84542.02,84470.01,84470.82,7.35938,84494.28333333,42.96169,0.05,0.9,0,TREND_DOWN,NORMAL,NEUTRAL,HEALTHY,ALLOW
2026-09-28T00:08:00Z,84470.82,84470.82,84425.22,84425.22,4.79701,84440.42,43.25483556,0.05,0.9,0,TREND_DOWN,NORMAL,NEUTRAL,HEALTHY,ALLOW
2026-09-28T00:09:00Z,84425.23,84427.93,84382.01,84392.0,5.14261,84400.64666667,43.521352,0.05,0.9,0,TREND_DOWN,NORMAL,NEUTRAL,HEALTHY,ALLOW
2026-09-28T00:10:00Z,84392.01,84412.45,84378.0,84378.01,3.61239,84389.48666667,42.69668364,0.05,0.9,0,TREND_DOWN,NORMAL,NEUTRAL,HEALTHY,ALLOW
2026-09-28T00:11:00Z,84378.0,84408.01,84378.0,84378.24,4.14547,84388.08333333,41.63946,0.05,0.9,0,TREND_UP,NORMAL,ALIGNED,HEALTHY,ALLOW
2026-09-28T00:12:00Z,84378.23,84390.0,84378.22,84390.0,2.01771,84386.07333333,39.34257846,0.05,0.9,0,TREND_UP,NORMAL,ALIGNED,HEALTHY,ALLOW
2026-09-28T00:13:00Z,84390.01,84401.81,84390.0,84392.0,2.167,84394.60333333,37.37596571,0.05,0.9,0,TREND_UP,NORMAL,ALIGNED,HEALTHY,ALLOW
2026-09-28T00:14:00Z,84392.01,84430.01,84392.0,84430.01,4.08785,84417.34,34.05714286,0.05,0.9,0,TREND_UP,NORMAL,ALIGNED,HEALTHY,ALLOW
2026-09-28T00:15:00Z,84430.01,84445.71,84422.0,84440.01,2.07802,84435.90666667,31.50142857,0.05,0.9,0,TREND_UP,NORMAL,ALIGNED,HEALTHY,ALLOW
2026-09-28T00:16:00Z,84440.01,84505.08,84440.01,84505.07,5.08648,84483.38666667,34.32857143,0.05,0.9,0,TREND_UP,NORMAL,ALIGNED,HEALTHY,ALLOW
2026-09-28T00:17:00Z,84505.08,84517.09,84496.0,84508.01,5.19172,84507.03333333,33.835,0.05,0.9,0,TREND_UP,NORMAL,ALIGNED,HEALTHY,ALLOW
2026-09-28T00:18:00Z,84508.0,84556.01,84508.0,84556.01,2.95207,84540.00666667,36.05,0.05,0.9,0,TREND_UP,NORMAL,ALIGNED,HEALTHY,ALLOW
2026-09-28T00:19:00Z,84556.01,84700.0,84556.0,84700.0,23.11217,84652.0,43.96214286,0.05,0.9,0,TREND_UP,NORMAL,ALIGNED,HEALTHY,ALLOW
2026-09-28T00:20:00Z,84700.0,84814.66,84699.99,84810.1,17.24311,84774.91666667,50.43857143,0.05,0.9,0,TREND_UP,NORMAL,ALIGNED,HEALTHY,ALLOW
2026-09-28T00:21:00Z,84810.1,84999.0,84810.1,84986.83,88.06266,84931.97666667,58.78785714,0.05,0.9,0,TREND_UP,NORMAL,ALIGNED,HEALTHY,ALLOW
2026-09-28T00:22:00Z,84986.82,84998.99,84896.58,84900.41,18.47645,84931.99333333,62.84571429,0.05,0.9,0,TREND_DOWN,NORMAL,NEUTRAL,HEALTHY,ALLOW
2026-09-28T00:23:00Z,84900.41,84951.64,84899.99,84938.35,28.60322,84929.99333333,63.255,0.05,0.9,0,TREND_UP,NORMAL,ALIGNED,HEALTHY,ALLOW
2026-09-28T00:24:00Z,84938.35,84938.35,84852.39,84852.39,11.7005,84881.04333333,66.93428571,0.05,0.9,0,TREND_DOWN,NORMAL,NEUTRAL,HEALTHY,ALLOW
2026-09-28T00:25:00Z,84852.39,84877.05,84801.89,84877.04,13.77505,84851.99333333,70.15928571,0.05,0.9,0,TREND_UP,NORMAL,ALIGNED,HEALTHY,ALLOW
2026-09-28T00:26:00Z,84877.05,84916.24,84853.64,84853.66,7.9469,84874.51333333,73.78928571,0.05,0.9,0,TREND_DOWN,NORMAL,NEUTRAL,HEALTHY,ALLOW
2026-09-28T00:27:00Z,84853.65,84855.02,84770.0,84770.01,12.95191,84798.34333333,79.01857143,0.05,0.9,0,TREND_DOWN,NORMAL,NEUTRAL,HEALTHY,ALLOW
2026-09-28T00:28:00Z,84770.0,84770.0,84693.43,84762.02,9.10295,84741.81666667,81.77357143,0.05,0.9,0,TREND_DOWN,NORMAL,NEUTRAL,HEALTHY,ALLOW
2026-09-28T00:29:00Z,84762.03,84810.37,84762.03,84792.47,12.8589,84788.29,83.53357143,0.05,0.9,0,TREND_UP,NORMAL,ALIGNED,HEALTHY,ALLOW
2026-09-28T00:30:00Z,84792.48,84792.48,84734.0,84753.91,15.63107,84760.13,83.06285714,0.05,0.9,0,TREND_DOWN,NORMAL,NEUTRAL,HEALTHY,ALLOW
2026-09-28T00:31:00Z,84753.91,84753.91,84567.0,84602.0,64.53318,84640.97,94.90714286,0.05,0.9,0,TREND_DOWN,NORMAL,NEUTRAL,HEALTHY,ALLOW
2026-09-28T00:32:00Z,84602.0,84602.0,84400.33,84446.48,48.37461,84482.93666667,105.88285714,0.05,0.9,0,TREND_DOWN,NORMAL,NEUTRAL,HEALTHY,ALLOW
2026-09-28T00:33:00Z,84446.48,84464.01,84342.0,84342.72,32.00156,84382.91,104.31214286,0.05,0.9,0,TREND_DOWN,NORMAL,NEUTRAL,HEALTHY,ALLOW
2026-09-28T00:34:00Z,84343.35,84415.41,84308.0,84370.01,15.19128,84364.47333333,103.79357143,0.05,0.9,0,TREND_UP,NORMAL,ALIGNED,HEALTHY,ALLOW
2026-09-28T00:35:00Z,84370.01,84372.01,84227.34,84252.0,21.38809,84283.78333333,100.63428571,0.05,0.9,0,TREND_DOWN,NORMAL,NEUTRAL,HEALTHY,ALLOW
2026-09-28T00:36:00Z,84252.01,84302.01,84228.0,84228.01,15.56441,84252.67333333,98.60571429,0.05,0.9,0,TREND_DOWN,NORMAL,NEUTRAL,HEALTHY,ALLOW
2026-09-28T00:37:00Z,84228.01,84286.01,84221.0,84264.5,8.80805,84257.17,99.56,0.05,0.9,0,TREND_UP,NORMAL,ALIGNED,HEALTHY,ALLOW
2026-09-28T00:38:00Z,84264.49,84332.01,84264.49,84314.91,10.84171,84303.80333333,98.24285714,0.05,0.9,0,TREND_UP,NORMAL,ALIGNED,HEALTHY,ALLOW
2026-09-28T00:39:00Z,84314.91,84314.91,84227.34,84227.34,8.42327,84256.53,99.12928571,0.05,0.9,0,TREND_DOWN,NORMAL,NEUTRAL,HEALTHY,ALLOW
2026-09-28T00:40:00Z,84227.34,84230.0,84208.0,84230.0,19.67085,84222.66666667,96.22928571,0.05,0.9,0,TREND_UP,NORMAL,ALIGNED,HEALTHY,ALLOW
2026-09-28T00:41:00Z,84229.99,84252.01,84216.71,84252.01,9.03558,84240.24333333,92.67785714,0.05,0.9,0,TREND_UP,NORMAL,ALIGNED,HEALTHY,ALLOW
2026-09-28T00:42:00Z,84252.01,84278.01,84244.0,84260.0,4.13529,84260.67,89.63714286,0.05,0.9,0,TREND_UP,NORMAL,ALIGNED,HEALTHY,ALLOW
2026-09-28T00:43:00Z,84260.01,84294.01,84247.71,84261.61,7.77085,84267.77666667,89.49071429,0.05,0.9,0,TREND_UP,NORMAL,ALIGNED,HEALTHY,ALLOW
2026-09-28T00:44:00Z,84261.61,84309.43,84261.6,84300.01,5.11268,84290.34666667,88.73,0.05,0.9,0,TREND_UP,NORMAL,ALIGNED,HEALTHY,ALLOW
2026-09-28T00:45:00Z,84300.01,84380.01,84300.01,84368.0,11.58302,84349.34,81.09357143,0.05,0.9,0,TREND_UP,NORMAL,ALIGNED,HEALTHY,ALLOW
2026-09-28T00:46:00Z,84368.01,84430.01,84368.01,84418.01,8.25345,84405.34333333,71.11785714,0.05,0.9,0,TREND_UP,NORMAL,ALIGNED,HEALTHY,ALLOW
2026-09-28T00:47:00Z,84418.01,84473.57,84414.0,84473.57,6.45332,84453.71333333,66.65785714,0.05,0.9,0,TREND_UP,NORMAL,ALIGNED,HEALTHY,ALLOW
2026-09-28T00:48:00Z,84473.57,84502.01,84470.0,84502.01,5.45767,84491.34,61.27214286,0.05,0.9,0,TREND_UP,NORMAL,ALIGNED,HEALTHY,ALLOW
2026-09-28T00:49:00Z,84502.01,84534.01,84498.01,84504.0,6.87395,84512.00666667,53.51,0.05,0.9,0,TREND_UP,NORMAL,ALIGNED,HEALTHY,ALLOW
2026-09-28T00:50:00Z,84504.0,84567.0,84504.0,84560.0,7.83612,84543.66666667,52.72357143,0.05,0.9,0,TREND_UP,NORMAL,ALIGNED,HEALTHY,ALLOW
2026-09-28T00:51:00Z,84560.0,84622.01,84550.0,84618.01,20.47023,84596.67333333,53.22357143,0.05,0.9,0,TREND_UP,NORMAL,ALIGNED,HEALTHY,ALLOW
2026-09-28T00:52:00Z,84618.0,84618.01,84505.14,84505.14,8.335,84542.76333333,56.46285714,0.05,0.9,0,TREND_DOWN,NORMAL,NEUTRAL,HEALTHY,ALLOW
2026-09-28T00:53:00Z,84505.14,84505.15,84464.0,84464.01,4.89367,84477.72,53.14714286,0.05,0.9,0,TREND_DOWN,NORMAL,NEUTRAL,HEALTHY,ALLOW
2026-09-28T00:54:00Z,84464.0,84464.01,84358.0,84358.0,6.60577,84393.33666667,59.14785714,0.05,0.9,0,TREND_DOWN,NORMAL,NEUTRAL,HEALTHY,ALLOW
2026-09-28T00:55:00Z,84358.0,84384.01,84296.0,84296.0,8.95448,84325.33666667,62.91285714,0.05,0.9,0,TREND_DOWN,NORMAL,NEUTRAL,HEALTHY,ALLOW
2026-09-28T00:56:00Z,84296.01,84300.01,84224.5,84227.34,13.93708,84250.61666667,65.87714286,0.05,0.9,0,TREND_DOWN,NORMAL,NEUTRAL,HEALTHY,ALLOW
2026-09-28T00:57:00Z,84227.34,84227.34,84180.0,84180.01,17.95976,84195.78333333,65.95142857,0.05,0.9,0,TREND_DOWN,NORMAL,NEUTRAL,HEALTHY,ALLOW
2026-09-28T00:58:00Z,84180.0,84250.01,84172.0,84172.01,15.04529,84198.00666667,68.10714286,0.05,0.9,0,TREND_DOWN,NORMAL,NEUTRAL,HEALTHY,ALLOW
2026-09-28T00:59:00Z,84172.01,84172.01,84140.0,84140.0,9.49164,84150.67,64.67928571,0.05,0.9,0,TREND_DOWN,NORMAL,NEUTRAL,HEALTHY,ALLOW
2026-09-28T01:00:00Z,84140.0,84146.01,84055.0,84080.81,51.7277,84093.94,66.75071429,0.05,0.9,0,TREND_DOWN,NORMAL,NEUTRAL,HEALTHY,ALLOW
2026-09-28T01:01:00Z,84080.82,84101.77,83998.0,84040.65,168.43804,84046.80666667,69.90785714,0.05,0.9,0,TREND_DOWN,NORMAL,NEUTRAL,HEALTHY,ALLOW
2026-09-28T01:02:00Z,84040.65,84120.0,84024.74,84080.0,13.98314,84074.91333333,74.42571429,0.05,0.9,0,TREND_UP,NORMAL,ALIGNED,HEALTHY,ALLOW
2026-09-28T01:03:00Z,84080.01,84122.01,84047.12,84062.01,29.37815,84077.04666667,77.20357143,0.05,0.9,0,TREND_DOWN,NORMAL,NEUTRAL,HEALTHY,ALLOW
2026-09-28T01:04:00Z,84062.0,84136.0,84019.01,84136.0,11.00899,84097.00333333,81.06,0.05,0.9,0,TREND_UP,NORMAL,ALIGNED,HEALTHY,ALLOW
2026-09-28T01:05:00Z,84136.01,84140.01,84008.14,84008.15,9.15422,84052.1,85.33571429,0.05,0.9,0,TREND_DOWN,NORMAL,NEUTRAL,HEALTHY,ALLOW
2026-09-28T01:06:00Z,84008.14,84060.0,83930.0,84044.45,32.56862,84011.48333333,86.55928571,0.05,0.9,0,TREND_UP,NORMAL,ALIGNED,HEALTHY,ALLOW
2026-09-28T01:07:00Z,84044.45,84200.0,84044.45,84199.99,11.33177,84148.14666667,94.73071429,0.05,0.9,0,TREND_UP,NORMAL,ALIGNED,HEALTHY,ALLOW
2026-09-28T01:08:00Z,84200.0,84224.01,84186.0,84224.01,5.57892,84211.34,89.87357143,0.05,0.9,0,TREND_UP,NORMAL,ALIGNED,HEALTHY,ALLOW
2026-09-28T01:09:00Z,84224.01,84238.87,84082.99,84098.0,18.4218,84139.95333333,94.72142857,0.05,0.9,0,TREND_DOWN,NORMAL,NEUTRAL,HEALTHY,ALLOW
2026-09-28T01:10:00Z,84098.01,84118.01,84066.65,84075.16,12.56747,84086.60666667,92.99642857,0.05,0.9,0,TREND_DOWN,NORMAL,NEUTRAL,HEALTHY,ALLOW
2026-09-28T01:11:00Z,84075.15,84075.16,84050.0,84074.01,10.95941,84066.39,91.41214286,0.05,0.9,0,TREND_DOWN,NORMAL,NEUTRAL,HEALTHY,ALLOW
2026-09-28T01:12:00Z,84074.01,84100.01,84008.42,84014.35,17.22637,84040.92666667,92.38214286,0.05,0.9,0,TREND_DOWN,NORMAL,NEUTRAL,HEALTHY,ALLOW
2026-09-28T01:13:00Z,84014.34,84022.57,83950.0,83994.62,16.54982,83989.06333333,95.27928571,0.05,0.9,0,TREND_DOWN,NORMAL,NEUTRAL,HEALTHY,ALLOW
2026-09-28T01:14:00Z,83994.63,84022.56,83959.62,83959.63,6.81032,83980.60333333,93.27428571,0.05,0.9,0,TREND_DOWN,NORMAL,NEUTRAL,HEALTHY,ALLOW
2026-09-28T01:15:00Z,83959.63,84018.0,83932.64,83958.32,21.90021,83969.65333333,91.95928571,0.05,0.9,0,TREND_DOWN,NORMAL,NEUTRAL,HEALTHY,ALLOW
2026-09-28T01:16:00Z,83958.31,83967.32,83909.96,83946.13,15.30548,83941.13666667,89.25214286,0.05,0.9,0,TREND_DOWN,NORMAL,NEUTRAL,HEALTHY,ALLOW
2026-09-28T01:17:00Z,83946.14,83987.62,83905.37,83905.38,6.28723,83932.79,89.77785714,0.05,0.9,0,TREND_DOWN,NORMAL,NEUTRAL,HEALTHY,ALLOW
2026-09-28T01:18:00Z,83905.38,83975.02,83891.95,83952.96,13.14412,83939.97666667,87.355,0.05,0.9,0,TREND_UP,NORMAL,ALIGNED,HEALTHY,ALLOW
2026-09-28T01:19:00Z,83952.96,83994.67,83880.0,83994.67,13.39726,83956.44666667,86.12642857,0.05,0.9,0,TREND_UP,NORMAL,ALIGNED,HEALTHY,ALLOW
2026-09-28T01:20:00Z,83994.67,84021.06,83975.57,84018.73,12.0786,84005.12,80.09,0.05,0.9,0,TREND_UP,NORMAL,ALIGNED,HEALTHY,ALLOW
2026-09-28T01:21:00Z,84018.73,84151.19,84018.72,84142.0,14.51259,84103.97,78.44142857,0.05,0.9,0,TREND_UP,NORMAL,ALIGNED,HEALTHY,ALLOW
2026-09-28T01:22:00Z,84142.0,84142.0,84052.93,84052.93,10.05131,84082.62,82.08857143,0.05,0.9,0,TREND_DOWN,NORMAL,NEUTRAL,HEALTHY,ALLOW
2026-09-28T01:23:00Z,84052.93,84102.01,84007.96,84041.3,9.73826,84050.42333333,77.67214286,0.05,0.9,0,TREND_DOWN,NORMAL,NEUTRAL,HEALTHY,ALLOW
2026-09-28T01:24:00Z,84041.3,84045.02,84004.76,84023.34,6.14039,84024.37333333,76.87928571,0.05,0.9,0,TREND_DOWN,NORMAL,NEUTRAL,HEALTHY,ALLOW
2026-09-28T01:25:00Z,84023.34,84070.01,83991.87,84070.01,8.8271,84043.96333333,80.66357143,0.05,0.9,0,TREND_UP,NORMAL,ALIGNED,HEALTHY,ALLOW
2026-09-28T01:26:00Z,84070.0,84142.0,84070.0,84140.01,5.33569,84117.33666667,79.26428571,0.05,0.9,0,TREND_UP,NORMAL,ALIGNED,HEALTHY,ALLOW
2026-09-28T01:27:00Z,84140.01,84160.01,84102.0,84102.01,10.41172,84121.34,78.22428571,0.05,0.9,0,TREND_DOWN,NORMAL,NEUTRAL,HEALTHY,ALLOW
2026-09-28T01:28:00Z,84102.01,84108.0,84045.44,84076.01,12.33918,84076.48333333,78.19714286,0.05,0.9,0,TREND_DOWN,NORMAL,NEUTRAL,HEALTHY,ALLOW
2026-09-28T01:29:00Z,84076.01,84112.01,84070.29,84078.0,11.83522,84086.76666667,75.08,0.05,0.9,0,TREND_UP,NORMAL,ALIGNED,HEALTHY,ALLOW
2026-09-28T01:30:00Z,84078.0,84142.01,84065.98,84092.02,7.60975,84100.00333333,76.41357143,0.05,0.9,0,TREND_UP,NORMAL,ALIGNED,HEALTHY,ALLOW
2026-09-28T01:31:00Z,84092.02,84116.01,84081.76,84081.77,14.65465,84093.18,72.985,0.05,0.9,0,TREND_DOWN,NORMAL,NEUTRAL,HEALTHY,ALLOW
2026-09-28T01:32:00Z,84081.76,84100.01,84023.8,84062.0,8.73004,84061.93666667,72.495,0.05,0.9,0,TREND_DOWN,NORMAL,NEUTRAL,HEALTHY,ALLOW
2026-09-28T01:33:00Z,84062.01,84082.01,84054.0,84054.0,5.84693,84063.33666667,66.305,0.05,0.9,0,TREND_DOWN,NORMAL,NEUTRAL,HEALTHY,ALLOW
2026-09-28T01:34:00Z,84054.0,84070.01,84020.29,84020.29,9.54012,84036.86333333,66.60714286,0.05,0.9,0,TREND_DOWN,NORMAL,NEUTRAL,HEALTHY,ALLOW
2026-09-28T01:35:00Z,84020.3,84026.92,83952.02,83993.93,11.54723,83990.95666667,62.495,0.05,0.9,0,TREND_DOWN,NORMAL,NEUTRAL,HEALTHY,ALLOW
2026-09-28T01:36:00Z,83993.94,84002.22,83950.01,83950.02,4.7526,83967.41666667,59.86214286,0.05,0.9,0,TREND_DOWN,NORMAL,NEUTRAL,HEALTHY,ALLOW
2026-09-28T01:37:00Z,83950.02,83954.94,83914.57,83914.57,9.883,83928.02666667,56.02785714,0.05,0.9,0,TREND_DOWN,NORMAL,NEUTRAL,HEALTHY,ALLOW
2026-09-28T01:38:00Z,83914.58,83936.25,83880.0,83890.62,9.67685,83902.29,57.17,0.05,0.9,0,TREND_DOWN,NORMAL,NEUTRAL,HEALTHY,ALLOW
2026-09-28T01:39:00Z,83890.61,83946.01,83875.98,83941.98,8.20073,83921.32333333,56.59071429,0.05,0.9,0,TREND_UP,NORMAL,ALIGNED,HEALTHY,ALLOW
2026-09-28T01:40:00Z,83941.97,83941.98,83887.28,83887.29,8.26085,83905.51666667,55.355,0.05,0.9,0,TREND_DOWN,NORMAL,NEUTRAL,HEALTHY,ALLOW
2026-09-28T01:41:00Z,83887.29,83977.52,83880.75,83973.74,8.975,83944.00333333,58.12357143,0.05,0.9,0,TREND_UP,NORMAL,ALIGNED,HEALTHY,ALLOW
2026-09-28T01:42:00Z,83973.75,83981.11,83925.38,83925.39,9.11962,83943.96,57.63571429,0.05,0.9,0,TREND_DOWN,NORMAL,NEUTRAL,HEALTHY,ALLOW
2026-09-28T01:43:00Z,83925.39,83925.39,83880.72,83887.99,5.69904,83898.03333333,57.84642857,0.05,0.9,0,TREND_DOWN,NORMAL,NEUTRAL,HEALTHY,ALLOW
2026-09-28T01:44:00Z,83887.99,83887.99,83803.81,83815.43,39.99488,83835.74333333,58.42857143,0.05,0.9,0,TREND_DOWN,NORMAL,NEUTRAL,HEALTHY,ALLOW
2026-09-28T01:45:00Z,83815.43,83883.14,83807.55,83845.78,9.07547,83845.49,61.38142857,0.05,0.9,0,TREND_UP,NORMAL,ALIGNED,HEALTHY,ALLOW
2026-09-28T01:46:00Z,83845.78,83845.78,83824.07,83832.76,5.1932,83834.20333333,57.48857143,0.05,0.9,0,TREND_DOWN,NORMAL,NEUTRAL,HEALTHY,ALLOW
2026-09-28T01:47:00Z,83832.76,83892.22,83832.76,83890.26,28.44814,83871.74666667,59.735,0.05,0.9,0,TREND_UP,NORMAL,ALIGNED,HEALTHY,ALLOW
2026-09-28T01:48:00Z,83890.26,83924.56,83839.3,83839.3,10.36252,83867.72,62.27357143,0.05,0.9,0,TREND_DOWN,NORMAL,NEUTRAL,HEALTHY,ALLOW
2026-09-28T01:49:00Z,83839.3,83839.3,83663.06,83667.27,68.35941,83723.21,69.51214286,0.05,0.9,0,TREND_DOWN,NORMAL,NEUTRAL,HEALTHY,ALLOW
2026-09-28T01:50:00Z,83667.27,83804.66,83613.8,83775.38,39.36759,83731.28,79.41571429,0.05,0.9,0,TREND_UP,NORMAL,ALIGNED,HEALTHY,ALLOW
2026-09-28T01:51:00Z,83775.37,83821.17,83755.11,83778.78,17.30893,83785.02,81.25071429,0.05,0.9,0,TREND_UP,NORMAL,ALIGNED,HEALTHY,ALLOW
2026-09-28T01:52:00Z,83778.78,83814.38,83742.24,83766.21,11.93666,83774.27666667,82.38571429,0.05,0.9,0,TREND_DOWN,NORMAL,NEUTRAL,HEALTHY,ALLOW
2026-09-28T01:53:00Z,83766.22,83809.63,83761.39,83809.63,8.20613,83793.55,80.82928571,0.05,0.9,0,TREND_UP,NORMAL,ALIGNED,HEALTHY,ALLOW
2026-09-28T01:54:00Z,83809.63,83844.9,83767.05,83767.05,11.5318,83793.0,82.48285714,0.05,0.9,0,TREND_DOWN,NORMAL,NEUTRAL,HEALTHY,ALLOW
2026-09-28T01:55:00Z,83767.06,83795.53,83760.16,83778.55,7.71228,83778.08,78.09714286,0.05,0.9,0,TREND_UP,NORMAL,ALIGNED,HEALTHY,ALLOW
2026-09-28T01:56:00Z,83778.54,83821.13,83752.09,83821.13,8.68711,83798.11666667,79.04785714,0.05,0.9,0,TREND_UP,NORMAL,ALIGNED,HEALTHY,ALLOW
2026-09-28T01:57:00Z,83821.13,83874.12,83717.95,83717.95,17.88493,83770.00666667,87.01214286,0.05,0.9,0,TREND_DOWN,NORMAL,NEUTRAL,HEALTHY,ALLOW
2026-09-28T01:58:00Z,83717.95,83724.41,83697.05,83721.64,24.19594,83714.36666667,82.95357143,0.05,0.9,0,TREND_UP,NORMAL,ALIGNED,HEALTHY,ALLOW
2026-09-28T01:59:00Z,83721.64,83721.65,83694.42,83694.43,5.52274,83703.5,79.49928571,0.05,0.9,0,TREND_DOWN,NORMAL,NEUTRAL,HEALTHY,ALLOW
2026-09-28T02:00:00Z,83694.42,83694.42,83596.23,83596.24,30.27454,83628.96333333,84.96285714,0.05,0.9,0,TREND_DOWN,NORMAL,NEUTRAL,HEALTHY,ALLOW
2026-09-28T02:01:00Z,83596.24,83657.25,83550.0,83643.86,29.95733,83617.03666667,88.37642857,0.05,0.9,0,TREND_UP,NORMAL,ALIGNED,HEALTHY,ALLOW
2026-09-28T02:02:00Z,83643.87,83643.87,83536.0,83566.68,22.88744,83582.18333333,89.99142857,0.05,0.9,0,TREND_DOWN,NORMAL,NEUTRAL,HEALTHY,ALLOW
2026-09-28T02:03:00Z,83566.68,83596.31,83480.0,83596.31,78.66107,83557.54,85.71071429,0.05,0.9,0,TREND_UP,NORMAL,ALIGNED,HEALTHY,ALLOW
2026-09-28T02:04:00Z,83596.71,83649.05,83584.56,83643.12,16.49336,83625.57666667,76.68428571,0.05,0.9,0,TREND_UP,NORMAL,ALIGNED,HEALTHY,ALLOW
2026-09-28T02:05:00Z,83643.11,83663.13,83606.09,83612.8,8.41862,83627.34,76.04,0.05,0.9,0,TREND_DOWN,NORMAL,NEUTRAL,HEALTHY,ALLOW
2026-09-28T02:06:00Z,83612.8,83634.0,83588.0,83617.01,5.63096,83613.00333333,74.17285714,0.05,0.9,0,TREND_UP,NORMAL,ALIGNED,HEALTHY,ALLOW
2026-09-28T02:07:00Z,83617.02,83617.02,83555.75,83555.76,13.71684,83576.17666667,75.10357143,0.05,0.9,0,TREND_DOWN,NORMAL,NEUTRAL,HEALTHY,ALLOW
2026-09-28T02:08:00Z,83555.75,83640.92,83533.38,83636.76,13.57673,83603.68666667,77.22428571,0.05,0.9,0,TREND_UP,NORMAL,ALIGNED,HEALTHY,ALLOW
2026-09-28T02:09:00Z,83636.76,83677.31,83605.69,83605.75,64.5992,83629.58333333,79.81357143,0.05,0.9,0,TREND_DOWN,NORMAL,NEUTRAL,HEALTHY,ALLOW
2026-09-28T02:10:00Z,83605.75,83677.0,83605.74,83666.37,37.39574,83649.70333333,79.97214286,0.05,0.9,0,TREND_UP,NORMAL,ALIGNED,HEALTHY,ALLOW
2026-09-28T02:11:00Z,83666.37,83720.64,83666.36,83720.64,23.48356,83702.54666667,72.69428571,0.05,0.9,0,TREND_UP,NORMAL,ALIGNED,HEALTHY,ALLOW
2026-09-28T02:12:00Z,83720.64,83770.85,83720.63,83754.79,13.14762,83748.75666667,74.32714286,0.05,0.9,0,TREND_UP,NORMAL,ALIGNED,HEALTHY,ALLOW
2026-09-28T02:13:00Z,83754.8,83782.07,83752.16,83752.17,7.94746,83762.13333333,74.51857143,0.05,0.9,0,TREND_DOWN,NORMAL,NEUTRAL,HEALTHY,ALLOW
2026-09-28T02:14:00Z,83752.16,83779.69,83724.38,83745.42,8.76764,83749.83,71.455,0.05,0.9,0,TREND_DOWN,NORMAL,NEUTRAL,HEALTHY,ALLOW
2026-09-28T02:15:00Z,83745.42,83756.12,83681.04,83711.55,9.79094,83716.23666667,69.15714286,0.05,0.9,0,TREND_DOWN,NORMAL,NEUTRAL,HEALTHY,ALLOW
2026-09-28T02:16:00Z,83711.54,83718.68,83691.09,83718.68,3.89183,83709.48333333,63.42285714,0.05,0.9,0,TREND_UP,NORMAL,ALIGNED,HEALTHY,ALLOW
2026-09-28T02:17:00Z,83718.68,83733.92,83692.8,83692.81,8.55074,83706.51,58.05214286,0.05,0.9,0,TREND_DOWN,NORMAL,NEUTRAL,HEALTHY,ALLOW
2026-09-28T02:18:00Z,83692.8,83692.81,83641.67,83641.67,8.9377,83658.71666667,57.09857143,0.05,0.9,0,TREND_DOWN,NORMAL,NEUTRAL,HEALTHY,ALLOW
2026-09-28T02:19:00Z,83641.68,83667.69,83622.36,83667.62,13.59297,83652.55666667,56.26214286,0.05,0.9,0,TREND_UP,NORMAL,ALIGNED,HEALTHY,ALLOW
2026-09-28T02:20:00Z,83667.62,83667.62,83627.38,83659.84,10.38894,83651.61333333,55.85071429,0.05,0.9,0,TREND_DOWN,NORMAL,NEUTRAL,HEALTHY,ALLOW
2026-09-28T02:21:00Z,83659.83,83679.81,83594.7,83594.71,9.42666,83623.07333333,57.55357143,0.05,0.9,0,TREND_DOWN,NORMAL,NEUTRAL,HEALTHY,ALLOW
2026-09-28T02:22:00Z,83594.7,83594.7,83554.86,83554.86,11.76947,83568.14,52.71857143,0.05,0.9,0,TREND_DOWN,NORMAL,NEUTRAL,HEALTHY,ALLOW
2026-09-28T02:23:00Z,83554.87,83589.84,83554.86,83573.71,8.05394,83572.80333333,50.10142857,0.05,0.9,0,TREND_UP,NORMAL,ALIGNED,HEALTHY,ALLOW
2026-09-28T02:24:00Z,83573.71,83669.89,83573.71,83652.79,12.63067,83632.13,51.88142857,0.05,0.9,0,TREND_UP,NORMAL,ALIGNED,HEALTHY,ALLOW
2026-09-28T02:25:00Z,83652.78,83652.78,83611.24,83617.18,11.13557,83627.06666667,50.97214286,0.05,0.9,0,TREND_DOWN,NORMAL,NEUTRAL,HEALTHY,ALLOW
2026-09-28T02:26:00Z,83617.18,83705.95,83617.17,83698.06,5.0431,83673.72666667,53.72642857,0.05,0.9,0,TREND_UP,NORMAL,ALIGNED,HEALTHY,ALLOW
2026-09-28T02:27:00Z,83698.07,83726.03,83683.4,83683.41,9.96243,83697.61333333,54.635,0.05,0.9,0,TREND_DOWN,NORMAL,NEUTRAL,HEALTHY,ALLOW
2026-09-28T02:28:00Z,83683.41,83687.15,83661.63,83665.58,4.57035,83671.45333333,52.50714286,0.05,0.9,0,TREND_DOWN,NORMAL,NEUTRAL,HEALTHY,ALLOW
2026-09-28T02:29:00Z,83665.58,83675.48,83627.26,83627.27,7.08447,83643.33666667,50.58857143,0.05,0.9,0,TREND_DOWN,NORMAL,NEUTRAL,HEALTHY,ALLOW
2026-09-28T02:30:00Z,83627.27,83629.72,83568.16,83578.46,17.86069,83592.11333333,53.015,0.05,0.9,0,TREND_DOWN,NORMAL,NEUTRAL,HEALTHY,ALLOW
2026-09-28T02:31:00Z,83578.47,83582.52,83562.94,83562.95,9.36243,83569.47,51.47642857,0.05,0.9,0,TREND_DOWN,NORMAL,NEUTRAL,HEALTHY,ALLOW
2026-09-28T02:32:00Z,83562.95,83562.95,83518.57,83518.58,39.4295,83533.36666667,50.99357143,0.05,0.9,0,TREND_DOWN,NORMAL,NEUTRAL,HEALTHY,ALLOW
2026-09-28T02:33:00Z,83518.58,83525.0,83469.05,83495.3,27.86162,83496.45,51.75214286,0.05,0.9,0,TREND_DOWN,NORMAL,NEUTRAL,HEALTHY,ALLOW
2026-09-28T02:34:00Z,83495.3,83528.08,83485.19,83512.24,7.52728,83508.50333333,51.94142857,0.05,0.9,0,TREND_UP,NORMAL,ALIGNED,HEALTHY,ALLOW
2026-09-28T02:35:00Z,83512.23,83570.65,83500.0,83567.82,8.75546,83546.15666667,50.90857143,0.05,0.9,0,TREND_UP,NORMAL,ALIGNED,HEALTHY,ALLOW
2026-09-28T02:36:00Z,83567.81,83583.37,83513.83,83525.75,10.00542,83540.98333333,53.02928571,0.05,0.9,0,TREND_DOWN,NORMAL,NEUTRAL,HEALTHY,ALLOW
2026-09-28T02:37:00Z,83525.76,83532.9,83485.49,83495.59,6.93558,83504.66,53.91714286,0.05,0.9,0,TREND_DOWN,NORMAL,NEUTRAL,HEALTHY,ALLOW
2026-09-28T02:38:00Z,83495.59,83539.34,83473.56,83473.56,12.01155,83495.48666667,51.74571429,0.05,0.9,0,TREND_DOWN,NORMAL,NEUTRAL,HEALTHY,ALLOW
2026-09-28T02:39:00Z,83473.57,83473.57,83420.81,83468.49,24.31985,83454.29,52.54642857,0.05,0.9,0,TREND_DOWN,NORMAL,NEUTRAL,HEALTHY,ALLOW
2026-09-28T02:40:00Z,83468.49,83531.09,83453.87,83531.09,9.70282,83505.35,51.72071429,0.05,0.9,0,TREND_UP,NORMAL,ALIGNED,HEALTHY,ALLOW
2026-09-28T02:41:00Z,83531.09,83556.55,83488.63,83488.64,9.50947,83511.27333333,53.52714286,0.05,0.9,0,TREND_DOWN,NORMAL,NEUTRAL,HEALTHY,ALLOW
2026-09-28T02:42:00Z,83488.64,83508.7,83464.17,83483.15,6.28541,83485.34,54.885,0.05,0.9,0,TREND_DOWN,NORMAL,NEUTRAL,HEALTHY,ALLOW
2026-09-28T02:43:00Z,83483.16,83491.37,83470.42,83491.36,6.4645,83484.38333333,52.93714286,0.05,0.9,0,TREND_UP,NORMAL,ALIGNED,HEALTHY,ALLOW
2026-09-28T02:44:00Z,83491.37,83518.2,83484.14,83493.1,7.71377,83498.48,50.97285714,0.05,0.9,0,TREND_UP,NORMAL,ALIGNED,HEALTHY,ALLOW
2026-09-28T02:45:00Z,83493.09,83531.06,83479.27,83526.53,9.09086,83512.28666667,53.27357143,0.05,0.9,0,TREND_UP,NORMAL,ALIGNED,HEALTHY,ALLOW
2026-09-28T02:46:00Z,83526.53,83541.23,83430.0,83441.73,17.02121,83470.98666667,58.04857143,0.05,0.9,0,TREND_DOWN,NORMAL,NEUTRAL,HEALTHY,ALLOW
2026-09-28T02:47:00Z,83441.74,83471.82,83420.0,83420.0,9.94387,83437.27333333,57.75357143,0.05,0.9,0,TREND_DOWN,NORMAL,NEUTRAL,HEALTHY,ALLOW
2026-09-28T02:48:00Z,83420.0,83422.91,83394.59,83413.68,27.50444,83410.39333333,56.71285714,0.05,0.9,0,TREND_DOWN,NORMAL,NEUTRAL,HEALTHY,ALLOW
2026-09-28T02:49:00Z,83413.67,83450.73,83413.16,83438.12,12.07107,83434.00333333,54.35,0.05,0.9,0,TREND_UP,NORMAL,ALIGNED,HEALTHY,ALLOW
2026-09-28T02:50:00Z,83438.12,83474.74,83438.11,83460.16,11.18881,83457.67,51.99928571,0.05,0.9,0,TREND_UP,NORMAL,ALIGNED,HEALTHY,ALLOW
2026-09-28T02:51:00Z,83460.16,83467.71,83420.8,83420.81,10.84007,83436.44,51.96357143,0.05,0.9,0,TREND_DOWN,NORMAL,NEUTRAL,HEALTHY,ALLOW
2026-09-28T02:52:00Z,83420.8,83446.99,83420.8,83444.31,4.20686,83437.36666667,49.13571429,0.05,0.9,0,TREND_UP,NORMAL,ALIGNED,HEALTHY,ALLOW
2026-09-28T02:53:00Z,83444.3,83464.74,83435.07,83456.25,5.60381,83452.02,47.48642857,0.05,0.9,0,TREND_UP,NORMAL,ALIGNED,HEALTHY,ALLOW
2026-09-28T02:54:00Z,83456.26,83467.97,83431.94,83434.64,12.98575,83444.85,44.54428571,0.05,0.9,0,TREND_DOWN,NORMAL,NEUTRAL,HEALTHY,ALLOW
2026-09-28T02:55:00Z,83434.64,83444.09,83420.89,83420.9,3.32879,83428.62666667,41.35,0.05,0.9,0,TREND_DOWN,NORMAL,NEUTRAL,HEALTHY,ALLOW
2026-09-28T02:56:00Z,83420.89,83420.9,83400.0,83400.0,4.23513,83406.96666667,39.66214286,0.05,0.9,0,TREND_DOWN,NORMAL,NEUTRAL,HEALTHY,ALLOW
2026-09-28T02:57:00Z,83400.01,83418.01,83394.59,83407.11,7.71573,83406.57,39.83857143,0.05,0.9,0,TREND_UP,NORMAL,ALIGNED,HEALTHY,ALLOW
2026-09-28T02:58:00Z,83407.12,83423.3,83406.0,83414.85,5.03395,83414.71666667,38.64142857,0.05,0.9,0,TREND_UP,NORMAL,ALIGNED,HEALTHY,ALLOW
2026-09-28T02:59:00Z,83414.85,83418.24,83389.07,83418.24,18.54113,83408.51666667,37.02571429,0.05,0.9,0,TREND_UP,NORMAL,ALIGNED,HEALTHY,ALLOW
2026-09-28T03:00:00Z,83418.91,83532.58,83418.91,83522.61,14.06432,83491.36666667,37.24785714,0.05,0.9,0,TREND_UP,NORMAL,ALIGNED,HEALTHY,ALLOW
2026-09-28T03:01:00Z,83522.62,83536.48,83503.86,83503.87,7.88987,83514.73666667,35.87642857,0.05,0.9,0,TREND_DOWN,NORMAL,NEUTRAL,HEALTHY,ALLOW
2026-09-28T03:02:00Z,83503.86,83508.35,83458.78,83458.79,14.5975,83475.30666667,37.39428571,0.05,0.9,0,TREND_DOWN,NORMAL,NEUTRAL,HEALTHY,ALLOW
2026-09-28T03:03:00Z,83458.79,83464.04,83446.86,83453.36,6.64097,83454.75333333,35.93785714,0.05,0.9,0,TREND_DOWN,NORMAL,NEUTRAL,HEALTHY,ALLOW
2026-09-28T03:04:00Z,83453.37,83488.68,83453.36,83479.98,6.91947,83474.00666667,35.84428571,0.05,0.9,0,TREND_UP,NORMAL,ALIGNED,HEALTHY,ALLOW
2026-09-28T03:05:00Z,83479.99,83506.05,83454.0,83454.01,7.24534,83471.35333333,36.21142857,0.05,0.9,0,TREND_DOWN,NORMAL,NEUTRAL,HEALTHY,ALLOW
2026-09-28T03:06:00Z,83454.0,83474.46,83437.18,83450.01,8.33178,83453.88333333,37.00357143,0.05,0.9,0,TREND_DOWN,NORMAL,NEUTRAL,HEALTHY,ALLOW
2026-09-28T03:07:00Z,83450.0,83495.22,83450.0,83489.42,8.77801,83478.21333333,38.11428571,0.05,0.9,0,TREND_UP,NORMAL,ALIGNED,HEALTHY,ALLOW
2026-09-28T03:08:00Z,83489.43,83489.43,83456.9,83456.91,10.54099,83467.74666667,37.86428571,0.05,0.9,0,TREND_DOWN,NORMAL,NEUTRAL,HEALTHY,ALLOW
2026-09-28T03:09:00Z,83456.91,83476.01,83456.9,83476.01,6.2788,83469.64,37.57214286,0.05,0.9,0,TREND_UP,NORMAL,ALIGNED,HEALTHY,ALLOW
2026-09-28T03:10:00Z,83476.0,83493.83,83466.04,83469.34,8.36135,83476.40333333,38.06428571,0.05,0.9,0,TREND_DOWN,NORMAL,NEUTRAL,HEALTHY,ALLOW
2026-09-28T03:11:00Z,83469.33,83469.33,83397.0,83397.0,12.1413,83421.11,41.55857143,0.05,0.9,0,TREND_DOWN,NORMAL,NEUTRAL,HEALTHY,ALLOW
2026-09-28T03:12:00Z,83397.01,83413.61,83383.41,83385.43,24.85461,83394.15,42.48,0.05,0.9,0,TREND_DOWN,NORMAL,NEUTRAL,HEALTHY,ALLOW
2026-09-28T03:13:00Z,83385.42,83452.0,83385.42,83438.85,13.03399,83425.42333333,45.15214286,0.05,0.9,0,TREND_UP,NORMAL,ALIGNED,HEALTHY,ALLOW
2026-09-28T03:14:00Z,83438.85,83452.01,83428.0,83438.01,3.70113,83439.34,38.7,0.05,0.9,0,TREND_DOWN,NORMAL,NEUTRAL,HEALTHY,ALLOW
2026-09-28T03:15:00Z,83438.0,83438.0,83399.0,83413.22,10.10672,83416.74,39.15642857,0.05,0.9,0,TREND_DOWN,NORMAL,NEUTRAL,HEALTHY,ALLOW
2026-09-28T03:16:00Z,83413.22,83472.43,83390.0,83466.0,23.61875,83442.81,41.50357143,0.05,0.9,0,TREND_UP,NORMAL,ALIGNED,HEALTHY,ALLOW
2026-09-28T03:17:00Z,83466.01,83502.01,83460.54,83502.01,5.99868,83488.18666667,43.23857143,0.05,0.9,0,TREND_UP,NORMAL,ALIGNED,HEALTHY,ALLOW
2026-09-28T03:18:00Z,83502.0,83506.01,83450.0,83450.0,6.85237,83468.67,44.71642857,0.05,0.9,0,TREND_DOWN,NORMAL,NEUTRAL,HEALTHY,ALLOW
2026-09-28T03:19:00Z,83450.0,83504.65,83450.0,83457.21,8.64845,83470.62,44.90214286,0.05,0.9,0,TREND_UP,NORMAL,ALIGNED,HEALTHY,ALLOW
2026-09-28T03:20:00Z,83457.21,83493.18,83457.21,83490.5,13.84892,83480.29666667,44.80857143,0.05,0.9,0,TREND_UP,NORMAL,ALIGNED,HEALTHY,ALLOW
2026-09-28T03:21:00Z,83490.5,83490.5,83440.0,83440.0,8.39104,83456.83333333,45.18571429,0.05,0.9,0,TREND_DOWN,NORMAL,NEUTRAL,HEALTHY,ALLOW
2026-09-28T03:22:00Z,83440.0,83440.01,83371.15,83386.03,13.92013,83399.06333333,47.78071429,0.05,0.9,0,TREND_DOWN,NORMAL,NEUTRAL,HEALTHY,ALLOW
2026-09-28T03:23:00Z,83386.02,83434.01,83386.02,83394.01,5.97634,83404.68,49.84357143,0.05,0.9,0,TREND_UP,NORMAL,ALIGNED,HEALTHY,ALLOW
2026-09-28T03:24:00Z,83394.0,83436.01,83376.0,83402.0,18.88639,83404.67,52.145,0.05,0.9,0,TREND_UP,NORMAL,ALIGNED,HEALTHY,ALLOW
2026-09-28T03:25:00Z,83402.0,83402.01,83341.49,83374.35,21.45149,83372.61666667,51.30071429,0.05,0.9,0,TREND_DOWN,NORMAL,NEUTRAL,HEALTHY,ALLOW
2026-09-28T03:26:00Z,83374.34,83402.01,83326.78,83333.21,30.8147,83354.0,54.51714286,0.05,0.9,0,TREND_DOWN,NORMAL,NEUTRAL,HEALTHY,ALLOW
2026-09-28T03:27:00Z,83333.2,83350.01,83321.71,83340.67,6.93004,83337.46333333,51.78285714,0.05,0.9,0,TREND_UP,NORMAL,ALIGNED,HEALTHY,ALLOW
2026-09-28T03:28:00Z,83340.67,83382.0,83340.66,83348.0,5.84497,83356.88666667,53.02071429,0.05,0.9,0,TREND_UP,NORMAL,ALIGNED,HEALTHY,ALLOW
2026-09-28T03:29:00Z,83348.01,83348.01,83304.0,83330.01,24.63042,83327.34,53.37785714,0.05,0.9,0,TREND_DOWN,NORMAL,NEUTRAL,HEALTHY,ALLOW
2026-09-28T03:30:00Z,83330.0,83330.01,83277.0,83292.46,13.68523,83299.82333333,51.27642857,0.05,0.9,0,TREND_DOWN,NORMAL,NEUTRAL,HEALTHY,ALLOW
2026-09-28T03:31:00Z,83292.46,83310.01,83260.27,83268.0,14.42946,83279.42666667,51.86714286,0.05,0.9,0,TREND_DOWN,NORMAL,NEUTRAL,HEALTHY,ALLOW
2026-09-28T03:32:00Z,83268.0,83279.89,83226.83,83226.83,33.49947,83244.51666667,51.65642857,0.05,0.9,0,TREND_DOWN,NORMAL,NEUTRAL,HEALTHY,ALLOW
2026-09-28T03:33:00Z,83226.83,83251.0,83210.0,83216.0,18.47784,83225.66666667,50.68142857,0.05,0.9,0,TREND_DOWN,NORMAL,NEUTRAL,HEALTHY,ALLOW
2026-09-28T03:34:00Z,83216.01,83284.0,83216.0,83264.0,6.91069,83254.66666667,52.96928571,0.05,0.9,0,TREND_UP,NORMAL,ALIGNED,HEALTHY,ALLOW
2026-09-28T03:35:00Z,83264.01,83314.01,83240.0,83314.01,5.0652,83289.34,54.64857143,0.05,0.9,0,TREND_UP,NORMAL,ALIGNED,HEALTHY,ALLOW
2026-09-28T03:36:00Z,83314.01,83376.69,83314.01,83376.69,10.58082,83355.79666667,54.20714286,0.05,0.9,0,TREND_UP,NORMAL,ALIGNED,HEALTHY,ALLOW
2026-09-28T03:37:00Z,83376.68,83446.01,83376.68,83415.67,19.51237,83412.78666667,55.73142857,0.05,0.9,0,TREND_UP,NORMAL,ALIGNED,HEALTHY,ALLOW
2026-09-28T03:38:00Z,83415.66,83450.0,83415.66,83450.0,17.95729,83438.55333333,53.89785714,0.05,0.9,0,TREND_UP,NORMAL,ALIGNED,HEALTHY,ALLOW
2026-09-28T03:39:00Z,83450.0,83450.0,83416.0,83446.01,6.18305,83437.33666667,52.00357143,0.05,0.9,0,TREND_DOWN,NORMAL,NEUTRAL,HEALTHY,ALLOW
2026-09-28T03:40:00Z,83446.01,83448.0,83416.16,83418.02,4.69707,83427.39333333,48.90428571,0.05,0.9,0,TREND_DOWN,NORMAL,NEUTRAL,HEALTHY,ALLOW
2026-09-28T03:41:00Z,83418.03,83448.01,83398.86,83448.01,6.90573,83431.62666667,50.39357143,0.05,0.9,0,TREND_UP,NORMAL,ALIGNED,HEALTHY,ALLOW
2026-09-28T03:42:00Z,83448.01,83474.01,83448.01,83472.02,5.14326,83464.68,49.29785714,0.05,0.9,0,TREND_UP,NORMAL,ALIGNED,HEALTHY,ALLOW
2026-09-28T03:43:00Z,83472.03,83488.01,83472.02,83482.75,5.61515,83480.92666667,47.29642857,0.05,0.9,0,TREND_UP,NORMAL,ALIGNED,HEALTHY,ALLOW
2026-09-28T03:44:00Z,83482.75,83482.75,83445.02,83445.02,15.95197,83457.59666667,46.205,0.05,0.9,0,TREND_DOWN,NORMAL,NEUTRAL,HEALTHY,ALLOW
2026-09-28T03:45:00Z,83445.03,83460.01,83430.0,83444.01,4.03845,83444.67333333,44.79571429,0.05,0.9,0,TREND_DOWN,NORMAL,NEUTRAL,HEALTHY,ALLOW
2026-09-28T03:46:00Z,83444.0,83444.01,83424.47,83424.48,2.12465,83430.98666667,42.40142857,0.05,0.9,0,TREND_DOWN,NORMAL,NEUTRAL,HEALTHY,ALLOW
2026-09-28T03:47:00Z,83424.48,83460.82,83424.47,83460.81,4.49281,83448.7,42.06928571,0.05,0.9,0,TREND_UP,NORMAL,ALIGNED,HEALTHY,ALLOW
2026-09-28T03:48:00Z,83460.82,83460.82,83434.0,83444.0,3.53944,83446.27333333,39.12785714,0.05,0.9,0,TREND_DOWN,NORMAL,NEUTRAL,HEALTHY,ALLOW
2026-09-28T03:49:00Z,83444.01,83486.0,83368.01,83405.09,31.4283,83419.7,42.26928571,0.05,0.9,0,TREND_DOWN,NORMAL,NEUTRAL,HEALTHY,ALLOW
2026-09-28T03:50:00Z,83405.08,83448.01,83383.13,83448.01,10.17224,83426.38333333,42.42642857,0.05,0.9,0,TREND_UP,NORMAL,ALIGNED,HEALTHY,ALLOW
2026-09-28T03:51:00Z,83448.0,83463.01,83428.68,83440.0,6.43508,83443.89666667,39.92642857,0.05,0.9,0,TREND_DOWN,NORMAL,NEUTRAL,HEALTHY,ALLOW
2026-09-28T03:52:00Z,83440.0,83440.01,83396.0,83396.0,5.0991,83410.67,40.61714286,0.05,0.9,0,TREND_DOWN,NORMAL,NEUTRAL,HEALTHY,ALLOW
2026-09-28T03:53:00Z,83396.01,83432.01,83396.01,83404.01,7.81386,83410.67666667,40.76071429,0.05,0.9,0,TREND_UP,NORMAL,ALIGNED,HEALTHY,ALLOW
2026-09-28T03:54:00Z,83404.01,83438.76,83404.0,83410.01,10.04449,83417.59,40.96928571,0.05,0.9,0,TREND_UP,NORMAL,ALIGNED,HEALTHY,ALLOW
2026-09-28T03:55:00Z,83410.0,83410.0,83395.76,83399.67,5.80713,83401.81,38.47642857,0.05,0.9,0,TREND_DOWN,NORMAL,NEUTRAL,HEALTHY,ALLOW
2026-09-28T03:56:00Z,83399.66,83400.01,83385.55,83385.55,5.09568,83390.37,37.65214286,0.05,0.9,0,TREND_DOWN,NORMAL,NEUTRAL,HEALTHY,ALLOW
2026-09-28T03:57:00Z,83385.55,83385.56,83356.01,83356.01,11.50584,83365.86,38.62071429,0.05,0.9,0,TREND_DOWN,NORMAL,NEUTRAL,HEALTHY,ALLOW
2026-09-28T03:58:00Z,83356.01,83356.02,83302.99,83332.22,42.89856,83330.41,39.71357143,0.05,0.9,0,TREND_DOWN,NORMAL,NEUTRAL,HEALTHY,ALLOW
2026-09-28T03:59:00Z,83332.22,83338.6,83332.22,83338.6,1.78139,83336.47333333,38.02571429,0.05,0.9,0,TREND_UP,NORMAL,ALIGNED,HEALTHY,ALLOW
2026-09-28T04:00:00Z,83338.6,83355.59,83250.0,83250.01,22.99234,83285.2,44.17214286,0.05,0.9,0,TREND_DOWN,NORMAL,NEUTRAL,HEALTHY,ALLOW
2026-09-28T04:01:00Z,83250.01,83268.0,83232.0,83248.01,11.49958,83249.33666667,44.14714286,0.05,0.9,0,TREND_DOWN,NORMAL,NEUTRAL,HEALTHY,ALLOW
2026-09-28T04:02:00Z,83248.0,83274.01,83242.3,83263.5,7.76397,83259.93666667,44.49642857,0.05,0.9,0,TREND_UP,NORMAL,ALIGNED,HEALTHY,ALLOW
2026-09-28T04:03:00Z,83263.5,83277.38,83256.29,83272.01,8.16943,83268.56,37.575,0.05,0.9,0,TREND_UP,NORMAL,ALIGNED,HEALTHY,ALLOW
2026-09-28T04:04:00Z,83272.01,83290.01,83242.0,83250.01,9.08649,83260.67333333,36.37,0.05,0.9,0,TREND_DOWN,NORMAL,NEUTRAL,HEALTHY,ALLOW
2026-09-28T04:05:00Z,83250.01,83294.06,83248.45,83294.05,11.55967,83278.85333333,37.17571429,0.05,0.9,0,TREND_UP,NORMAL,ALIGNED,HEALTHY,ALLOW
2026-09-28T04:06:00Z,83294.06,83344.0,83290.0,83344.0,6.20958,83326.0,37.88928571,0.05,0.9,0,TREND_UP,NORMAL,ALIGNED,HEALTHY,ALLOW
2026-09-28T04:07:00Z,83344.0,83383.67,83344.0,83383.67,6.53078,83370.44666667,38.15071429,0.05,0.9,0,TREND_UP,NORMAL,ALIGNED,HEALTHY,ALLOW
2026-09-28T04:08:00Z,83383.67,83410.53,83323.14,83323.15,11.69203,83352.27333333,41.91,0.05,0.9,0,TREND_DOWN,NORMAL,NEUTRAL,HEALTHY,ALLOW
2026-09-28T04:09:00Z,83323.14,83350.34,83318.0,83325.14,9.84049,83331.16,43.20214286,0.05,0.9,0,TREND_UP,NORMAL,ALIGNED,HEALTHY,ALLOW
2026-09-28T04:10:00Z,83325.14,83367.67,83325.13,83367.67,3.23196,83353.49,45.20785714,0.05,0.9,0,TREND_UP,NORMAL,ALIGNED,HEALTHY,ALLOW
2026-09-28T04:11:00Z,83367.67,83367.67,83357.27,83357.28,3.99071,83360.74,43.84,0.05,0.9,0,TREND_DOWN,NORMAL,NEUTRAL,HEALTHY,ALLOW
2026-09-28T04:12:00Z,83357.28,83396.99,83336.38,83390.03,9.42257,83374.46666667,44.38142857,0.05,0.9,0,TREND_UP,NORMAL,ALIGNED,HEALTHY,ALLOW
2026-09-28T04:13:00Z,83390.03,83450.0,83390.02,83418.04,36.8476,83419.35333333,48.21,0.05,0.9,0,TREND_UP,NORMAL,ALIGNED,HEALTHY,ALLOW
2026-09-28T04:14:00Z,83418.03,83430.53,83418.03,83430.53,5.60986,83426.36333333,41.56071429,0.05,0.9,0,TREND_UP,NORMAL,ALIGNED,HEALTHY,ALLOW
2026-09-28T04:15:00Z,83430.52,83430.52,83403.31,83420.01,7.81741,83417.94666667,40.93357143,0.05,0.9,0,TREND_DOWN,NORMAL,NEUTRAL,HEALTHY,ALLOW
2026-09-28T04:16:00Z,83420.01,83420.01,83370.71,83370.73,3.74643,83387.15,42.19,0.05,0.9,0,TREND_DOWN,NORMAL,NEUTRAL,HEALTHY,ALLOW
2026-09-28T04:17:00Z,83370.74,83461.45,83370.73,83461.45,7.2331,83431.21,47.16357143,0.05,0.9,0,TREND_UP,NORMAL,ALIGNED,HEALTHY,ALLOW
2026-09-28T04:18:00Z,83461.45,83494.01,83461.44,83494.01,9.82999,83483.15333333,46.06071429,0.05,0.9,0,TREND_UP,NORMAL,ALIGNED,HEALTHY,ALLOW
2026-09-28T04:19:00Z,83494.0,83516.01,83490.0,83502.33,8.86747,83502.78,44.66071429,0.05,0.9,0,TREND_UP,NORMAL,ALIGNED,HEALTHY,ALLOW
2026-09-28T04:20:00Z,83502.32,83512.01,83496.66,83496.66,4.9953,83501.77666667,41.9,0.05,0.9,0,TREND_DOWN,NORMAL,NEUTRAL,HEALTHY,ALLOW
2026-09-28T04:21:00Z,83496.66,83500.01,83479.41,83479.41,4.7433,83486.27666667,40.53785714,0.05,0.9,0,TREND_DOWN,NORMAL,NEUTRAL,HEALTHY,ALLOW
2026-09-28T04:22:00Z,83479.42,83491.36,83470.0,83491.35,9.34631,83484.23666667,35.82142857,0.05,0.9,0,TREND_UP,NORMAL,ALIGNED,HEALTHY,ALLOW
2026-09-28T04:23:00Z,83491.36,83494.01,83491.35,83492.01,6.6119,83492.45666667,33.70142857,0.05,0.9,0,TREND_UP,NORMAL,ALIGNED,HEALTHY,ALLOW
2026-09-28T04:24:00Z,83492.01,83511.04,83492.0,83500.02,8.6391,83501.02,32.02285714,0.05,0.9,0,TREND_UP,NORMAL,ALIGNED,HEALTHY,ALLOW
2026-09-28T04:25:00Z,83500.02,83502.3,83478.14,83499.96,11.07717,83493.46666667,33.00571429,0.05,0.9,0,TREND_DOWN,NORMAL,NEUTRAL,HEALTHY,ALLOW
2026-09-28T04:26:00Z,83499.96,83499.97,83484.95,83484.95,3.89918,83489.95666667,29.74928571,0.05,0.9,0,TREND_DOWN,NORMAL,NEUTRAL,HEALTHY,ALLOW
2026-09-28T04:27:00Z,83484.96,83488.01,83479.59,83479.75,4.41589,83482.45,26.06642857,0.05,0.9,0,TREND_DOWN,NORMAL,NEUTRAL,HEALTHY,ALLOW
2026-09-28T04:28:00Z,83479.75,83488.01,83476.0,83483.9,5.20311,83482.63666667,26.03142857,0.05,0.9,0,TREND_UP,NORMAL,ALIGNED,HEALTHY,ALLOW
2026-09-28T04:29:00Z,83483.9,83494.01,83480.0,83484.57,10.214,83486.19333333,25.08785714,0.05,0.9,0,TREND_UP,NORMAL,ALIGNED,HEALTHY,ALLOW
2026-09-28T04:30:00Z,83484.58,83484.58,83480.0,83480.0,6.1614,83481.52666667,21.89357143,0.05,0.9,0,TREND_DOWN,NORMAL,NEUTRAL,HEALTHY,ALLOW
2026-09-28T04:31:00Z,83480.0,83480.01,83450.0,83460.01,7.20332,83463.34,17.55714286,0.05,0.9,0,TREND_DOWN,NORMAL,NEUTRAL,HEALTHY,ALLOW
2026-09-28T04:32:00Z,83460.0,83462.01,83456.1,83456.11,2.39831,83458.07333333,15.65285714,0.05,0.9,0,TREND_DOWN,NORMAL,NEUTRAL,HEALTHY,ALLOW
2026-09-28T04:33:00Z,83456.11,83456.11,83443.64,83446.01,6.01412,83448.58666667,14.68571429,0.05,0.9,0,TREND_DOWN,NORMAL,NEUTRAL,HEALTHY,ALLOW
2026-09-28T04:34:00Z,83446.0,83451.72,83435.7,83451.71,2.97371,83446.37666667,14.73357143,0.05,0.9,0,TREND_UP,NORMAL,ALIGNED,HEALTHY,ALLOW
2026-09-28T04:35:00Z,83451.72,83454.01,83446.0,83449.41,4.27815,83449.80666667,13.83428571,0.05,0.9,0,TREND_DOWN,NORMAL,NEUTRAL,HEALTHY,ALLOW
2026-09-28T04:36:00Z,83449.42,83460.01,83449.41,83460.0,2.95261,83456.47333333,13.06571429,0.05,0.9,0,TREND_UP,NORMAL,ALIGNED,HEALTHY,ALLOW
2026-09-28T04:37:00Z,83460.0,83460.0,83437.11,83454.99,5.94201,83450.7,14.51071429,0.05,0.9,0,TREND_DOWN,NORMAL,NEUTRAL,HEALTHY,ALLOW
2026-09-28T04:38:00Z,83454.99,83480.01,83454.99,83480.01,4.05179,83471.67,14.93785714,0.05,0.9,0,TREND_UP,NORMAL,ALIGNED,HEALTHY,ALLOW
2026-09-28T04:39:00Z,83480.0,83484.01,83472.46,83472.47,4.74,83476.31333333,14.03714286,0.05,0.9,0,TREND_DOWN,NORMAL,NEUTRAL,HEALTHY,ALLOW
2026-09-28T04:40:00Z,83472.47,83472.47,83462.96,83462.96,2.35119,83466.13,13.64357143,0.05,0.9,0,TREND_DOWN,NORMAL,NEUTRAL,HEALTHY,ALLOW
2026-09-28T04:41:00Z,83462.97,83468.01,83462.96,83468.01,1.08323,83466.32666667,13.40285714,0.05,0.9,0,TREND_UP,NORMAL,ALIGNED,HEALTHY,ALLOW
2026-09-28T04:42:00Z,83468.01,83507.98,83468.0,83507.98,3.61296,83494.65333333,15.40071429,0.05,0.9,0,TREND_UP,NORMAL,ALIGNED,HEALTHY,ALLOW
2026-09-28T04:43:00Z,83507.98,83526.01,83507.97,83508.01,7.31487,83513.99666667,15.68857143,0.05,0.9,0,TREND_UP,NORMAL,ALIGNED,HEALTHY,ALLOW
2026-09-28T04:44:00Z,83508.01,83508.01,83500.0,83500.01,4.72678,83502.67333333,15.93357143,0.05,0.9,0,TREND_DOWN,NORMAL,NEUTRAL,HEALTHY,ALLOW
2026-09-28T04:45:00Z,83500.0,83500.01,83485.06,83485.06,7.65197,83490.04333333,14.85785714,0.05,0.9,0,TREND_DOWN,NORMAL,NEUTRAL,HEALTHY,ALLOW
2026-09-28T04:46:00Z,83485.06,83485.07,83475.36,83475.37,3.6326,83478.6,15.12928571,0.05,0.9,0,TREND_DOWN,NORMAL,NEUTRAL,HEALTHY,ALLOW
2026-09-28T04:47:00Z,83475.37,83475.37,83447.5,83447.5,6.27038,83456.79,16.22928571,0.05,0.9,0,TREND_DOWN,NORMAL,NEUTRAL,HEALTHY,ALLOW
2026-09-28T04:48:00Z,83447.5,83447.5,83436.58,83436.58,4.93491,83440.22,15.865,0.05,0.9,0,TREND_DOWN,NORMAL,NEUTRAL,HEALTHY,ALLOW
2026-09-28T04:49:00Z,83436.59,83436.59,83436.58,83436.58,3.02545,83436.58333333,15.29357143,0.05,0.9,0,TREND_DOWN,NORMAL,NEUTRAL,HEALTHY,ALLOW
2026-09-28T04:50:00Z,83436.59,83481.8,83436.59,83481.79,4.75288,83466.72666667,17.76642857,0.05,0.9,0,TREND_UP,NORMAL,ALIGNED,HEALTHY,ALLOW
2026-09-28T04:51:00Z,83481.79,83481.8,83481.79,83481.79,2.5687,83481.79333333,16.13214286,0.05,0.9,0,TREND_UP,NORMAL,ALIGNED,HEALTHY,ALLOW
2026-09-28T04:52:00Z,83481.79,83500.01,83481.79,83500.0,3.30648,83493.93333333,15.64642857,0.05,0.9,0,TREND_UP,NORMAL,ALIGNED,HEALTHY,ALLOW
2026-09-28T04:53:00Z,83500.0,83500.01,83500.0,83500.01,1.83913,83500.00666667,14.82214286,0.05,0.9,0,TREND_UP,NORMAL,ALIGNED,HEALTHY,ALLOW
2026-09-28T04:54:00Z,83500.0,83500.01,83479.59,83479.59,3.96049,83486.39666667,15.60142857,0.05,0.9,0,TREND_DOWN,NORMAL,NEUTRAL,HEALTHY,ALLOW
2026-09-28T04:55:00Z,83479.6,83479.6,83464.0,83464.01,2.86616,83469.20333333,16.355,0.05,0.9,0,TREND_DOWN,NORMAL,NEUTRAL,HEALTHY,ALLOW
2026-09-28T04:56:00Z,83464.0,83475.5,83458.9,83458.9,4.38796,83464.43333333,14.685,0.05,0.9,0,TREND_DOWN,NORMAL,NEUTRAL,HEALTHY,ALLOW
2026-09-28T04:57:00Z,83458.9,83511.57,83458.9,83511.01,62.6532,83493.82666667,17.15857143,0.05,0.9,0,TREND_UP,NORMAL,ALIGNED,HEALTHY,ALLOW
2026-09-28T04:58:00Z,83511.01,83511.02,83496.0,83511.01,35.93397,83506.01,17.65928571,0.05,0.9,0,TREND_UP,NORMAL,ALIGNED,HEALTHY,ALLOW
2026-09-28T04:59:00Z,83511.01,83511.01,83490.2,83490.21,3.5419,83497.14,18.07785714,0.05,0.9,0,TREND_DOWN,NORMAL,NEUTRAL,HEALTHY,ALLOW
2026-09-28T05:00:00Z,83490.2,83534.01,83490.2,83532.96,9.47479,83519.05666667,20.51357143,0.05,0.9,0,TREND_UP,NORMAL,ALIGNED,HEALTHY,ALLOW
2026-09-28T05:01:00Z,83532.97,83532.97,83515.0,83515.0,5.04056,83520.99,19.80642857,0.05,0.9,0,TREND_DOWN,NORMAL,NEUTRAL,HEALTHY,ALLOW
2026-09-28T05:02:00Z,83515.01,83515.01,83416.76,83421.24,72.67813,83451.00333333,26.04428571,0.05,0.9,0,TREND_DOWN,NORMAL,NEUTRAL,HEALTHY,ALLOW
2026-09-28T05:03:00Z,83421.24,83421.24,83367.05,83405.85,39.07493,83398.04666667,29.91428571,0.05,0.9,0,TREND_DOWN,NORMAL,NEUTRAL,HEALTHY,ALLOW
2026-09-28T05:04:00Z,83405.85,83405.85,83367.06,83388.02,32.0294,83386.97666667,29.455,0.05,0.9,0,TREND_DOWN,NORMAL,NEUTRAL,HEALTHY,ALLOW
2026-09-28T05:05:00Z,83388.02,83439.27,83386.0,83428.05,14.27591,83417.77333333,33.25928571,0.05,0.9,0,TREND_UP,NORMAL,ALIGNED,HEALTHY,ALLOW
2026-09-28T05:06:00Z,83428.04,83428.04,83402.38,83402.39,6.48295,83410.93666667,33.79142857,0.05,0.9,0,TREND_DOWN,NORMAL,NEUTRAL,HEALTHY,ALLOW
2026-09-28T05:07:00Z,83402.38,83402.38,83380.0,83380.0,6.07141,83387.46,35.39,0.05,0.9,0,TREND_DOWN,NORMAL,NEUTRAL,HEALTHY,ALLOW
2026-09-28T05:08:00Z,83380.0,83380.01,83362.67,83369.02,7.40196,83370.56666667,35.17,0.05,0.9,0,TREND_DOWN,NORMAL,NEUTRAL,HEALTHY,ALLOW
2026-09-28T05:09:00Z,83369.03,83369.03,83350.0,83358.0,6.14729,83359.01,35.415,0.05,0.9,0,TREND_DOWN,NORMAL,NEUTRAL,HEALTHY,ALLOW
2026-09-28T05:10:00Z,83358.01,83364.01,83357.99,83364.0,6.48344,83362.0,34.65928571,0.05,0.9,0,TREND_UP,NORMAL,ALIGNED,HEALTHY,ALLOW
2026-09-28T05:11:00Z,83364.0,83364.01,83342.0,83342.01,5.59021,83349.34,32.46928571,0.05,0.9,0,TREND_DOWN,NORMAL,NEUTRAL,HEALTHY,ALLOW
2026-09-28T05:12:00Z,83342.01,83361.31,83339.61,83339.62,12.67371,83346.84666667,32.94642857,0.05,0.9,0,TREND_DOWN,NORMAL,NEUTRAL,HEALTHY,ALLOW
2026-09-28T05:13:00Z,83339.61,83339.62,83299.28,83310.0,24.20549,83316.3,34.34142857,0.05,0.9,0,TREND_DOWN,NORMAL,NEUTRAL,HEALTHY,ALLOW
2026-09-28T05:14:00Z,83309.99,83335.38,83251.25,83335.38,22.11451,83307.33666667,37.22142857,0.05,0.9,0,TREND_UP,NORMAL,ALIGNED,HEALTHY,ALLOW
2026-09-28T05:15:00Z,83335.38,83354.34,83335.37,83343.94,9.00776,83344.55,37.29285714,0.05,0.9,0,TREND_UP,NORMAL,ALIGNED,HEALTHY,ALLOW
2026-09-28T05:16:00Z,83343.94,83343.94,83208.84,83253.6,36.18745,83268.79333333,39.925,0.05,0.9,0,TREND_DOWN,NORMAL,NEUTRAL,HEALTHY,ALLOW
2026-09-28T05:17:00Z,83253.6,83262.98,83213.35,83252.01,14.84814,83242.78,39.59928571,0.05,0.9,0,TREND_DOWN,NORMAL,NEUTRAL,HEALTHY,ALLOW
2026-09-28T05:18:00Z,83252.01,83258.76,83206.0,83240.44,34.99643,83235.06666667,40.59714286,0.05,0.9,0,TREND_DOWN,NORMAL,NEUTRAL,HEALTHY,ALLOW
2026-09-28T05:19:00Z,83240.44,83258.8,83227.51,83245.99,9.67835,83244.1,39.02714286,0.05,0.9,0,TREND_UP,NORMAL,ALIGNED,HEALTHY,ALLOW
2026-09-28T05:20:00Z,83246.0,83268.32,83230.01,83242.01,10.29946,83246.78,39.93,0.05,0.9,0,TREND_DOWN,NORMAL,NEUTRAL,HEALTHY,ALLOW
2026-09-28T05:21:00Z,83242.0,83242.0,83228.61,83231.3,4.7085,83233.97,39.28785714,0.05,0.9,0,TREND_DOWN,NORMAL,NEUTRAL,HEALTHY,ALLOW
2026-09-28T05:22:00Z,83231.29,83239.56,83192.0,83192.01,27.5598,83207.85666667,41.44642857,0.05,0.9,0,TREND_DOWN,NORMAL,NEUTRAL,HEALTHY,ALLOW
2026-09-28T05:23:00Z,83192.0,83192.01,83050.0,83081.53,115.0598,83107.84666667,50.23071429,0.05,0.9,0,TREND_DOWN,NORMAL,NEUTRAL,HEALTHY,ALLOW
2026-09-28T05:24:00Z,83081.54,83108.44,83068.32,83068.32,8.25231,83081.69333333,52.66642857,0.05,0.9,0,TREND_DOWN,NORMAL,NEUTRAL,HEALTHY,ALLOW
2026-09-28T05:25:00Z,83068.33,83086.62,83030.0,83030.01,28.39804,83048.87666667,55.13857143,0.05,0.9,0,TREND_DOWN,NORMAL,NEUTRAL,HEALTHY,ALLOW
2026-09-28T05:26:00Z,83030.01,83077.01,83026.17,83077.0,17.48886,83060.06,57.22,0.05,0.9,0,TREND_UP,NORMAL,ALIGNED,HEALTHY,ALLOW
2026-09-28T05:27:00Z,83077.01,83117.42,83077.01,83107.08,9.47096,83100.50333333,57.22571429,0.05,0.9,0,TREND_UP,NORMAL,ALIGNED,HEALTHY,ALLOW
2026-09-28T05:28:00Z,83107.08,83132.0,83107.07,83114.81,9.33187,83117.96,52.99714286,0.05,0.9,0,TREND_UP,NORMAL,ALIGNED,HEALTHY,ALLOW
2026-09-28T05:29:00Z,83114.81,83116.24,83066.98,83066.98,18.23348,83083.4,55.16071429,0.05,0.9,0,TREND_DOWN,NORMAL,NEUTRAL,HEALTHY,ALLOW
2026-09-28T05:30:00Z,83066.98,83077.0,83034.45,83067.37,21.24489,83059.60666667,48.55,0.05,0.9,0,TREND_UP,NORMAL,ALIGNED,HEALTHY,ALLOW
2026-09-28T05:31:00Z,83067.37,83088.09,83041.16,83050.01,18.62278,83059.75333333,48.35714286,0.05,0.9,0,TREND_DOWN,NORMAL,NEUTRAL,HEALTHY,ALLOW
2026-09-28T05:32:00Z,83050.0,83050.01,83002.0,83004.96,17.21505,83018.99,48.01785714,0.05,0.9,0,TREND_DOWN,NORMAL,NEUTRAL,HEALTHY,ALLOW
2026-09-28T05:33:00Z,83004.96,83004.96,82953.04,82953.04,102.27876,82970.34666667,49.49142857,0.05,0.9,0,TREND_DOWN,NORMAL,NEUTRAL,HEALTHY,ALLOW
2026-09-28T05:34:00Z,82953.04,82953.05,82920.0,82920.01,31.75435,82931.02,49.11571429,0.05,0.9,0,TREND_DOWN,NORMAL,NEUTRAL,HEALTHY,ALLOW
2026-09-28T05:35:00Z,82920.01,82952.0,82920.0,82940.75,26.80515,82937.58333333,50.44428571,0.05,0.9,0,TREND_UP,NORMAL,ALIGNED,HEALTHY,ALLOW
2026-09-28T05:36:00Z,82940.75,82940.75,82901.0,82922.51,19.44375,82921.42,49.88642857,0.05,0.9,0,TREND_DOWN,NORMAL,NEUTRAL,HEALTHY,ALLOW
2026-09-28T05:37:00Z,82922.51,82930.0,82890.53,82920.98,30.45964,82913.83666667,42.56214286,0.05,0.9,0,TREND_DOWN,NORMAL,NEUTRAL,HEALTHY,ALLOW
2026-09-28T05:38:00Z,82920.97,82930.0,82705.02,82705.89,123.68532,82780.30333333,55.76642857,0.05,0.9,0,TREND_DOWN,NORMAL,NEUTRAL,HEALTHY,ALLOW
2026-09-28T05:39:00Z,82705.89,82815.45,82705.89,82772.48,78.26837,82764.60666667,59.54785714,0.05,0.9,0,TREND_UP,NORMAL,ALIGNED,HEALTHY,ALLOW
2026-09-28T05:40:00Z,82772.48,82883.76,82764.2,82883.76,32.29982,82843.90666667,64.45642857,0.05,0.9,0,TREND_UP,NORMAL,ALIGNED,HEALTHY,ALLOW
2026-09-28T05:41:00Z,82883.76,82972.0,82883.75,82972.0,24.93696,82942.58333333,67.87285714,0.05,0.9,0,TREND_UP,NORMAL,ALIGNED,HEALTHY,ALLOW
2026-09-28T05:42:00Z,82972.0,83067.8,82971.99,83067.8,23.99716,83035.86333333,72.93571429,0.05,0.9,0,TREND_UP,NORMAL,ALIGNED,HEALTHY,ALLOW
2026-09-28T05:43:00Z,83067.79,83100.0,83004.13,83099.99,17.71803,83068.04,76.265,0.05,0.9,0,TREND_UP,NORMAL,ALIGNED,HEALTHY,ALLOW
2026-09-28T05:44:00Z,83100.0,83150.01,83099.99,83140.66,14.78752,83130.22,76.79857143,0.05,0.9,0,TREND_UP,NORMAL,ALIGNED,HEALTHY,ALLOW
2026-09-28T05:45:00Z,83140.67,83182.99,83110.01,83117.75,30.30309,83136.91666667,78.65928571,0.05,0.9,0,TREND_DOWN,NORMAL,NEUTRAL,HEALTHY,ALLOW
2026-09-28T05:46:00Z,83117.74,83160.01,83066.02,83156.0,28.55718,83127.34333333,81.94357143,0.05,0.9,0,TREND_UP,NORMAL,ALIGNED,HEALTHY,ALLOW
2026-09-28T05:47:00Z,83156.01,83198.01,83156.0,83183.0,33.05521,83179.00333333,81.23571429,0.05,0.9,0,TREND_UP,NORMAL,ALIGNED,HEALTHY,ALLOW
2026-09-28T05:48:00Z,83183.0,83183.01,83126.72,83126.72,23.95119,83145.48333333,82.89571429,0.05,0.9,0,TREND_DOWN,NORMAL,NEUTRAL,HEALTHY,ALLOW
2026-09-28T05:49:00Z,83126.73,83151.29,83126.72,83141.29,16.74323,83139.76666667,82.365,0.05,0.9,0,TREND_UP,NORMAL,ALIGNED,HEALTHY,ALLOW
2026-09-28T05:50:00Z,83141.3,83141.3,83080.73,83080.74,12.56574,83100.92333333,83.85214286,0.05,0.9,0,TREND_DOWN,NORMAL,NEUTRAL,HEALTHY,ALLOW
2026-09-28T05:51:00Z,83080.74,83087.27,83052.0,83087.27,7.37574,83075.51333333,83.55214286,0.05,0.9,0,TREND_UP,NORMAL,ALIGNED,HEALTHY,ALLOW
2026-09-28T05:52:00Z,83087.26,83124.97,83074.08,83120.84,17.01811,83106.63,71.11714286,0.05,0.9,0,TREND_UP,NORMAL,ALIGNED,HEALTHY,ALLOW
2026-09-28T05:53:00Z,83120.85,83120.85,83060.75,83060.76,7.97345,83080.78666667,67.58428571,0.05,0.9,0,TREND_DOWN,NORMAL,NEUTRAL,HEALTHY,ALLOW
2026-09-28T05:54:00Z,83060.76,83131.01,83060.76,83131.01,8.33246,83107.59333333,64.06214286,0.05,0.9,0,TREND_UP,NORMAL,ALIGNED,HEALTHY,ALLOW
2026-09-28T05:55:00Z,83131.0,83131.0,83118.01,83129.02,6.19881,83126.01,58.68714286,0.05,0.9,0,TREND_DOWN,NORMAL,NEUTRAL,HEALTHY,ALLOW
2026-09-28T05:56:00Z,83129.02,83178.01,83129.02,83178.01,23.79583,83161.68,55.34285714,0.05,0.9,0,TREND_UP,NORMAL,ALIGNED,HEALTHY,ALLOW
2026-09-28T05:57:00Z,83178.01,83178.01,83172.0,83174.01,6.91351,83174.67333333,48.92428571,0.05,0.9,0,TREND_DOWN,NORMAL,NEUTRAL,HEALTHY,ALLOW
2026-09-28T05:58:00Z,83174.0,83195.22,83174.0,83195.18,9.82891,83188.13333333,46.86714286,0.05,0.9,0,TREND_UP,NORMAL,ALIGNED,HEALTHY,ALLOW
2026-09-28T05:59:00Z,83195.18,83195.18,83184.0,83184.01,6.31825,83187.73,42.45285714,0.05,0.9,0,TREND_DOWN,NORMAL,NEUTRAL,HEALTHY,ALLOW
2026-09-28T06:00:00Z,83184.0,83184.0,83140.92,83140.92,14.53722,83155.28,38.81714286,0.05,0.9,0,TREND_DOWN,NORMAL,NEUTRAL,HEALTHY,ALLOW
2026-09-28T06:01:00Z,83140.93,83150.56,83140.92,83150.56,5.82083,83147.34666667,36.505,0.05,0.9,0,TREND_UP,NORMAL,ALIGNED,HEALTHY,ALLOW
2026-09-28T06:02:00Z,83150.56,83150.56,83150.55,83150.56,6.59875,83150.55666667,32.485,0.05,0.9,0,TREND_UP,NORMAL,ALIGNED,HEALTHY,ALLOW
2026-09-28T06:03:00Z,83150.55,83194.04,83150.55,83161.05,32.31629,83168.54666667,33.83642857,0.05,0.9,0,TREND_UP,NORMAL,ALIGNED,HEALTHY,ALLOW
2026-09-28T06:04:00Z,83161.05,83188.03,83150.5,83150.5,8.8499,83163.01,32.19071429,0.05,0.9,0,TREND_DOWN,NORMAL,NEUTRAL,HEALTHY,ALLOW
2026-09-28T06:05:00Z,83150.51,83192.0,83150.5,83191.99,6.47531,83178.16333333,32.63571429,0.05,0.9,0,TREND_UP,NORMAL,ALIGNED,HEALTHY,ALLOW
2026-09-28T06:06:00Z,83192.0,83238.01,83191.99,83235.34,15.97574,83221.78,32.28785714,0.05,0.9,0,TREND_UP,NORMAL,ALIGNED,HEALTHY,ALLOW
2026-09-28T06:07:00Z,83235.33,83249.0,83194.0,83198.01,20.07523,83213.67,31.92357143,0.05,0.9,0,TREND_DOWN,NORMAL,NEUTRAL,HEALTHY,ALLOW
2026-09-28T06:08:00Z,83198.01,83218.01,83180.0,83208.64,11.48553,83202.21666667,29.62071429,0.05,0.9,0,TREND_UP,NORMAL,ALIGNED,HEALTHY,ALLOW
2026-09-28T06:09:00Z,83208.64,83240.02,83208.64,83240.02,8.5666,83229.56,30.93357143,0.05,0.9,0,TREND_UP,NORMAL,ALIGNED,HEALTHY,ALLOW
2026-09-28T06:10:00Z,83240.01,83240.03,83239.36,83239.37,9.20238,83239.58666667,27.48214286,0.05,0.9,0,TREND_DOWN,NORMAL,NEUTRAL,HEALTHY,ALLOW
2026-09-28T06:11:00Z,83239.36,83286.0,83239.36,83282.01,16.45303,83269.12333333,30.38428571,0.05,0.9,0,TREND_UP,NORMAL,ALIGNED,HEALTHY,ALLOW
2026-09-28T06:12:00Z,83282.01,83295.84,83276.0,83295.84,8.36482,83289.22666667,30.28571429,0.05,0.9,0,TREND_UP,NORMAL,ALIGNED,HEALTHY,ALLOW
2026-09-28T06:13:00Z,83295.84,83295.84,83262.72,83262.72,4.33222,83273.76,31.85285714,0.05,0.9,0,TREND_DOWN,NORMAL,NEUTRAL,HEALTHY,ALLOW
2026-09-28T06:14:00Z,83262.73,83266.01,83246.0,83247.35,7.20948,83253.12,30.20428571,0.05,0.9,0,TREND_DOWN,NORMAL,NEUTRAL,HEALTHY,ALLOW
2026-09-28T06:15:00Z,83247.34,83247.35,83202.8,83231.98,11.53196,83227.37666667,32.69785714,0.05,0.9,0,TREND_DOWN,NORMAL,NEUTRAL,HEALTHY,ALLOW
2026-09-28T06:16:00Z,83231.99,83254.01,83231.98,83248.0,5.39214,83244.66333333,34.27071429,0.05,0.9,0,TREND_UP,NORMAL,ALIGNED,HEALTHY,ALLOW
2026-09-28T06:17:00Z,83248.01,83248.01,83190.0,83208.0,35.70791,83215.33666667,35.30785714,0.05,0.9,0,TREND_DOWN,NORMAL,NEUTRAL,HEALTHY,ALLOW
2026-09-28T06:18:00Z,83208.0,83208.01,83197.77,83197.77,6.27252,83201.18333333,33.35857143,0.05,0.9,0,TREND_DOWN,NORMAL,NEUTRAL,HEALTHY,ALLOW
2026-09-28T06:19:00Z,83197.78,83197.78,83182.01,83186.0,2.96541,83188.59666667,31.52071429,0.05,0.9,0,TREND_DOWN,NORMAL,NEUTRAL,HEALTHY,ALLOW
2026-09-28T06:20:00Z,83186.0,83200.0,83129.11,83141.99,13.81192,83157.03333333,33.29714286,0.05,0.9,0,TREND_DOWN,NORMAL,NEUTRAL,HEALTHY,ALLOW
2026-09-28T06:21:00Z,83142.0,83172.01,83141.34,83172.01,7.2303,83161.78666667,31.55928571,0.05,0.9,0,TREND_UP,NORMAL,ALIGNED,HEALTHY,ALLOW
2026-09-28T06:22:00Z,83172.0,83178.0,83122.67,83122.68,7.42544,83141.11666667,32.79642857,0.05,0.9,0,TREND_DOWN,NORMAL,NEUTRAL,HEALTHY,ALLOW
2026-09-28T06:23:00Z,83122.68,83130.01,83104.01,83130.0,11.9939,83121.34,32.41214286,0.05,0.9,0,TREND_UP,NORMAL,ALIGNED,HEALTHY,ALLOW
2026-09-28T06:24:00Z,83130.01,83130.01,83095.73,83095.74,8.59338,83107.16,34.81285714,0.05,0.9,0,TREND_DOWN,NORMAL,NEUTRAL,HEALTHY,ALLOW
2026-09-28T06:25:00Z,83095.74,83102.01,83083.21,83096.0,7.72154,83093.74,32.82428571,0.05,0.9,0,TREND_UP,NORMAL,ALIGNED,HEALTHY,ALLOW
2026-09-28T06:26:00Z,83096.01,83122.01,83090.62,83122.0,7.98968,83111.54333333,33.64928571,0.05,0.9,0,TREND_UP,NORMAL,ALIGNED,HEALTHY,ALLOW
2026-09-28T06:27:00Z,83122.01,83122.01,83081.96,83081.97,11.3057,83095.31333333,34.14428571,0.05,0.9,0,TREND_DOWN,NORMAL,NEUTRAL,HEALTHY,ALLOW
2026-09-28T06:28:00Z,83081.97,83090.01,83081.96,83090.0,1.57008,83087.32333333,33.29,0.05,0.9,0,TREND_UP,NORMAL,ALIGNED,HEALTHY,ALLOW
2026-09-28T06:29:00Z,83090.0,83090.01,83057.75,83062.0,12.84021,83069.92,32.41214286,0.05,0.9,0,TREND_DOWN,NORMAL,NEUTRAL,HEALTHY,ALLOW
2026-09-28T06:30:00Z,83062.0,83079.56,83046.0,83079.55,6.9102,83068.37,33.23571429,0.05,0.9,0,TREND_UP,NORMAL,ALIGNED,HEALTHY,ALLOW
2026-09-28T06:31:00Z,83079.55,83128.01,83079.55,83128.01,5.51027,83111.85666667,32.55357143,0.05,0.9,0,TREND_UP,NORMAL,ALIGNED,HEALTHY,ALLOW
2026-09-28T06:32:00Z,83128.0,83170.01,83119.96,83155.22,9.30712,83148.39666667,35.39714286,0.05,0.9,0,TREND_UP,NORMAL,ALIGNED,HEALTHY,ALLOW
2026-09-28T06:33:00Z,83155.22,83155.23,83104.0,83121.76,13.04351,83126.99666667,37.93,0.05,0.9,0,TREND_DOWN,NORMAL,NEUTRAL,HEALTHY,ALLOW
2026-09-28T06:34:00Z,83121.77,83146.01,83104.19,83142.67,13.30536,83130.95666667,35.85357143,0.05,0.9,0,TREND_UP,NORMAL,ALIGNED,HEALTHY,ALLOW
2026-09-28T06:35:00Z,83142.67,83151.79,83125.86,83151.78,5.1946,83143.14333333,35.515,0.05,0.9,0,TREND_UP,NORMAL,ALIGNED,HEALTHY,ALLOW
2026-09-28T06:36:00Z,83151.78,83158.01,83122.0,83122.0,6.65643,83134.00333333,34.135,0.05,0.9,0,TREND_DOWN,NORMAL,NEUTRAL,HEALTHY,ALLOW
2026-09-28T06:37:00Z,83122.01,83122.01,83104.0,83104.01,5.79605,83110.00666667,33.56428571,0.05,0.9,0,TREND_DOWN,NORMAL,NEUTRAL,HEALTHY,ALLOW
2026-09-28T06:38:00Z,83104.01,83120.37,83102.61,83102.62,9.65923,83108.53333333,32.38428571,0.05,0.9,0,TREND_DOWN,NORMAL,NEUTRAL,HEALTHY,ALLOW
2026-09-28T06:39:00Z,83102.62,83109.09,83102.61,83109.08,2.66665,83106.92666667,31.50428571,0.05,0.9,0,TREND_UP,NORMAL,ALIGNED,HEALTHY,ALLOW
2026-09-28T06:40:00Z,83109.09,83142.93,83109.08,83122.16,9.33221,83124.72333333,31.68,0.05,0.9,0,TREND_UP,NORMAL,ALIGNED,HEALTHY,ALLOW
2026-09-28T06:41:00Z,83122.16,83188.88,83122.16,83164.01,10.50121,83158.35,33.585,0.05,0.9,0,TREND_UP,NORMAL,ALIGNED,HEALTHY,ALLOW
2026-09-28T06:42:00Z,83164.0,83210.0,83164.0,83208.66,5.32223,83194.22,36.29571429,0.05,0.9,0,TREND_UP,NORMAL,ALIGNED,HEALTHY,ALLOW
2026-09-28T06:43:00Z,83208.67,83218.01,83208.67,83218.0,7.88968,83214.89333333,34.65928571,0.05,0.9,0,TREND_UP,NORMAL,ALIGNED,HEALTHY,ALLOW
2026-09-28T06:44:00Z,83218.0,83218.01,83186.94,83186.95,6.60248,83197.3,34.48142857,0.05,0.9,0,TREND_DOWN,NORMAL,NEUTRAL,HEALTHY,ALLOW
2026-09-28T06:45:00Z,83186.94,83218.01,83175.7,83218.0,7.28395,83203.90333333,34.04214286,0.05,0.9,0,TREND_UP,NORMAL,ALIGNED,HEALTHY,ALLOW
2026-09-28T06:46:00Z,83218.01,83233.28,83200.0,83200.0,16.29238,83211.09333333,32.84428571,0.05,0.9,0,TREND_DOWN,NORMAL,NEUTRAL,HEALTHY,ALLOW
2026-09-28T06:47:00Z,83200.0,83200.01,83163.19,83182.76,16.00751,83181.98666667,31.815,0.05,0.9,0,TREND_DOWN,NORMAL,NEUTRAL,HEALTHY,ALLOW
2026-09-28T06:48:00Z,83182.76,83186.0,83170.0,83178.38,19.17146,83178.12666667,29.97071429,0.05,0.9,0,TREND_DOWN,NORMAL,NEUTRAL,HEALTHY,ALLOW
2026-09-28T06:49:00Z,83178.37,83181.15,83170.01,83181.14,15.66393,83177.43333333,28.91428571,0.05,0.9,0,TREND_UP,NORMAL,ALIGNED,HEALTHY,ALLOW
2026-09-28T06:50:00Z,83181.15,83181.15,83153.72,83157.89,30.32453,83164.25333333,28.30142857,0.05,0.9,0,TREND_DOWN,NORMAL,NEUTRAL,HEALTHY,ALLOW
2026-09-28T06:51:00Z,83157.88,83158.49,83122.16,83137.3,22.93699,83139.31666667,29.61,0.05,0.9,0,TREND_DOWN,NORMAL,NEUTRAL,HEALTHY,ALLOW
2026-09-28T06:52:00Z,83137.3,83154.01,83122.17,83148.67,19.84998,83141.61666667,30.61571429,0.05,0.9,0,TREND_UP,NORMAL,ALIGNED,HEALTHY,ALLOW
2026-09-28T06:53:00Z,83148.68,83194.01,83148.67,83194.01,7.50105,83178.89666667,33.39142857,0.05,0.9,0,TREND_UP,NORMAL,ALIGNED,HEALTHY,ALLOW
2026-09-28T06:54:00Z,83194.01,83194.01,83131.61,83131.62,6.87178,83152.41333333,35.43071429,0.05,0.9,0,TREND_DOWN,NORMAL,NEUTRAL,HEALTHY,ALLOW
2026-09-28T06:55:00Z,83131.62,83146.0,83128.57,83128.57,5.5152,83134.38,31.91,0.05,0.9,0,TREND_DOWN,NORMAL,NEUTRAL,HEALTHY,ALLOW
2026-09-28T06:56:00Z,83128.57,83135.08,83127.3,83128.64,4.83984,83130.34,29.18,0.05,0.9,0,TREND_UP,NORMAL,ALIGNED,HEALTHY,ALLOW
2026-09-28T06:57:00Z,83128.64,83135.0,83122.16,83134.99,6.59618,83130.71666667,29.42928571,0.05,0.9,0,TREND_UP,NORMAL,ALIGNED,HEALTHY,ALLOW
2026-09-28T06:58:00Z,83135.0,83146.0,83134.99,83146.0,4.14683,83142.33,27.99642857,0.05,0.9,0,TREND_UP,NORMAL,ALIGNED,HEALTHY,ALLOW
2026-09-28T06:59:00Z,83146.0,83164.78,83145.99,83164.78,5.00653,83158.51666667,26.31642857,0.05,0.9,0,TREND_UP,NORMAL,ALIGNED,HEALTHY,ALLOW
2026-09-28T07:00:00Z,83164.78,83210.01,83164.78,83208.0,7.9463,83194.26333333,27.17,0.05,0.9,0,TREND_UP,NORMAL,ALIGNED,HEALTHY,ALLOW
2026-09-28T07:01:00Z,83208.01,83242.01,83194.0,83242.0,11.41378,83226.00333333,27.96928571,0.05,0.9,0,TREND_UP,NORMAL,ALIGNED,HEALTHY,ALLOW
2026-09-28T07:02:00Z,83242.01,83268.57,83242.0,83268.56,11.02553,83259.71,28.72428571,0.05,0.9,0,TREND_UP,NORMAL,ALIGNED,HEALTHY,ALLOW
2026-09-28T07:03:00Z,83268.56,83291.66,83232.96,83240.01,16.28151,83254.87666667,32.12142857,0.05,0.9,0,TREND_DOWN,NORMAL,NEUTRAL,HEALTHY,ALLOW
2026-09-28T07:04:00Z,83240.0,83269.85,83210.01,83265.78,14.81612,83248.54666667,34.43642857,0.05,0.9,0,TREND_UP,NORMAL,ALIGNED,HEALTHY,ALLOW
2026-09-28T07:05:00Z,83265.78,83265.78,83171.36,83171.36,17.76453,83202.83333333,38.58571429,0.05,0.9,0,TREND_DOWN,NORMAL,NEUTRAL,HEALTHY,ALLOW
2026-09-28T07:06:00Z,83171.37,83174.01,83159.12,83159.12,8.51984,83164.08333333,37.375,0.05,0.9,0,TREND_DOWN,NORMAL,NEUTRAL,HEALTHY,ALLOW
2026-09-28T07:07:00Z,83159.13,83166.91,83126.47,83126.47,12.20234,83139.95,37.025,0.05,0.9,0,TREND_DOWN,NORMAL,NEUTRAL,HEALTHY,ALLOW
2026-09-28T07:08:00Z,83126.48,83126.48,83118.31,83119.65,8.02173,83121.48,33.15142857,0.05,0.9,0,TREND_DOWN,NORMAL,NEUTRAL,HEALTHY,ALLOW
2026-09-28T07:09:00Z,83119.66,83138.01,83119.65,83138.01,4.2466,83131.89,33.21785714,0.05,0.9,0,TREND_UP,NORMAL,ALIGNED,HEALTHY,ALLOW
2026-09-28T07:10:00Z,83138.01,83164.01,83122.0,83122.0,7.24707,83136.00333333,35.66285714,0.05,0.9,0,TREND_DOWN,NORMAL,NEUTRAL,HEALTHY,ALLOW
2026-09-28T07:11:00Z,83122.01,83122.01,83122.0,83122.0,1.89964,83122.00333333,34.74642857,0.05,0.9,0,TREND_DOWN,NORMAL,NEUTRAL,HEALTHY,ALLOW
2026-09-28T07:12:00Z,83122.01,83122.01,83110.16,83110.16,4.25753,83114.11,34.80642857,0.05,0.9,0,TREND_DOWN,NORMAL,NEUTRAL,HEALTHY,ALLOW
2026-09-28T07:13:00Z,83110.17,83114.25,83100.0,83100.01,12.44449,83104.75333333,34.48214286,0.05,0.9,0,TREND_DOWN,NORMAL,NEUTRAL,HEALTHY,ALLOW
2026-09-28T07:14:00Z,83100.0,83100.01,83058.59,83086.0,49.84801,83081.53333333,34.21,0.05,0.9,0,TREND_DOWN,NORMAL,NEUTRAL,HEALTHY,ALLOW
2026-09-28T07:15:00Z,83086.01,83106.01,83076.01,83106.01,41.38048,83096.01,32.92357143,0.05,0.9,0,TREND_UP,NORMAL,ALIGNED,HEALTHY,ALLOW
2026-09-28T07:16:00Z,83106.01,83144.01,83106.0,83134.86,9.64375,83128.29,33.74071429,0.05,0.9,0,TREND_UP,NORMAL,ALIGNED,HEALTHY,ALLOW
2026-09-28T07:17:00Z,83134.86,83150.01,83125.39,83125.39,9.93243,83133.59666667,31.30642857,0.05,0.9,0,TREND_DOWN,NORMAL,NEUTRAL,HEALTHY,ALLOW
2026-09-28T07:18:00Z,83125.4,83137.36,83121.32,83133.15,7.1093,83130.61,28.17785714,0.05,0.9,0,TREND_UP,NORMAL,ALIGNED,HEALTHY,ALLOW
2026-09-28T07:19:00Z,83133.15,83158.01,83133.15,83147.85,5.96763,83146.33666667,23.20928571,0.05,0.9,0,TREND_UP,NORMAL,ALIGNED,HEALTHY,ALLOW
2026-09-28T07:20:00Z,83147.86,83156.01,83134.0,83156.01,5.22049,83148.67333333,23.71785714,0.05,0.9,0,TREND_UP,NORMAL,ALIGNED,HEALTHY,ALLOW
2026-09-28T07:21:00Z,83156.0,83156.01,83123.85,83134.0,6.06958,83137.95333333,23.12642857,0.05,0.9,0,TREND_DOWN,NORMAL,NEUTRAL,HEALTHY,ALLOW
2026-09-28T07:22:00Z,83134.01,83134.01,83080.6,83080.61,13.91965,83098.40666667,26.35785714,0.05,0.9,0,TREND_DOWN,NORMAL,NEUTRAL,HEALTHY,ALLOW
2026-09-28T07:23:00Z,83080.6,83080.61,83018.0,83018.01,14.2729,83038.87333333,29.51857143,0.05,0.9,0,TREND_DOWN,NORMAL,NEUTRAL,HEALTHY,ALLOW
2026-09-28T07:24:00Z,83018.0,83018.01,82976.0,82976.01,29.38506,82990.00666667,29.51857143,0.05,0.9,0,TREND_DOWN,NORMAL,NEUTRAL,HEALTHY,ALLOW
2026-09-28T07:25:00Z,82976.01,83048.15,82975.0,83016.01,8.11844,83013.05333333,34.74285714,0.05,0.9,0,TREND_UP,NORMAL,ALIGNED,HEALTHY,ALLOW
2026-09-28T07:26:00Z,83016.0,83016.01,82980.02,82980.03,11.05991,82992.02,36.46714286,0.05,0.9,0,TREND_DOWN,NORMAL,NEUTRAL,HEALTHY,ALLOW
2026-09-28T07:27:00Z,82980.03,82996.01,82938.98,82945.68,47.86644,82960.22333333,39.52285714,0.05,0.9,0,TREND_DOWN,NORMAL,NEUTRAL,HEALTHY,ALLOW
2026-09-28T07:28:00Z,82945.67,82950.0,82938.99,82946.0,24.48326,82944.99666667,37.35071429,0.05,0.9,0,TREND_UP,NORMAL,ALIGNED,HEALTHY,ALLOW
2026-09-28T07:29:00Z,82946.01,82958.01,82940.02,82942.01,29.57261,82946.68,36.49285714,0.05,0.9,0,TREND_DOWN,NORMAL,NEUTRAL,HEALTHY,ALLOW
2026-09-28T07:30:00Z,82942.01,82988.01,82942.0,82988.01,27.45933,82972.67333333,37.06428571,0.05,0.9,0,TREND_UP,NORMAL,ALIGNED,HEALTHY,ALLOW
2026-09-28T07:31:00Z,82988.0,82999.99,82970.0,82976.01,27.42136,82982.0,37.44785714,0.05,0.9,0,TREND_DOWN,NORMAL,NEUTRAL,HEALTHY,ALLOW
2026-09-28T07:32:00Z,82976.01,83004.68,82954.16,82954.16,38.63033,82971.0,39.91071429,0.05,0.9,0,TREND_DOWN,NORMAL,NEUTRAL,HEALTHY,ALLOW
2026-09-28T07:33:00Z,82954.17,82960.0,82950.92,82960.0,27.68738,82956.97333333,38.78357143,0.05,0.9,0,TREND_UP,NORMAL,ALIGNED,HEALTHY,ALLOW
2026-09-28T07:34:00Z,82960.0,82999.48,82930.79,82999.48,33.12629,82976.58333333,42.11785714,0.05,0.9,0,TREND_UP,NORMAL,ALIGNED,HEALTHY,ALLOW
2026-09-28T07:35:00Z,82999.48,83049.77,82999.47,83029.37,27.27427,83026.20333333,43.41357143,0.05,0.9,0,TREND_UP,NORMAL,ALIGNED,HEALTHY,ALLOW
2026-09-28T07:36:00Z,83029.37,83057.85,83026.48,83034.74,21.8048,83039.69,41.83928571,0.05,0.9,0,TREND_UP,NORMAL,ALIGNED,HEALTHY,ALLOW
2026-09-28T07:37:00Z,83034.75,83045.7,83002.0,83037.98,27.8325,83028.56,40.48857143,0.05,0.9,0,TREND_UP,NORMAL,ALIGNED,HEALTHY,ALLOW
2026-09-28T07:38:00Z,83037.99,83037.99,82954.0,82956.48,24.61569,82982.82333333,43.48714286,0.05,0.9,0,TREND_DOWN,NORMAL,NEUTRAL,HEALTHY,ALLOW
2026-09-28T07:39:00Z,82956.49,82964.15,82924.0,82924.01,23.54926,82937.38666667,41.13,0.05,0.9,0,TREND_DOWN,NORMAL,NEUTRAL,HEALTHY,ALLOW
2026-09-28T07:40:00Z,82924.01,82994.23,82922.01,82982.02,24.21986,82966.08666667,43.71785714,0.05,0.9,0,TREND_UP,NORMAL,ALIGNED,HEALTHY,ALLOW
2026-09-28T07:41:00Z,82982.02,83000.0,82974.01,82978.01,21.18593,82984.00666667,41.50071429,0.05,0.9,0,TREND_DOWN,NORMAL,NEUTRAL,HEALTHY,ALLOW
2026-09-28T07:42:00Z,82978.01,82978.01,82952.5,82952.5,17.9175,82961.00333333,42.53642857,0.05,0.9,0,TREND_DOWN,NORMAL,NEUTRAL,HEALTHY,ALLOW
2026-09-28T07:43:00Z,82952.51,82959.14,82940.0,82944.0,22.6152,82947.71333333,42.61857143,0.05,0.9,0,TREND_DOWN,NORMAL,NEUTRAL,HEALTHY,ALLOW
2026-09-28T07:44:00Z,82944.01,82944.71,82920.0,82944.71,21.06431,82936.47333333,41.09714286,0.05,0.9,0,TREND_UP,NORMAL,ALIGNED,HEALTHY,ALLOW
2026-09-28T07:45:00Z,82944.71,82961.38,82934.0,82944.01,18.72949,82946.46333333,40.91071429,0.05,0.9,0,TREND_DOWN,NORMAL,NEUTRAL,HEALTHY,ALLOW
2026-09-28T07:46:00Z,82944.01,82972.01,82944.0,82955.47,14.27295,82957.16,39.30285714,0.05,0.9,0,TREND_UP,NORMAL,ALIGNED,HEALTHY,ALLOW
2026-09-28T07:47:00Z,82955.48,82969.2,82955.47,82969.2,13.32792,82964.62333333,39.635,0.05,0.9,0,TREND_UP,NORMAL,ALIGNED,HEALTHY,ALLOW
2026-09-28T07:48:00Z,82969.19,83038.97,82969.19,83022.01,25.81901,83010.05666667,39.71285714,0.05,0.9,0,TREND_UP,NORMAL,ALIGNED,HEALTHY,ALLOW
2026-09-28T07:49:00Z,83022.01,83022.01,82968.0,82981.69,20.02044,82990.56666667,39.97785714,0.05,0.9,0,TREND_DOWN,NORMAL,NEUTRAL,HEALTHY,ALLOW
2026-09-28T07:50:00Z,82981.69,83018.15,82970.0,83018.14,25.15834,83002.09666667,41.17642857,0.05,0.9,0,TREND_UP,NORMAL,ALIGNED,HEALTHY,ALLOW
2026-09-28T07:51:00Z,83018.15,83046.18,83018.15,83046.0,16.59066,83036.77666667,40.05785714,0.05,0.9,0,TREND_UP,NORMAL,ALIGNED,HEALTHY,ALLOW
2026-09-28T07:52:00Z,83046.0,83046.01,83016.0,83016.0,14.9614,83026.00333333,36.20214286,0.05,0.9,0,TREND_DOWN,NORMAL,NEUTRAL,HEALTHY,ALLOW
2026-09-28T07:53:00Z,83016.0,83021.4,82986.32,83010.37,19.29927,83006.03,35.84,0.05,0.9,0,TREND_DOWN,NORMAL,NEUTRAL,HEALTHY,ALLOW
2026-09-28T07:54:00Z,83010.37,83054.13,83010.37,83054.13,16.45833,83039.54333333,33.80714286,0.05,0.9,0,TREND_UP,NORMAL,ALIGNED,HEALTHY,ALLOW
2026-09-28T07:55:00Z,83054.13,83127.34,83054.12,83127.34,21.62926,83102.93333333,37.18071429,0.05,0.9,0,TREND_UP,NORMAL,ALIGNED,HEALTHY,ALLOW
2026-09-28T07:56:00Z,83127.34,83130.01,83082.0,83082.01,20.22801,83098.00666667,38.78785714,0.05,0.9,0,TREND_DOWN,NORMAL,NEUTRAL,HEALTHY,ALLOW
2026-09-28T07:57:00Z,83082.01,83082.01,82976.0,82976.0,19.45745,83011.33666667,44.99285714,0.05,0.9,0,TREND_DOWN,NORMAL,NEUTRAL,HEALTHY,ALLOW
2026-09-28T07:58:00Z,82976.0,82999.36,82950.0,82986.12,29.69396,82978.49333333,46.75357143,0.05,0.9,0,TREND_UP,NORMAL,ALIGNED,HEALTHY,ALLOW
2026-09-28T07:59:00Z,82986.12,83014.0,82966.0,82966.01,20.54371,82982.00333333,48.22642857,0.05,0.9,0,TREND_DOWN,NORMAL,NEUTRAL,HEALTHY,ALLOW
2026-09-28T08:00:00Z,82966.0,83034.76,82924.01,83034.75,24.54528,82997.84,54.13642857,0.05,0.9,0,TREND_UP,NORMAL,ALIGNED,HEALTHY,ALLOW
2026-09-28T08:01:00Z,83034.76,83093.88,83034.75,83093.88,20.1387,83074.17,57.37928571,0.05,0.9,0,TREND_UP,NORMAL,ALIGNED,HEALTHY,ALLOW
2026-09-28T08:02:00Z,83093.88,83147.2,83087.04,83145.75,16.37915,83126.66333333,56.69214286,0.05,0.9,0,TREND_UP,NORMAL,ALIGNED,HEALTHY,ALLOW
2026-09-28T08:03:00Z,83145.74,83160.33,83078.0,83078.0,13.36272,83105.44333333,58.715,0.05,0.9,0,TREND_DOWN,NORMAL,NEUTRAL,HEALTHY,ALLOW
2026-09-28T08:04:00Z,83078.01,83126.33,83060.0,83098.32,29.2977,83094.88333333,60.01357143,0.05,0.9,0,TREND_UP,NORMAL,ALIGNED,HEALTHY,ALLOW
2026-09-28T08:05:00Z,83098.31,83098.32,83048.87,83048.88,41.42476,83065.35666667,61.54285714,0.05,0.9,0,TREND_DOWN,NORMAL,NEUTRAL,HEALTHY,ALLOW
2026-09-28T08:06:00Z,83048.88,83057.16,83002.0,83002.01,51.82869,83020.39,63.33928571,0.05,0.9,0,TREND_DOWN,NORMAL,NEUTRAL,HEALTHY,ALLOW
2026-09-28T08:07:00Z,83002.01,83034.5,82960.0,82960.25,53.93354,82984.91666667,66.155,0.05,0.9,0,TREND_DOWN,NORMAL,NEUTRAL,HEALTHY,ALLOW
2026-09-28T08:08:00Z,82960.25,83046.38,82960.25,83016.01,46.46682,83007.54666667,69.18142857,0.05,0.9,0,TREND_UP,NORMAL,ALIGNED,HEALTHY,ALLOW
2026-09-28T08:09:00Z,83016.01,83038.41,82991.72,83003.76,47.1079,83011.29666667,67.28642857,0.05,0.9,0,TREND_DOWN,NORMAL,NEUTRAL,HEALTHY,ALLOW
2026-09-28T08:10:00Z,83003.76,83006.01,82955.91,82995.65,44.25537,82985.85666667,67.43571429,0.05,0.9,0,TREND_DOWN,NORMAL,NEUTRAL,HEALTHY,ALLOW
2026-09-28T08:11:00Z,82995.65,83019.92,82986.0,82996.0,46.70446,83000.64,62.28642857,0.05,0.9,0,TREND_UP,NORMAL,ALIGNED,HEALTHY,ALLOW
2026-09-28T08:12:00Z,82996.0,82999.22,82962.01,82989.11,54.38239,82983.44666667,61.41857143,0.05,0.9,0,TREND_DOWN,NORMAL,NEUTRAL,HEALTHY,ALLOW
2026-09-28T08:13:00Z,82989.11,83023.28,82960.0,83010.0,49.85808,82997.76,62.51,0.05,0.9,0,TREND_UP,NORMAL,ALIGNED,HEALTHY,ALLOW
2026-09-28T08:14:00Z,83010.0,83067.16,82998.42,83040.06,48.55874,83035.21333333,59.50928571,0.05,0.9,0,TREND_UP,NORMAL,ALIGNED,HEALTHY,ALLOW
2026-09-28T08:15:00Z,83040.06,83061.84,83014.0,83041.94,52.84719,83039.26,58.70285714,0.05,0.9,0,TREND_UP,NORMAL,ALIGNED,HEALTHY,ALLOW
2026-09-28T08:16:00Z,83041.94,83069.72,83000.49,83069.71,53.54214,83046.64,59.35071429,0.05,0.9,0,TREND_UP,NORMAL,ALIGNED,HEALTHY,ALLOW
2026-09-28T08:17:00Z,83069.71,83069.71,83004.0,83009.13,49.36237,83027.61333333,58.16357143,0.05,0.9,0,TREND_DOWN,NORMAL,NEUTRAL,HEALTHY,ALLOW
2026-09-28T08:18:00Z,83009.12,83045.39,82956.0,82957.99,50.30163,82986.46,59.81071429,0.05,0.9,0,TREND_DOWN,NORMAL,NEUTRAL,HEALTHY,ALLOW
2026-09-28T08:19:00Z,82957.99,82961.53,82940.23,82957.77,62.66285,82953.17666667,57.8,0.05,0.9,0,TREND_DOWN,NORMAL,NEUTRAL,HEALTHY,ALLOW
2026-09-28T08:20:00Z,82957.77,82957.77,82914.29,82922.08,53.29257,82931.38,56.96571429,0.05,0.9,0,TREND_DOWN,NORMAL,NEUTRAL,HEALTHY,ALLOW
2026-09-28T08:21:00Z,82922.07,82936.94,82900.0,82926.44,56.08062,82921.12666667,54.28285714,0.05,0.9,0,TREND_UP,NORMAL,ALIGNED,HEALTHY,ALLOW
2026-09-28T08:22:00Z,82926.45,82927.27,82904.25,82908.02,44.35223,82913.18,49.775,0.05,0.9,0,TREND_DOWN,NORMAL,NEUTRAL,HEALTHY,ALLOW
2026-09-28T08:23:00Z,82908.02,82912.96,82888.88,82910.83,54.50477,82904.22333333,48.16,0.05,0.9,0,TREND_UP,NORMAL,ALIGNED,HEALTHY,ALLOW
2026-09-28T08:24:00Z,82910.83,82910.84,82824.12,82834.53,66.57583,82856.49666667,50.77571429,0.05,0.9,0,TREND_DOWN,NORMAL,NEUTRAL,HEALTHY,ALLOW
2026-09-28T08:25:00Z,82834.52,82868.74,82829.85,82829.85,36.89219,82842.81333333,51.13071429,0.05,0.9,0,TREND_DOWN,NORMAL,NEUTRAL,HEALTHY,ALLOW
2026-09-28T08:26:00Z,82829.86,82931.0,82829.85,82931.0,31.47642,82897.28333333,55.69785714,0.05,0.9,0,TREND_UP,NORMAL,ALIGNED,HEALTHY,ALLOW
2026-09-28T08:27:00Z,82931.0,82943.99,82862.59,82862.6,15.35879,82889.72666667,56.99214286,0.05,0.9,0,TREND_DOWN,NORMAL,NEUTRAL,HEALTHY,ALLOW
2026-09-28T08:28:00Z,82862.59,82884.12,82862.59,82865.7,25.96838,82870.80333333,53.62,0.05,0.9,0,TREND_UP,NORMAL,ALIGNED,HEALTHY,ALLOW
2026-09-28T08:29:00Z,82865.71,82865.71,82834.96,82844.01,21.08093,82848.22666667,52.39928571,0.05,0.9,0,TREND_DOWN,NORMAL,NEUTRAL,HEALTHY,ALLOW
2026-09-28T08:30:00Z,82844.01,82888.01,82844.01,82866.01,33.37371,82866.01,50.59714286,0.05,0.9,0,TREND_UP,NORMAL,ALIGNED,HEALTHY,ALLOW
2026-09-28T08:31:00Z,82866.01,82888.0,82866.0,82887.99,15.99772,82880.66333333,47.475,0.05,0.9,0,TREND_UP,NORMAL,ALIGNED,HEALTHY,ALLOW
2026-09-28T08:32:00Z,82887.98,82920.01,82887.98,82920.0,22.5095,82909.33,43.37785714,0.05,0.9,0,TREND_UP,NORMAL,ALIGNED,HEALTHY,ALLOW
2026-09-28T08:33:00Z,82919.99,82947.64,82919.99,82947.63,31.17972,82938.42,43.83142857,0.05,0.9,0,TREND_UP,NORMAL,ALIGNED,HEALTHY,ALLOW
2026-09-28T08:34:00Z,82947.62,82972.01,82930.44,82952.0,29.23704,82951.48333333,43.695,0.05,0.9,0,TREND_UP,NORMAL,ALIGNED,HEALTHY,ALLOW
2026-09-28T08:35:00Z,82952.01,82972.01,82947.15,82947.16,7.04765,82955.44,42.83214286,0.05,0.9,0,TREND_DOWN,NORMAL,NEUTRAL,HEALTHY,ALLOW
2026-09-28T08:36:00Z,82947.16,82947.16,82896.0,82920.01,15.02,82921.05666667,44.84214286,0.05,0.9,0,TREND_DOWN,NORMAL,NEUTRAL,HEALTHY,ALLOW
2026-09-28T08:37:00Z,82920.0,82933.12,82850.01,82850.01,12.44419,82877.71333333,49.05857143,0.05,0.9,0,TREND_DOWN,NORMAL,NEUTRAL,HEALTHY,ALLOW
2026-09-28T08:38:00Z,82850.01,82882.0,82784.0,82881.99,37.17797,82849.33,49.86428571,0.05,0.9,0,TREND_UP,NORMAL,ALIGNED,HEALTHY,ALLOW
2026-09-28T08:39:00Z,82882.0,82882.0,82834.0,82878.0,15.71367,82864.66666667,50.515,0.05,0.9,0,TREND_DOWN,NORMAL,NEUTRAL,HEALTHY,ALLOW
2026-09-28T08:40:00Z,82878.01,82910.9,82862.09,82878.38,40.56299,82883.79,46.77642857,0.05,0.9,0,TREND_UP,NORMAL,ALIGNED,HEALTHY,ALLOW
2026-09-28T08:41:00Z,82878.38,82882.41,82850.0,82882.4,9.91274,82871.60333333,43.27714286,0.05,0.9,0,TREND_UP,NORMAL,ALIGNED,HEALTHY,ALLOW
2026-09-28T08:42:00Z,82882.41,82890.01,82856.0,82889.99,16.18799,82878.66666667,44.16857143,0.05,0.9,0,TREND_UP,NORMAL,ALIGNED,HEALTHY,ALLOW
2026-09-28T08:43:00Z,82889.99,82905.72,82882.42,82886.41,7.56635,82891.51666667,43.63642857,0.05,0.9,0,TREND_DOWN,NORMAL,NEUTRAL,HEALTHY,ALLOW
2026-09-28T08:44:00Z,82886.42,82922.0,82886.41,82922.0,12.07897,82910.13666667,43.03571429,0.05,0.9,0,TREND_UP,NORMAL,ALIGNED,HEALTHY,ALLOW
2026-09-28T08:45:00Z,82922.0,82929.99,82910.0,82910.0,5.69729,82916.66333333,42.89214286,0.05,0.9,0,TREND_DOWN,NORMAL,NEUTRAL,HEALTHY,ALLOW
2026-09-28T08:46:00Z,82910.01,82962.0,82910.0,82962.0,16.91969,82944.66666667,44.31857143,0.05,0.9,0,TREND_UP,NORMAL,ALIGNED,HEALTHY,ALLOW
2026-09-28T08:47:00Z,82961.99,82987.65,82961.99,82983.65,27.73879,82977.76333333,44.17642857,0.05,0.9,0,TREND_UP,NORMAL,ALIGNED,HEALTHY,ALLOW
2026-09-28T08:48:00Z,82983.65,82983.66,82960.62,82960.83,41.05552,82968.37,42.85285714,0.05,0.9,0,TREND_DOWN,NORMAL,NEUTRAL,HEALTHY,ALLOW
2026-09-28T08:49:00Z,82960.83,82960.84,82917.58,82917.58,47.44507,82932.0,44.16714286,0.05,0.9,0,TREND_DOWN,NORMAL,NEUTRAL,HEALTHY,ALLOW
2026-09-28T08:50:00Z,82917.58,82929.67,82913.62,82925.98,43.0291,82923.09,41.65928571,0.05,0.9,0,TREND_UP,NORMAL,ALIGNED,HEALTHY,ALLOW
2026-09-28T08:51:00Z,82925.99,82962.01,82925.98,82962.0,49.58559,82949.99666667,38.29642857,0.05,0.9,0,TREND_UP,NORMAL,ALIGNED,HEALTHY,ALLOW
2026-09-28T08:52:00Z,82962.01,82970.91,82924.0,82970.91,20.48592,82955.27333333,34.64714286,0.05,0.9,0,TREND_UP,NORMAL,ALIGNED,HEALTHY,ALLOW
2026-09-28T08:53:00Z,82970.9,83000.0,82970.9,83000.0,23.05406,82990.3,33.29714286,0.05,0.9,0,TREND_UP,NORMAL,ALIGNED,HEALTHY,ALLOW
2026-09-28T08:54:00Z,82999.99,83030.01,82990.0,82990.0,38.10259,83003.33666667,32.66857143,0.05,0.9,0,TREND_DOWN,NORMAL,NEUTRAL,HEALTHY,ALLOW
2026-09-28T08:55:00Z,82990.0,82998.01,82965.29,82980.65,44.01946,82981.31666667,32.69071429,0.05,0.9,0,TREND_DOWN,NORMAL,NEUTRAL,HEALTHY,ALLOW
2026-09-28T08:56:00Z,82980.66,82986.01,82976.0,82984.67,31.46471,82982.22666667,30.97642857,0.05,0.9,0,TREND_UP,NORMAL,ALIGNED,HEALTHY,ALLOW
2026-09-28T08:57:00Z,82984.68,82991.49,82984.0,82991.48,12.55095,82988.99,29.84714286,0.05,0.9,0,TREND_UP,NORMAL,ALIGNED,HEALTHY,ALLOW
2026-09-28T08:58:00Z,82991.48,83000.0,82956.05,82957.02,17.11305,82971.02333333,30.44428571,0.05,0.9,0,TREND_DOWN,NORMAL,NEUTRAL,HEALTHY,ALLOW
2026-09-28T08:59:00Z,82957.03,82962.01,82957.02,82962.0,7.701,82960.34333333,29.37285714,0.05,0.9,0,TREND_UP,NORMAL,ALIGNED,HEALTHY,ALLOW
2026-09-28T09:00:00Z,82962.01,83003.67,82952.01,83000.03,29.31237,82985.23666667,29.34857143,0.05,0.9,0,TREND_UP,NORMAL,ALIGNED,HEALTHY,ALLOW
2026-09-28T09:01:00Z,83000.03,83000.03,82937.78,82937.78,18.17195,82958.53,31.96214286,0.05,0.9,0,TREND_DOWN,NORMAL,NEUTRAL,HEALTHY,ALLOW
2026-09-28T09:02:00Z,82937.79,82937.79,82795.81,82795.82,24.22971,82843.14,40.45785714,0.05,0.9,0,TREND_DOWN,NORMAL,NEUTRAL,HEALTHY,ALLOW
2026-09-28T09:03:00Z,82795.81,82804.0,82741.92,82760.78,50.1179,82768.9,41.80214286,0.05,0.9,0,TREND_DOWN,NORMAL,NEUTRAL,HEALTHY,ALLOW
2026-09-28T09:04:00Z,82760.77,82769.03,82736.75,82769.02,31.8258,82758.26666667,42.96142857,0.05,0.9,0,TREND_UP,NORMAL,ALIGNED,HEALTHY,ALLOW
2026-09-28T09:05:00Z,82769.03,82776.01,82723.6,82758.0,35.08671,82752.53666667,44.13142857,0.05,0.9,0,TREND_DOWN,NORMAL,NEUTRAL,HEALTHY,ALLOW
2026-09-28T09:06:00Z,82758.01,82770.26,82724.34,82727.05,22.86439,82740.55,44.06071429,0.05,0.9,0,TREND_DOWN,NORMAL,NEUTRAL,HEALTHY,ALLOW
2026-09-28T09:07:00Z,82727.05,82788.01,82710.0,82740.01,14.98449,82746.00666667,47.55428571,0.05,0.9,0,TREND_UP,NORMAL,ALIGNED,HEALTHY,ALLOW
2026-09-28T09:08:00Z,82740.0,82740.01,82618.01,82651.99,58.50139,82670.00333333,53.41071429,0.05,0.9,0,TREND_DOWN,NORMAL,NEUTRAL,HEALTHY,ALLOW
2026-09-28T09:09:00Z,82651.99,82675.0,82613.13,82630.0,29.54559,82639.37666667,55.49285714,0.05,0.9,0,TREND_DOWN,NORMAL,NEUTRAL,HEALTHY,ALLOW
2026-09-28T09:10:00Z,82630.0,82668.01,82621.21,82668.01,18.29885,82652.41,58.12071429,0.05,0.9,0,TREND_UP,NORMAL,ALIGNED,HEALTHY,ALLOW
2026-09-28T09:11:00Z,82668.01,82726.01,82668.0,82726.0,13.72246,82706.67,61.72928571,0.05,0.9,0,TREND_UP,NORMAL,ALIGNED,HEALTHY,ALLOW
2026-09-28T09:12:00Z,82726.0,82762.01,82726.0,82756.25,9.33425,82748.08666667,61.16214286,0.05,0.9,0,TREND_UP,NORMAL,ALIGNED,HEALTHY,ALLOW
2026-09-28T09:13:00Z,82756.25,82838.0,82756.25,82838.0,16.32453,82810.75,66.645,0.05,0.9,0,TREND_UP,NORMAL,ALIGNED,HEALTHY,ALLOW
2026-09-28T09:14:00Z,82837.99,82879.99,82837.99,82879.11,17.14503,82865.69666667,65.955,0.05,0.9,0,TREND_UP,NORMAL,ALIGNED,HEALTHY,ALLOW
2026-09-28T09:15:00Z,82879.11,82966.01,82879.11,82956.0,22.65995,82933.70666667,67.71571429,0.05,0.9,0,TREND_UP,NORMAL,ALIGNED,HEALTHY,ALLOW
2026-09-28T09:16:00Z,82956.0,82969.98,82844.0,82852.01,25.23204,82888.66333333,66.57285714,0.05,0.9,0,TREND_DOWN,NORMAL,NEUTRAL,HEALTHY,ALLOW
2026-09-28T09:17:00Z,82852.0,82872.01,82825.58,82855.33,17.01247,82850.97333333,65.455,0.05,0.9,0,TREND_UP,NORMAL,ALIGNED,HEALTHY,ALLOW
2026-09-28T09:18:00Z,82855.33,82884.8,82855.33,82882.52,10.73869,82874.21666667,65.25428571,0.05,0.9,0,TREND_UP,NORMAL,ALIGNED,HEALTHY,ALLOW
2026-09-28T09:19:00Z,82882.52,82927.13,82882.52,82922.88,11.01738,82910.84333333,64.69714286,0.05,0.9,0,TREND_UP,NORMAL,ALIGNED,HEALTHY,ALLOW
2026-09-28T09:20:00Z,82922.87,82949.99,82751.81,82908.0,160.01996,82869.93333333,75.57285714,0.05,0.9,0,TREND_DOWN,NORMAL,NEUTRAL,HEALTHY,ALLOW
2026-09-28T09:21:00Z,82908.01,82968.01,82908.0,82942.01,14.85181,82939.34,74.28714286,0.05,0.9,0,TREND_UP,NORMAL,ALIGNED,HEALTHY,ALLOW
2026-09-28T09:22:00Z,82942.01,82942.01,82918.51,82918.93,10.93774,82926.48333333,67.25142857,0.05,0.9,0,TREND_DOWN,NORMAL,NEUTRAL,HEALTHY,ALLOW
2026-09-28T09:23:00Z,82918.93,82918.94,82892.0,82892.0,6.77816,82900.98,64.75642857,0.05,0.9,0,TREND_DOWN,NORMAL,NEUTRAL,HEALTHY,ALLOW
2026-09-28T09:24:00Z,82892.0,82892.01,82854.01,82854.02,7.97084,82866.68,64.12785714,0.05,0.9,0,TREND_DOWN,NORMAL,NEUTRAL,HEALTHY,ALLOW
2026-09-28T09:25:00Z,82854.02,82859.34,82839.3,82844.35,18.19052,82847.66333333,61.41571429,0.05,0.9,0,TREND_DOWN,NORMAL,NEUTRAL,HEALTHY,ALLOW
2026-09-28T09:26:00Z,82844.35,82844.35,82796.28,82796.28,12.30096,82812.30333333,62.27714286,0.05,0.9,0,TREND_DOWN,NORMAL,NEUTRAL,HEALTHY,ALLOW
2026-09-28T09:27:00Z,82796.28,82796.28,82765.3,82765.31,11.40861,82775.63,58.65071429,0.05,0.9,0,TREND_DOWN,NORMAL,NEUTRAL,HEALTHY,ALLOW
2026-09-28T09:28:00Z,82765.3,82794.25,82758.0,82794.24,22.20341,82782.16333333,58.24,0.05,0.9,0,TREND_UP,NORMAL,ALIGNED,HEALTHY,ALLOW
2026-09-28T09:29:00Z,82794.24,82818.01,82788.0,82818.01,23.17892,82808.00666667,54.17642857,0.05,0.9,0,TREND_UP,NORMAL,ALIGNED,HEALTHY,ALLOW
2026-09-28T09:30:00Z,82818.0,82844.3,82812.23,82844.3,10.68402,82833.61,47.46857143,0.05,0.9,0,TREND_UP,NORMAL,ALIGNED,HEALTHY,ALLOW
2026-09-28T09:31:00Z,82844.3,82844.3,82816.0,82824.0,11.99794,82828.1,46.17357143,0.05,0.9,0,TREND_DOWN,NORMAL,NEUTRAL,HEALTHY,ALLOW
2026-09-28T09:32:00Z,82824.0,82844.32,82820.66,82827.49,9.8367,82830.82333333,45.75857143,0.05,0.9,0,TREND_UP,NORMAL,ALIGNED,HEALTHY,ALLOW
2026-09-28T09:33:00Z,82827.5,82827.5,82786.78,82786.78,8.77302,82800.35333333,45.48071429,0.05,0.9,0,TREND_DOWN,NORMAL,NEUTRAL,HEALTHY,ALLOW
2026-09-28T09:34:00Z,82786.78,82786.79,82721.89,82721.9,12.92908,82743.52666667,35.96071429,0.05,0.9,0,TREND_DOWN,NORMAL,NEUTRAL,HEALTHY,ALLOW
2026-09-28T09:35:00Z,82721.89,82729.54,82716.0,82716.0,8.35187,82720.51333333,32.64142857,0.05,0.9,0,TREND_DOWN,NORMAL,NEUTRAL,HEALTHY,ALLOW
2026-09-28T09:36:00Z,82716.0,82716.0,82648.23,82662.82,33.75374,82675.68333333,35.80357143,0.05,0.9,0,TREND_DOWN,NORMAL,NEUTRAL,HEALTHY,ALLOW
2026-09-28T09:37:00Z,82662.82,82670.01,82625.21,82625.22,15.71507,82640.14666667,37.07928571,0.05,0.9,0,TREND_DOWN,NORMAL,NEUTRAL,HEALTHY,ALLOW
2026-09-28T09:38:00Z,82625.22,82642.68,82597.55,82597.56,32.81731,82612.59666667,37.58857143,0.05,0.9,0,TREND_DOWN,NORMAL,NEUTRAL,HEALTHY,ALLOW
2026-09-28T09:39:00Z,82597.55,82648.01,82597.55,82626.01,12.13616,82623.85666667,39.76142857,0.05,0.9,0,TREND_UP,NORMAL,ALIGNED,HEALTHY,ALLOW
2026-09-28T09:40:00Z,82626.01,82647.13,82626.0,82644.29,12.27366,82639.14,37.83714286,0.05,0.9,0,TREND_UP,NORMAL,ALIGNED,HEALTHY,ALLOW
2026-09-28T09:41:00Z,82644.3,82656.01,82638.01,82656.01,8.86857,82650.01,36.91,0.05,0.9,0,TREND_UP,NORMAL,ALIGNED,HEALTHY,ALLOW
2026-09-28T09:42:00Z,82656.01,82657.68,82636.01,82657.68,11.02491,82650.45666667,35.86857143,0.05,0.9,0,TREND_UP,NORMAL,ALIGNED,HEALTHY,ALLOW
2026-09-28T09:43:00Z,82657.68,82669.7,82648.0,82648.0,7.00911,82655.23333333,35.275,0.05,0.9,0,TREND_DOWN,NORMAL,NEUTRAL,HEALTHY,ALLOW
2026-09-28T09:44:00Z,82648.0,82648.01,82610.01,82626.01,25.7786,82628.01,35.69857143,0.05,0.9,0,TREND_DOWN,NORMAL,NEUTRAL,HEALTHY,ALLOW
2026-09-28T09:45:00Z,82626.0,82668.86,82626.0,82655.66,16.96042,82650.17333333,36.73857143,0.05,0.9,0,TREND_UP,NORMAL,ALIGNED,HEALTHY,ALLOW
2026-09-28T09:46:00Z,82655.65,82668.01,82647.24,82664.88,9.72126,82660.04333333,36.53214286,0.05,0.9,0,TREND_UP,NORMAL,ALIGNED,HEALTHY,ALLOW
2026-09-28T09:47:00Z,82664.89,82692.01,82664.88,82690.89,5.78968,82682.59333333,35.56142857,0.05,0.9,0,TREND_UP,NORMAL,ALIGNED,HEALTHY,ALLOW
2026-09-28T09:48:00Z,82690.67,82728.24,82690.67,82728.24,7.53095,82715.71666667,33.60928571,0.05,0.9,0,TREND_UP,NORMAL,ALIGNED,HEALTHY,ALLOW
2026-09-28T09:49:00Z,82728.24,82761.38,82728.23,82752.34,25.73484,82747.31666667,35.01,0.05,0.9,0,TREND_UP,NORMAL,ALIGNED,HEALTHY,ALLOW
2026-09-28T09:50:00Z,82752.34,82780.01,82752.34,82778.1,10.64408,82770.15,32.14571429,0.05,0.9,0,TREND_UP,NORMAL,ALIGNED,HEALTHY,ALLOW
2026-09-28T09:51:00Z,82778.09,82778.1,82736.71,82745.11,14.01801,82753.30666667,31.90214286,0.05,0.9,0,TREND_DOWN,NORMAL,NEUTRAL,HEALTHY,ALLOW
2026-09-28T09:52:00Z,82745.11,82751.14,82705.24,82705.24,9.8581,82720.54,31.95714286,0.05,0.9,0,TREND_DOWN,NORMAL,NEUTRAL,HEALTHY,ALLOW
2026-09-28T09:53:00Z,82705.25,82705.25,82640.14,82640.15,11.11742,82661.84666667,33.00357143,0.05,0.9,0,TREND_DOWN,NORMAL,NEUTRAL,HEALTHY,ALLOW
2026-09-28T09:54:00Z,82640.14,82663.98,82620.0,82620.0,13.39792,82634.66,34.63571429,0.05,0.9,0,TREND_DOWN,NORMAL,NEUTRAL,HEALTHY,ALLOW
2026-09-28T09:55:00Z,82620.0,82639.84,82613.71,82638.0,14.89095,82630.51666667,35.21642857,0.05,0.9,0,TREND_UP,NORMAL,ALIGNED,HEALTHY,ALLOW
2026-09-28T09:56:00Z,82638.0,82638.0,82622.0,82626.11,10.08548,82628.70333333,34.81142857,0.05,0.9,0,TREND_DOWN,NORMAL,NEUTRAL,HEALTHY,ALLOW
2026-09-28T09:57:00Z,82626.12,82660.01,82626.11,82656.48,12.71828,82647.53333333,35.68285714,0.05,0.9,0,TREND_UP,NORMAL,ALIGNED,HEALTHY,ALLOW
2026-09-28T09:58:00Z,82656.49,82656.49,82653.73,82653.73,4.51202,82654.65,33.16571429,0.05,0.9,0,TREND_DOWN,NORMAL,NEUTRAL,HEALTHY,ALLOW
2026-09-28T09:59:00Z,82653.74,82666.01,82626.06,82666.01,12.15298,82652.69333333,32.95785714,0.05,0.9,0,TREND_UP,NORMAL,ALIGNED,HEALTHY,ALLOW
2026-09-28T10:00:00Z,82666.01,82748.01,82666.01,82747.58,13.76226,82720.53333333,37.33142857,0.05,0.9,0,TREND_UP,NORMAL,ALIGNED,HEALTHY,ALLOW
2026-09-28T10:01:00Z,82747.58,82748.01,82739.73,82744.91,16.78958,82744.21666667,35.985,0.05,0.9,0,TREND_DOWN,NORMAL,NEUTRAL,HEALTHY,ALLOW
2026-09-28T10:02:00Z,82744.91,82763.67,82744.91,82753.99,10.76415,82754.19,34.64142857,0.05,0.9,0,TREND_UP,NORMAL,ALIGNED,HEALTHY,ALLOW
2026-09-28T10:03:00Z,82753.99,82813.12,82753.99,82813.11,12.03817,82793.40666667,36.49714286,0.05,0.9,0,TREND_UP,NORMAL,ALIGNED,HEALTHY,ALLOW
2026-09-28T10:04:00Z,82813.11,82868.41,82812.01,82836.28,15.93335,82838.9,38.54928571,0.05,0.9,0,TREND_UP,NORMAL,ALIGNED,HEALTHY,ALLOW
2026-09-28T10:05:00Z,82836.28,82836.29,82798.0,82802.0,10.85825,82812.09666667,38.32785714,0.05,0.9,0,TREND_DOWN,NORMAL,NEUTRAL,HEALTHY,ALLOW
2026-09-28T10:06:00Z,82802.0,82802.02,82778.86,82801.99,9.99683,82794.29,36.70357143,0.05,0.9,0,TREND_DOWN,NORMAL,NEUTRAL,HEALTHY,ALLOW
2026-09-28T10:07:00Z,82802.0,82802.0,82758.94,82758.94,13.12278,82773.29333333,35.12857143,0.05,0.9,0,TREND_DOWN,NORMAL,NEUTRAL,HEALTHY,ALLOW
2026-09-28T10:08:00Z,82758.94,82758.94,82715.38,82718.0,14.22883,82730.77333333,35.09857143,0.05,0.9,0,TREND_DOWN,NORMAL,NEUTRAL,HEALTHY,ALLOW
2026-09-28T10:09:00Z,82717.99,82758.01,82717.99,82758.01,16.35062,82744.67,36.09071429,0.05,0.9,0,TREND_UP,NORMAL,ALIGNED,HEALTHY,ALLOW
2026-09-28T10:10:00Z,82758.0,82758.01,82710.32,82710.32,8.45453,82726.21666667,38.35428571,0.05,0.9,0,TREND_DOWN,NORMAL,NEUTRAL,HEALTHY,ALLOW
2026-09-28T10:11:00Z,82710.32,82710.33,82676.47,82708.0,8.43293,82698.26666667,38.35142857,0.05,0.9,0,TREND_DOWN,NORMAL,NEUTRAL,HEALTHY,ALLOW
2026-09-28T10:12:00Z,82708.0,82749.97,82693.08,82708.0,11.9987,82717.01666667,42.21785714,0.05,0.9,0,TREND_UP,NORMAL,ALIGNED,HEALTHY,ALLOW
2026-09-28T10:13:00Z,82708.01,82710.0,82683.98,82696.0,9.17635,82696.66,41.22285714,0.05,0.9,0,TREND_DOWN,NORMAL,NEUTRAL,HEALTHY,ALLOW
2026-09-28T10:14:00Z,82696.0,82763.82,82682.0,82762.04,9.98156,82735.95333333,41.21,0.05,0.9,0,TREND_UP,NORMAL,ALIGNED,HEALTHY,ALLOW
2026-09-28T10:15:00Z,82762.03,82812.01,82762.03,82812.0,14.56865,82795.34666667,44.18857143,0.05,0.9,0,TREND_UP,NORMAL,ALIGNED,HEALTHY,ALLOW
2026-09-28T10:16:00Z,82812.01,82815.53,82805.19,82809.36,5.61224,82810.02666667,43.58714286,0.05,0.9,0,TREND_DOWN,NORMAL,NEUTRAL,HEALTHY,ALLOW
2026-09-28T10:17:00Z,82809.36,82834.01,82795.79,82795.79,6.81805,82808.53,42.09357143,0.05,0.9,0,TREND_DOWN,NORMAL,NEUTRAL,HEALTHY,ALLOW
2026-09-28T10:18:00Z,82795.8,82807.99,82770.59,82778.67,8.61684,82785.75,40.73642857,0.05,0.9,0,TREND_DOWN,NORMAL,NEUTRAL,HEALTHY,ALLOW
2026-09-28T10:19:00Z,82778.68,82786.0,82751.83,82751.83,16.62826,82763.22,40.44214286,0.05,0.9,0,TREND_DOWN,NORMAL,NEUTRAL,HEALTHY,ALLOW
2026-09-28T10:20:00Z,82751.82,82757.08,82736.0,82749.43,10.62725,82747.50333333,40.29357143,0.05,0.9,0,TREND_DOWN,NORMAL,NEUTRAL,HEALTHY,ALLOW
2026-09-28T10:21:00Z,82749.43,82753.35,82734.19,82751.9,7.30814,82746.48,38.58642857,0.05,0.9,0,TREND_UP,NORMAL,ALIGNED,HEALTHY,ALLOW
2026-09-28T10:22:00Z,82751.91,82779.64,82751.91,82764.27,5.45352,82765.27333333,37.45642857,0.05,0.9,0,TREND_UP,NORMAL,ALIGNED,HEALTHY,ALLOW
2026-09-28T10:23:00Z,82764.28,82766.78,82747.03,82766.77,6.20776,82760.19333333,36.00857143,0.05,0.9,0,TREND_UP,NORMAL,ALIGNED,HEALTHY,ALLOW
2026-09-28T10:24:00Z,82766.77,82816.89,82766.77,82816.89,20.16444,82800.18333333,36.18214286,0.05,0.9,0,TREND_UP,NORMAL,ALIGNED,HEALTHY,ALLOW
2026-09-28T10:25:00Z,82816.88,82840.01,82816.88,82840.0,9.37636,82832.29666667,35.41571429,0.05,0.9,0,TREND_UP,NORMAL,ALIGNED,HEALTHY,ALLOW
2026-09-28T10:26:00Z,82840.01,82850.0,82840.0,82850.0,5.29765,82846.66666667,32.06642857,0.05,0.9,0,TREND_UP,NORMAL,ALIGNED,HEALTHY,ALLOW
2026-09-28T10:27:00Z,82849.99,82850.0,82796.02,82805.98,12.4471,82817.33333333,34.06357143,0.05,0.9,0,TREND_DOWN,NORMAL,NEUTRAL,HEALTHY,ALLOW
2026-09-28T10:28:00Z,82805.99,82829.74,82805.98,82806.0,6.71126,82813.90666667,29.91642857,0.05,0.9,0,TREND_UP,NORMAL,ALIGNED,HEALTHY,ALLOW
2026-09-28T10:29:00Z,82806.0,82816.94,82800.0,82816.93,3.37225,82811.29,27.55642857,0.05,0.9,0,TREND_UP,NORMAL,ALIGNED,HEALTHY,ALLOW
2026-09-28T10:30:00Z,82816.94,82820.01,82773.91,82773.92,7.07873,82789.28,30.11071429,0.05,0.9,0,TREND_DOWN,NORMAL,NEUTRAL,HEALTHY,ALLOW
2026-09-28T10:31:00Z,82773.91,82821.75,82773.91,82821.75,4.19995,82805.80333333,30.79785714,0.05,0.9,0,TREND_UP,NORMAL,ALIGNED,HEALTHY,ALLOW
2026-09-28T10:32:00Z,82821.74,82821.75,82784.26,82801.05,7.7094,82802.35333333,30.80428571,0.05,0.9,0,TREND_DOWN,NORMAL,NEUTRAL,HEALTHY,ALLOW
2026-09-28T10:33:00Z,82801.06,82838.01,82801.05,82838.01,4.90951,82825.69,31.00357143,0.05,0.9,0,TREND_UP,NORMAL,ALIGNED,HEALTHY,ALLOW
2026-09-28T10:34:00Z,82838.01,82873.84,82838.0,82871.77,8.72385,82861.20333333,32.05785714,0.05,0.9,0,TREND_UP,NORMAL,ALIGNED,HEALTHY,ALLOW
2026-09-28T10:35:00Z,82871.77,82910.01,82871.76,82910.01,11.74922,82897.26,33.42142857,0.05,0.9,0,TREND_UP,NORMAL,ALIGNED,HEALTHY,ALLOW
2026-09-28T10:36:00Z,82910.01,82914.01,82906.21,82906.22,6.11073,82908.81333333,31.99714286,0.05,0.9,0,TREND_DOWN,NORMAL,NEUTRAL,HEALTHY,ALLOW
2026-09-28T10:37:00Z,82906.22,82940.0,82906.22,82910.0,11.3172,82918.74,32.99928571,0.05,0.9,0,TREND_UP,NORMAL,ALIGNED,HEALTHY,ALLOW
2026-09-28T10:38:00Z,82910.01,82913.99,82902.0,82910.01,10.33736,82908.66666667,30.27571429,0.05,0.9,0,TREND_UP,NORMAL,ALIGNED,HEALTHY,ALLOW
2026-09-28T10:39:00Z,82910.0,82932.85,82910.0,82932.85,8.00914,82925.23333333,30.25571429,0.05,0.9,0,TREND_UP,NORMAL,ALIGNED,HEALTHY,ALLOW
2026-09-28T10:40:00Z,82932.85,82958.18,82932.84,82935.0,11.91949,82942.00666667,31.35142857,0.05,0.9,0,TREND_UP,NORMAL,ALIGNED,HEALTHY,ALLOW
2026-09-28T10:41:00Z,82935.0,82958.01,82935.0,82948.0,9.38755,82947.00333333,29.13928571,0.05,0.9,0,TREND_UP,NORMAL,ALIGNED,HEALTHY,ALLOW
2026-09-28T10:42:00Z,82948.0,82948.01,82938.0,82938.01,9.27357,82941.34,28.15714286,0.05,0.9,0,TREND_DOWN,NORMAL,NEUTRAL,HEALTHY,ALLOW
2026-09-28T10:43:00Z,82938.01,82938.01,82934.59,82934.6,2.91169,82935.73333333,27.19142857,0.05,0.9,0,TREND_DOWN,NORMAL,NEUTRAL,HEALTHY,ALLOW
2026-09-28T10:44:00Z,82934.59,82950.0,82934.59,82950.0,2.92979,82944.86333333,24.99928571,0.05,0.9,0,TREND_UP,NORMAL,ALIGNED,HEALTHY,ALLOW
2026-09-28T10:45:00Z,82950.0,82950.0,82908.4,82927.34,33.24417,82928.58,24.55357143,0.05,0.9,0,TREND_DOWN,NORMAL,NEUTRAL,HEALTHY,ALLOW
2026-09-28T10:46:00Z,82927.35,82950.0,82903.87,82909.92,11.86534,82921.26333333,25.17071429,0.05,0.9,0,TREND_DOWN,NORMAL,NEUTRAL,HEALTHY,ALLOW
2026-09-28T10:47:00Z,82909.93,82920.01,82896.0,82896.0,8.26471,82904.00333333,24.24571429,0.05,0.9,0,TREND_DOWN,NORMAL,NEUTRAL,HEALTHY,ALLOW
2026-09-28T10:48:00Z,82896.01,82896.01,82868.0,82868.01,15.34976,82877.34,23.68642857,0.05,0.9,0,TREND_DOWN,NORMAL,NEUTRAL,HEALTHY,ALLOW
2026-09-28T10:49:00Z,82868.0,82928.01,82862.0,82898.01,14.27191,82896.00666667,25.66928571,0.05,0.9,0,TREND_UP,NORMAL,ALIGNED,HEALTHY,ALLOW
2026-09-28T10:50:00Z,82898.01,82928.01,82887.99,82922.13,6.50247,82912.71,27.97071429,0.05,0.9,0,TREND_UP,NORMAL,ALIGNED,HEALTHY,ALLOW
2026-09-28T10:51:00Z,82922.13,82937.39,82902.57,82902.57,9.11332,82914.17666667,28.045,0.05,0.9,0,TREND_DOWN,NORMAL,NEUTRAL,HEALTHY,ALLOW
2026-09-28T10:52:00Z,82902.58,83064.51,82902.58,83044.0,207.96125,83003.69666667,38.75571429,0.05,0.9,0,TREND_UP,NORMAL,ALIGNED,HEALTHY,ALLOW
2026-09-28T10:53:00Z,83044.0,83044.0,83002.0,83002.01,11.30406,83016.00333333,40.12357143,0.05,0.9,0,TREND_DOWN,NORMAL,NEUTRAL,HEALTHY,ALLOW
2026-09-28T10:54:00Z,83002.01,83002.01,82974.87,82974.88,11.35595,82983.92,40.25214286,0.05,0.9,0,TREND_DOWN,NORMAL,NEUTRAL,HEALTHY,ALLOW
2026-09-28T10:55:00Z,82974.88,82984.92,82968.0,82984.92,6.811,82979.28,39.81714286,0.05,0.9,0,TREND_UP,NORMAL,ALIGNED,HEALTHY,ALLOW
2026-09-28T10:56:00Z,82984.91,83006.29,82969.42,82990.41,16.59102,82988.70666667,41.73571429,0.05,0.9,0,TREND_UP,NORMAL,ALIGNED,HEALTHY,ALLOW
2026-09-28T10:57:00Z,82990.41,82996.45,82968.0,82971.34,8.44678,82978.59666667,43.52357143,0.05,0.9,0,TREND_DOWN,NORMAL,NEUTRAL,HEALTHY,ALLOW
2026-09-28T10:58:00Z,82971.33,82971.34,82966.0,82966.01,1.85651,82967.78333333,42.80428571,0.05,0.9,0,TREND_DOWN,NORMAL,NEUTRAL,HEALTHY,ALLOW
2026-09-28T10:59:00Z,82966.01,82966.01,82956.0,82960.0,4.21847,82960.67,40.54785714,0.05,0.9,0,TREND_DOWN,NORMAL,NEUTRAL,HEALTHY,ALLOW
2026-09-28T11:00:00Z,82960.01,83055.65,82960.0,83020.78,36.06825,83012.14333333,44.085,0.05,0.9,0,TREND_UP,NORMAL,ALIGNED,HEALTHY,ALLOW
2026-09-28T11:01:00Z,83020.79,83048.99,82994.0,82998.01,21.78943,83013.66666667,46.29785714,0.05,0.9,0,TREND_DOWN,NORMAL,NEUTRAL,HEALTHY,ALLOW
2026-09-28T11:02:00Z,82998.01,83017.27,82982.32,83017.27,14.33207,83005.62,46.79357143,0.05,0.9,0,TREND_UP,NORMAL,ALIGNED,HEALTHY,ALLOW
2026-09-28T11:03:00Z,83017.26,83040.68,82991.76,83017.99,15.52214,83016.81,45.57285714,0.05,0.9,0,TREND_UP,NORMAL,ALIGNED,HEALTHY,ALLOW
2026-09-28T11:04:00Z,83017.99,83018.0,82984.2,83017.12,6.66423,83006.44,45.12857143,0.05,0.9,0,TREND_DOWN,NORMAL,NEUTRAL,HEALTHY,ALLOW
2026-09-28T11:05:00Z,83017.13,83037.7,82994.0,83024.24,11.89956,83018.64666667,45.76285714,0.05,0.9,0,TREND_UP,NORMAL,ALIGNED,HEALTHY,ALLOW
2026-09-28T11:06:00Z,83024.25,83044.71,83024.25,83025.32,5.12728,83031.42666667,35.65785714,0.05,0.9,0,TREND_UP,NORMAL,ALIGNED,HEALTHY,ALLOW
2026-09-28T11:07:00Z,83025.31,83038.02,83000.0,83022.07,9.54783,83020.03,35.37357143,0.05,0.9,0,TREND_DOWN,NORMAL,NEUTRAL,HEALTHY,ALLOW
2026-09-28T11:08:00Z,83022.06,83030.01,83008.0,83018.01,11.32913,83018.67333333,35.00714286,0.05,0.9,0,TREND_DOWN,NORMAL,NEUTRAL,HEALTHY,ALLOW
2026-09-28T11:09:00Z,83018.01,83026.0,83016.42,83016.42,14.79743,83019.61333333,34.48285714,0.05,0.9,0,TREND_DOWN,NORMAL,NEUTRAL,HEALTHY,ALLOW
2026-09-28T11:10:00Z,83016.42,83016.43,82996.91,83002.0,9.8921,83005.11333333,33.24357143,0.05,0.9,0,TREND_DOWN,NORMAL,NEUTRAL,HEALTHY,ALLOW
2026-09-28T11:11:00Z,83002.0,83002.01,82986.76,82986.77,9.80889,82991.84666667,32.30071429,0.05,0.9,0,TREND_DOWN,NORMAL,NEUTRAL,HEALTHY,ALLOW
2026-09-28T11:12:00Z,82986.77,82986.77,82985.29,82985.29,3.24319,82985.78333333,32.025,0.05,0.9,0,TREND_DOWN,NORMAL,NEUTRAL,HEALTHY,ALLOW
2026-09-28T11:13:00Z,82985.29,83000.0,82974.0,82989.31,11.50556,82987.77,33.16714286,0.05,0.9,0,TREND_UP,NORMAL,ALIGNED,HEALTHY,ALLOW
2026-09-28T11:14:00Z,82989.31,82996.01,82982.0,82994.01,3.91756,82990.67333333,27.33571429,0.05,0.9,0,TREND_UP,NORMAL,ALIGNED,HEALTHY,ALLOW
2026-09-28T11:15:00Z,82994.01,83039.83,82982.01,83013.24,40.59862,83011.69333333,27.53785714,0.05,0.9,0,TREND_UP,NORMAL,ALIGNED,HEALTHY,ALLOW
2026-09-28T11:16:00Z,83013.24,83067.03,82979.23,83032.0,29.89495,83026.08666667,31.31285714,0.05,0.9,0,TREND_UP,NORMAL,ALIGNED,HEALTHY,ALLOW
2026-09-28T11:17:00Z,83032.01,83075.09,83032.0,83075.09,18.80112,83060.72666667,30.89642857,0.05,0.9,0,TREND_UP,NORMAL,ALIGNED,HEALTHY,ALLOW
2026-09-28T11:18:00Z,83075.08,83078.24,83016.01,83016.02,11.67037,83036.75666667,32.92714286,0.05,0.9,0,TREND_DOWN,NORMAL,NEUTRAL,HEALTHY,ALLOW
2026-09-28T11:19:00Z,83016.01,83016.02,82984.53,83010.01,28.40628,83003.52,32.055,0.05,0.9,0,TREND_DOWN,NORMAL,NEUTRAL,HEALTHY,ALLOW
2026-09-28T11:20:00Z,83010.0,83010.01,82969.97,82987.89,16.94131,82989.29,33.45285714,0.05,0.9,0,TREND_DOWN,NORMAL,NEUTRAL,HEALTHY,ALLOW
2026-09-28T11:21:00Z,82987.89,82987.9,82978.0,82978.0,3.05323,82981.3,31.44428571,0.05,0.9,0,TREND_DOWN,NORMAL,NEUTRAL,HEALTHY,ALLOW
2026-09-28T11:22:00Z,82978.0,83025.23,82978.0,83005.12,10.03016,83002.78333333,33.24571429,0.05,0.9,0,TREND_UP,NORMAL,ALIGNED,HEALTHY,ALLOW
2026-09-28T11:23:00Z,83005.13,83067.37,83005.12,83061.57,11.51869,83044.68666667,37.00785714,0.05,0.9,0,TREND_UP,NORMAL,ALIGNED,HEALTHY,ALLOW
2026-09-28T11:24:00Z,83061.58,83063.45,83020.0,83040.01,12.1203,83041.15333333,38.71714286,0.05,0.9,0,TREND_DOWN,NORMAL,NEUTRAL,HEALTHY,ALLOW
2026-09-28T11:25:00Z,83040.0,83040.01,82994.0,82994.0,6.74337,83009.33666667,40.91428571,0.05,0.9,0,TREND_DOWN,NORMAL,NEUTRAL,HEALTHY,ALLOW
2026-09-28T11:26:00Z,82994.01,83016.0,82994.0,83016.0,7.69841,83008.66666667,42.38,0.05,0.9,0,TREND_UP,NORMAL,ALIGNED,HEALTHY,ALLOW
2026-09-28T11:27:00Z,83016.01,83016.01,83002.52,83016.0,3.01008,83011.51,41.48642857,0.05,0.9,0,TREND_DOWN,NORMAL,NEUTRAL,HEALTHY,ALLOW
2026-09-28T11:28:00Z,83016.01,83021.06,83016.0,83017.04,11.73516,83018.03333333,40.84714286,0.05,0.9,0,TREND_UP,NORMAL,ALIGNED,HEALTHY,ALLOW
2026-09-28T11:29:00Z,83017.04,83021.07,83017.04,83021.05,13.54773,83019.72,37.005,0.05,0.9,0,TREND_UP,NORMAL,ALIGNED,HEALTHY,ALLOW
2026-09-28T11:30:00Z,83021.05,83034.0,82992.88,82992.88,16.76237,83006.58666667,33.67071429,0.05,0.9,0,TREND_DOWN,NORMAL,NEUTRAL,HEALTHY,ALLOW
2026-09-28T11:31:00Z,82992.89,83025.45,82992.88,83008.49,14.68471,83008.94,32.91928571,0.05,0.9,0,TREND_UP,NORMAL,ALIGNED,HEALTHY,ALLOW
2026-09-28T11:32:00Z,83008.49,83011.71,82986.59,82986.59,19.31176,82994.96333333,30.26857143,0.05,0.9,0,TREND_DOWN,NORMAL,NEUTRAL,HEALTHY,ALLOW
2026-09-28T11:33:00Z,82986.59,82994.0,82982.53,82993.99,20.99189,82990.17333333,28.83857143,0.05,0.9,0,TREND_UP,NORMAL,ALIGNED,HEALTHY,ALLOW
2026-09-28T11:34:00Z,82994.0,83045.19,82993.99,83044.64,25.02039,83027.94,29.63571429,0.05,0.9,0,TREND_UP,NORMAL,ALIGNED,HEALTHY,ALLOW
2026-09-28T11:35:00Z,83044.64,83051.5,83027.7,83027.7,19.76722,83035.63333333,30.62857143,0.05,0.9,0,TREND_DOWN,NORMAL,NEUTRAL,HEALTHY,ALLOW
2026-09-28T11:36:00Z,83027.7,83027.71,83017.72,83025.26,17.63611,83023.56333333,27.96857143,0.05,0.9,0,TREND_DOWN,NORMAL,NEUTRAL,HEALTHY,ALLOW
2026-09-28T11:37:00Z,83025.25,83070.01,83025.25,83050.01,18.53842,83048.42333333,26.71928571,0.05,0.9,0,TREND_UP,NORMAL,ALIGNED,HEALTHY,ALLOW
2026-09-28T11:38:00Z,83050.0,83063.85,83050.0,83056.0,18.22424,83056.61666667,24.605,0.05,0.9,0,TREND_UP,NORMAL,ALIGNED,HEALTHY,ALLOW
2026-09-28T11:39:00Z,83056.0,83070.01,83056.0,83070.01,13.02769,83065.34,22.31928571,0.05,0.9,0,TREND_UP,NORMAL,ALIGNED,HEALTHY,ALLOW
2026-09-28T11:40:00Z,83070.01,83088.01,83056.0,83068.01,11.34365,83070.67333333,23.03428571,0.05,0.9,0,TREND_DOWN,NORMAL,NEUTRAL,HEALTHY,ALLOW
2026-09-28T11:41:00Z,83068.01,83076.01,83068.01,83076.0,5.46672,83073.34,22.64214286,0.05,0.9,0,TREND_UP,NORMAL,ALIGNED,HEALTHY,ALLOW
2026-09-28T11:42:00Z,83076.01,83092.01,83072.8,83072.81,8.07687,83079.20666667,23.65285714,0.05,0.9,0,TREND_DOWN,NORMAL,NEUTRAL,HEALTHY,ALLOW
2026-09-28T11:43:00Z,83072.81,83111.0,83064.0,83093.26,38.85914,83089.42,26.72214286,0.05,0.9,0,TREND_UP,NORMAL,ALIGNED,HEALTHY,ALLOW
2026-09-28T11:44:00Z,83093.25,83093.26,83069.71,83069.98,29.8791,83077.65,25.46714286,0.05,0.9,0,TREND_DOWN,NORMAL,NEUTRAL,HEALTHY,ALLOW
2026-09-28T11:45:00Z,83069.98,83069.99,83055.0,83055.0,5.36492,83059.99666667,24.21142857,0.05,0.9,0,TREND_DOWN,NORMAL,NEUTRAL,HEALTHY,ALLOW
2026-09-28T11:46:00Z,83055.01,83055.01,83047.2,83047.21,3.3366,83049.80666667,22.975,0.05,0.9,0,TREND_DOWN,NORMAL,NEUTRAL,HEALTHY,ALLOW
2026-09-28T11:47:00Z,83047.2,83047.21,83025.33,83025.33,5.7185,83032.62333333,23.71857143,0.05,0.9,0,TREND_DOWN,NORMAL,NEUTRAL,HEALTHY,ALLOW
2026-09-28T11:48:00Z,83025.32,83025.32,83002.39,83002.4,10.6398,83010.03666667,21.7,0.05,0.9,0,TREND_DOWN,NORMAL,NEUTRAL,HEALTHY,ALLOW
2026-09-28T11:49:00Z,83002.39,83006.34,82998.06,82998.06,12.3947,83000.82,20.59142857,0.05,0.9,0,TREND_DOWN,NORMAL,NEUTRAL,HEALTHY,ALLOW
2026-09-28T11:50:00Z,82998.07,82998.07,82984.0,82984.0,10.36066,82988.69,20.88285714,0.05,0.9,0,TREND_DOWN,NORMAL,NEUTRAL,HEALTHY,ALLOW
2026-09-28T11:51:00Z,82984.0,83010.01,82984.0,83010.0,13.35726,83001.33666667,19.54357143,0.05,0.9,0,TREND_UP,NORMAL,ALIGNED,HEALTHY,ALLOW
2026-09-28T11:52:00Z,83010.01,83028.31,82993.15,82993.15,18.96916,83004.87,21.06571429,0.05,0.9,0,TREND_DOWN,NORMAL,NEUTRAL,HEALTHY,ALLOW
2026-09-28T11:53:00Z,82993.16,82996.01,82981.08,82981.09,10.69472,82986.06,21.13142857,0.05,0.9,0,TREND_DOWN,NORMAL,NEUTRAL,HEALTHY,ALLOW
2026-09-28T11:54:00Z,82981.09,82981.09,82981.08,82981.08,7.35919,82981.08333333,18.84571429,0.05,0.9,0,TREND_DOWN,NORMAL,NEUTRAL,HEALTHY,ALLOW
2026-09-28T11:55:00Z,82981.09,82999.99,82981.08,82999.99,8.7734,82993.68666667,19.625,0.05,0.9,0,TREND_UP,NORMAL,ALIGNED,HEALTHY,ALLOW
2026-09-28T11:56:00Z,82999.99,83062.24,82999.98,83050.01,12.99569,83037.41,22.7,0.05,0.9,0,TREND_UP,NORMAL,ALIGNED,HEALTHY,ALLOW
2026-09-28T11:57:00Z,83050.0,83086.0,83050.0,83080.53,12.0478,83072.17666667,21.91428571,0.05,0.9,0,TREND_UP,NORMAL,ALIGNED,HEALTHY,ALLOW
2026-09-28T11:58:00Z,83080.53,83082.02,83080.53,83082.02,9.50661,83081.52333333,20.33857143,0.05,0.9,0,TREND_UP,NORMAL,ALIGNED,HEALTHY,ALLOW
2026-09-28T11:59:00Z,83082.02,83082.54,83080.0,83082.54,5.5581,83081.69333333,19.44928571,0.05,0.9,0,TREND_UP,NORMAL,ALIGNED,HEALTHY,ALLOW
2026-09-28T12:00:00Z,83082.53,83082.54,83034.56,83058.84,10.7389,83058.64666667,22.31857143,0.05,0.9,0,TREND_DOWN,NORMAL,NEUTRAL,HEALTHY,ALLOW
2026-09-28T12:01:00Z,83058.84,83060.01,83032.0,83054.01,14.20432,83048.67333333,22.75642857,0.05,0.9,0,TREND_DOWN,NORMAL,NEUTRAL,HEALTHY,ALLOW
2026-09-28T12:02:00Z,83054.0,83054.01,83011.48,83050.0,13.12217,83038.49666667,24.15571429,0.05,0.9,0,TREND_DOWN,NORMAL,NEUTRAL,HEALTHY,ALLOW
2026-09-28T12:03:00Z,83050.0,83050.0,83042.0,83050.0,5.22054,83047.33333333,24.13571429,0.05,0.9,0,TREND_UP,NORMAL,ALIGNED,HEALTHY,ALLOW
2026-09-28T12:04:00Z,83049.99,83246.98,83049.99,83246.18,81.18399,83181.05,37.20142857,0.05,0.9,0,TREND_UP,NORMAL,ALIGNED,HEALTHY,ALLOW
2026-09-28T12:05:00Z,83246.18,83370.21,83241.74,83357.11,41.66677,83323.02,44.52,0.05,0.9,0,TREND_UP,NORMAL,ALIGNED,HEALTHY,ALLOW
2026-09-28T12:06:00Z,83357.11,83443.45,83351.09,83392.14,46.80027,83395.56,48.60571429,0.05,0.9,0,TREND_UP,NORMAL,ALIGNED,HEALTHY,ALLOW
2026-09-28T12:07:00Z,83392.14,83459.56,83364.85,83447.81,30.75441,83424.07333333,54.30428571,0.05,0.9,0,TREND_UP,NORMAL,ALIGNED,HEALTHY,ALLOW
2026-09-28T12:08:00Z,83447.81,83450.5,83357.24,83399.07,20.92349,83402.27,60.965,0.05,0.9,0,TREND_DOWN,NORMAL,NEUTRAL,HEALTHY,ALLOW
2026-09-28T12:09:00Z,83399.07,83477.07,83399.06,83469.06,36.67361,83448.39666667,65.18642857,0.05,0.9,0,TREND_UP,NORMAL,ALIGNED,HEALTHY,ALLOW
2026-09-28T12:10:00Z,83469.06,83500.0,83432.1,83439.11,40.73125,83457.07,65.58928571,0.05,0.9,0,TREND_DOWN,NORMAL,NEUTRAL,HEALTHY,ALLOW
2026-09-28T12:11:00Z,83439.11,83469.44,83421.32,83421.32,29.98569,83437.36,66.455,0.05,0.9,0,TREND_DOWN,NORMAL,NEUTRAL,HEALTHY,ALLOW
2026-09-28T12:12:00Z,83421.33,83421.33,83356.83,83356.83,21.21043,83378.33,70.95571429,0.05,0.9,0,TREND_DOWN,NORMAL,NEUTRAL,HEALTHY,ALLOW
2026-09-28T12:13:00Z,83356.83,83358.91,83300.0,83322.89,11.85633,83327.26666667,74.98214286,0.05,0.9,0,TREND_DOWN,NORMAL,NEUTRAL,HEALTHY,ALLOW
2026-09-28T12:14:00Z,83322.89,83383.91,83316.48,83383.9,18.25444,83361.43,76.37142857,0.05,0.9,0,TREND_UP,NORMAL,ALIGNED,HEALTHY,ALLOW
2026-09-28T12:15:00Z,83383.9,83383.9,83300.01,83300.01,32.31307,83327.97333333,80.36285714,0.05,0.9,0,TREND_DOWN,NORMAL,NEUTRAL,HEALTHY,ALLOW
2026-09-28T12:16:00Z,83300.02,83337.72,83284.49,83323.64,11.35142,83315.28333333,81.12714286,0.05,0.9,0,TREND_UP,NORMAL,ALIGNED,HEALTHY,ALLOW
2026-09-28T12:17:00Z,83323.65,83356.27,83318.44,83348.36,19.10721,83341.02333333,83.25785714,0.05,0.9,0,TREND_UP,NORMAL,ALIGNED,HEALTHY,ALLOW
2026-09-28T12:18:00Z,83348.35,83420.79,83347.05,83347.06,15.68848,83371.63333333,74.45428571,0.05,0.9,0,TREND_DOWN,NORMAL,NEUTRAL,HEALTHY,ALLOW
2026-09-28T12:19:00Z,83347.05,83416.72,83347.05,83416.67,12.33153,83393.48,70.25428571,0.05,0.9,0,TREND_UP,NORMAL,ALIGNED,HEALTHY,ALLOW
2026-09-28T12:20:00Z,83416.67,83466.15,83406.62,83466.15,14.9269,83446.30666667,67.90928571,0.05,0.9,0,TREND_UP,NORMAL,ALIGNED,HEALTHY,ALLOW
2026-09-28T12:21:00Z,83466.15,83466.15,83374.0,83374.0,20.00262,83404.71666667,67.72642857,0.05,0.9,0,TREND_DOWN,NORMAL,NEUTRAL,HEALTHY,ALLOW
2026-09-28T12:22:00Z,83374.01,83374.01,83323.0,83323.0,14.77488,83340.00333333,64.70857143,0.05,0.9,0,TREND_DOWN,NORMAL,NEUTRAL,HEALTHY,ALLOW
2026-09-28T12:23:00Z,83323.0,83357.37,83314.37,83357.37,12.59815,83343.03666667,62.20785714,0.05,0.9,0,TREND_UP,NORMAL,ALIGNED,HEALTHY,ALLOW
2026-09-28T12:24:00Z,83357.37,83388.01,83357.37,83387.63,13.51866,83377.67,59.54642857,0.05,0.9,0,TREND_UP,NORMAL,ALIGNED,HEALTHY,ALLOW
2026-09-28T12:25:00Z,83387.64,83387.64,83278.24,83279.99,17.69952,83315.29,63.92357143,0.05,0.9,0,TREND_DOWN,NORMAL,NEUTRAL,HEALTHY,ALLOW
2026-09-28T12:26:00Z,83280.0,83405.28,83279.99,83368.01,18.53171,83351.09333333,68.26571429,0.05,0.9,0,TREND_UP,NORMAL,ALIGNED,HEALTHY,ALLOW
2026-09-28T12:27:00Z,83368.01,83380.01,83358.04,83380.01,20.8194,83372.68666667,65.62714286,0.05,0.9,0,TREND_UP,NORMAL,ALIGNED,HEALTHY,ALLOW
2026-09-28T12:28:00Z,83380.0,83394.01,83363.93,83363.93,9.00973,83373.95666667,62.95928571,0.05,0.9,0,TREND_DOWN,NORMAL,NEUTRAL,HEALTHY,ALLOW
2026-09-28T12:29:00Z,83363.93,83369.71,83353.93,83369.7,6.19909,83364.44666667,58.09428571,0.05,0.9,0,TREND_UP,NORMAL,ALIGNED,HEALTHY,ALLOW
2026-09-28T12:30:00Z,83369.7,83371.26,83333.09,83333.09,10.96946,83345.81333333,57.01857143,0.05,0.9,0,TREND_DOWN,NORMAL,NEUTRAL,HEALTHY,ALLOW
2026-09-28T12:31:00Z,83333.1,83333.1,83293.18,83304.8,42.08457,83310.36,57.16785714,0.05,0.9,0,TREND_DOWN,NORMAL,NEUTRAL,HEALTHY,ALLOW
2026-09-28T12:32:00Z,83304.8,83318.01,83293.18,83318.01,7.61311,83309.73333333,53.67428571,0.05,0.9,0,TREND_UP,NORMAL,ALIGNED,HEALTHY,ALLOW
2026-09-28T12:33:00Z,83318.01,83352.0,83318.0,83352.0,5.90937,83340.66666667,51.12642857,0.05,0.9,0,TREND_UP,NORMAL,ALIGNED,HEALTHY,ALLOW
2026-09-28T12:34:00Z,83352.0,83396.04,83351.99,83396.04,4.50724,83381.35666667,50.02071429,0.05,0.9,0,TREND_UP,NORMAL,ALIGNED,HEALTHY,ALLOW
2026-09-28T12:35:00Z,83396.04,83430.01,83396.04,83421.99,44.92129,83416.01333333,45.865,0.05,0.9,0,TREND_UP,NORMAL,ALIGNED,HEALTHY,ALLOW
2026-09-28T12:36:00Z,83422.0,83422.0,83390.69,83412.15,8.68037,83408.28,44.45785714,0.05,0.9,0,TREND_DOWN,NORMAL,NEUTRAL,HEALTHY,ALLOW
2026-09-28T12:37:00Z,83412.15,83412.16,83355.0,83355.01,9.55203,83374.05666667,45.46928571,0.05,0.9,0,TREND_DOWN,NORMAL,NEUTRAL,HEALTHY,ALLOW
2026-09-28T12:38:00Z,83355.01,83355.01,83314.0,83317.96,16.96576,83328.99,46.21,0.05,0.9,0,TREND_DOWN,NORMAL,NEUTRAL,HEALTHY,ALLOW
2026-09-28T12:39:00Z,83317.95,83335.61,83317.95,83324.0,4.68795,83325.85333333,39.65714286,0.05,0.9,0,TREND_UP,NORMAL,ALIGNED,HEALTHY,ALLOW
2026-09-28T12:40:00Z,83324.0,83330.02,83270.26,83270.27,10.78012,83290.18333333,34.97642857,0.05,0.9,0,TREND_DOWN,NORMAL,NEUTRAL,HEALTHY,ALLOW
2026-09-28T12:41:00Z,83270.27,83299.12,83270.27,83292.0,6.28968,83287.13,35.46785714,0.05,0.9,0,TREND_UP,NORMAL,ALIGNED,HEALTHY,ALLOW
2026-09-28T12:42:00Z,83292.01,83292.01,83270.26,83272.63,4.6136,83278.3,34.87285714,0.05,0.9,0,TREND_DOWN,NORMAL,NEUTRAL,HEALTHY,ALLOW
2026-09-28T12:43:00Z,83272.64,83295.75,83272.63,83284.37,5.49116,83284.25,35.39714286,0.05,0.9,0,TREND_UP,NORMAL,ALIGNED,HEALTHY,ALLOW
2026-09-28T12:44:00Z,83284.38,83340.92,83284.37,83340.91,13.6822,83322.06666667,36.71,0.05,0.9,0,TREND_UP,NORMAL,ALIGNED,HEALTHY,ALLOW
2026-09-28T12:45:00Z,83340.92,83410.8,83340.92,83410.8,7.43518,83387.50666667,38.85071429,0.05,0.9,0,TREND_UP,NORMAL,ALIGNED,HEALTHY,ALLOW
2026-09-28T12:46:00Z,83410.8,83466.51,83410.79,83454.76,36.83372,83444.02,41.05714286,0.05,0.9,0,TREND_UP,NORMAL,ALIGNED,HEALTHY,ALLOW
2026-09-28T12:47:00Z,83454.75,83454.75,83395.09,83402.0,15.06656,83417.28,42.89071429,0.05,0.9,0,TREND_DOWN,NORMAL,NEUTRAL,HEALTHY,ALLOW
2026-09-28T12:48:00Z,83402.0,83445.81,83384.5,83425.74,11.13371,83418.68333333,44.12357143,0.05,0.9,0,TREND_UP,NORMAL,ALIGNED,HEALTHY,ALLOW
2026-09-28T12:49:00Z,83425.75,83430.86,83409.16,83409.16,4.74756,83416.39333333,43.24714286,0.05,0.9,0,TREND_DOWN,NORMAL,NEUTRAL,HEALTHY,ALLOW
2026-09-28T12:50:00Z,83409.17,83437.18,83403.71,83424.58,21.9256,83421.82333333,43.40142857,0.05,0.9,0,TREND_UP,NORMAL,ALIGNED,HEALTHY,ALLOW
2026-09-28T12:51:00Z,83424.57,83437.77,83405.84,83425.36,5.31017,83422.99,41.59928571,0.05,0.9,0,TREND_UP,NORMAL,ALIGNED,HEALTHY,ALLOW
2026-09-28T12:52:00Z,83425.36,83499.99,83416.6,83488.05,22.62937,83468.21333333,44.62642857,0.05,0.9,0,TREND_UP,NORMAL,ALIGNED,HEALTHY,ALLOW
2026-09-28T12:53:00Z,83488.05,83539.9,83453.97,83539.9,35.72136,83511.25666667,49.50285714,0.05,0.9,0,TREND_UP,NORMAL,ALIGNED,HEALTHY,ALLOW
2026-09-28T12:54:00Z,83539.9,83583.61,83524.42,83573.47,44.90964,83560.5,49.46214286,0.05,0.9,0,TREND_UP,NORMAL,ALIGNED,HEALTHY,ALLOW
2026-09-28T12:55:00Z,83573.47,83631.43,83526.81,83536.13,71.50602,83564.79,54.87428571,0.05,0.9,0,TREND_DOWN,NORMAL,NEUTRAL,HEALTHY,ALLOW
2026-09-28T12:56:00Z,83536.13,83544.01,83517.6,83544.01,20.63359,83535.20666667,55.20714286,0.05,0.9,0,TREND_UP,NORMAL,ALIGNED,HEALTHY,ALLOW
2026-09-28T12:57:00Z,83544.01,83621.43,83517.63,83602.92,21.05888,83580.66,60.97,0.05,0.9,0,TREND_UP,NORMAL,ALIGNED,HEALTHY,ALLOW
2026-09-28T12:58:00Z,83602.92,83602.92,83585.42,83596.1,9.30972,83594.81333333,58.18071429,0.05,0.9,0,TREND_DOWN,NORMAL,NEUTRAL,HEALTHY,ALLOW
2026-09-28T12:59:00Z,83596.09,83596.1,83544.36,83579.75,23.43568,83573.40333333,56.88428571,0.05,0.9,0,TREND_DOWN,NORMAL,NEUTRAL,HEALTHY,ALLOW
2026-09-28T13:00:00Z,83579.75,83579.76,83472.57,83478.97,25.74434,83510.43333333,60.56071429,0.05,0.9,0,TREND_DOWN,NORMAL,NEUTRAL,HEALTHY,ALLOW
2026-09-28T13:01:00Z,83478.97,83479.48,83443.2,83450.0,13.54124,83457.56,58.89,0.05,0.9,0,TREND_DOWN,NORMAL,NEUTRAL,HEALTHY,ALLOW
2026-09-28T13:02:00Z,83450.0,83450.01,83423.07,83423.07,5.27975,83432.05,56.435,0.05,0.9,0,TREND_DOWN,NORMAL,NEUTRAL,HEALTHY,ALLOW
2026-09-28T13:03:00Z,83423.07,83426.97,83400.0,83412.0,9.08351,83412.99,56.81142857,0.05,0.9,0,TREND_DOWN,NORMAL,NEUTRAL,HEALTHY,ALLOW
2026-09-28T13:04:00Z,83412.0,83412.01,83395.65,83395.66,3.75176,83401.10666667,55.58928571,0.05,0.9,0,TREND_DOWN,NORMAL,NEUTRAL,HEALTHY,ALLOW
2026-09-28T13:05:00Z,83395.65,83400.0,83392.0,83392.0,5.43183,83394.66666667,53.88,0.05,0.9,0,TREND_DOWN,NORMAL,NEUTRAL,HEALTHY,ALLOW
2026-09-28T13:06:00Z,83392.0,83392.01,83365.64,83384.62,8.64541,83380.75666667,49.80714286,0.05,0.9,0,TREND_DOWN,NORMAL,NEUTRAL,HEALTHY,ALLOW
2026-09-28T13:07:00Z,83384.63,83410.01,83384.62,83402.59,10.56497,83399.07333333,45.48285714,0.05,0.9,0,TREND_UP,NORMAL,ALIGNED,HEALTHY,ALLOW
2026-09-28T13:08:00Z,83402.59,83412.22,83338.0,83339.34,7.74651,83363.18666667,46.55642857,0.05,0.9,0,TREND_DOWN,NORMAL,NEUTRAL,HEALTHY,ALLOW
2026-09-28T13:09:00Z,83339.35,83339.35,83339.34,83339.34,8.62719,83339.34333333,39.08428571,0.05,0.9,0,TREND_DOWN,NORMAL,NEUTRAL,HEALTHY,ALLOW
2026-09-28T13:10:00Z,83339.35,83340.3,83310.71,83323.49,5.60432,83324.83333333,39.31142857,0.05,0.9,0,TREND_DOWN,NORMAL,NEUTRAL,HEALTHY,ALLOW
2026-09-28T13:11:00Z,83323.48,83361.4,83323.48,83361.4,6.66806,83348.76,34.60571429,0.05,0.9,0,TREND_UP,NORMAL,ALIGNED,HEALTHY,ALLOW
2026-09-28T13:12:00Z,83361.4,83384.01,83359.63,83359.64,6.09613,83367.76,35.09714286,0.05,0.9,0,TREND_DOWN,NORMAL,NEUTRAL,HEALTHY,ALLOW
2026-09-28T13:13:00Z,83359.64,83372.01,83357.11,83372.01,26.36112,83367.04333333,32.46571429,0.05,0.9,0,TREND_UP,NORMAL,ALIGNED,HEALTHY,ALLOW
2026-09-28T13:14:00Z,83372.0,83406.2,83372.0,83406.2,6.63704,83394.8,27.25214286,0.05,0.9,0,TREND_UP,NORMAL,ALIGNED,HEALTHY,ALLOW
2026-09-28T13:15:00Z,83406.19,83408.01,83406.19,83408.0,6.63117,83407.4,24.79071429,0.05,0.9,0,TREND_UP,NORMAL,ALIGNED,HEALTHY,ALLOW
2026-09-28T13:16:00Z,83408.01,83441.99,83407.04,83407.04,12.20581,83418.69,25.36285714,0.05,0.9,0,TREND_DOWN,NORMAL,NEUTRAL,HEALTHY,ALLOW
2026-09-28T13:17:00Z,83407.04,83444.88,83404.0,83404.0,14.93217,83417.62666667,26.35642857,0.05,0.9,0,TREND_DOWN,NORMAL,NEUTRAL,HEALTHY,ALLOW
2026-09-28T13:18:00Z,83404.0,83404.01,83360.0,83373.85,28.88205,83379.28666667,28.33142857,0.05,0.9,0,TREND_DOWN,NORMAL,NEUTRAL,HEALTHY,ALLOW
2026-09-28T13:19:00Z,83373.86,83395.97,83365.32,83395.97,7.5746,83385.75333333,29.94928571,0.05,0.9,0,TREND_UP,NORMAL,ALIGNED,HEALTHY,ALLOW
2026-09-28T13:20:00Z,83395.97,83406.01,83384.02,83406.01,10.81854,83398.68,29.63642857,0.05,0.9,0,TREND_UP,NORMAL,ALIGNED,HEALTHY,ALLOW
2026-09-28T13:21:00Z,83406.0,83416.01,83394.09,83408.39,3.63813,83406.16333333,29.38857143,0.05,0.9,0,TREND_UP,NORMAL,ALIGNED,HEALTHY,ALLOW
2026-09-28T13:22:00Z,83408.38,83425.78,83390.49,83406.82,11.39846,83407.69666667,26.60785714,0.05,0.9,0,TREND_DOWN,NORMAL,NEUTRAL,HEALTHY,ALLOW
2026-09-28T13:23:00Z,83406.82,83418.01,83404.0,83418.01,9.55051,83413.34,27.60785714,0.05,0.9,0,TREND_UP,NORMAL,ALIGNED,HEALTHY,ALLOW
2026-09-28T13:24:00Z,83418.01,83420.0,83408.0,83412.35,5.60201,83413.45,26.35142857,0.05,0.9,0,TREND_DOWN,NORMAL,NEUTRAL,HEALTHY,ALLOW
2026-09-28T13:25:00Z,83412.34,83462.55,83387.01,83462.55,12.40476,83437.37,29.03857143,0.05,0.9,0,TREND_UP,NORMAL,ALIGNED,HEALTHY,ALLOW
2026-09-28T13:26:00Z,83462.56,83504.01,83462.56,83497.53,21.02558,83488.03333333,30.25857143,0.05,0.9,0,TREND_UP,NORMAL,ALIGNED,HEALTHY,ALLOW
2026-09-28T13:27:00Z,83497.54,83523.79,83493.65,83518.0,13.5388,83511.81333333,31.34714286,0.05,0.9,0,TREND_UP,NORMAL,ALIGNED,HEALTHY,ALLOW
2026-09-28T13:28:00Z,83518.0,83536.01,83506.0,83536.01,4.63278,83526.00666667,31.04785714,0.05,0.9,0,TREND_UP,NORMAL,ALIGNED,HEALTHY,ALLOW
2026-09-28T13:29:00Z,83536.01,83567.48,83536.0,83567.47,9.91211,83556.98333333,33.16642857,0.05,0.9,0,TREND_UP,NORMAL,ALIGNED,HEALTHY,ALLOW
2026-09-28T13:30:00Z,83567.48,83703.7,83490.0,83504.97,126.45415,83566.22333333,45.93428571,0.05,0.9,0,TREND_DOWN,NORMAL,NEUTRAL,HEALTHY,ALLOW
2026-09-28T13:31:00Z,83504.97,83568.0,83480.0,83480.0,61.88539,83509.33333333,49.3,0.05,0.9,0,TREND_DOWN,NORMAL,NEUTRAL,HEALTHY,ALLOW
2026-09-28T13:32:00Z,83480.0,83506.01,83434.0,83456.5,31.28313,83465.50333333,51.3,0.05,0.9,0,TREND_DOWN,NORMAL,NEUTRAL,HEALTHY,ALLOW
2026-09-28T13:33:00Z,83456.5,83532.01,83429.38,83514.0,25.84471,83491.79666667,56.44142857,0.05,0.9,0,TREND_UP,NORMAL,ALIGNED,HEALTHY,ALLOW
2026-09-28T13:34:00Z,83514.0,83623.84,83500.0,83580.0,22.07549,83567.94666667,63.71642857,0.05,0.9,0,TREND_UP,NORMAL,ALIGNED,HEALTHY,ALLOW
2026-09-28T13:35:00Z,83580.0,83665.68,83454.12,83454.12,26.80205,83524.64,77.26214286,0.05,0.9,0,TREND_DOWN,NORMAL,NEUTRAL,HEALTHY,ALLOW
2026-09-28T13:36:00Z,83454.12,83492.01,83388.03,83458.01,28.98408,83446.01666667,82.16857143,0.05,0.9,0,TREND_UP,NORMAL,ALIGNED,HEALTHY,ALLOW
2026-09-28T13:37:00Z,83458.0,83618.81,83458.0,83542.05,41.66571,83539.62,92.65428571,0.05,0.9,0,TREND_UP,NORMAL,ALIGNED,HEALTHY,ALLOW
2026-09-28T13:38:00Z,83542.05,83688.75,83542.05,83688.75,17.15628,83639.85,102.27571429,0.05,0.9,0,TREND_UP,NORMAL,ALIGNED,HEALTHY,ALLOW
2026-09-28T13:39:00Z,83688.74,83812.32,83688.74,83723.86,47.62557,83741.64,105.70714286,0.05,0.9,0,TREND_UP,NORMAL,ALIGNED,HEALTHY,ALLOW
2026-09-28T13:40:00Z,83723.86,83746.68,83661.07,83738.19,14.88051,83715.31333333,108.86071429,0.05,0.9,0,TREND_UP,NORMAL,ALIGNED,HEALTHY,ALLOW
2026-09-28T13:41:00Z,83738.2,83796.45,83686.3,83717.22,34.1129,83733.32333333,114.57571429,0.05,0.9,0,TREND_DOWN,NORMAL,NEUTRAL,HEALTHY,ALLOW
2026-09-28T13:42:00Z,83717.21,83816.95,83717.21,83816.94,27.77718,83783.7,119.55642857,0.05,0.9,0,TREND_UP,NORMAL,ALIGNED,HEALTHY,ALLOW
2026-09-28T13:43:00Z,83816.94,83816.94,83754.08,83771.46,20.31083,83780.82666667,121.79785714,0.05,0.9,0,TREND_DOWN,NORMAL,NEUTRAL,HEALTHY,ALLOW
2026-09-28T13:44:00Z,83771.46,83771.46,83686.53,83741.62,23.7373,83733.20333333,112.6,0.05,0.9,0,TREND_DOWN,NORMAL,NEUTRAL,HEALTHY,ALLOW
2026-09-28T13:45:00Z,83741.62,83776.01,83718.2,83756.01,22.01324,83750.07333333,110.44357143,0.05,0.9,0,TREND_UP,NORMAL,ALIGNED,HEALTHY,ALLOW
2026-09-28T13:46:00Z,83756.0,83781.44,83682.0,83781.43,21.77334,83748.29,112.40285714,0.05,0.9,0,TREND_UP,NORMAL,ALIGNED,HEALTHY,ALLOW
2026-09-28T13:47:00Z,83781.43,83820.0,83726.25,83784.0,28.73712,83776.75,111.76857143,0.05,0.9,0,TREND_UP,NORMAL,ALIGNED,HEALTHY,ALLOW
2026-09-28T13:48:00Z,83784.01,83816.82,83750.97,83750.98,16.71447,83772.92333333,107.62642857,0.05,0.9,0,TREND_DOWN,NORMAL,NEUTRAL,HEALTHY,ALLOW
2026-09-28T13:49:00Z,83750.97,83750.98,83602.71,83602.72,27.43301,83652.13666667,103.10571429,0.05,0.9,0,TREND_DOWN,NORMAL,NEUTRAL,HEALTHY,ALLOW
2026-09-28T13:50:00Z,83602.72,83604.01,83484.0,83536.0,15.02648,83541.33666667,104.25071429,0.05,0.9,0,TREND_DOWN,NORMAL,NEUTRAL,HEALTHY,ALLOW
2026-09-28T13:51:00Z,83536.0,83549.63,83480.0,83500.9,24.00094,83510.17666667,97.73785714,0.05,0.9,0,TREND_DOWN,NORMAL,NEUTRAL,HEALTHY,ALLOW
2026-09-28T13:52:00Z,83500.91,83592.01,83486.58,83570.72,11.83769,83549.77,94.79,0.05,0.9,0,TREND_UP,NORMAL,ALIGNED,HEALTHY,ALLOW
2026-09-28T13:53:00Z,83570.72,83694.87,83570.72,83680.77,10.44989,83648.78666667,94.83071429,0.05,0.9,0,TREND_UP,NORMAL,ALIGNED,HEALTHY,ALLOW
2026-09-28T13:54:00Z,83680.77,83768.01,83680.76,83768.01,20.61925,83738.92666667,94.94785714,0.05,0.9,0,TREND_UP,NORMAL,ALIGNED,HEALTHY,ALLOW
2026-09-28T13:55:00Z,83768.01,83800.0,83705.18,83705.18,57.24599,83736.78666667,93.85285714,0.05,0.9,0,TREND_DOWN,NORMAL,NEUTRAL,HEALTHY,ALLOW
2026-09-28T13:56:00Z,83705.18,83705.18,83628.01,83657.99,12.9049,83663.72666667,92.24071429,0.05,0.9,0,TREND_DOWN,NORMAL,NEUTRAL,HEALTHY,ALLOW
2026-09-28T13:57:00Z,83658.0,83678.01,83656.65,83660.0,16.73401,83664.88666667,89.27642857,0.05,0.9,0,TREND_UP,NORMAL,ALIGNED,HEALTHY,ALLOW
2026-09-28T13:58:00Z,83660.0,83676.01,83632.92,83632.92,6.77684,83647.28333333,86.28785714,0.05,0.9,0,TREND_DOWN,NORMAL,NEUTRAL,HEALTHY,ALLOW
2026-09-28T13:59:00Z,83632.93,83666.01,83623.08,83641.99,10.80838,83643.69333333,85.225,0.05,0.9,0,TREND_UP,NORMAL,ALIGNED,HEALTHY,ALLOW
2026-09-28T14:00:00Z,83641.99,83642.0,83511.64,83511.64,57.96212,83555.09333333,87.43357143,0.05,0.9,0,TREND_DOWN,NORMAL,NEUTRAL,HEALTHY,ALLOW
2026-09-28T14:01:00Z,83511.64,83519.26,83444.67,83444.68,18.81053,83469.53666667,86.065,0.05,0.9,0,TREND_DOWN,NORMAL,NEUTRAL,HEALTHY,ALLOW
2026-09-28T14:02:00Z,83444.67,83536.01,83444.67,83515.4,11.43834,83498.69333333,87.88571429,0.05,0.9,0,TREND_UP,NORMAL,ALIGNED,HEALTHY,ALLOW
2026-09-28T14:03:00Z,83515.41,83515.41,83444.68,83452.01,9.78648,83470.7,82.34714286,0.05,0.9,0,TREND_DOWN,NORMAL,NEUTRAL,HEALTHY,ALLOW
2026-09-28T14:04:00Z,83452.01,83452.01,83394.38,83397.06,12.14593,83414.48333333,77.89142857,0.05,0.9,0,TREND_DOWN,NORMAL,NEUTRAL,HEALTHY,ALLOW
2026-09-28T14:05:00Z,83397.05,83444.01,83374.0,83374.01,20.63872,83397.34,77.91857143,0.05,0.9,0,TREND_DOWN,NORMAL,NEUTRAL,HEALTHY,ALLOW
2026-09-28T14:06:00Z,83374.01,83485.67,83326.0,83485.67,20.9543,83432.44666667,81.79285714,0.05,0.9,0,TREND_UP,NORMAL,ALIGNED,HEALTHY,ALLOW
2026-09-28T14:07:00Z,83485.67,83520.01,83456.0,83520.0,16.8064,83498.67,77.49714286,0.05,0.9,0,TREND_UP,NORMAL,ALIGNED,HEALTHY,ALLOW
2026-09-28T14:08:00Z,83520.0,83558.0,83500.0,83500.0,18.72449,83519.33333333,75.40785714,0.05,0.9,0,TREND_DOWN,NORMAL,NEUTRAL,HEALTHY,ALLOW
2026-09-28T14:09:00Z,83500.0,83518.33,83457.34,83465.27,10.5333,83480.31333333,72.99142857,0.05,0.9,0,TREND_DOWN,NORMAL,NEUTRAL,HEALTHY,ALLOW
2026-09-28T14:10:00Z,83465.27,83473.49,83441.09,83441.09,15.89286,83451.89,69.79357143,0.05,0.9,0,TREND_DOWN,NORMAL,NEUTRAL,HEALTHY,ALLOW
2026-09-28T14:11:00Z,83441.09,83524.01,83413.43,83522.17,18.75645,83486.53666667,76.16642857,0.05,0.9,0,TREND_UP,NORMAL,ALIGNED,HEALTHY,ALLOW
2026-09-28T14:12:00Z,83522.17,83541.78,83495.3,83537.99,17.71801,83525.02333333,76.40857143,0.05,0.9,0,TREND_UP,NORMAL,ALIGNED,HEALTHY,ALLOW
2026-09-28T14:13:00Z,83537.99,83538.0,83468.0,83474.01,12.91409,83493.33666667,78.34214286,0.05,0.9,0,TREND_DOWN,NORMAL,NEUTRAL,HEALTHY,ALLOW
2026-09-28T14:14:00Z,83474.01,83474.01,83372.0,83401.65,11.26263,83415.88666667,76.31714286,0.05,0.9,0,TREND_DOWN,NORMAL,NEUTRAL,HEALTHY,ALLOW
2026-09-28T14:15:00Z,83401.65,83418.01,83323.8,83323.8,10.55198,83355.20333333,77.71857143,0.05,0.9,0,TREND_DOWN,NORMAL,NEUTRAL,HEALTHY,ALLOW
2026-09-28T14:16:00Z,83323.81,83348.01,83270.26,83348.01,25.79733,83322.09333333,76.74785714,0.05,0.9,0,TREND_UP,NORMAL,ALIGNED,HEALTHY,ALLOW
2026-09-28T14:17:00Z,83348.01,83452.0,83347.34,83376.64,17.65818,83391.99333333,79.17142857,0.05,0.9,0,TREND_UP,NORMAL,ALIGNED,HEALTHY,ALLOW
2026-09-28T14:18:00Z,83376.64,83376.64,83266.74,83266.74,14.49997,83303.37333333,82.905,0.05,0.9,0,TREND_DOWN,NORMAL,NEUTRAL,HEALTHY,ALLOW
2026-09-28T14:19:00Z,83266.74,83388.01,83266.74,83380.27,7.73253,83345.00666667,86.56642857,0.05,0.9,0,TREND_UP,NORMAL,ALIGNED,HEALTHY,ALLOW
2026-09-28T14:20:00Z,83380.27,83418.01,83332.0,83418.01,11.1079,83389.34,81.305,0.05,0.9,0,TREND_UP,NORMAL,ALIGNED,HEALTHY,ALLOW
2026-09-28T14:21:00Z,83418.0,83480.0,83411.85,83472.49,8.40831,83454.78,81.60071429,0.05,0.9,0,TREND_UP,NORMAL,ALIGNED,HEALTHY,ALLOW
2026-09-28T14:22:00Z,83472.5,83570.72,83472.5,83570.72,16.87035,83537.98,84.47428571,0.05,0.9,0,TREND_UP,NORMAL,ALIGNED,HEALTHY,ALLOW
2026-09-28T14:23:00Z,83570.71,83570.72,83518.0,83534.02,14.76635,83540.91333333,83.88357143,0.05,0.9,0,TREND_DOWN,NORMAL,NEUTRAL,HEALTHY,ALLOW
2026-09-28T14:24:00Z,83534.02,83600.0,83506.0,83599.99,13.50062,83568.66333333,88.28357143,0.05,0.9,0,TREND_UP,NORMAL,ALIGNED,HEALTHY,ALLOW
2026-09-28T14:25:00Z,83599.99,83609.42,83552.0,83568.04,13.61431,83576.48666667,84.48642857,0.05,0.9,0,TREND_DOWN,NORMAL,NEUTRAL,HEALTHY,ALLOW
2026-09-28T14:26:00Z,83568.03,83568.04,83460.0,83474.01,17.39143,83500.68333333,88.88357143,0.05,0.9,0,TREND_DOWN,NORMAL,NEUTRAL,HEALTHY,ALLOW
2026-09-28T14:27:00Z,83474.01,83494.01,83377.51,83377.52,13.25432,83416.34666667,92.205,0.05,0.9,0,TREND_DOWN,NORMAL,NEUTRAL,HEALTHY,ALLOW
2026-09-28T14:28:00Z,83377.52,83383.84,83274.2,83277.67,27.83687,83311.90333333,92.75,0.05,0.9,0,TREND_DOWN,NORMAL,NEUTRAL,HEALTHY,ALLOW
2026-09-28T14:29:00Z,83277.67,83277.68,83100.0,83244.0,73.17566,83207.22666667,98.71214286,0.05,0.9,0,TREND_DOWN,NORMAL,NEUTRAL,HEALTHY,ALLOW
2026-09-28T14:30:00Z,83244.0,83324.02,83220.7,83312.01,36.3022,83285.57666667,100.53857143,0.05,0.9,0,TREND_UP,NORMAL,ALIGNED,HEALTHY,ALLOW
2026-09-28T14:31:00Z,83312.01,83316.0,83118.0,83118.0,27.51291,83184.0,107.20571429,0.05,0.9,0,TREND_DOWN,NORMAL,NEUTRAL,HEALTHY,ALLOW
2026-09-28T14:32:00Z,83118.0,83246.98,83095.0,83209.2,36.44345,83183.72666667,110.21142857,0.05,0.9,0,TREND_UP,NORMAL,ALIGNED,HEALTHY,ALLOW
2026-09-28T14:33:00Z,83209.2,83322.01,83192.0,83258.0,16.79273,83257.33666667,110.83571429,0.05,0.9,0,TREND_UP,NORMAL,ALIGNED,HEALTHY,ALLOW
2026-09-28T14:34:00Z,83258.0,83312.01,83240.0,83297.86,9.14635,83283.29,109.83571429,0.05,0.9,0,TREND_UP,NORMAL,ALIGNED,HEALTHY,ALLOW
2026-09-28T14:35:00Z,83297.86,83372.55,83268.0,83372.55,11.82716,83337.7,112.43571429,0.05,0.9,0,TREND_UP,NORMAL,ALIGNED,HEALTHY,ALLOW
2026-09-28T14:36:00Z,83372.55,83458.01,83372.55,83406.56,12.60519,83412.37333333,111.52357143,0.05,0.9,0,TREND_UP,NORMAL,ALIGNED,HEALTHY,ALLOW
2026-09-28T14:37:00Z,83406.56,83480.01,83387.07,83387.08,9.06185,83418.05333333,114.39642857,0.05,0.9,0,TREND_DOWN,NORMAL,NEUTRAL,HEALTHY,ALLOW
2026-09-28T14:38:00Z,83387.07,83387.08,83310.0,83340.0,13.91008,83345.69333333,113.18785714,0.05,0.9,0,TREND_DOWN,NORMAL,NEUTRAL,HEALTHY,ALLOW
2026-09-28T14:39:00Z,83340.01,83470.01,83331.67,83418.0,12.49576,83406.56,118.96785714,0.05,0.9,0,TREND_UP,NORMAL,ALIGNED,HEALTHY,ALLOW
2026-09-28T14:40:00Z,83418.01,83427.77,83364.0,83364.0,13.33465,83385.25666667,115.80571429,0.05,0.9,0,TREND_DOWN,NORMAL,NEUTRAL,HEALTHY,ALLOW
2026-09-28T14:41:00Z,83364.0,83364.01,83235.06,83242.0,54.37695,83280.35666667,116.695,0.05,0.9,0,TREND_DOWN,NORMAL,NEUTRAL,HEALTHY,ALLOW
2026-09-28T14:42:00Z,83242.01,83242.01,83000.01,83055.92,75.32447,83099.31333333,126.14928571,0.05,0.9,0,TREND_DOWN,NORMAL,NEUTRAL,HEALTHY,ALLOW
2026-09-28T14:43:00Z,83055.92,83071.47,82879.28,82879.29,71.56294,82943.34666667,127.18571429,0.05,0.9,0,TREND_DOWN,NORMAL,NEUTRAL,HEALTHY,ALLOW
2026-09-28T14:44:00Z,82879.28,82948.33,82856.0,82948.33,56.50103,82917.55333333,126.40071429,0.05,0.9,0,TREND_UP,NORMAL,ALIGNED,HEALTHY,ALLOW
2026-09-28T14:45:00Z,82948.33,82992.19,82893.81,82967.29,19.91515,82951.09666667,119.285,0.05,0.9,0,TREND_UP,NORMAL,ALIGNED,HEALTHY,ALLOW
2026-09-28T14:46:00Z,82967.28,83012.79,82929.6,82975.95,14.51978,82972.78,114.37142857,0.05,0.9,0,TREND_UP,NORMAL,ALIGNED,HEALTHY,ALLOW
2026-09-28T14:47:00Z,82975.95,82975.95,82856.0,82865.5,42.64778,82899.15,113.65285714,0.05,0.9,0,TREND_DOWN,NORMAL,NEUTRAL,HEALTHY,ALLOW
2026-09-28T14:48:00Z,82865.5,82992.6,82820.97,82976.0,37.42447,82929.85666667,120.76857143,0.05,0.9,0,TREND_UP,NORMAL,ALIGNED,HEALTHY,ALLOW
2026-09-28T14:49:00Z,82976.0,82984.06,82934.76,82954.34,9.92611,82957.72,116.82214286,0.05,0.9,0,TREND_DOWN,NORMAL,NEUTRAL,HEALTHY,ALLOW
2026-09-28T14:50:00Z,82954.35,83066.01,82954.34,83026.37,49.96833,83015.57333333,118.69428571,0.05,0.9,0,TREND_UP,NORMAL,ALIGNED,HEALTHY,ALLOW
2026-09-28T14:51:00Z,83026.36,83035.42,82757.59,82757.6,61.72005,82850.20333333,131.90071429,0.05,0.9,0,TREND_DOWN,NORMAL,NEUTRAL,HEALTHY,ALLOW
2026-09-28T14:52:00Z,82757.59,82792.5,82703.0,82773.92,34.37388,82756.47333333,132.78785714,0.05,0.9,0,TREND_UP,NORMAL,ALIGNED,HEALTHY,ALLOW
2026-09-28T14:53:00Z,82773.91,82869.99,82563.0,82860.01,72.04337,82764.33333333,144.83428571,0.05,0.9,0,TREND_UP,NORMAL,ALIGNED,HEALTHY,ALLOW
2026-09-28T14:54:00Z,82860.01,82934.01,82860.01,82890.02,23.64948,82894.68,145.565,0.05,0.9,0,TREND_UP,NORMAL,ALIGNED,HEALTHY,ALLOW
2026-09-28T14:55:00Z,82890.01,82898.01,82798.22,82846.17,15.20739,82847.46666667,143.48214286,0.05,0.9,0,TREND_DOWN,NORMAL,NEUTRAL,HEALTHY,ALLOW
2026-09-28T14:56:00Z,82846.17,82942.01,82828.0,82942.01,46.22349,82904.00666667,134.34,0.05,0.9,0,TREND_UP,NORMAL,ALIGNED,HEALTHY,ALLOW
2026-09-28T14:57:00Z,82942.0,82994.01,82927.71,82979.03,29.12953,82966.91666667,125.34785714,0.05,0.9,0,TREND_UP,NORMAL,ALIGNED,HEALTHY,ALLOW
2026-09-28T14:58:00Z,82979.04,82994.0,82916.81,82939.9,8.57952,82950.23666667,124.26642857,0.05,0.9,0,TREND_DOWN,NORMAL,NEUTRAL,HEALTHY,ALLOW
2026-09-28T14:59:00Z,82939.91,83020.01,82938.11,83020.0,13.64717,82992.70666667,123.08928571,0.05,0.9,0,TREND_UP,NORMAL,ALIGNED,HEALTHY,ALLOW
2026-09-28T15:00:00Z,83020.01,83073.13,82988.0,83035.01,11.02131,83032.04666667,123.22785714,0.05,0.9,0,TREND_UP,NORMAL,ALIGNED,HEALTHY,ALLOW
2026-09-28T15:01:00Z,83035.0,83060.01,83006.36,83010.35,12.44424,83025.57333333,118.49214286,0.05,0.9,0,TREND_DOWN,NORMAL,NEUTRAL,HEALTHY,ALLOW
2026-09-28T15:02:00Z,83010.36,83058.01,82995.79,83044.01,13.53642,83032.60333333,110.67714286,0.05,0.9,0,TREND_UP,NORMAL,ALIGNED,HEALTHY,ALLOW
2026-09-28T15:03:00Z,83044.01,83069.14,83033.45,83052.29,11.25481,83051.62666667,109.705,0.05,0.9,0,TREND_UP,NORMAL,ALIGNED,HEALTHY,ALLOW
2026-09-28T15:04:00Z,83052.3,83052.3,82979.01,82996.01,25.95229,83009.10666667,106.96357143,0.05,0.9,0,TREND_DOWN,NORMAL,NEUTRAL,HEALTHY,ALLOW
2026-09-28T15:05:00Z,82996.01,83041.52,82970.0,83041.51,93.40574,83017.67666667,92.22714286,0.05,0.9,0,TREND_UP,NORMAL,ALIGNED,HEALTHY,ALLOW
2026-09-28T15:06:00Z,83041.51,83050.01,83007.51,83050.0,15.14265,83035.84,88.87,0.05,0.9,0,TREND_UP,NORMAL,ALIGNED,HEALTHY,ALLOW
2026-09-28T15:07:00Z,83050.0,83053.14,82966.0,82980.95,17.94749,83000.03,73.16642857,0.05,0.9,0,TREND_DOWN,NORMAL,NEUTRAL,HEALTHY,ALLOW
2026-09-28T15:08:00Z,82981.93,83040.01,82981.93,83014.09,15.33076,83012.01,72.09928571,0.05,0.9,0,TREND_UP,NORMAL,ALIGNED,HEALTHY,ALLOW
2026-09-28T15:09:00Z,83014.09,83212.01,82999.94,83212.01,40.39157,83141.32,80.11928571,0.05,0.9,0,TREND_UP,NORMAL,ALIGNED,HEALTHY,ALLOW
2026-09-28T15:10:00Z,83212.01,83266.19,83182.0,83190.01,19.06706,83212.73333333,77.98928571,0.05,0.9,0,TREND_DOWN,NORMAL,NEUTRAL,HEALTHY,ALLOW
2026-09-28T15:11:00Z,83190.0,83190.01,82954.22,82954.23,34.6134,83032.82,90.09571429,0.05,0.9,0,TREND_DOWN,NORMAL,NEUTRAL,HEALTHY,ALLOW
2026-09-28T15:12:00Z,82954.23,83046.01,82929.0,83046.0,26.29268,83007.00333333,92.94,0.05,0.9,0,TREND_UP,NORMAL,ALIGNED,HEALTHY,ALLOW
2026-09-28T15:13:00Z,83046.0,83058.01,82955.7,82984.68,21.77761,82999.46333333,94.39785714,0.05,0.9,0,TREND_DOWN,NORMAL,NEUTRAL,HEALTHY,ALLOW
2026-09-28T15:14:00Z,82984.68,83022.01,82933.0,82956.86,23.81184,82970.62333333,94.675,0.05,0.9,0,TREND_DOWN,NORMAL,NEUTRAL,HEALTHY,ALLOW
2026-09-28T15:15:00Z,82956.87,82980.01,82882.32,82956.01,28.15723,82939.44666667,97.82071429,0.05,0.9,0,TREND_DOWN,NORMAL,NEUTRAL,HEALTHY,ALLOW
2026-09-28T15:16:00Z,82956.01,82956.01,82900.45,82922.0,21.74586,82926.15333333,97.345,0.05,0.9,0,TREND_DOWN,NORMAL,NEUTRAL,HEALTHY,ALLOW
2026-09-28T15:17:00Z,82922.0,82941.95,82823.32,82846.14,57.78522,82870.47,103.26928571,0.05,0.9,0,TREND_DOWN,NORMAL,NEUTRAL,HEALTHY,ALLOW
2026-09-28T15:18:00Z,82846.13,82900.0,82827.76,82892.01,19.11186,82873.25666667,103.19428571,0.05,0.9,0,TREND_UP,NORMAL,ALIGNED,HEALTHY,ALLOW
2026-09-28T15:19:00Z,82892.0,82964.01,82886.0,82904.79,27.69337,82918.26666667,103.65785714,0.05,0.9,0,TREND_UP,NORMAL,ALIGNED,HEALTHY,ALLOW
2026-09-28T15:20:00Z,82904.79,82930.01,82875.49,82888.24,37.2196,82897.91333333,104.51642857,0.05,0.9,0,TREND_DOWN,NORMAL,NEUTRAL,HEALTHY,ALLOW
2026-09-28T15:21:00Z,82888.24,82905.06,82822.0,82905.05,29.72069,82877.37,104.225,0.05,0.9,0,TREND_UP,NORMAL,ALIGNED,HEALTHY,ALLOW
2026-09-28T15:22:00Z,82905.06,82943.99,82855.75,82859.73,20.34054,82886.49,106.30928571,0.05,0.9,0,TREND_DOWN,NORMAL,NEUTRAL,HEALTHY,ALLOW
2026-09-28T15:23:00Z,82859.74,82921.88,82792.0,82906.01,102.41646,82873.29666667,100.43857143,0.05,0.9,0,TREND_UP,NORMAL,ALIGNED,HEALTHY,ALLOW
2026-09-28T15:24:00Z,82906.0,83034.01,82895.66,82986.0,175.73181,82971.89,104.30714286,0.05,0.9,0,TREND_UP,NORMAL,ALIGNED,HEALTHY,ALLOW
2026-09-28T15:25:00Z,82986.0,82994.8,82864.0,82976.0,32.56657,82944.93333333,96.80785714,0.05,0.9,0,TREND_DOWN,NORMAL,NEUTRAL,HEALTHY,ALLOW
2026-09-28T15:26:00Z,82976.01,83020.61,82916.0,83020.61,11.03441,82985.74,95.92214286,0.05,0.9,0,TREND_UP,NORMAL,ALIGNED,HEALTHY,ALLOW
2026-09-28T15:27:00Z,83020.76,83049.87,82998.48,83048.86,13.88941,83032.40333333,92.285,0.05,0.9,0,TREND_UP,NORMAL,ALIGNED,HEALTHY,ALLOW
2026-09-28T15:28:00Z,83048.86,83124.74,83048.86,83124.74,6.33738,83099.44666667,91.34714286,0.05,0.9,0,TREND_UP,NORMAL,ALIGNED,HEALTHY,ALLOW
2026-09-28T15:29:00Z,83124.74,83126.01,83038.93,83068.0,10.53627,83077.64666667,90.58928571,0.05,0.9,0,TREND_DOWN,NORMAL,NEUTRAL,HEALTHY,ALLOW
2026-09-28T15:30:00Z,83068.0,83082.01,83020.0,83046.01,9.20242,83049.34,91.05,0.05,0.9,0,TREND_DOWN,NORMAL,NEUTRAL,HEALTHY,ALLOW
2026-09-28T15:31:00Z,83046.0,83052.01,83020.01,83024.0,10.42576,83032.00666667,84.86214286,0.05,0.9,0,TREND_DOWN,NORMAL,NEUTRAL,HEALTHY,ALLOW
2026-09-28T15:32:00Z,83024.01,83130.01,83024.01,83112.01,6.63237,83088.67666667,87.27428571,0.05,0.9,0,TREND_UP,NORMAL,ALIGNED,HEALTHY,ALLOW
2026-09-28T15:33:00Z,83112.01,83130.01,83048.0,83048.01,6.35738,83075.34,87.56,0.05,0.9,0,TREND_DOWN,NORMAL,NEUTRAL,HEALTHY,ALLOW
2026-09-28T15:34:00Z,83048.01,83084.01,83046.0,83084.01,4.01321,83071.34,86.38071429,0.05,0.9,0,TREND_UP,NORMAL,ALIGNED,HEALTHY,ALLOW
2026-09-28T15:35:00Z,83084.0,83134.0,83080.0,83133.99,6.55866,83115.99666667,84.305,0.05,0.9,0,TREND_UP,NORMAL,ALIGNED,HEALTHY,ALLOW
2026-09-28T15:36:00Z,83133.99,83274.01,83133.99,83270.01,51.98431,83226.00333333,88.00357143,0.05,0.9,0,TREND_UP,NORMAL,ALIGNED,HEALTHY,ALLOW
2026-09-28T15:37:00Z,83270.0,83285.0,83200.0,83281.61,83.44968,83255.53666667,84.79785714,0.05,0.9,0,TREND_UP,NORMAL,ALIGNED,HEALTHY,ALLOW
2026-09-28T15:38:00Z,83281.61,83365.23,83261.64,83312.57,16.54652,83313.14666667,82.315,0.05,0.9,0,TREND_UP,NORMAL,ALIGNED,HEALTHY,ALLOW
2026-09-28T15:39:00Z,83312.56,83312.57,83224.0,83300.0,11.15764,83278.85666667,79.29857143,0.05,0.9,0,TREND_DOWN,NORMAL,NEUTRAL,HEALTHY,ALLOW
2026-09-28T15:40:00Z,83300.01,83310.01,83230.0,83239.72,8.56318,83259.91,77.54142857,0.05,0.9,0,TREND_DOWN,NORMAL,NEUTRAL,HEALTHY,ALLOW
2026-09-28T15:41:00Z,83239.72,83286.01,83230.0,83286.01,5.10447,83267.34,77.87142857,0.05,0.9,0,TREND_UP,NORMAL,ALIGNED,HEALTHY,ALLOW
2026-09-28T15:42:00Z,83286.0,83310.01,83240.0,83248.0,6.26485,83266.00333333,77.45214286,0.05,0.9,0,TREND_DOWN,NORMAL,NEUTRAL,HEALTHY,ALLOW
2026-09-28T15:43:00Z,83248.01,83248.01,83202.0,83202.0,5.24136,83217.33666667,74.51857143,0.05,0.9,0,TREND_DOWN,NORMAL,NEUTRAL,HEALTHY,ALLOW
2026-09-28T15:44:00Z,83202.01,83211.33,83188.0,83211.33,18.48843,83203.55333333,71.75571429,0.05,0.9,0,TREND_UP,NORMAL,ALIGNED,HEALTHY,ALLOW
2026-09-28T15:45:00Z,83211.33,83258.01,83211.32,83253.99,4.33858,83241.10666667,72.805,0.05,0.9,0,TREND_UP,NORMAL,ALIGNED,HEALTHY,ALLOW
2026-09-28T15:46:00Z,83254.0,83336.01,83216.0,83264.0,18.49314,83272.00333333,73.805,0.05,0.9,0,TREND_UP,NORMAL,ALIGNED,HEALTHY,ALLOW
2026-09-28T15:47:00Z,83264.0,83292.01,83252.0,83292.0,5.21636,83278.67,70.805,0.05,0.9,0,TREND_UP,NORMAL,ALIGNED,HEALTHY,ALLOW
2026-09-28T15:48:00Z,83292.01,83292.01,83248.0,83248.01,23.39931,83262.67333333,71.23357143,0.05,0.9,0,TREND_DOWN,NORMAL,NEUTRAL,HEALTHY,ALLOW
2026-09-28T15:49:00Z,83248.01,83284.01,83236.0,83284.01,4.58473,83268.00666667,70.80571429,0.05,0.9,0,TREND_UP,NORMAL,ALIGNED,HEALTHY,ALLOW
2026-09-28T15:50:00Z,83284.0,83330.01,83284.0,83314.0,8.03252,83309.33666667,64.09071429,0.05,0.9,0,TREND_UP,NORMAL,ALIGNED,HEALTHY,ALLOW
2026-09-28T15:51:00Z,83314.0,83314.0,83258.0,83258.0,6.51937,83276.66666667,62.01928571,0.05,0.9,0,TREND_DOWN,NORMAL,NEUTRAL,HEALTHY,ALLOW
2026-09-28T15:52:00Z,83258.0,83282.01,83230.0,83254.0,9.65435,83255.33666667,58.335,0.05,0.9,0,TREND_DOWN,NORMAL,NEUTRAL,HEALTHY,ALLOW
2026-09-28T15:53:00Z,83254.0,83283.99,83244.0,83276.01,11.10893,83268.0,54.865,0.05,0.9,0,TREND_UP,NORMAL,ALIGNED,HEALTHY,ALLOW
2026-09-28T15:54:00Z,83276.01,83341.02,83252.0,83341.01,31.84874,83311.34333333,55.50857143,0.05,0.9,0,TREND_UP,NORMAL,ALIGNED,HEALTHY,ALLOW
2026-09-28T15:55:00Z,83341.01,83380.01,83341.01,83344.0,19.69029,83355.00666667,54.29357143,0.05,0.9,0,TREND_UP,NORMAL,ALIGNED,HEALTHY,ALLOW
2026-09-28T15:56:00Z,83344.0,83371.59,83336.0,83347.96,15.02219,83351.85,51.835,0.05,0.9,0,TREND_UP,NORMAL,ALIGNED,HEALTHY,ALLOW
2026-09-28T15:57:00Z,83347.97,83390.0,83347.97,83350.01,11.3573,83362.66,51.55142857,0.05,0.9,0,TREND_UP,NORMAL,ALIGNED,HEALTHY,ALLOW
2026-09-28T15:58:00Z,83350.01,83378.73,83350.01,83377.23,5.54949,83368.65666667,51.93642857,0.05,0.9,0,TREND_UP,NORMAL,ALIGNED,HEALTHY,ALLOW
2026-09-28T15:59:00Z,83377.24,83397.18,83354.32,83370.0,9.98474,83373.83333333,51.66285714,0.05,0.9,0,TREND_DOWN,NORMAL,NEUTRAL,HEALTHY,ALLOW
2026-09-28T16:00:00Z,83370.0,83384.01,83338.0,83375.57,11.99594,83365.86,46.37714286,0.05,0.9,0,TREND_UP,NORMAL,ALIGNED,HEALTHY,ALLOW
2026-09-28T16:01:00Z,83375.57,83430.0,83356.0,83378.01,16.34643,83388.00333333,48.805,0.05,0.9,0,TREND_UP,NORMAL,ALIGNED,HEALTHY,ALLOW
2026-09-28T16:02:00Z,83378.01,83378.01,83306.0,83306.0,21.74933,83330.00333333,50.805,0.05,0.9,0,TREND_DOWN,NORMAL,NEUTRAL,HEALTHY,ALLOW
2026-09-28T16:03:00Z,83306.01,83306.01,83256.0,83260.01,8.66529,83274.00666667,50.94785714,0.05,0.9,0,TREND_DOWN,NORMAL,NEUTRAL,HEALTHY,ALLOW
2026-09-28T16:04:00Z,83260.0,83322.44,83260.0,83298.01,7.19524,83293.48333333,52.12142857,0.05,0.9,0,TREND_UP,NORMAL,ALIGNED,HEALTHY,ALLOW
2026-09-28T16:05:00Z,83298.01,83320.01,83272.0,83278.01,8.73297,83290.00666667,51.55071429,0.05,0.9,0,TREND_DOWN,NORMAL,NEUTRAL,HEALTHY,ALLOW
2026-09-28T16:06:00Z,83278.01,83318.01,83278.0,83318.0,7.40781,83304.67,50.69357143,0.05,0.9,0,TREND_UP,NORMAL,ALIGNED,HEALTHY,ALLOW
2026-09-28T16:07:00Z,83318.01,83418.59,83312.0,83384.0,28.80662,83371.53,55.45071429,0.05,0.9,0,TREND_UP,NORMAL,ALIGNED,HEALTHY,ALLOW
2026-09-28T16:08:00Z,83384.01,83454.54,83384.0,83424.3,11.00287,83420.94666667,54.13071429,0.05,0.9,0,TREND_UP,NORMAL,ALIGNED,HEALTHY,ALLOW
2026-09-28T16:09:00Z,83424.3,83434.01,83370.0,83410.01,11.82188,83404.67333333,55.91714286,0.05,0.9,0,TREND_DOWN,NORMAL,NEUTRAL,HEALTHY,ALLOW
2026-09-28T16:10:00Z,83410.0,83470.98,83410.0,83463.7,14.76303,83448.22666667,57.73071429,0.05,0.9,0,TREND_UP,NORMAL,ALIGNED,HEALTHY,ALLOW
2026-09-28T16:11:00Z,83463.7,83480.01,83456.0,83458.0,5.99457,83464.67,56.44285714,0.05,0.9,0,TREND_DOWN,NORMAL,NEUTRAL,HEALTHY,ALLOW
2026-09-28T16:12:00Z,83458.01,83474.0,83416.0,83440.01,10.5768,83443.33666667,58.53428571,0.05,0.9,0,TREND_DOWN,NORMAL,NEUTRAL,HEALTHY,ALLOW
2026-09-28T16:13:00Z,83440.0,83440.0,83424.06,83424.06,3.14293,83429.37333333,56.61214286,0.05,0.9,0,TREND_DOWN,NORMAL,NEUTRAL,HEALTHY,ALLOW
2026-09-28T16:14:00Z,83424.06,83424.06,83400.0,83420.93,12.31026,83414.99666667,55.04428571,0.05,0.9,0,TREND_DOWN,NORMAL,NEUTRAL,HEALTHY,ALLOW
2026-09-28T16:15:00Z,83420.92,83432.0,83394.13,83394.13,7.51661,83406.75333333,52.46357143,0.05,0.9,0,TREND_DOWN,NORMAL,NEUTRAL,HEALTHY,ALLOW
2026-09-28T16:16:00Z,83394.14,83534.79,83378.0,83534.79,40.18451,83482.52666667,58.51928571,0.05,0.9,0,TREND_UP,NORMAL,ALIGNED,HEALTHY,ALLOW
2026-09-28T16:17:00Z,83534.78,83693.78,83513.67,83692.43,26.54185,83633.29333333,67.81214286,0.05,0.9,0,TREND_UP,NORMAL,ALIGNED,HEALTHY,ALLOW
2026-09-28T16:18:00Z,83692.43,83720.94,83552.96,83552.97,21.81133,83608.95666667,75.35071429,0.05,0.9,0,TREND_DOWN,NORMAL,NEUTRAL,HEALTHY,ALLOW
2026-09-28T16:19:00Z,83552.97,83660.44,83547.86,83660.43,7.33077,83622.91,79.96285714,0.05,0.9,0,TREND_UP,NORMAL,ALIGNED,HEALTHY,ALLOW
2026-09-28T16:20:00Z,83660.43,83732.57,83640.31,83712.83,8.6538,83695.23666667,83.695,0.05,0.9,0,TREND_UP,NORMAL,ALIGNED,HEALTHY,ALLOW
2026-09-28T16:21:00Z,83712.83,83778.52,83712.82,83730.0,22.57592,83740.44666667,80.77428571,0.05,0.9,0,TREND_UP,NORMAL,ALIGNED,HEALTHY,ALLOW
2026-09-28T16:22:00Z,83730.01,83792.01,83728.95,83764.01,16.67,83761.65666667,80.24,0.05,0.9,0,TREND_UP,NORMAL,ALIGNED,HEALTHY,ALLOW
2026-09-28T16:23:00Z,83764.0,83875.0,83722.0,83875.0,64.52979,83824.0,86.59642857,0.05,0.9,0,TREND_UP,NORMAL,ALIGNED,HEALTHY,ALLOW
2026-09-28T16:24:00Z,83874.99,83980.0,83837.57,83911.29,62.99816,83909.62,92.41428571,0.05,0.9,0,TREND_UP,NORMAL,ALIGNED,HEALTHY,ALLOW
2026-09-28T16:25:00Z,83911.29,83938.54,83876.0,83923.21,12.91718,83912.58333333,95.16642857,0.05,0.9,0,TREND_UP,NORMAL,ALIGNED,HEALTHY,ALLOW
2026-09-28T16:26:00Z,83923.21,84096.72,83923.21,84074.35,56.52758,84031.42666667,103.41714286,0.05,0.9,0,TREND_UP,NORMAL,ALIGNED,HEALTHY,ALLOW
2026-09-28T16:27:00Z,84074.34,84188.9,84052.0,84188.89,48.41951,84143.26333333,112.05642857,0.05,0.9,0,TREND_UP,NORMAL,ALIGNED,HEALTHY,ALLOW
2026-09-28T16:28:00Z,84188.89,84188.9,84064.0,84112.13,46.71318,84121.67666667,119.25928571,0.05,0.9,0,TREND_DOWN,NORMAL,NEUTRAL,HEALTHY,ALLOW
2026-09-28T16:29:00Z,84112.13,84151.0,83971.46,84012.01,28.20068,84044.82333333,129.37857143,0.05,0.9,0,TREND_DOWN,NORMAL,NEUTRAL,HEALTHY,ALLOW
2026-09-28T16:30:00Z,84012.01,84114.26,84007.99,84100.0,34.90812,84074.08333333,125.77,0.05,0.9,0,TREND_UP,NORMAL,ALIGNED,HEALTHY,ALLOW
2026-09-28T16:31:00Z,84100.0,84100.0,84026.26,84042.01,11.43256,84056.09,118.17214286,0.05,0.9,0,TREND_DOWN,NORMAL,NEUTRAL,HEALTHY,ALLOW
2026-09-28T16:32:00Z,84042.0,84074.01,83959.08,83959.08,15.66316,83997.39,114.38285714,0.05,0.9,0,TREND_DOWN,NORMAL,NEUTRAL,HEALTHY,ALLOW
2026-09-28T16:33:00Z,83959.09,84000.48,83919.22,83954.0,15.8735,83957.9,112.14571429,0.05,0.9,0,TREND_DOWN,NORMAL,NEUTRAL,HEALTHY,ALLOW
2026-09-28T16:34:00Z,83954.0,84000.01,83926.0,83942.0,10.69379,83956.00333333,110.84214286,0.05,0.9,0,TREND_DOWN,NORMAL,NEUTRAL,HEALTHY,ALLOW
2026-09-28T16:35:00Z,83942.0,83998.01,83926.01,83952.92,19.37459,83958.98,111.29214286,0.05,0.9,0,TREND_UP,NORMAL,ALIGNED,HEALTHY,ALLOW
2026-09-28T16:36:00Z,83952.91,83972.01,83944.0,83950.01,9.62995,83955.34,108.78857143,0.05,0.9,0,TREND_DOWN,NORMAL,NEUTRAL,HEALTHY,ALLOW
2026-09-28T16:37:00Z,83950.01,83950.01,83904.09,83930.01,8.75956,83928.03666667,101.14,0.05,0.9,0,TREND_DOWN,NORMAL,NEUTRAL,HEALTHY,ALLOW
2026-09-28T16:38:00Z,83930.0,83930.01,83868.0,83879.59,14.1279,83892.53333333,95.39571429,0.05,0.9,0,TREND_DOWN,NORMAL,NEUTRAL,HEALTHY,ALLOW
2026-09-28T16:39:00Z,83879.59,83879.59,83831.41,83831.41,17.65476,83847.47,94.37,0.05,0.9,0,TREND_DOWN,NORMAL,NEUTRAL,HEALTHY,ALLOW
2026-09-28T16:40:00Z,83831.41,83843.81,83788.01,83793.57,24.80771,83808.46333333,85.96214286,0.05,0.9,0,TREND_DOWN,NORMAL,NEUTRAL,HEALTHY,ALLOW
2026-09-28T16:41:00Z,83793.57,83800.0,83716.0,83716.0,21.36393,83744.0,82.18357143,0.05,0.9,0,TREND_DOWN,NORMAL,NEUTRAL,HEALTHY,ALLOW
2026-09-28T16:42:00Z,83716.0,83746.01,83682.6,83715.22,33.011,83714.61,77.79142857,0.05,0.9,0,TREND_DOWN,NORMAL,NEUTRAL,HEALTHY,ALLOW
2026-09-28T16:43:00Z,83715.23,83729.13,83678.13,83695.29,12.99033,83700.85,68.61,0.05,0.9,0,TREND_DOWN,NORMAL,NEUTRAL,HEALTHY,ALLOW
2026-09-28T16:44:00Z,83695.29,83740.01,83684.37,83724.0,12.82226,83716.12666667,64.99357143,0.05,0.9,0,TREND_UP,NORMAL,ALIGNED,HEALTHY,ALLOW
2026-09-28T16:45:00Z,83724.0,83776.01,83714.0,83714.0,20.15699,83734.67,64.15571429,0.05,0.9,0,TREND_DOWN,NORMAL,NEUTRAL,HEALTHY,ALLOW
2026-09-28T16:46:00Z,83714.0,83724.01,83666.66,83668.7,29.38537,83686.45666667,60.04285714,0.05,0.9,0,TREND_DOWN,NORMAL,NEUTRAL,HEALTHY,ALLOW
2026-09-28T16:47:00Z,83668.69,83686.01,83644.08,83663.67,17.20877,83664.58666667,57.23357143,0.05,0.9,0,TREND_DOWN,NORMAL,NEUTRAL,HEALTHY,ALLOW
2026-09-28T16:48:00Z,83663.67,83663.67,83605.8,83605.81,13.20207,83625.09333333,56.08071429,0.05,0.9,0,TREND_DOWN,NORMAL,NEUTRAL,HEALTHY,ALLOW
2026-09-28T16:49:00Z,83605.8,83614.01,83582.0,83600.0,15.68126,83598.67,53.22428571,0.05,0.9,0,TREND_DOWN,NORMAL,NEUTRAL,HEALTHY,ALLOW
2026-09-28T16:50:00Z,83600.01,83636.01,83584.0,83624.67,16.06502,83614.89333333,54.93857143,0.05,0.9,0,TREND_UP,NORMAL,ALIGNED,HEALTHY,ALLOW
2026-09-28T16:51:00Z,83624.67,83624.67,83580.28,83616.01,9.48758,83606.98666667,54.82928571,0.05,0.9,0,TREND_DOWN,NORMAL,NEUTRAL,HEALTHY,ALLOW
2026-09-28T16:52:00Z,83616.0,83669.51,83584.01,83656.7,13.13778,83636.74,56.50714286,0.05,0.9,0,TREND_UP,NORMAL,ALIGNED,HEALTHY,ALLOW
2026-09-28T16:53:00Z,83656.7,83688.01,83640.0,83688.0,10.06296,83672.00333333,56.495,0.05,0.9,0,TREND_UP,NORMAL,ALIGNED,HEALTHY,ALLOW
2026-09-28T16:54:00Z,83688.01,83712.01,83680.64,83712.01,7.54819,83701.55333333,54.75,0.05,0.9,0,TREND_UP,NORMAL,ALIGNED,HEALTHY,ALLOW
2026-09-28T16:55:00Z,83712.01,83724.01,83682.27,83696.0,8.53857,83700.76,51.73142857,0.05,0.9,0,TREND_DOWN,NORMAL,NEUTRAL,HEALTHY,ALLOW
2026-09-28T16:56:00Z,83696.0,83716.28,83678.23,83678.23,6.90361,83690.91333333,49.92,0.05,0.9,0,TREND_DOWN,NORMAL,NEUTRAL,HEALTHY,ALLOW
2026-09-28T16:57:00Z,83678.24,83699.51,83653.0,83676.02,12.85657,83676.17666667,49.59928571,0.05,0.9,0,TREND_DOWN,NORMAL,NEUTRAL,HEALTHY,ALLOW
2026-09-28T16:58:00Z,83676.02,83700.0,83676.02,83700.0,7.05697,83692.00666667,47.33785714,0.05,0.9,0,TREND_UP,NORMAL,ALIGNED,HEALTHY,ALLOW
2026-09-28T16:59:00Z,83699.99,83723.1,83699.99,83723.1,5.21124,83715.39666667,44.55928571,0.05,0.9,0,TREND_UP,NORMAL,ALIGNED,HEALTHY,ALLOW
2026-09-28T17:00:00Z,83723.1,83723.1,83599.12,83599.13,14.25071,83640.45,49.31857143,0.05,0.9,0,TREND_DOWN,NORMAL,NEUTRAL,HEALTHY,ALLOW
2026-09-28T17:01:00Z,83599.12,83628.01,83595.0,83599.42,15.17237,83607.47666667,48.68142857,0.05,0.9,0,TREND_UP,NORMAL,ALIGNED,HEALTHY,ALLOW
2026-09-28T17:02:00Z,83599.42,83756.43,83586.01,83756.43,43.85924,83699.62333333,56.72071429,0.05,0.9,0,TREND_UP,NORMAL,ALIGNED,HEALTHY,ALLOW
2026-09-28T17:03:00Z,83756.43,83759.12,83616.0,83650.0,29.03321,83675.04,64.65714286,0.05,0.9,0,TREND_DOWN,NORMAL,NEUTRAL,HEALTHY,ALLOW
2026-09-28T17:04:00Z,83650.01,83662.0,83634.0,83639.32,13.73775,83645.10666667,62.94214286,0.05,0.9,0,TREND_DOWN,NORMAL,NEUTRAL,HEALTHY,ALLOW
2026-09-28T17:05:00Z,83639.31,83639.32,83616.0,83624.72,8.12446,83626.68,61.43714286,0.05,0.9,0,TREND_DOWN,NORMAL,NEUTRAL,HEALTHY,ALLOW
2026-09-28T17:06:00Z,83624.72,83662.01,83582.76,83653.83,12.33304,83632.86666667,60.99071429,0.05,0.9,0,TREND_UP,NORMAL,ALIGNED,HEALTHY,ALLOW
2026-09-28T17:07:00Z,83653.82,83653.82,83590.99,83590.99,14.65601,83611.93333333,62.05,0.05,0.9,0,TREND_DOWN,NORMAL,NEUTRAL,HEALTHY,ALLOW
2026-09-28T17:08:00Z,83591.0,83591.0,83563.11,83563.46,19.20491,83572.52333333,61.80142857,0.05,0.9,0,TREND_DOWN,NORMAL,NEUTRAL,HEALTHY,ALLOW
2026-09-28T17:09:00Z,83563.45,83580.0,83563.45,83570.71,5.05811,83571.38666667,60.00214286,0.05,0.9,0,TREND_UP,NORMAL,ALIGNED,HEALTHY,ALLOW
2026-09-28T17:10:00Z,83570.71,83595.95,83563.45,83587.59,4.46715,83582.33,59.60571429,0.05,0.9,0,TREND_UP,NORMAL,ALIGNED,HEALTHY,ALLOW
2026-09-28T17:11:00Z,83587.58,83983.36,83585.73,83976.32,44.9866,83848.47,84.68571429,0.05,0.9,0,TREND_UP,NORMAL,ALIGNED,HEALTHY,ALLOW
2026-09-28T17:12:00Z,83976.33,84040.0,83916.0,84014.82,22.95798,83990.27333333,91.83,0.05,0.9,0,TREND_UP,NORMAL,ALIGNED,HEALTHY,ALLOW
2026-09-28T17:13:00Z,84014.81,84166.66,83977.1,84152.0,44.74501,84098.58666667,103.71928571,0.05,0.9,0,TREND_UP,NORMAL,ALIGNED,HEALTHY,ALLOW
2026-09-28T17:14:00Z,84152.0,84250.0,84109.59,84249.99,49.79061,84203.19333333,104.89285714,0.05,0.9,0,TREND_UP,NORMAL,ALIGNED,HEALTHY,ALLOW
2026-09-28T17:15:00Z,84249.99,84271.99,84079.21,84208.0,27.69555,84186.4,116.305,0.05,0.9,0,TREND_DOWN,NORMAL,NEUTRAL,HEALTHY,ALLOW
2026-09-28T17:16:00Z,84208.01,84381.3,84208.0,84302.0,47.49477,84297.1,116.51071429,0.05,0.9,0,TREND_UP,NORMAL,ALIGNED,HEALTHY,ALLOW
2026-09-28T17:17:00Z,84302.01,84324.62,84172.0,84176.72,36.24833,84224.44666667,117.18928571,0.05,0.9,0,TREND_DOWN,NORMAL,NEUTRAL,HEALTHY,ALLOW
2026-09-28T17:18:00Z,84176.66,84176.66,84068.0,84068.0,16.82225,84104.22,122.955,0.05,0.9,0,TREND_DOWN,NORMAL,NEUTRAL,HEALTHY,ALLOW
2026-09-28T17:19:00Z,84068.01,84080.38,84004.01,84030.3,14.86746,84038.23,126.74428571,0.05,0.9,0,TREND_DOWN,NORMAL,NEUTRAL,HEALTHY,ALLOW
2026-09-28T17:20:00Z,84030.31,84038.39,83973.11,84030.3,15.41556,84013.93333333,125.74642857,0.05,0.9,0,TREND_DOWN,NORMAL,NEUTRAL,HEALTHY,ALLOW
2026-09-28T17:21:00Z,84030.29,84063.18,84017.02,84024.28,21.93229,84034.82666667,124.555,0.05,0.9,0,TREND_DOWN,NORMAL,NEUTRAL,HEALTHY,ALLOW
2026-09-28T17:22:00Z,84024.27,84032.68,83987.13,84025.11,19.35365,84014.97333333,125.81642857,0.05,0.9,0,TREND_UP,NORMAL,ALIGNED,HEALTHY,ALLOW
2026-09-28T17:23:00Z,84025.1,84071.41,83988.39,84001.0,6.99083,84020.26666667,130.56428571,0.05,0.9,0,TREND_DOWN,NORMAL,NEUTRAL,HEALTHY,ALLOW
2026-09-28T17:24:00Z,84001.0,84034.86,84000.99,84013.38,11.61427,84016.41,130.66214286,0.05,0.9,0,TREND_UP,NORMAL,ALIGNED,HEALTHY,ALLOW
2026-09-28T17:25:00Z,84013.38,84013.39,83991.58,84011.98,3.37802,84005.65,103.81785714,0.05,0.9,0,TREND_DOWN,NORMAL,NEUTRAL,HEALTHY,ALLOW
2026-09-28T17:26:00Z,84011.97,84011.98,83929.03,83943.71,22.87053,83961.57333333,100.88571429,0.05,0.9,0,TREND_DOWN,NORMAL,NEUTRAL,HEALTHY,ALLOW
2026-09-28T17:27:00Z,83943.71,83943.72,83884.0,83886.51,16.75297,83904.74333333,91.61142857,0.05,0.9,0,TREND_DOWN,NORMAL,NEUTRAL,HEALTHY,ALLOW
2026-09-28T17:28:00Z,83886.52,83925.56,83880.0,83903.65,19.91886,83903.07,84.83642857,0.05,0.9,0,TREND_UP,NORMAL,ALIGNED,HEALTHY,ALLOW
2026-09-28T17:29:00Z,83903.65,83941.89,83895.86,83905.01,7.03868,83914.25333333,74.35428571,0.05,0.9,0,TREND_UP,NORMAL,ALIGNED,HEALTHY,ALLOW
2026-09-28T17:30:00Z,83905.01,84000.0,83899.02,83999.99,6.62995,83966.33666667,69.18857143,0.05,0.9,0,TREND_UP,NORMAL,ALIGNED,HEALTHY,ALLOW
2026-09-28T17:31:00Z,83999.99,84000.0,83953.12,83984.95,5.19539,83979.35666667,61.63571429,0.05,0.9,0,TREND_DOWN,NORMAL,NEUTRAL,HEALTHY,ALLOW
2026-09-28T17:32:00Z,83984.95,84002.34,83957.4,83999.99,7.9223,83986.57666667,57.08,0.05,0.9,0,TREND_UP,NORMAL,ALIGNED,HEALTHY,ALLOW
2026-09-28T17:33:00Z,83999.99,84000.0,83930.62,83930.62,6.40291,83953.74666667,56.58071429,0.05,0.9,0,TREND_DOWN,NORMAL,NEUTRAL,HEALTHY,ALLOW
2026-09-28T17:34:00Z,83930.62,83930.63,83878.0,83878.0,9.46422,83895.54333333,55.67714286,0.05,0.9,0,TREND_DOWN,NORMAL,NEUTRAL,HEALTHY,ALLOW
2026-09-28T17:35:00Z,83878.0,83931.63,83875.0,83931.63,7.18041,83912.75333333,56.425,0.05,0.9,0,TREND_UP,NORMAL,ALIGNED,HEALTHY,ALLOW
2026-09-28T17:36:00Z,83931.62,83951.08,83926.84,83929.54,4.35466,83935.82,54.90285714,0.05,0.9,0,TREND_DOWN,NORMAL,NEUTRAL,HEALTHY,ALLOW
2026-09-28T17:37:00Z,83929.53,83943.95,83852.0,83852.0,18.87511,83882.65,55.54071429,0.05,0.9,0,TREND_DOWN,NORMAL,NEUTRAL,HEALTHY,ALLOW
2026-09-28T17:38:00Z,83852.01,83952.01,83852.0,83942.96,3.91802,83915.65666667,60.265,0.05,0.9,0,TREND_UP,NORMAL,ALIGNED,HEALTHY,ALLOW
2026-09-28T17:39:00Z,83942.95,83942.95,83923.18,83931.73,2.957,83932.62,60.12,0.05,0.9,0,TREND_DOWN,NORMAL,NEUTRAL,HEALTHY,ALLOW
2026-09-28T17:40:00Z,83931.74,83956.01,83913.26,83931.78,3.84058,83933.68333333,57.24857143,0.05,0.9,0,TREND_UP,NORMAL,ALIGNED,HEALTHY,ALLOW
2026-09-28T17:41:00Z,83931.78,84016.01,83924.62,84016.01,5.44559,83985.54666667,59.51071429,0.05,0.9,0,TREND_UP,NORMAL,ALIGNED,HEALTHY,ALLOW
2026-09-28T17:42:00Z,84016.0,84016.01,83942.46,83992.65,6.08146,83983.70666667,61.51,0.05,0.9,0,TREND_DOWN,NORMAL,NEUTRAL,HEALTHY,ALLOW
2026-09-28T17:43:00Z,83992.65,84026.01,83987.62,84004.79,5.90694,84006.14,60.96428571,0.05,0.9,0,TREND_UP,NORMAL,ALIGNED,HEALTHY,ALLOW
2026-09-28T17:44:00Z,84004.79,84015.0,83995.13,84014.99,1.82848,84008.37333333,55.17071429,0.05,0.9,0,TREND_UP,NORMAL,ALIGNED,HEALTHY,ALLOW
2026-09-28T17:45:00Z,84014.98,84054.01,83999.19,84010.53,5.97617,84021.24333333,55.73785714,0.05,0.9,0,TREND_DOWN,NORMAL,NEUTRAL,HEALTHY,ALLOW
2026-09-28T17:46:00Z,84010.52,84010.53,83978.66,83988.07,4.22477,83992.42,54.80428571,0.05,0.9,0,TREND_DOWN,NORMAL,NEUTRAL,HEALTHY,ALLOW
2026-09-28T17:47:00Z,83988.06,83988.07,83934.0,83934.0,7.85622,83952.02333333,53.71071429,0.05,0.9,0,TREND_DOWN,NORMAL,NEUTRAL,HEALTHY,ALLOW
2026-09-28T17:48:00Z,83934.0,83958.2,83931.57,83955.68,4.52556,83948.48333333,51.85357143,0.05,0.9,0,TREND_UP,NORMAL,ALIGNED,HEALTHY,ALLOW
2026-09-28T17:49:00Z,83955.68,83955.68,83916.32,83918.52,4.80034,83930.17333333,50.62,0.05,0.9,0,TREND_DOWN,NORMAL,NEUTRAL,HEALTHY,ALLOW
2026-09-28T17:50:00Z,83918.53,83921.03,83894.0,83894.01,7.23497,83903.01333333,50.81928571,0.05,0.9,0,TREND_DOWN,NORMAL,NEUTRAL,HEALTHY,ALLOW
2026-09-28T17:51:00Z,83894.0,83895.08,83866.0,83895.08,4.09375,83885.38666667,46.32857143,0.05,0.9,0,TREND_UP,NORMAL,ALIGNED,HEALTHY,ALLOW
2026-09-28T17:52:00Z,83895.07,83966.01,83895.07,83966.0,7.66953,83942.36,44.25214286,0.05,0.9,0,TREND_UP,NORMAL,ALIGNED,HEALTHY,ALLOW
2026-09-28T17:53:00Z,83966.0,83966.0,83905.54,83905.54,4.46534,83925.69333333,47.15785714,0.05,0.9,0,TREND_DOWN,NORMAL,NEUTRAL,HEALTHY,ALLOW
2026-09-28T17:54:00Z,83905.54,83917.53,83879.91,83879.91,3.40073,83892.45,46.79142857,0.05,0.9,0,TREND_DOWN,NORMAL,NEUTRAL,HEALTHY,ALLOW
2026-09-28T17:55:00Z,83879.91,83897.66,83842.01,83897.66,14.69343,83879.11,44.23857143,0.05,0.9,0,TREND_UP,NORMAL,ALIGNED,HEALTHY,ALLOW
2026-09-28T17:56:00Z,83899.99,83930.63,83899.99,83912.36,5.60005,83914.32666667,41.34,0.05,0.9,0,TREND_UP,NORMAL,ALIGNED,HEALTHY,ALLOW
2026-09-28T17:57:00Z,83912.37,83940.1,83912.36,83930.0,6.61718,83927.48666667,40.57928571,0.05,0.9,0,TREND_UP,NORMAL,ALIGNED,HEALTHY,ALLOW
2026-09-28T17:58:00Z,83929.99,83930.0,83904.0,83904.01,1.63426,83912.67,41.01714286,0.05,0.9,0,TREND_DOWN,NORMAL,NEUTRAL,HEALTHY,ALLOW
2026-09-28T17:59:00Z,83904.01,83904.01,83880.33,83880.33,1.48752,83888.22333333,38.79285714,0.05,0.9,0,TREND_DOWN,NORMAL,NEUTRAL,HEALTHY,ALLOW
2026-09-28T18:00:00Z,83880.34,83880.34,83846.94,83851.5,3.69195,83859.59333333,38.90214286,0.05,0.9,0,TREND_DOWN,NORMAL,NEUTRAL,HEALTHY,ALLOW
2026-09-28T18:01:00Z,83851.49,83887.22,83850.0,83887.22,9.01162,83874.81333333,37.69857143,0.05,0.9,0,TREND_UP,NORMAL,ALIGNED,HEALTHY,ALLOW
2026-09-28T18:02:00Z,83887.21,83964.01,83887.21,83964.01,6.54892,83938.41,41.28214286,0.05,0.9,0,TREND_UP,NORMAL,ALIGNED,HEALTHY,ALLOW
2026-09-28T18:03:00Z,83964.01,83966.01,83938.18,83938.19,6.71268,83947.46,40.45857143,0.05,0.9,0,TREND_DOWN,NORMAL,NEUTRAL,HEALTHY,ALLOW
2026-09-28T18:04:00Z,83938.18,83974.01,83938.18,83962.62,9.56653,83958.27,41.08714286,0.05,0.9,0,TREND_UP,NORMAL,ALIGNED,HEALTHY,ALLOW
2026-09-28T18:05:00Z,83962.62,83969.01,83944.45,83947.15,3.13775,83953.53666667,40.76428571,0.05,0.9,0,TREND_DOWN,NORMAL,NEUTRAL,HEALTHY,ALLOW
2026-09-28T18:06:00Z,83947.14,83954.91,83910.28,83923.85,3.28002,83929.68,38.885,0.05,0.9,0,TREND_DOWN,NORMAL,NEUTRAL,HEALTHY,ALLOW
2026-09-28T18:07:00Z,83923.85,83923.86,83899.8,83903.83,5.31179,83909.16333333,36.285,0.05,0.9,0,TREND_DOWN,NORMAL,NEUTRAL,HEALTHY,ALLOW
2026-09-28T18:08:00Z,83903.84,83943.33,83903.83,83943.33,5.42566,83930.16333333,36.41928571,0.05,0.9,0,TREND_UP,NORMAL,ALIGNED,HEALTHY,ALLOW
2026-09-28T18:09:00Z,83943.32,83943.32,83913.94,83917.96,2.86933,83925.07333333,34.54357143,0.05,0.9,0,TREND_DOWN,NORMAL,NEUTRAL,HEALTHY,ALLOW
2026-09-28T18:10:00Z,83917.97,83960.01,83917.96,83941.14,8.38295,83939.70333333,35.19214286,0.05,0.9,0,TREND_UP,NORMAL,ALIGNED,HEALTHY,ALLOW
2026-09-28T18:11:00Z,83941.15,83960.0,83932.75,83960.0,2.3803,83950.91666667,35.15714286,0.05,0.9,0,TREND_UP,NORMAL,ALIGNED,HEALTHY,ALLOW
2026-09-28T18:12:00Z,83960.01,83972.15,83950.83,83950.83,2.29055,83957.93666667,34.82285714,0.05,0.9,0,TREND_DOWN,NORMAL,NEUTRAL,HEALTHY,ALLOW
2026-09-28T18:13:00Z,83950.83,83960.05,83940.66,83960.05,2.88029,83953.58666667,34.51642857,0.05,0.9,0,TREND_UP,NORMAL,ALIGNED,HEALTHY,ALLOW
2026-09-28T18:14:00Z,83960.05,83972.15,83960.04,83972.15,1.3292,83968.11333333,32.99571429,0.05,0.9,0,TREND_UP,NORMAL,ALIGNED,HEALTHY,ALLOW
2026-09-28T18:15:00Z,83972.15,83992.01,83959.65,83959.65,3.07025,83970.43666667,32.64857143,0.05,0.9,0,TREND_DOWN,NORMAL,NEUTRAL,HEALTHY,ALLOW
2026-09-28T18:16:00Z,83959.65,83965.39,83937.08,83965.38,3.13395,83955.95,29.185,0.05,0.9,0,TREND_UP,NORMAL,ALIGNED,HEALTHY,ALLOW
2026-09-28T18:17:00Z,83965.38,83973.65,83902.58,83902.59,2.39829,83926.27333333,32.27357143,0.05,0.9,0,TREND_DOWN,NORMAL,NEUTRAL,HEALTHY,ALLOW
2026-09-28T18:18:00Z,83902.58,83939.07,83899.37,83927.46,2.78946,83921.96666667,32.55,0.05,0.9,0,TREND_UP,NORMAL,ALIGNED,HEALTHY,ALLOW
2026-09-28T18:19:00Z,83927.46,83927.46,83903.45,83916.9,2.14397,83915.93666667,32.51071429,0.05,0.9,0,TREND_DOWN,NORMAL,NEUTRAL,HEALTHY,ALLOW
2026-09-28T18:20:00Z,83916.89,83943.36,83903.45,83928.34,2.4093,83925.05,32.17357143,0.05,0.9,0,TREND_UP,NORMAL,ALIGNED,HEALTHY,ALLOW
2026-09-28T18:21:00Z,83928.34,83934.98,83921.14,83929.56,4.50948,83928.56,31.44357143,0.05,0.9,0,TREND_UP,NORMAL,ALIGNED,HEALTHY,ALLOW
2026-09-28T18:22:00Z,83929.57,83990.31,83929.56,83990.3,2.53925,83970.05666667,32.96142857,0.05,0.9,0,TREND_UP,NORMAL,ALIGNED,HEALTHY,ALLOW
2026-09-28T18:23:00Z,83990.3,83994.01,83949.95,83949.95,2.9054,83964.63666667,34.00928571,0.05,0.9,0,TREND_DOWN,NORMAL,NEUTRAL,HEALTHY,ALLOW
2026-09-28T18:24:00Z,83949.95,83968.33,83937.34,83968.32,1.6761,83957.99666667,33.21928571,0.05,0.9,0,TREND_UP,NORMAL,ALIGNED,HEALTHY,ALLOW
2026-09-28T18:25:00Z,83968.32,83995.7,83945.41,83951.79,3.34533,83964.3,34.865,0.05,0.9,0,TREND_DOWN,NORMAL,NEUTRAL,HEALTHY,ALLOW
2026-09-28T18:26:00Z,83951.79,83972.32,83947.59,83972.32,2.12589,83964.07666667,35.10857143,0.05,0.9,0,TREND_UP,NORMAL,ALIGNED,HEALTHY,ALLOW
2026-09-28T18:27:00Z,83972.32,84000.0,83972.32,83988.62,6.43804,83986.98,35.70071429,0.05,0.9,0,TREND_UP,NORMAL,ALIGNED,HEALTHY,ALLOW
2026-09-28T18:28:00Z,83988.62,83988.62,83934.24,83953.65,5.80736,83958.83666667,38.72,0.05,0.9,0,TREND_DOWN,NORMAL,NEUTRAL,HEALTHY,ALLOW
2026-09-28T18:29:00Z,83953.64,83953.65,83938.35,83938.36,2.82297,83943.45333333,37.50142857,0.05,0.9,0,TREND_DOWN,NORMAL,NEUTRAL,HEALTHY,ALLOW
2026-09-28T18:30:00Z,83938.35,83954.89,83894.84,83933.76,6.37524,83927.83,39.76857143,0.05,0.9,0,TREND_DOWN,NORMAL,NEUTRAL,HEALTHY,ALLOW
2026-09-28T18:31:00Z,83933.75,83933.76,83872.0,83895.71,5.19411,83900.49,39.10357143,0.05,0.9,0,TREND_DOWN,NORMAL,NEUTRAL,HEALTHY,ALLOW
2026-09-28T18:32:00Z,83895.72,83895.72,83806.35,83806.36,9.39023,83836.14333333,42.65142857,0.05,0.9,0,TREND_DOWN,NORMAL,NEUTRAL,HEALTHY,ALLOW
2026-09-28T18:33:00Z,83806.36,83834.62,83800.0,83814.99,5.34795,83816.53666667,43.40928571,0.05,0.9,0,TREND_UP,NORMAL,ALIGNED,HEALTHY,ALLOW
2026-09-28T18:34:00Z,83814.99,83877.85,83814.99,83877.84,6.417,83856.89333333,45.04857143,0.05,0.9,0,TREND_UP,NORMAL,ALIGNED,HEALTHY,ALLOW
2026-09-28T18:35:00Z,83877.84,83877.85,83850.34,83877.85,3.40888,83868.68,46.025,0.05,0.9,0,TREND_UP,NORMAL,ALIGNED,HEALTHY,ALLOW
2026-09-28T18:36:00Z,83877.84,83887.49,83861.17,83886.15,4.33782,83878.27,43.56571429,0.05,0.9,0,TREND_UP,NORMAL,ALIGNED,HEALTHY,ALLOW
2026-09-28T18:37:00Z,83886.16,83904.01,83877.14,83877.14,3.22446,83886.09666667,42.33785714,0.05,0.9,0,TREND_DOWN,NORMAL,NEUTRAL,HEALTHY,ALLOW
2026-09-28T18:38:00Z,83877.14,83890.67,83846.01,83846.01,3.21743,83860.89666667,43.31428571,0.05,0.9,0,TREND_DOWN,NORMAL,NEUTRAL,HEALTHY,ALLOW
2026-09-28T18:39:00Z,83846.0,83846.01,83800.01,83816.94,7.18576,83820.98666667,43.00785714,0.05,0.9,0,TREND_DOWN,NORMAL,NEUTRAL,HEALTHY,ALLOW
2026-09-28T18:40:00Z,83816.94,83838.56,83805.55,83838.55,4.0127,83827.55333333,43.59928571,0.05,0.9,0,TREND_UP,NORMAL,ALIGNED,HEALTHY,ALLOW
2026-09-28T18:41:00Z,83838.56,83862.99,83816.94,83846.65,3.33714,83842.19333333,44.91142857,0.05,0.9,0,TREND_UP,NORMAL,ALIGNED,HEALTHY,ALLOW
2026-09-28T18:42:00Z,83846.65,83864.38,83830.48,83830.49,3.52882,83841.78333333,43.44857143,0.05,0.9,0,TREND_DOWN,NORMAL,NEUTRAL,HEALTHY,ALLOW
2026-09-28T18:43:00Z,83830.49,83833.36,83816.94,83833.36,4.87219,83827.88666667,43.52857143,0.05,0.9,0,TREND_UP,NORMAL,ALIGNED,HEALTHY,ALLOW
2026-09-28T18:44:00Z,83833.36,83869.5,83833.35,83869.49,2.3855,83857.44666667,41.82142857,0.05,0.9,0,TREND_UP,NORMAL,ALIGNED,HEALTHY,ALLOW
2026-09-28T18:45:00Z,83869.49,83869.49,83818.48,83827.9,5.0314,83838.62333333,41.05357143,0.05,0.9,0,TREND_DOWN,NORMAL,NEUTRAL,HEALTHY,ALLOW
2026-09-28T18:46:00Z,83827.91,83842.26,83827.91,83831.62,5.14041,83833.93,35.69571429,0.05,0.9,0,TREND_UP,NORMAL,ALIGNED,HEALTHY,ALLOW
2026-09-28T18:47:00Z,83831.62,83890.05,83810.35,83890.05,9.80986,83863.48333333,38.91571429,0.05,0.9,0,TREND_UP,NORMAL,ALIGNED,HEALTHY,ALLOW
2026-09-28T18:48:00Z,83890.04,83952.96,83877.88,83904.29,22.15173,83911.71,39.78857143,0.05,0.9,0,TREND_UP,NORMAL,ALIGNED,HEALTHY,ALLOW
2026-09-28T18:49:00Z,83904.28,83904.28,83868.39,83879.0,20.71051,83883.89,40.38785714,0.05,0.9,0,TREND_DOWN,NORMAL,NEUTRAL,HEALTHY,ALLOW
2026-09-28T18:50:00Z,83878.99,83914.97,83878.99,83895.84,20.23832,83896.6,41.07785714,0.05,0.9,0,TREND_UP,NORMAL,ALIGNED,HEALTHY,ALLOW
2026-09-28T18:51:00Z,83895.85,83917.46,83895.84,83916.11,21.87001,83909.80333333,40.70285714,0.05,0.9,0,TREND_UP,NORMAL,ALIGNED,HEALTHY,ALLOW
2026-09-28T18:52:00Z,83916.11,83976.01,83916.1,83976.0,21.3938,83956.03666667,41.79214286,0.05,0.9,0,TREND_UP,NORMAL,ALIGNED,HEALTHY,ALLOW
2026-09-28T18:53:00Z,83976.0,84029.27,83973.32,84009.42,29.45586,84004.00333333,42.50285714,0.05,0.9,0,TREND_UP,NORMAL,ALIGNED,HEALTHY,ALLOW
2026-09-28T18:54:00Z,84009.43,84031.52,83983.95,84031.52,23.20081,84015.66333333,43.54285714,0.05,0.9,0,TREND_UP,NORMAL,ALIGNED,HEALTHY,ALLOW
2026-09-28T18:55:00Z,84031.52,84040.01,83998.64,84024.08,22.07797,84020.91,43.20857143,0.05,0.9,0,TREND_DOWN,NORMAL,NEUTRAL,HEALTHY,ALLOW
2026-09-28T18:56:00Z,84024.09,84035.69,84000.0,84002.71,21.97501,84012.8,43.33642857,0.05,0.9,0,TREND_DOWN,NORMAL,NEUTRAL,HEALTHY,ALLOW
2026-09-28T18:57:00Z,84002.71,84038.89,84002.71,84020.69,10.56079,84020.76333333,44.74785714,0.05,0.9,0,TREND_UP,NORMAL,ALIGNED,HEALTHY,ALLOW
2026-09-28T18:58:00Z,84020.7,84038.11,84020.69,84038.1,2.13953,84032.3,43.41,0.05,0.9,0,TREND_UP,NORMAL,ALIGNED,HEALTHY,ALLOW
2026-09-28T18:59:00Z,84038.11,84045.23,84038.1,84041.19,2.29039,84041.50666667,40.27571429,0.05,0.9,0,TREND_UP,NORMAL,ALIGNED,HEALTHY,ALLOW
2026-09-28T19:00:00Z,84041.19,84045.23,83981.1,83981.11,3.20126,84002.48,43.83071429,0.05,0.9,0,TREND_DOWN,NORMAL,NEUTRAL,HEALTHY,ALLOW
2026-09-28T19:01:00Z,83981.1,83981.11,83922.32,83937.14,4.48091,83946.85666667,42.33714286,0.05,0.9,0,TREND_DOWN,NORMAL,NEUTRAL,HEALTHY,ALLOW
2026-09-28T19:02:00Z,83937.14,83937.15,83878.0,83881.49,6.3708,83898.88,41.19928571,0.05,0.9,0,TREND_DOWN,NORMAL,NEUTRAL,HEALTHY,ALLOW
2026-09-28T19:03:00Z,83881.49,83895.28,83858.0,83858.0,5.90007,83870.42666667,41.29785714,0.05,0.9,0,TREND_DOWN,NORMAL,NEUTRAL,HEALTHY,ALLOW
2026-09-28T19:04:00Z,83858.01,83858.01,83818.18,83818.18,5.26439,83831.45666667,41.57285714,0.05,0.9,0,TREND_DOWN,NORMAL,NEUTRAL,HEALTHY,ALLOW
2026-09-28T19:05:00Z,83818.18,83823.05,83789.09,83823.05,7.3805,83811.73,42.45428571,0.05,0.9,0,TREND_UP,NORMAL,ALIGNED,HEALTHY,ALLOW
2026-09-28T19:06:00Z,83823.06,83823.06,83748.01,83748.01,7.44981,83773.02666667,43.53571429,0.05,0.9,0,TREND_DOWN,NORMAL,NEUTRAL,HEALTHY,ALLOW
2026-09-28T19:07:00Z,83748.0,83767.34,83716.16,83720.13,11.29773,83734.54333333,43.195,0.05,0.9,0,TREND_DOWN,NORMAL,NEUTRAL,HEALTHY,ALLOW
2026-09-28T19:08:00Z,83720.13,83747.17,83715.78,83727.28,9.50724,83730.07666667,42.03928571,0.05,0.9,0,TREND_UP,NORMAL,ALIGNED,HEALTHY,ALLOW
2026-09-28T19:09:00Z,83726.28,83726.28,83668.07,83668.07,11.59757,83687.47333333,43.31357143,0.05,0.9,0,TREND_DOWN,NORMAL,NEUTRAL,HEALTHY,ALLOW
2026-09-28T19:10:00Z,83668.07,83690.87,83658.05,83668.7,2.62565,83672.54,43.10857143,0.05,0.9,0,TREND_UP,NORMAL,ALIGNED,HEALTHY,ALLOW
2026-09-28T19:11:00Z,83668.71,83700.0,83666.73,83666.73,7.45799,83677.82,42.90071429,0.05,0.9,0,TREND_DOWN,NORMAL,NEUTRAL,HEALTHY,ALLOW
2026-09-28T19:12:00Z,83666.73,83713.81,83665.46,83713.8,7.06515,83697.69,45.11,0.05,0.9,0,TREND_UP,NORMAL,ALIGNED,HEALTHY,ALLOW
2026-09-28T19:13:00Z,83713.81,83756.58,83713.8,83748.28,8.86538,83739.55333333,47.65642857,0.05,0.9,0,TREND_UP,NORMAL,ALIGNED,HEALTHY,ALLOW
2026-09-28T19:14:00Z,83748.28,83748.28,83721.27,83727.59,3.01463,83732.38,45.005,0.05,0.9,0,TREND_DOWN,NORMAL,NEUTRAL,HEALTHY,ALLOW
2026-09-28T19:15:00Z,83727.59,83727.59,83674.75,83708.3,3.39879,83703.54666667,44.58,0.05,0.9,0,TREND_DOWN,NORMAL,NEUTRAL,HEALTHY,ALLOW
2026-09-28T19:16:00Z,83708.31,83732.52,83680.64,83680.65,4.40218,83697.93666667,44.06071429,0.05,0.9,0,TREND_DOWN,NORMAL,NEUTRAL,HEALTHY,ALLOW
2026-09-28T19:17:00Z,83680.64,83725.79,83680.64,83713.43,4.94701,83706.62,44.62285714,0.05,0.9,0,TREND_UP,NORMAL,ALIGNED,HEALTHY,ALLOW
2026-09-28T19:18:00Z,83713.42,83724.25,83690.77,83724.24,3.35896,83713.08666667,44.16928571,0.05,0.9,0,TREND_UP,NORMAL,ALIGNED,HEALTHY,ALLOW
2026-09-28T19:19:00Z,83724.25,83737.5,83690.76,83737.5,22.9514,83721.92,45.08214286,0.05,0.9,0,TREND_UP,NORMAL,ALIGNED,HEALTHY,ALLOW
2026-09-28T19:20:00Z,83737.5,83737.5,83694.93,83694.93,2.97683,83709.12,42.76214286,0.05,0.9,0,TREND_DOWN,NORMAL,NEUTRAL,HEALTHY,ALLOW
2026-09-28T19:21:00Z,83694.93,83711.33,83676.85,83699.48,2.71696,83695.88666667,41.56928571,0.05,0.9,0,TREND_UP,NORMAL,ALIGNED,HEALTHY,ALLOW
2026-09-28T19:22:00Z,83699.48,83701.39,83680.53,83686.4,2.41823,83689.44,40.81714286,0.05,0.9,0,TREND_DOWN,NORMAL,NEUTRAL,HEALTHY,ALLOW
2026-09-28T19:23:00Z,83686.39,83686.4,83670.89,83670.89,1.98367,83676.06,37.69571429,0.05,0.9,0,TREND_DOWN,NORMAL,NEUTRAL,HEALTHY,ALLOW
2026-09-28T19:24:00Z,83670.89,83678.38,83663.45,83678.37,7.01961,83673.4,36.41785714,0.05,0.9,0,TREND_UP,NORMAL,ALIGNED,HEALTHY,ALLOW
2026-09-28T19:25:00Z,83678.37,83678.38,83665.16,83665.17,2.8757,83669.57,34.98571429,0.05,0.9,0,TREND_DOWN,NORMAL,NEUTRAL,HEALTHY,ALLOW
2026-09-28T19:26:00Z,83665.16,83687.78,83662.16,83669.83,3.65423,83673.25666667,33.36214286,0.05,0.9,0,TREND_UP,NORMAL,ALIGNED,HEALTHY,ALLOW
2026-09-28T19:27:00Z,83669.82,83686.32,83669.82,83680.52,2.05357,83678.88666667,31.485,0.05,0.9,0,TREND_UP,NORMAL,ALIGNED,HEALTHY,ALLOW
2026-09-28T19:28:00Z,83680.51,83680.52,83665.34,83674.46,6.56317,83673.44,30.64,0.05,0.9,0,TREND_DOWN,NORMAL,NEUTRAL,HEALTHY,ALLOW
2026-09-28T19:29:00Z,83674.46,83674.46,83634.09,83638.0,10.63729,83648.85,29.74928571,0.05,0.9,0,TREND_DOWN,NORMAL,NEUTRAL,HEALTHY,ALLOW
2026-09-28T19:30:00Z,83638.01,83652.84,83626.22,83626.22,5.811,83635.09333333,27.945,0.05,0.9,0,TREND_DOWN,NORMAL,NEUTRAL,HEALTHY,ALLOW
2026-09-28T19:31:00Z,83626.23,83652.76,83613.8,83616.76,5.82737,83627.77333333,27.50285714,0.05,0.9,0,TREND_DOWN,NORMAL,NEUTRAL,HEALTHY,ALLOW
2026-09-28T19:32:00Z,83616.76,83643.78,83578.95,83590.6,10.4611,83604.44333333,29.74214286,0.05,0.9,0,TREND_DOWN,NORMAL,NEUTRAL,HEALTHY,ALLOW
2026-09-28T19:33:00Z,83590.59,83610.9,83529.0,83529.0,9.65475,83556.3,32.25357143,0.05,0.9,0,TREND_DOWN,NORMAL,NEUTRAL,HEALTHY,ALLOW
2026-09-28T19:34:00Z,83529.01,83554.95,83508.0,83539.74,17.54729,83534.23,32.56642857,0.05,0.9,0,TREND_UP,NORMAL,ALIGNED,HEALTHY,ALLOW
2026-09-28T19:35:00Z,83539.75,83539.75,83494.0,83494.0,6.89564,83509.25,33.37142857,0.05,0.9,0,TREND_DOWN,NORMAL,NEUTRAL,HEALTHY,ALLOW
2026-09-28T19:36:00Z,83494.01,83494.01,83430.0,83445.81,17.57179,83456.60666667,36.45357143,0.05,0.9,0,TREND_DOWN,NORMAL,NEUTRAL,HEALTHY,ALLOW
2026-09-28T19:37:00Z,83445.81,83445.82,83328.0,83328.01,24.74547,83367.27666667,43.76142857,0.05,0.9,0,TREND_DOWN,NORMAL,NEUTRAL,HEALTHY,ALLOW
2026-09-28T19:38:00Z,83328.01,83328.01,83236.22,83244.69,19.76192,83269.64,49.25142857,0.05,0.9,0,TREND_DOWN,NORMAL,NEUTRAL,HEALTHY,ALLOW
2026-09-28T19:39:00Z,83244.7,83283.06,83208.0,83241.54,14.20415,83244.2,53.66857143,0.05,0.9,0,TREND_DOWN,NORMAL,NEUTRAL,HEALTHY,ALLOW
2026-09-28T19:40:00Z,83241.53,83241.54,83118.1,83118.11,68.57184,83159.25,60.65571429,0.05,0.9,0,TREND_DOWN,NORMAL,NEUTRAL,HEALTHY,ALLOW
2026-09-28T19:41:00Z,83118.11,83220.01,83118.1,83220.0,13.95822,83186.03666667,66.75642857,0.05,0.9,0,TREND_UP,NORMAL,ALIGNED,HEALTHY,ALLOW
2026-09-28T19:42:00Z,83220.0,83246.01,83195.58,83246.01,6.83174,83229.2,69.27428571,0.05,0.9,0,TREND_UP,NORMAL,ALIGNED,HEALTHY,ALLOW
2026-09-28T19:43:00Z,83246.01,83304.01,83246.0,83275.71,8.39971,83275.24,70.53428571,0.05,0.9,0,TREND_UP,NORMAL,ALIGNED,HEALTHY,ALLOW
2026-09-28T19:44:00Z,83275.72,83336.01,83270.5,83320.53,9.14429,83309.01333333,73.31214286,0.05,0.9,0,TREND_UP,NORMAL,ALIGNED,HEALTHY,ALLOW
2026-09-28T19:45:00Z,83320.53,83383.02,83312.2,83383.02,6.65607,83359.41333333,75.58785714,0.05,0.9,0,TREND_UP,NORMAL,ALIGNED,HEALTHY,ALLOW
2026-09-28T19:46:00Z,83383.01,83384.01,83346.44,83354.33,4.8075,83361.59333333,73.64071429,0.05,0.9,0,TREND_DOWN,NORMAL,NEUTRAL,HEALTHY,ALLOW
2026-09-28T19:47:00Z,83354.33,83364.19,83334.25,83334.25,5.84269,83344.23,69.92928571,0.05,0.9,0,TREND_DOWN,NORMAL,NEUTRAL,HEALTHY,ALLOW
2026-09-28T19:48:00Z,83334.24,83334.24,83281.77,83283.12,6.53911,83299.71,70.32428571,0.05,0.9,0,TREND_DOWN,NORMAL,NEUTRAL,HEALTHY,ALLOW
2026-09-28T19:49:00Z,83283.13,83300.17,83278.0,83292.64,5.85885,83290.27,68.64,0.05,0.9,0,TREND_UP,NORMAL,ALIGNED,HEALTHY,ALLOW
2026-09-28T19:50:00Z,83292.63,83329.53,83274.0,83324.11,5.10574,83309.21333333,68.03428571,0.05,0.9,0,TREND_UP,NORMAL,ALIGNED,HEALTHY,ALLOW
2026-09-28T19:51:00Z,83324.11,83384.01,83307.82,83384.01,5.06015,83358.61333333,65.06071429,0.05,0.9,0,TREND_UP,NORMAL,ALIGNED,HEALTHY,ALLOW
2026-09-28T19:52:00Z,83384.0,83400.01,83373.06,83400.0,5.13398,83391.02333333,60.42928571,0.05,0.9,0,TREND_UP,NORMAL,ALIGNED,HEALTHY,ALLOW
2026-09-28T19:53:00Z,83400.01,83404.01,83385.09,83395.67,4.68209,83394.92333333,56.41928571,0.05,0.9,0,TREND_DOWN,NORMAL,NEUTRAL,HEALTHY,ALLOW
2026-09-28T19:54:00Z,83395.67,83405.05,83365.14,83365.15,3.98023,83378.44666667,50.45285714,0.05,0.9,0,TREND_DOWN,NORMAL,NEUTRAL,HEALTHY,ALLOW
2026-09-28T19:55:00Z,83365.15,83405.03,83365.15,83365.15,3.91869,83378.44333333,46.02214286,0.05,0.9,0,TREND_UP,NORMAL,ALIGNED,HEALTHY,ALLOW
2026-09-28T19:56:00Z,83365.15,83392.64,83365.15,83392.64,1.35208,83383.47666667,44.38357143,0.05,0.9,0,TREND_UP,NORMAL,ALIGNED,HEALTHY,ALLOW
2026-09-28T19:57:00Z,83392.63,83403.69,83378.09,83381.65,3.10015,83387.81,42.06857143,0.05,0.9,0,TREND_DOWN,NORMAL,NEUTRAL,HEALTHY,ALLOW
2026-09-28T19:58:00Z,83381.66,83424.0,83381.65,83423.99,4.77501,83409.88,40.41428571,0.05,0.9,0,TREND_UP,NORMAL,ALIGNED,HEALTHY,ALLOW
2026-09-28T19:59:00Z,83424.0,83424.0,83386.87,83389.54,21.2907,83400.13666667,38.00785714,0.05,0.9,0,TREND_DOWN,NORMAL,NEUTRAL,HEALTHY,ALLOW
2026-09-28T20:00:00Z,83389.53,83434.78,83384.0,83409.09,4.69157,83409.29,38.95142857,0.05,0.9,0,TREND_UP,NORMAL,ALIGNED,HEALTHY,ALLOW
2026-09-28T20:01:00Z,83409.09,83409.09,83286.01,83286.01,19.95538,83327.03666667,45.60428571,0.05,0.9,0,TREND_DOWN,NORMAL,NEUTRAL,HEALTHY,ALLOW
2026-09-28T20:02:00Z,83286.0,83362.33,83270.0,83362.32,8.82064,83331.55,48.45071429,0.05,0.9,0,TREND_UP,NORMAL,ALIGNED,HEALTHY,ALLOW
2026-09-28T20:03:00Z,83362.33,83418.01,83362.32,83399.93,6.62428,83393.42,50.845,0.05,0.9,0,TREND_UP,NORMAL,ALIGNED,HEALTHY,ALLOW
2026-09-28T20:04:00Z,83399.92,83495.06,83396.86,83484.62,7.77834,83458.84666667,53.89285714,0.05,0.9,0,TREND_UP,NORMAL,ALIGNED,HEALTHY,ALLOW
2026-09-28T20:05:00Z,83484.63,83529.0,83484.62,83519.17,13.88955,83510.93,51.62071429,0.05,0.9,0,TREND_UP,NORMAL,ALIGNED,HEALTHY,ALLOW
2026-09-28T20:06:00Z,83519.16,83544.36,83500.19,83544.35,19.53945,83529.63333333,52.85071429,0.05,0.9,0,TREND_UP,NORMAL,ALIGNED,HEALTHY,ALLOW
2026-09-28T20:07:00Z,83544.35,83563.45,83536.01,83563.44,4.87995,83554.3,53.45928571,0.05,0.9,0,TREND_UP,NORMAL,ALIGNED,HEALTHY,ALLOW
2026-09-28T20:08:00Z,83563.45,83569.57,83549.9,83569.55,4.50856,83563.00666667,52.01357143,0.05,0.9,0,TREND_UP,NORMAL,ALIGNED,HEALTHY,ALLOW
2026-09-28T20:09:00Z,83569.56,83570.72,83569.55,83570.72,0.96391,83570.33,49.24857143,0.05,0.9,0,TREND_UP,NORMAL,ALIGNED,HEALTHY,ALLOW
2026-09-28T20:10:00Z,83570.72,83588.66,83570.71,83584.57,3.51692,83581.31333333,48.56714286,0.05,0.9,0,TREND_UP,NORMAL,ALIGNED,HEALTHY,ALLOW
2026-09-28T20:11:00Z,83584.57,83613.8,83584.56,83591.56,5.90686,83596.64,48.82714286,0.05,0.9,0,TREND_UP,NORMAL,ALIGNED,HEALTHY,ALLOW
2026-09-28T20:12:00Z,83591.57,83591.57,83545.82,83545.82,3.39669,83561.07,49.07,0.05,0.9,0,TREND_DOWN,NORMAL,NEUTRAL,HEALTHY,ALLOW
2026-09-28T20:13:00Z,83545.83,83582.01,83545.83,83582.01,11.05425,83569.95,49.00285714,0.05,0.9,0,TREND_UP,NORMAL,ALIGNED,HEALTHY,ALLOW
2026-09-28T20:14:00Z,83582.01,83582.01,83570.52,83570.53,9.50842,83574.35333333,46.19642857,0.05,0.9,0,TREND_DOWN,NORMAL,NEUTRAL,HEALTHY,ALLOW
2026-09-28T20:15:00Z,83570.53,83570.53,83536.98,83536.99,2.4985,83548.16666667,39.80142857,0.05,0.9,0,TREND_DOWN,NORMAL,NEUTRAL,HEALTHY,ALLOW
2026-09-28T20:16:00Z,83536.99,83536.99,83494.0,83494.0,3.63301,83508.33,36.27714286,0.05,0.9,0,TREND_DOWN,NORMAL,NEUTRAL,HEALTHY,ALLOW
2026-09-28T20:17:00Z,83494.0,83494.01,83485.28,83485.28,1.946,83488.19,32.92285714,0.05,0.9,0,TREND_DOWN,NORMAL,NEUTRAL,HEALTHY,ALLOW
2026-09-28T20:18:00Z,83485.28,83493.55,83472.93,83493.54,2.5648,83486.67333333,27.38142857,0.05,0.9,0,TREND_UP,NORMAL,ALIGNED,HEALTHY,ALLOW
2026-09-28T20:19:00Z,83493.55,83514.01,83493.54,83514.01,2.92233,83507.18666667,25.67357143,0.05,0.9,0,TREND_UP,NORMAL,ALIGNED,HEALTHY,ALLOW
2026-09-28T20:20:00Z,83514.01,83541.68,83514.01,83534.01,6.03188,83529.9,24.495,0.05,0.9,0,TREND_UP,NORMAL,ALIGNED,HEALTHY,ALLOW
2026-09-28T20:21:00Z,83534.0,83534.01,83525.65,83526.0,1.6669,83528.55333333,23.13214286,0.05,0.9,0,TREND_DOWN,NORMAL,NEUTRAL,HEALTHY,ALLOW
2026-09-28T20:22:00Z,83525.99,83526.0,83525.99,83526.0,1.75181,83525.99666667,21.72785714,0.05,0.9,0,TREND_UP,NORMAL,ALIGNED,HEALTHY,ALLOW
2026-09-28T20:23:00Z,83526.0,83526.0,83486.8,83486.8,3.33013,83499.86666667,24.44428571,0.05,0.9,0,TREND_DOWN,NORMAL,NEUTRAL,HEALTHY,ALLOW
2026-09-28T20:24:00Z,83486.8,83552.01,83480.0,83552.0,4.26939,83528.00333333,28.30571429,0.05,0.9,0,TREND_UP,NORMAL,ALIGNED,HEALTHY,ALLOW
2026-09-28T20:25:00Z,83552.0,83555.78,83548.0,83553.47,4.10434,83552.41666667,26.77285714,0.05,0.9,0,TREND_UP,NORMAL,ALIGNED,HEALTHY,ALLOW
2026-09-28T20:26:00Z,83553.47,83553.48,83545.1,83550.0,13.26997,83549.52666667,24.10357143,0.05,0.9,0,TREND_DOWN,NORMAL,NEUTRAL,HEALTHY,ALLOW
2026-09-28T20:27:00Z,83550.01,83550.01,83534.74,83534.74,9.89074,83539.83,22.60928571,0.05,0.9,0,TREND_DOWN,NORMAL,NEUTRAL,HEALTHY,ALLOW
2026-09-28T20:28:00Z,83534.74,83544.01,83526.0,83544.01,11.5337,83538.00666667,23.075,0.05,0.9,0,TREND_UP,NORMAL,ALIGNED,HEALTHY,ALLOW
2026-09-28T20:29:00Z,83544.01,83550.01,83481.35,83492.0,10.46974,83507.78666667,25.58285714,0.05,0.9,0,TREND_DOWN,NORMAL,NEUTRAL,HEALTHY,ALLOW
2026-09-28T20:30:00Z,83492.01,83492.01,83468.0,83476.01,5.36429,83478.67333333,24.22714286,0.05,0.9,0,TREND_DOWN,NORMAL,NEUTRAL,HEALTHY,ALLOW
2026-09-28T20:31:00Z,83476.0,83504.01,83472.01,83504.0,3.05402,83493.34,25.88928571,0.05,0.9,0,TREND_UP,NORMAL,ALIGNED,HEALTHY,ALLOW
2026-09-28T20:32:00Z,83504.01,83516.01,83504.01,83508.0,1.54661,83509.34,25.27428571,0.05,0.9,0,TREND_UP,NORMAL,ALIGNED,HEALTHY,ALLOW
2026-09-28T20:33:00Z,83508.0,83538.01,83508.0,83538.0,1.8734,83528.00333333,25.95571429,0.05,0.9,0,TREND_UP,NORMAL,ALIGNED,HEALTHY,ALLOW
2026-09-28T20:34:00Z,83538.01,83544.01,83526.0,83544.01,2.61605,83538.00666667,25.26571429,0.05,0.9,0,TREND_UP,NORMAL,ALIGNED,HEALTHY,ALLOW
2026-09-28T20:35:00Z,83544.01,83549.8,83544.01,83549.8,1.61666,83547.87,25.08214286,0.05,0.9,0,TREND_UP,NORMAL,ALIGNED,HEALTHY,ALLOW
2026-09-28T20:36:00Z,83549.79,83550.01,83541.44,83550.01,1.10106,83547.15333333,25.69357143,0.05,0.9,0,TREND_UP,NORMAL,ALIGNED,HEALTHY,ALLOW
2026-09-28T20:37:00Z,83550.0,83550.0,83526.0,83527.66,2.28763,83534.55333333,24.60857143,0.05,0.9,0,TREND_DOWN,NORMAL,NEUTRAL,HEALTHY,ALLOW
2026-09-28T20:38:00Z,83527.66,83538.01,83527.65,83538.0,1.63114,83534.55333333,20.205,0.05,0.9,0,TREND_UP,NORMAL,ALIGNED,HEALTHY,ALLOW
2026-09-28T20:39:00Z,83538.0,83555.78,83534.55,83555.77,1.54724,83548.7,21.16571429,0.05,0.9,0,TREND_UP,NORMAL,ALIGNED,HEALTHY,ALLOW
2026-09-28T20:40:00Z,83555.78,83563.74,83555.77,83563.74,0.97685,83561.08333333,21.13642857,0.05,0.9,0,TREND_UP,NORMAL,ALIGNED,HEALTHY,ALLOW
2026-09-28T20:41:00Z,83563.74,83581.51,83563.73,83581.51,2.59747,83575.58333333,21.31571429,0.05,0.9,0,TREND_UP,NORMAL,ALIGNED,HEALTHY,ALLOW
2026-09-28T20:42:00Z,83581.51,83581.51,83553.25,83553.25,3.11843,83562.67,22.04785714,0.05,0.9,0,TREND_DOWN,NORMAL,NEUTRAL,HEALTHY,ALLOW
2026-09-28T20:43:00Z,83553.25,83553.25,83488.63,83504.01,5.51687,83515.29666667,21.75928571,0.05,0.9,0,TREND_DOWN,NORMAL,NEUTRAL,HEALTHY,ALLOW
2026-09-28T20:44:00Z,83504.0,83504.01,83500.0,83500.01,0.747,83501.34,20.33071429,0.05,0.9,0,TREND_DOWN,NORMAL,NEUTRAL,HEALTHY,ALLOW
2026-09-28T20:45:00Z,83500.0,83500.0,83482.0,83482.0,3.80658,83488.0,19.33142857,0.05,0.9,0,TREND_DOWN,NORMAL,NEUTRAL,HEALTHY,ALLOW
2026-09-28T20:46:00Z,83482.01,83496.95,83472.0,83496.95,4.30236,83488.63333333,20.25571429,0.05,0.9,0,TREND_UP,NORMAL,ALIGNED,HEALTHY,ALLOW
2026-09-28T20:47:00Z,83496.95,83512.48,83496.95,83503.48,2.68439,83504.30333333,19.22142857,0.05,0.9,0,TREND_UP,NORMAL,ALIGNED,HEALTHY,ALLOW
2026-09-28T20:48:00Z,83503.47,83503.48,83483.66,83483.67,1.18412,83490.27,19.35071429,0.05,0.9,0,TREND_DOWN,NORMAL,NEUTRAL,HEALTHY,ALLOW
2026-09-28T20:49:00Z,83483.66,83483.67,83473.65,83482.0,1.46493,83479.77333333,19.65285714,0.05,0.9,0,TREND_DOWN,NORMAL,NEUTRAL,HEALTHY,ALLOW
2026-09-28T20:50:00Z,83482.01,83482.01,83442.0,83448.0,5.64239,83457.33666667,21.89857143,0.05,0.9,0,TREND_DOWN,NORMAL,NEUTRAL,HEALTHY,ALLOW
2026-09-28T20:51:00Z,83448.0,83468.01,83448.0,83468.01,1.5729,83461.34,21.61285714,0.05,0.9,0,TREND_UP,NORMAL,ALIGNED,HEALTHY,ALLOW
2026-09-28T20:52:00Z,83468.01,83468.01,83458.0,83458.01,2.64087,83461.34,21.58785714,0.05,0.9,0,TREND_DOWN,NORMAL,NEUTRAL,HEALTHY,ALLOW
2026-09-28T20:53:00Z,83458.01,83468.01,83458.0,83468.0,1.78423,83464.67,20.78642857,0.05,0.9,0,TREND_UP,NORMAL,ALIGNED,HEALTHY,ALLOW
2026-09-28T20:54:00Z,83468.0,83486.01,83468.0,83486.01,1.06706,83480.00666667,21.50357143,0.05,0.9,0,TREND_UP,NORMAL,ALIGNED,HEALTHY,ALLOW
2026-09-28T20:55:00Z,83486.01,83509.75,83486.0,83509.75,2.36748,83501.83333333,21.93,0.05,0.9,0,TREND_UP,NORMAL,ALIGNED,HEALTHY,ALLOW
2026-09-28T20:56:00Z,83509.75,83518.01,83509.74,83518.01,1.07872,83515.25333333,20.50214286,0.05,0.9,0,TREND_UP,NORMAL,ALIGNED,HEALTHY,ALLOW
2026-09-28T20:57:00Z,83518.01,83548.01,83518.0,83540.19,7.91185,83535.4,18.03,0.05,0.9,0,TREND_UP,NORMAL,ALIGNED,HEALTHY,ALLOW
2026-09-28T20:58:00Z,83540.2,83540.2,83534.06,83534.07,2.08167,83536.11,18.18214286,0.05,0.9,0,TREND_DOWN,NORMAL,NEUTRAL,HEALTHY,ALLOW
2026-09-28T20:59:00Z,83534.06,83548.01,83534.06,83548.0,1.10612,83543.35666667,17.89214286,0.05,0.9,0,TREND_UP,NORMAL,ALIGNED,HEALTHY,ALLOW
2026-09-28T21:00:00Z,83548.01,83610.67,83548.0,83610.66,4.16518,83589.77666667,20.58642857,0.05,0.9,0,TREND_UP,NORMAL,ALIGNED,HEALTHY,ALLOW
2026-09-28T21:01:00Z,83610.67,83642.01,83610.66,83628.01,4.67506,83626.89333333,21.71642857,0.05,0.9,0,TREND_UP,NORMAL,ALIGNED,HEALTHY,ALLOW
2026-09-28T21:02:00Z,83628.01,83652.01,83626.0,83630.0,5.8674,83636.00333333,22.15857143,0.05,0.9,0,TREND_UP,NORMAL,ALIGNED,HEALTHY,ALLOW
2026-09-28T21:03:00Z,83630.01,83648.55,83630.0,83638.0,2.96977,83638.85,22.76785714,0.05,0.9,0,TREND_UP,NORMAL,ALIGNED,HEALTHY,ALLOW
2026-09-28T21:04:00Z,83638.01,83656.01,83638.01,83654.0,1.93709,83649.34,21.19642857,0.05,0.9,0,TREND_UP,NORMAL,ALIGNED,HEALTHY,ALLOW
2026-09-28T21:05:00Z,83654.0,83664.01,83636.0,83636.01,2.53615,83645.34,21.76785714,0.05,0.9,0,TREND_DOWN,NORMAL,NEUTRAL,HEALTHY,ALLOW
2026-09-28T21:06:00Z,83636.01,83644.01,83626.0,83638.01,3.30076,83636.00666667,22.33928571,0.05,0.9,0,TREND_UP,NORMAL,ALIGNED,HEALTHY,ALLOW
2026-09-28T21:07:00Z,83638.0,83638.01,83584.73,83584.73,4.45438,83602.49,25.43,0.05,0.9,0,TREND_DOWN,NORMAL,NEUTRAL,HEALTHY,ALLOW
2026-09-28T21:08:00Z,83584.74,83618.01,83584.73,83618.0,2.14593,83606.91333333,26.52071429,0.05,0.9,0,TREND_UP,NORMAL,ALIGNED,HEALTHY,ALLOW
2026-09-28T21:09:00Z,83618.01,83622.01,83616.0,83616.0,1.66626,83618.00333333,25.25357143,0.05,0.9,0,TREND_DOWN,NORMAL,NEUTRAL,HEALTHY,ALLOW
2026-09-28T21:10:00Z,83616.01,83624.01,83598.0,83598.01,3.0347,83606.67333333,26.52071429,0.05,0.9,0,TREND_DOWN,NORMAL,NEUTRAL,HEALTHY,ALLOW
2026-09-28T21:11:00Z,83598.0,83606.93,83586.02,83606.92,4.96079,83599.95666667,25.87071429,0.05,0.9,0,TREND_UP,NORMAL,ALIGNED,HEALTHY,ALLOW
2026-09-28T21:12:00Z,83606.93,83614.01,83604.24,83606.42,7.46623,83608.22333333,26.13,0.05,0.9,0,TREND_DOWN,NORMAL,NEUTRAL,HEALTHY,ALLOW
2026-09-28T21:13:00Z,83606.42,83606.43,83590.43,83590.44,2.48324,83595.76666667,26.27642857,0.05,0.9,0,TREND_DOWN,NORMAL,NEUTRAL,HEALTHY,ALLOW
2026-09-28T21:14:00Z,83590.43,83590.44,83586.0,83586.0,1.60764,83587.48,22.11714286,0.05,0.9,0,TREND_DOWN,NORMAL,NEUTRAL,HEALTHY,ALLOW
2026-09-28T21:15:00Z,83586.01,83586.01,83569.11,83569.12,1.90594,83574.74666667,21.085,0.05,0.9,0,TREND_DOWN,NORMAL,NEUTRAL,HEALTHY,ALLOW
2026-09-28T21:16:00Z,83569.11,83569.12,83566.52,83566.52,0.73381,83567.38666667,19.41285714,0.05,0.9,0,TREND_DOWN,NORMAL,NEUTRAL,HEALTHY,ALLOW
2026-09-28T21:17:00Z,83566.52,83566.53,83536.48,83536.48,1.64514,83546.49666667,20.23428571,0.05,0.9,0,TREND_DOWN,NORMAL,NEUTRAL,HEALTHY,ALLOW
2026-09-28T21:18:00Z,83536.49,83536.49,83510.47,83510.47,2.63744,83519.14333333,20.80642857,0.05,0.9,0,TREND_DOWN,NORMAL,NEUTRAL,HEALTHY,ALLOW
2026-09-28T21:19:00Z,83510.48,83530.01,83510.47,83530.01,2.69509,83523.49666667,20.20142857,0.05,0.9,0,TREND_UP,NORMAL,ALIGNED,HEALTHY,ALLOW
2026-09-28T21:20:00Z,83530.0,83530.01,83517.99,83517.99,1.87636,83521.99666667,19.77357143,0.05,0.9,0,TREND_DOWN,NORMAL,NEUTRAL,HEALTHY,ALLOW
2026-09-28T21:21:00Z,83517.99,83518.0,83495.05,83495.05,1.96168,83502.7,17.60714286,0.05,0.9,0,TREND_DOWN,NORMAL,NEUTRAL,HEALTHY,ALLOW
2026-09-28T21:22:00Z,83495.06,83495.06,83482.94,83482.95,1.76853,83486.98333333,16.09571429,0.05,0.9,0,TREND_DOWN,NORMAL,NEUTRAL,HEALTHY,ALLOW
2026-09-28T21:23:00Z,83482.94,83482.95,83468.25,83468.26,2.18731,83473.15333333,16.71642857,0.05,0.9,0,TREND_DOWN,NORMAL,NEUTRAL,HEALTHY,ALLOW
2026-09-28T21:24:00Z,83468.25,83468.26,83468.25,83468.26,1.48932,83468.25666667,14.85928571,0.05,0.9,0,TREND_UP,NORMAL,ALIGNED,HEALTHY,ALLOW
2026-09-28T21:25:00Z,83468.26,83488.49,83468.25,83488.49,3.56624,83481.74333333,14.81142857,0.05,0.9,0,TREND_UP,NORMAL,ALIGNED,HEALTHY,ALLOW
2026-09-28T21:26:00Z,83488.48,83488.49,83464.0,83464.0,2.57043,83472.16333333,15.86285714,0.05,0.9,0,TREND_DOWN,NORMAL,NEUTRAL,HEALTHY,ALLOW
2026-09-28T21:27:00Z,83464.01,83464.01,83458.0,83458.0,0.86354,83460.00333333,15.14928571,0.05,0.9,0,TREND_DOWN,NORMAL,NEUTRAL,HEALTHY,ALLOW
2026-09-28T21:28:00Z,83458.01,83458.01,83458.0,83458.0,2.07694,83458.00333333,14.83285714,0.05,0.9,0,TREND_DOWN,NORMAL,NEUTRAL,HEALTHY,ALLOW
2026-09-28T21:29:00Z,83458.0,83468.31,83458.0,83468.31,10.03304,83464.87333333,14.36214286,0.05,0.9,0,TREND_UP,NORMAL,ALIGNED,HEALTHY,ALLOW
2026-09-28T21:30:00Z,83468.32,83475.48,83468.31,83475.48,1.2111,83473.09,14.68857143,0.05,0.9,0,TREND_UP,NORMAL,ALIGNED,HEALTHY,ALLOW
2026-09-28T21:31:00Z,83475.47,83475.48,83438.0,83438.01,2.9477,83450.49666667,15.21928571,0.05,0.9,0,TREND_DOWN,NORMAL,NEUTRAL,HEALTHY,ALLOW
2026-09-28T21:32:00Z,83438.01,83438.01,83422.0,83428.01,2.25586,83429.34,14.50428571,0.05,0.9,0,TREND_DOWN,NORMAL,NEUTRAL,HEALTHY,ALLOW
2026-09-28T21:33:00Z,83428.01,83442.01,83428.0,83442.01,1.7406,83437.34,14.10928571,0.05,0.9,0,TREND_UP,NORMAL,ALIGNED,HEALTHY,ALLOW
2026-09-28T21:34:00Z,83442.01,83472.01,83442.0,83468.03,10.08307,83460.68,15.39428571,0.05,0.9,0,TREND_UP,NORMAL,ALIGNED,HEALTHY,ALLOW
2026-09-28T21:35:00Z,83468.04,83468.04,83457.02,83457.02,2.07079,83460.69333333,14.54214286,0.05,0.9,0,TREND_DOWN,NORMAL,NEUTRAL,HEALTHY,ALLOW
2026-09-28T21:36:00Z,83457.02,83472.01,83457.02,83472.01,1.14765,83467.01333333,14.74714286,0.05,0.9,0,TREND_UP,NORMAL,ALIGNED,HEALTHY,ALLOW
2026-09-28T21:37:00Z,83472.0,83472.01,83459.34,83466.67,1.46309,83466.00666667,14.60214286,0.05,0.9,0,TREND_DOWN,NORMAL,NEUTRAL,HEALTHY,ALLOW
2026-09-28T21:38:00Z,83466.66,83466.66,83424.48,83424.48,5.09574,83438.54,17.615,0.05,0.9,0,TREND_DOWN,NORMAL,NEUTRAL,HEALTHY,ALLOW
2026-09-28T21:39:00Z,83424.49,83424.49,83424.48,83424.48,1.15032,83424.48333333,16.17,0.05,0.9,0,TREND_DOWN,NORMAL,NEUTRAL,HEALTHY,ALLOW
2026-09-28T21:40:00Z,83424.48,83431.16,83400.0,83422.68,6.46044,83417.94666667,16.64642857,0.05,0.9,0,TREND_DOWN,NORMAL,NEUTRAL,HEALTHY,ALLOW
2026-09-28T21:41:00Z,83422.68,83426.01,83416.0,83420.01,2.2623,83420.67333333,16.93214286,0.05,0.9,0,TREND_DOWN,NORMAL,NEUTRAL,HEALTHY,ALLOW
2026-09-28T21:42:00Z,83420.0,83428.01,83420.0,83428.01,1.23935,83425.34,17.50357143,0.05,0.9,0,TREND_UP,NORMAL,ALIGNED,HEALTHY,ALLOW
2026-09-28T21:43:00Z,83428.01,83428.01,83421.43,83424.0,2.84362,83424.48,17.23714286,0.05,0.9,0,TREND_DOWN,NORMAL,NEUTRAL,HEALTHY,ALLOW
2026-09-28T21:44:00Z,83424.0,83427.66,83420.0,83427.64,2.93041,83425.1,17.27214286,0.05,0.9,0,TREND_UP,NORMAL,ALIGNED,HEALTHY,ALLOW
2026-09-28T21:45:00Z,83427.64,83435.9,83427.64,83435.9,0.97196,83433.14666667,15.185,0.05,0.9,0,TREND_UP,NORMAL,ALIGNED,HEALTHY,ALLOW
2026-09-28T21:46:00Z,83435.89,83439.38,83408.37,83408.37,3.14489,83418.70666667,16.25642857,0.05,0.9,0,TREND_DOWN,NORMAL,NEUTRAL,HEALTHY,ALLOW
2026-09-28T21:47:00Z,83408.37,83408.38,83402.0,83402.0,1.03832,83404.12666667,15.71142857,0.05,0.9,0,TREND_DOWN,NORMAL,NEUTRAL,HEALTHY,ALLOW
2026-09-28T21:48:00Z,83402.01,83402.01,83400.0,83400.01,0.85679,83400.67333333,13.71142857,0.05,0.9,0,TREND_DOWN,NORMAL,NEUTRAL,HEALTHY,ALLOW
2026-09-28T21:49:00Z,83400.01,83427.68,83400.0,83427.67,11.18633,83418.45,14.90142857,0.05,0.9,0,TREND_UP,NORMAL,ALIGNED,HEALTHY,ALLOW
2026-09-28T21:50:00Z,83427.67,83427.67,83399.39,83399.39,2.37749,83408.81666667,15.85071429,0.05,0.9,0,TREND_DOWN,NORMAL,NEUTRAL,HEALTHY,ALLOW
2026-09-28T21:51:00Z,83399.4,83399.4,83326.0,83341.99,9.99385,83355.79666667,20.18857143,0.05,0.9,0,TREND_DOWN,NORMAL,NEUTRAL,HEALTHY,ALLOW
2026-09-28T21:52:00Z,83341.99,83376.01,83341.99,83376.01,3.43201,83364.67,19.605,0.05,0.9,0,TREND_UP,NORMAL,ALIGNED,HEALTHY,ALLOW
2026-09-28T21:53:00Z,83376.01,83378.75,83301.06,83301.06,8.69527,83326.95666667,25.15357143,0.05,0.9,0,TREND_DOWN,NORMAL,NEUTRAL,HEALTHY,ALLOW
2026-09-28T21:54:00Z,83301.07,83301.07,83232.15,83244.0,14.70663,83259.07333333,27.85071429,0.05,0.9,0,TREND_DOWN,NORMAL,NEUTRAL,HEALTHY,ALLOW
2026-09-28T21:55:00Z,83244.0,83260.01,83244.0,83260.0,2.10858,83254.67,28.27928571,0.05,0.9,0,TREND_UP,NORMAL,ALIGNED,HEALTHY,ALLOW
2026-09-28T21:56:00Z,83260.01,83262.01,83253.14,83253.14,2.47697,83256.09666667,28.34071429,0.05,0.9,0,TREND_DOWN,NORMAL,NEUTRAL,HEALTHY,ALLOW
2026-09-28T21:57:00Z,83253.14,83261.69,83247.99,83247.99,3.57531,83252.55666667,28.84928571,0.05,0.9,0,TREND_DOWN,NORMAL,NEUTRAL,HEALTHY,ALLOW
2026-09-28T21:58:00Z,83248.0,83264.01,83229.15,83264.01,6.75108,83252.39,30.79214286,0.05,0.9,0,TREND_UP,NORMAL,ALIGNED,HEALTHY,ALLOW
2026-09-28T21:59:00Z,83264.0,83264.01,83214.0,83218.01,5.12604,83232.00666667,33.77428571,0.05,0.9,0,TREND_DOWN,NORMAL,NEUTRAL,HEALTHY,ALLOW
2026-09-28T22:00:00Z,83218.01,83234.01,83183.0,83183.0,14.19928,83200.00333333,35.20285714,0.05,0.9,0,TREND_DOWN,NORMAL,NEUTRAL,HEALTHY,ALLOW
2026-09-28T22:01:00Z,83183.01,83186.01,83183.0,83183.0,9.8629,83184.00333333,34.96214286,0.05,0.9,0,TREND_DOWN,NORMAL,NEUTRAL,HEALTHY,ALLOW
2026-09-28T22:02:00Z,83183.0,83183.01,83100.0,83166.01,25.26841,83149.67333333,40.74785714,0.05,0.9,0,TREND_DOWN,NORMAL,NEUTRAL,HEALTHY,ALLOW
2026-09-28T22:03:00Z,83166.0,83220.01,83156.0,83176.02,9.05548,83184.01,43.34285714,0.05,0.9,0,TREND_UP,NORMAL,ALIGNED,HEALTHY,ALLOW
2026-09-28T22:04:00Z,83176.02,83236.01,83176.02,83186.0,10.15305,83199.34333333,45.60785714,0.05,0.9,0,TREND_UP,NORMAL,ALIGNED,HEALTHY,ALLOW
2026-09-28T22:05:00Z,83186.01,83186.01,83125.6,83125.6,3.82897,83145.73666667,44.68,0.05,0.9,0,TREND_DOWN,NORMAL,NEUTRAL,HEALTHY,ALLOW
2026-09-28T22:06:00Z,83125.61,83128.0,83106.0,83110.01,8.48534,83114.67,43.82142857,0.05,0.9,0,TREND_DOWN,NORMAL,NEUTRAL,HEALTHY,ALLOW
2026-09-28T22:07:00Z,83110.0,83123.16,83110.0,83120.01,1.57871,83117.72333333,39.21214286,0.05,0.9,0,TREND_UP,NORMAL,ALIGNED,HEALTHY,ALLOW
2026-09-28T22:08:00Z,83120.0,83182.34,83120.0,83182.34,8.85187,83161.56,38.74214286,0.05,0.9,0,TREND_UP,NORMAL,ALIGNED,HEALTHY,ALLOW
2026-09-28T22:09:00Z,83182.34,83182.34,83156.0,83182.0,3.56965,83173.44666667,39.48,0.05,0.9,0,TREND_DOWN,NORMAL,NEUTRAL,HEALTHY,ALLOW
2026-09-28T22:10:00Z,83182.0,83199.53,83164.0,83199.53,5.28571,83187.68666667,41.38428571,0.05,0.9,0,TREND_UP,NORMAL,ALIGNED,HEALTHY,ALLOW
2026-09-28T22:11:00Z,83199.53,83200.0,83190.0,83199.99,2.19693,83196.66333333,41.12,0.05,0.9,0,TREND_UP,NORMAL,ALIGNED,HEALTHY,ALLOW
2026-09-28T22:12:00Z,83200.0,83210.01,83199.99,83210.01,0.99414,83206.67,39.34571429,0.05,0.9,0,TREND_UP,NORMAL,ALIGNED,HEALTHY,ALLOW
2026-09-28T22:13:00Z,83210.0,83224.74,83210.0,83214.36,9.40106,83216.36666667,36.82642857,0.05,0.9,0,TREND_UP,NORMAL,ALIGNED,HEALTHY,ALLOW
2026-09-28T22:14:00Z,83214.37,83214.37,83181.88,83181.98,22.81441,83192.74333333,35.50357143,0.05,0.9,0,TREND_DOWN,NORMAL,NEUTRAL,HEALTHY,ALLOW
2026-09-28T22:15:00Z,83181.98,83181.99,83158.0,83158.01,3.25684,83166.0,37.00214286,0.05,0.9,0,TREND_DOWN,NORMAL,NEUTRAL,HEALTHY,ALLOW
2026-09-28T22:16:00Z,83158.01,83182.0,83158.01,83182.0,2.56435,83174.00333333,32.78642857,0.05,0.9,0,TREND_UP,NORMAL,ALIGNED,HEALTHY,ALLOW
2026-09-28T22:17:00Z,83182.0,83216.0,83181.99,83215.99,1.42884,83204.66,30.64357143,0.05,0.9,0,TREND_UP,NORMAL,ALIGNED,HEALTHY,ALLOW
2026-09-28T22:18:00Z,83215.99,83224.74,83215.99,83224.74,1.38216,83221.82333333,26.98357143,0.05,0.9,0,TREND_UP,NORMAL,ALIGNED,HEALTHY,ALLOW
2026-09-28T22:19:00Z,83224.73,83224.74,83224.73,83224.74,0.62793,83224.73666667,22.66928571,0.05,0.9,0,TREND_UP,NORMAL,ALIGNED,HEALTHY,ALLOW
2026-09-28T22:20:00Z,83224.74,83224.74,83194.0,83214.01,3.36958,83210.91666667,23.29357143,0.05,0.9,0,TREND_DOWN,NORMAL,NEUTRAL,HEALTHY,ALLOW
2026-09-28T22:21:00Z,83214.0,83228.01,83214.0,83228.01,2.68267,83223.34,23.35428571,0.05,0.9,0,TREND_UP,NORMAL,ALIGNED,HEALTHY,ALLOW
2026-09-28T22:22:00Z,83228.01,83228.01,83225.33,83225.33,2.31024,83226.22333333,19.09285714,0.05,0.9,0,TREND_DOWN,NORMAL,NEUTRAL,HEALTHY,ALLOW
2026-09-28T22:23:00Z,83225.33,83225.33,83202.24,83217.61,3.68438,83215.06,18.86071429,0.05,0.9,0,TREND_DOWN,NORMAL,NEUTRAL,HEALTHY,ALLOW
2026-09-28T22:24:00Z,83217.62,83217.62,83209.29,83209.99,5.04529,83212.3,16.91785714,0.05,0.9,0,TREND_DOWN,NORMAL,NEUTRAL,HEALTHY,ALLOW
2026-09-28T22:25:00Z,83210.0,83210.0,83199.68,83209.99,0.94912,83206.55666667,16.94071429,0.05,0.9,0,TREND_DOWN,NORMAL,NEUTRAL,HEALTHY,ALLOW
2026-09-28T22:26:00Z,83210.0,83234.0,83209.99,83233.99,2.61064,83225.99333333,17.94,0.05,0.9,0,TREND_UP,NORMAL,ALIGNED,HEALTHY,ALLOW
2026-09-28T22:27:00Z,83233.99,83242.4,83233.99,83242.39,0.73667,83239.59333333,17.48785714,0.05,0.9,0,TREND_UP,NORMAL,ALIGNED,HEALTHY,ALLOW
2026-09-28T22:28:00Z,83242.39,83242.4,83242.39,83242.4,0.5202,83242.39666667,15.16785714,0.05,0.9,0,TREND_UP,NORMAL,ALIGNED,HEALTHY,ALLOW
2026-09-28T22:29:00Z,83242.39,83242.4,83234.07,83236.0,1.178,83237.49,14.04928571,0.05,0.9,0,TREND_DOWN,NORMAL,NEUTRAL,HEALTHY,ALLOW
2026-09-28T22:30:00Z,83236.01,83245.0,83236.0,83244.99,1.3809,83241.99666667,12.97857143,0.05,0.9,0,TREND_UP,NORMAL,ALIGNED,HEALTHY,ALLOW
2026-09-28T22:31:00Z,83244.99,83245.0,83244.99,83244.99,1.04327,83244.99333333,10.55,0.05,0.9,0,TREND_UP,NORMAL,ALIGNED,HEALTHY,ALLOW
2026-09-28T22:32:00Z,83245.0,83300.0,83245.0,83300.0,4.17835,83281.66666667,13.85428571,0.05,0.9,0,TREND_UP,NORMAL,ALIGNED,HEALTHY,ALLOW
2026-09-28T22:33:00Z,83299.99,83322.01,83299.99,83322.0,0.80213,83314.66666667,15.42642857,0.05,0.9,0,TREND_UP,NORMAL,ALIGNED,HEALTHY,ALLOW
2026-09-28T22:34:00Z,83322.01,83332.01,83308.0,83314.0,5.90535,83318.00333333,14.94571429,0.05,0.9,0,TREND_DOWN,NORMAL,NEUTRAL,HEALTHY,ALLOW
2026-09-28T22:35:00Z,83314.0,83362.01,83314.0,83362.0,3.60338,83346.00333333,17.37428571,0.05,0.9,0,TREND_UP,NORMAL,ALIGNED,HEALTHY,ALLOW
2026-09-28T22:36:00Z,83362.01,83412.0,83362.01,83412.0,3.06207,83395.33666667,20.75428571,0.05,0.9,0,TREND_UP,NORMAL,ALIGNED,HEALTHY,ALLOW
2026-09-28T22:37:00Z,83412.0,83460.01,83412.0,83458.31,5.20961,83443.44,22.53428571,0.05,0.9,0,TREND_UP,NORMAL,ALIGNED,HEALTHY,ALLOW
2026-09-28T22:38:00Z,83458.31,83476.01,83458.3,83472.01,3.06605,83468.77333333,23.20428571,0.05,0.9,0,TREND_UP,NORMAL,ALIGNED,HEALTHY,ALLOW
2026-09-28T22:39:00Z,83472.0,83472.0,83451.06,83451.06,1.60073,83458.04,23.96357143,0.05,0.9,0,TREND_DOWN,NORMAL,NEUTRAL,HEALTHY,ALLOW
2026-09-28T22:40:00Z,83451.06,83474.01,83451.06,83474.0,1.18328,83466.35666667,23.88785714,0.05,0.9,0,TREND_UP,NORMAL,ALIGNED,HEALTHY,ALLOW
2026-09-28T22:41:00Z,83474.01,83488.01,83474.0,83488.0,1.34169,83483.33666667,24.28785714,0.05,0.9,0,TREND_UP,NORMAL,ALIGNED,HEALTHY,ALLOW
2026-09-28T22:42:00Z,83488.01,83488.01,83484.0,83484.0,2.44252,83485.33666667,24.57357143,0.05,0.9,0,TREND_DOWN,NORMAL,NEUTRAL,HEALTHY,ALLOW
2026-09-28T22:43:00Z,83484.0,83484.01,83484.0,83484.01,0.53953,83484.00666667,23.97928571,0.05,0.9,0,TREND_UP,NORMAL,ALIGNED,HEALTHY,ALLOW
2026-09-28T22:44:00Z,83484.01,83488.64,83484.0,83488.64,0.92321,83487.09333333,23.66785714,0.05,0.9,0,TREND_UP,NORMAL,ALIGNED,HEALTHY,ALLOW
2026-09-28T22:45:00Z,83488.63,83503.5,83488.63,83503.5,3.08846,83498.54333333,24.72928571,0.05,0.9,0,TREND_UP,NORMAL,ALIGNED,HEALTHY,ALLOW
2026-09-28T22:46:00Z,83503.5,83514.78,83503.49,83514.78,2.85258,83511.01666667,21.60642857,0.05,0.9,0,TREND_UP,NORMAL,ALIGNED,HEALTHY,ALLOW
2026-09-28T22:47:00Z,83514.77,83514.78,83486.86,83492.21,5.21021,83497.95,22.02785714,0.05,0.9,0,TREND_DOWN,NORMAL,NEUTRAL,HEALTHY,ALLOW
2026-09-28T22:48:00Z,83492.21,83499.98,83492.2,83499.97,3.27915,83497.38333333,20.86857143,0.05,0.9,0,TREND_UP,NORMAL,ALIGNED,HEALTHY,ALLOW
2026-09-28T22:49:00Z,83499.97,83520.01,83499.97,83516.0,2.55988,83511.99333333,18.87071429,0.05,0.9,0,TREND_UP,NORMAL,ALIGNED,HEALTHY,ALLOW
2026-09-28T22:50:00Z,83516.0,83516.01,83516.0,83516.0,0.63721,83516.00333333,15.3,0.05,0.9,0,TREND_UP,NORMAL,ALIGNED,HEALTHY,ALLOW
2026-09-28T22:51:00Z,83516.01,83528.0,83516.0,83527.99,2.28668,83523.99666667,12.72785714,0.05,0.9,0,TREND_UP,NORMAL,ALIGNED,HEALTHY,ALLOW
2026-09-28T22:52:00Z,83528.0,83534.79,83527.99,83529.0,25.43991,83530.59333333,11.94857143,0.05,0.9,0,TREND_UP,NORMAL,ALIGNED,HEALTHY,ALLOW
2026-09-28T22:53:00Z,83529.0,83529.0,83519.14,83519.15,2.50056,83522.43,11.15642857,0.05,0.9,0,TREND_DOWN,NORMAL,NEUTRAL,HEALTHY,ALLOW
2026-09-28T22:54:00Z,83519.15,83520.49,83519.14,83520.49,4.14893,83520.04,9.61357143,0.05,0.9,0,TREND_UP,NORMAL,ALIGNED,HEALTHY,ALLOW
2026-09-28T22:55:00Z,83520.48,83536.01,83520.48,83536.01,3.86281,83530.83333333,9.72214286,0.05,0.9,0,TREND_UP,NORMAL,ALIGNED,HEALTHY,ALLOW
2026-09-28T22:56:00Z,83536.0,83538.96,83530.0,83538.96,3.30313,83535.97333333,10.07571429,0.05,0.9,0,TREND_UP,NORMAL,ALIGNED,HEALTHY,ALLOW
2026-09-28T22:57:00Z,83538.96,83538.96,83538.95,83538.96,0.35484,83538.95666667,10.07571429,0.05,0.9,0,TREND_UP,NORMAL,ALIGNED,HEALTHY,ALLOW
2026-09-28T22:58:00Z,83538.95,83538.96,83538.95,83538.96,1.31881,83538.95666667,9.745,0.05,0.9,0,TREND_UP,NORMAL,ALIGNED,HEALTHY,ALLOW
2026-09-28T22:59:00Z,83538.96,83544.01,83538.95,83544.01,1.24201,83542.32333333,9.04428571,0.05,0.9,0,TREND_UP,NORMAL,ALIGNED,HEALTHY,ALLOW
2026-09-28T23:00:00Z,83544.01,83544.01,83544.0,83544.0,0.63768,83544.00333333,8.23857143,0.05,0.9,0,TREND_DOWN,NORMAL,NEUTRAL,HEALTHY,ALLOW
2026-09-28T23:01:00Z,83544.01,83564.03,83544.01,83564.03,2.05518,83557.35666667,7.675,0.05,0.9,0,TREND_UP,NORMAL,ALIGNED,HEALTHY,ALLOW
2026-09-28T23:02:00Z,83564.03,83610.01,83564.02,83610.01,9.72081,83594.68,10.40428571,0.05,0.9,0,TREND_UP,NORMAL,ALIGNED,HEALTHY,ALLOW
2026-09-28T23:03:00Z,83610.01,83636.22,83610.01,83627.24,5.54443,83624.49,10.845,0.05,0.9,0,TREND_UP,NORMAL,ALIGNED,HEALTHY,ALLOW
2026-09-28T23:04:00Z,83627.24,83636.7,83622.0,83622.01,10.40856,83626.90333333,11.89428571,0.05,0.9,0,TREND_DOWN,NORMAL,NEUTRAL,HEALTHY,ALLOW
2026-09-28T23:05:00Z,83622.01,83622.01,83564.01,83564.02,2.9111,83583.34666667,15.18,0.05,0.9,0,TREND_DOWN,NORMAL,NEUTRAL,HEALTHY,ALLOW
2026-09-28T23:06:00Z,83564.01,83564.01,83518.0,83521.65,8.13736,83534.55333333,17.98142857,0.05,0.9,0,TREND_DOWN,NORMAL,NEUTRAL,HEALTHY,ALLOW
2026-09-28T23:07:00Z,83521.65,83544.01,83498.0,83544.0,4.24308,83528.67,20.56357143,0.05,0.9,0,TREND_UP,NORMAL,ALIGNED,HEALTHY,ALLOW
2026-09-28T23:08:00Z,83544.01,83548.01,83532.0,83536.0,2.66056,83538.67,21.61071429,0.05,0.9,0,TREND_DOWN,NORMAL,NEUTRAL,HEALTHY,ALLOW
2026-09-28T23:09:00Z,83536.01,83548.01,83514.0,83514.01,3.4539,83525.34,22.93071429,0.05,0.9,0,TREND_DOWN,NORMAL,NEUTRAL,HEALTHY,ALLOW
2026-09-28T23:10:00Z,83514.01,83514.01,83503.76,83503.77,3.89664,83507.18,23.02285714,0.05,0.9,0,TREND_DOWN,NORMAL,NEUTRAL,HEALTHY,ALLOW
2026-09-28T23:11:00Z,83503.76,83503.77,83474.0,83475.1,5.1847,83484.29,25.14857143,0.05,0.9,0,TREND_DOWN,NORMAL,NEUTRAL,HEALTHY,ALLOW
2026-09-28T23:12:00Z,83475.11,83488.01,83474.29,83474.29,2.81894,83478.86333333,26.12785714,0.05,0.9,0,TREND_DOWN,NORMAL,NEUTRAL,HEALTHY,ALLOW
2026-09-28T23:13:00Z,83474.29,83474.3,83455.83,83455.83,3.22581,83461.98666667,27.08571429,0.05,0.9,0,TREND_DOWN,NORMAL,NEUTRAL,HEALTHY,ALLOW
2026-09-28T23:14:00Z,83455.83,83455.84,83455.0,83455.0,1.22546,83455.28,27.145,0.05,0.9,0,TREND_DOWN,NORMAL,NEUTRAL,HEALTHY,ALLOW
2026-09-28T23:15:00Z,83455.01,83495.06,83455.0,83495.05,2.60294,83481.70333333,28.57571429,0.05,0.9,0,TREND_UP,NORMAL,ALIGNED,HEALTHY,ALLOW
2026-09-28T23:16:00Z,83495.05,83510.01,83482.31,83496.0,5.8668,83496.10666667,27.26928571,0.05,0.9,0,TREND_UP,NORMAL,ALIGNED,HEALTHY,ALLOW
2026-09-28T23:17:00Z,83496.0,83500.01,83496.0,83500.0,2.04893,83498.67,25.68357143,0.05,0.9,0,TREND_UP,NORMAL,ALIGNED,HEALTHY,ALLOW
2026-09-28T23:18:00Z,83500.0,83525.1,83500.0,83525.09,4.22208,83516.73,26.42642857,0.05,0.9,0,TREND_UP,NORMAL,ALIGNED,HEALTHY,ALLOW
2026-09-28T23:19:00Z,83525.1,83532.01,83518.58,83518.59,1.88689,83523.06,23.24285714,0.05,0.9,0,TREND_DOWN,NORMAL,NEUTRAL,HEALTHY,ALLOW
2026-09-28T23:20:00Z,83518.59,83529.53,83518.58,83520.0,1.95143,83522.70333333,20.73785714,0.05,0.9,0,TREND_UP,NORMAL,ALIGNED,HEALTHY,ALLOW
2026-09-28T23:21:00Z,83520.01,83520.01,83480.0,83491.52,3.19676,83497.17666667,20.30928571,0.05,0.9,0,TREND_DOWN,NORMAL,NEUTRAL,HEALTHY,ALLOW
2026-09-28T23:22:00Z,83491.52,83512.8,83491.52,83500.01,1.88089,83501.44333333,20.68571429,0.05,0.9,0,TREND_UP,NORMAL,ALIGNED,HEALTHY,ALLOW
2026-09-28T23:23:00Z,83500.01,83534.01,83488.64,83534.0,5.17038,83518.88333333,21.49714286,0.05,0.9,0,TREND_UP,NORMAL,ALIGNED,HEALTHY,ALLOW
2026-09-28T23:24:00Z,83534.0,83549.99,83530.0,83549.99,1.06788,83543.32666667,22.19285714,0.05,0.9,0,TREND_UP,NORMAL,ALIGNED,HEALTHY,ALLOW
2026-09-28T23:25:00Z,83550.0,83562.01,83528.0,83562.0,3.93972,83550.67,22.49571429,0.05,0.9,0,TREND_UP,NORMAL,ALIGNED,HEALTHY,ALLOW
2026-09-28T23:26:00Z,83562.01,83583.55,83562.01,83582.28,4.72014,83575.94666667,23.055,0.05,0.9,0,TREND_UP,NORMAL,ALIGNED,HEALTHY,ALLOW
2026-09-28T23:27:00Z,83582.27,83588.01,83582.27,83584.01,2.7823,83584.76333333,22.14571429,0.05,0.9,0,TREND_UP,NORMAL,ALIGNED,HEALTHY,ALLOW
2026-09-28T23:28:00Z,83584.01,83584.01,83584.0,83584.01,0.58727,83584.00666667,22.08642857,0.05,0.9,0,TREND_UP,NORMAL,ALIGNED,HEALTHY,ALLOW
2026-09-28T23:29:00Z,83584.01,83590.01,83584.0,83590.0,1.32143,83588.00333333,19.65428571,0.05,0.9,0,TREND_UP,NORMAL,ALIGNED,HEALTHY,ALLOW
2026-09-28T23:30:00Z,83590.01,83614.36,83590.01,83610.01,4.74378,83604.79333333,19.41571429,0.05,0.9,0,TREND_UP,NORMAL,ALIGNED,HEALTHY,ALLOW
2026-09-28T23:31:00Z,83610.0,83610.01,83595.74,83595.99,2.79708,83600.58,20.14857143,0.05,0.9,0,TREND_DOWN,NORMAL,NEUTRAL,HEALTHY,ALLOW
2026-09-28T23:32:00Z,83595.99,83603.28,83595.99,83603.27,1.88,83600.84666667,18.87642857,0.05,0.9,0,TREND_UP,NORMAL,ALIGNED,HEALTHY,ALLOW
2026-09-28T23:33:00Z,83603.28,83603.28,83590.14,83590.15,3.40158,83594.52333333,18.85571429,0.05,0.9,0,TREND_DOWN,NORMAL,NEUTRAL,HEALTHY,ALLOW
2026-09-28T23:34:00Z,83590.14,83596.01,83583.3,83583.31,1.86434,83587.54,18.98142857,0.05,0.9,0,TREND_DOWN,NORMAL,NEUTRAL,HEALTHY,ALLOW
2026-09-28T23:35:00Z,83583.3,83586.01,83583.3,83586.0,0.82996,83585.10333333,16.31714286,0.05,0.9,0,TREND_UP,NORMAL,ALIGNED,HEALTHY,ALLOW
2026-09-28T23:36:00Z,83586.01,83588.94,83586.0,83588.93,1.02641,83587.95666667,15.00714286,0.05,0.9,0,TREND_UP,NORMAL,ALIGNED,HEALTHY,ALLOW
2026-09-28T23:37:00Z,83588.94,83588.94,83588.93,83588.94,0.32833,83588.93666667,11.76714286,0.05,0.9,0,TREND_UP,NORMAL,ALIGNED,HEALTHY,ALLOW
2026-09-28T23:38:00Z,83588.93,83588.94,83588.93,83588.94,0.23097,83588.93666667,10.34,0.05,0.9,0,TREND_UP,NORMAL,ALIGNED,HEALTHY,ALLOW
2026-09-28T23:39:00Z,83588.94,83602.69,83588.93,83602.68,1.70799,83598.1,8.89357143,0.05,0.9,0,TREND_UP,NORMAL,ALIGNED,HEALTHY,ALLOW
2026-09-28T23:40:00Z,83602.68,83621.8,83602.0,83621.8,2.67732,83615.2,8.76857143,0.05,0.9,0,TREND_UP,NORMAL,ALIGNED,HEALTHY,ALLOW
2026-09-28T23:41:00Z,83621.8,83621.8,83612.0,83612.0,1.89168,83615.26666667,9.05857143,0.05,0.9,0,TREND_DOWN,NORMAL,NEUTRAL,HEALTHY,ALLOW
2026-09-28T23:42:00Z,83612.01,83612.01,83593.47,83593.48,1.17465,83599.65333333,10.38214286,0.05,0.9,0,TREND_DOWN,NORMAL,NEUTRAL,HEALTHY,ALLOW
2026-09-28T23:43:00Z,83593.47,83598.0,83593.47,83598.0,2.52128,83596.49,10.27642857,0.05,0.9,0,TREND_UP,NORMAL,ALIGNED,HEALTHY,ALLOW
2026-09-28T23:44:00Z,83598.01,83602.85,83598.0,83602.85,5.22319,83601.23333333,8.88285714,0.05,0.9,0,TREND_UP,NORMAL,ALIGNED,HEALTHY,ALLOW
2026-09-28T23:45:00Z,83602.84,83602.85,83568.28,83568.28,2.57877,83579.80333333,10.33285714,0.05,0.9,0,TREND_DOWN,NORMAL,NEUTRAL,HEALTHY,ALLOW
2026-09-28T23:46:00Z,83568.27,83568.27,83540.0,83550.01,3.54234,83552.76,11.83214286,0.05,0.9,0,TREND_DOWN,NORMAL,NEUTRAL,HEALTHY,ALLOW
2026-09-28T23:47:00Z,83550.01,83564.01,83550.0,83564.0,0.56534,83559.33666667,11.89428571,0.05,0.9,0,TREND_UP,NORMAL,ALIGNED,HEALTHY,ALLOW
2026-09-28T23:48:00Z,83564.01,83564.01,83556.0,83556.0,0.71702,83558.67,11.55857143,0.05,0.9,0,TREND_DOWN,NORMAL,NEUTRAL,HEALTHY,ALLOW
2026-09-28T23:49:00Z,83556.01,83556.01,83556.0,83556.01,0.87924,83556.00666667,11.36571429,0.05,0.9,0,TREND_UP,NORMAL,ALIGNED,HEALTHY,ALLOW
2026-09-28T23:50:00Z,83556.0,83556.0,83528.0,83536.0,2.94153,83540.0,13.15642857,0.05,0.9,0,TREND_DOWN,NORMAL,NEUTRAL,HEALTHY,ALLOW
2026-09-28T23:51:00Z,83536.0,83536.0,83535.99,83536.0,0.9889,83535.99666667,13.15642857,0.05,0.9,0,TREND_UP,NORMAL,ALIGNED,HEALTHY,ALLOW
2026-09-28T23:52:00Z,83535.99,83562.01,83535.99,83556.0,4.21949,83551.33333333,15.01428571,0.05,0.9,0,TREND_UP,NORMAL,ALIGNED,HEALTHY,ALLOW
2026-09-28T23:53:00Z,83556.01,83564.01,83556.0,83564.01,2.13963,83561.34,14.60357143,0.05,0.9,0,TREND_UP,NORMAL,ALIGNED,HEALTHY,ALLOW
2026-09-28T23:54:00Z,83564.0,83566.01,83560.0,83566.01,2.94225,83564.00666667,13.61857143,0.05,0.9,0,TREND_UP,NORMAL,ALIGNED,HEALTHY,ALLOW
2026-09-28T23:55:00Z,83566.01,83568.01,83566.0,83568.0,2.00856,83567.33666667,13.06214286,0.05,0.9,0,TREND_UP,NORMAL,ALIGNED,HEALTHY,ALLOW
2026-09-28T23:56:00Z,83568.01,83568.01,83568.0,83568.0,2.0241,83568.00333333,11.73857143,0.05,0.9,0,TREND_DOWN,NORMAL,NEUTRAL,HEALTHY,ALLOW
2026-09-28T23:57:00Z,83568.0,83568.01,83560.0,83560.0,1.51158,83562.67,11.98714286,0.05,0.9,0,TREND_DOWN,NORMAL,NEUTRAL,HEALTHY,ALLOW
2026-09-28T23:58:00Z,83560.01,83560.01,83538.45,83538.46,3.07182,83545.64,13.18071429,0.05,0.9,0,TREND_DOWN,NORMAL,NEUTRAL,HEALTHY,ALLOW
2026-09-28T23:59:00Z,83538.46,83538.46,83500.0,83500.01,5.93532,83512.82333333,13.45857143,0.05,0.9,0,TREND_DOWN,NORMAL,NEUTRAL,HEALTHY,ALLOW
2026-09-29T00:00:00Z,83500.01,83505.28,83478.0,83478.0,8.46541,83487.09333333,13.38714286,0.05,0.9,0,TREND_DOWN,NORMAL,NEUTRAL,HEALTHY,ALLOW
2026-09-29T00:01:00Z,83478.01,83505.88,83478.01,83505.88,2.59935,83496.59,14.37785714,0.05,0.9,0,TREND_UP,NORMAL,ALIGNED,HEALTHY,ALLOW
2026-09-29T00:02:00Z,83505.87,83528.36,83505.87,83528.35,2.44298,83520.86,15.41214286,0.05,0.9,0,TREND_UP,NORMAL,ALIGNED,HEALTHY,ALLOW
2026-09-29T00:03:00Z,83528.36,83528.36,83494.0,83522.01,5.43607,83514.79,17.86571429,0.05,0.9,0,TREND_DOWN,NORMAL,NEUTRAL,HEALTHY,ALLOW
2026-09-29T00:04:00Z,83522.01,83528.01,83522.0,83528.0,1.57582,83526.00333333,16.29428571,0.05,0.9,0,TREND_UP,NORMAL,ALIGNED,HEALTHY,ALLOW
2026-09-29T00:05:00Z,83528.01,83536.36,83508.0,83508.0,5.83806,83517.45333333,18.31928571,0.05,0.9,0,TREND_DOWN,NORMAL,NEUTRAL,HEALTHY,ALLOW
2026-09-29T00:06:00Z,83508.0,83538.01,83490.0,83538.01,3.70153,83522.00666667,19.89,0.05,0.9,0,TREND_UP,NORMAL,ALIGNED,HEALTHY,ALLOW
2026-09-29T00:07:00Z,83538.01,83544.01,83533.32,83536.01,2.82161,83537.78,20.08142857,0.05,0.9,0,TREND_DOWN,NORMAL,NEUTRAL,HEALTHY,ALLOW
2026-09-29T00:08:00Z,83536.01,83536.01,83518.83,83518.83,2.3661,83524.55666667,20.87928571,0.05,0.9,0,TREND_DOWN,NORMAL,NEUTRAL,HEALTHY,ALLOW
2026-09-29T00:09:00Z,83518.84,83534.01,83518.83,83528.0,4.38127,83526.94666667,21.82,0.05,0.9,0,TREND_UP,NORMAL,ALIGNED,HEALTHY,ALLOW
2026-09-29T00:10:00Z,83528.0,83528.0,83484.37,83484.37,5.4912,83498.91333333,24.93571429,0.05,0.9,0,TREND_DOWN,NORMAL,NEUTRAL,HEALTHY,ALLOW
2026-09-29T00:11:00Z,83484.38,83495.06,83462.0,83495.06,3.84719,83484.04,26.725,0.05,0.9,0,TREND_UP,NORMAL,ALIGNED,HEALTHY,ALLOW
2026-09-29T00:12:00Z,83495.06,83509.9,83476.0,83509.89,2.90938,83498.59666667,27.60642857,0.05,0.9,0,TREND_UP,NORMAL,ALIGNED,HEALTHY,ALLOW
2026-09-29T00:13:00Z,83509.89,83534.01,83503.65,83534.0,17.24701,83523.88666667,27.02785714,0.05,0.9,0,TREND_UP,NORMAL,ALIGNED,HEALTHY,ALLOW
2026-09-29T00:14:00Z,83534.01,83539.95,83525.65,83525.65,4.38423,83530.41666667,26.10071429,0.05,0.9,0,TREND_DOWN,NORMAL,NEUTRAL,HEALTHY,ALLOW
2026-09-29T00:15:00Z,83525.66,83525.66,83490.01,83490.01,5.46504,83501.89333333,26.65571429,0.05,0.9,0,TREND_DOWN,NORMAL,NEUTRAL,HEALTHY,ALLOW
2026-09-29T00:16:00Z,83490.0,83490.0,83462.0,83462.0,2.7336,83471.33333333,27.05,0.05,0.9,0,TREND_DOWN,NORMAL,NEUTRAL,HEALTHY,ALLOW
2026-09-29T00:17:00Z,83462.01,83462.01,83410.0,83415.66,5.84707,83429.22333333,28.31071429,0.05,0.9,0,TREND_DOWN,NORMAL,NEUTRAL,HEALTHY,ALLOW
2026-09-29T00:18:00Z,83415.67,83416.01,83398.0,83416.01,2.89874,83410.00666667,29.16785714,0.05,0.9,0,TREND_UP,NORMAL,ALIGNED,HEALTHY,ALLOW
2026-09-29T00:19:00Z,83416.01,83453.6,83416.0,83445.17,4.72323,83438.25666667,29.82785714,0.05,0.9,0,TREND_UP,NORMAL,ALIGNED,HEALTHY,ALLOW
2026-09-29T00:20:00Z,83445.18,83445.18,83420.0,83422.0,3.5158,83429.06,28.19714286,0.05,0.9,0,TREND_DOWN,NORMAL,NEUTRAL,HEALTHY,ALLOW
2026-09-29T00:21:00Z,83422.01,83427.85,83420.0,83420.0,2.70999,83422.61666667,27.99428571,0.05,0.9,0,TREND_DOWN,NORMAL,NEUTRAL,HEALTHY,ALLOW
2026-09-29T00:22:00Z,83420.0,83420.01,83387.42,83387.42,6.22925,83398.28333333,29.095,0.05,0.9,0,TREND_DOWN,NORMAL,NEUTRAL,HEALTHY,ALLOW
2026-09-29T00:23:00Z,83387.43,83387.43,83366.1,83371.33,7.49126,83374.95333333,29.53428571,0.05,0.9,0,TREND_DOWN,NORMAL,NEUTRAL,HEALTHY,ALLOW
2026-09-29T00:24:00Z,83371.33,83381.0,83350.0,83381.0,5.56374,83370.66666667,28.63214286,0.05,0.9,0,TREND_UP,NORMAL,ALIGNED,HEALTHY,ALLOW
2026-09-29T00:25:00Z,83380.99,83470.01,83376.0,83470.0,5.16281,83438.67,32.98571429,0.05,0.9,0,TREND_UP,NORMAL,ALIGNED,HEALTHY,ALLOW
2026-09-29T00:26:00Z,83470.01,83479.63,83462.0,83479.62,2.64429,83473.75,31.82357143,0.05,0.9,0,TREND_UP,NORMAL,ALIGNED,HEALTHY,ALLOW
2026-09-29T00:27:00Z,83479.63,83484.6,83444.0,83448.01,4.07893,83458.87,32.555,0.05,0.9,0,TREND_DOWN,NORMAL,NEUTRAL,HEALTHY,ALLOW
2026-09-29T00:28:00Z,83448.0,83548.01,83448.0,83548.01,72.50116,83514.67333333,38.67714286,0.05,0.9,0,TREND_UP,NORMAL,ALIGNED,HEALTHY,ALLOW
2026-09-29T00:29:00Z,83548.01,83558.01,83522.0,83549.04,40.75979,83543.01666667,38.70285714,0.05,0.9,0,TREND_UP,NORMAL,ALIGNED,HEALTHY,ALLOW
2026-09-29T00:30:00Z,83549.05,83564.01,83541.04,83556.01,2.72617,83553.68666667,38.34285714,0.05,0.9,0,TREND_UP,NORMAL,ALIGNED,HEALTHY,ALLOW
2026-09-29T00:31:00Z,83556.0,83556.0,83480.0,83480.0,6.93017,83505.33333333,40.05714286,0.05,0.9,0,TREND_DOWN,NORMAL,NEUTRAL,HEALTHY,ALLOW
2026-09-29T00:32:00Z,83480.01,83508.01,83468.0,83508.0,5.12035,83494.67,41.62857143,0.05,0.9,0,TREND_UP,NORMAL,ALIGNED,HEALTHY,ALLOW
2026-09-29T00:33:00Z,83508.01,83582.0,83508.01,83582.0,5.98703,83557.33666667,44.22857143,0.05,0.9,0,TREND_UP,NORMAL,ALIGNED,HEALTHY,ALLOW
2026-09-29T00:34:00Z,83582.01,83620.01,83547.23,83547.99,130.24447,83571.74333333,47.62857143,0.05,0.9,0,TREND_DOWN,NORMAL,NEUTRAL,HEALTHY,ALLOW
2026-09-29T00:35:00Z,83548.0,83620.01,83548.0,83620.01,12.9735,83596.00666667,52.21214286,0.05,0.9,0,TREND_UP,NORMAL,ALIGNED,HEALTHY,ALLOW
2026-09-29T00:36:00Z,83620.0,83620.01,83605.64,83614.0,4.41381,83613.21666667,50.91071429,0.05,0.9,0,TREND_DOWN,NORMAL,NEUTRAL,HEALTHY,ALLOW
2026-09-29T00:37:00Z,83614.0,83614.0,83545.36,83566.01,4.53564,83575.12333333,54.29,0.05,0.9,0,TREND_DOWN,NORMAL,NEUTRAL,HEALTHY,ALLOW
2026-09-29T00:38:00Z,83566.01,83571.5,83528.0,83528.0,5.22129,83542.5,55.18285714,0.05,0.9,0,TREND_DOWN,NORMAL,NEUTRAL,HEALTHY,ALLOW
2026-09-29T00:39:00Z,83528.0,83548.0,83522.0,83534.01,2.22961,83534.67,50.325,0.05,0.9,0,TREND_UP,NORMAL,ALIGNED,HEALTHY,ALLOW
2026-09-29T00:40:00Z,83534.0,83534.0,83516.0,83516.0,2.08001,83522.0,50.35214286,0.05,0.9,0,TREND_DOWN,NORMAL,NEUTRAL,HEALTHY,ALLOW
2026-09-29T00:41:00Z,83516.0,83516.01,83500.0,83503.99,2.1568,83506.66666667,48.59571429,0.05,0.9,0,TREND_DOWN,NORMAL,NEUTRAL,HEALTHY,ALLOW
2026-09-29T00:42:00Z,83504.0,83544.07,83503.99,83524.3,5.29438,83524.12,44.315,0.05,0.9,0,TREND_UP,NORMAL,ALIGNED,HEALTHY,ALLOW
2026-09-29T00:43:00Z,83524.31,83536.03,83513.08,83533.33,2.48527,83527.48,43.38214286,0.05,0.9,0,TREND_UP,NORMAL,ALIGNED,HEALTHY,ALLOW
2026-09-29T00:44:00Z,83533.32,83536.01,83522.0,83532.0,5.59882,83530.00333333,42.74214286,0.05,0.9,0,TREND_DOWN,NORMAL,NEUTRAL,HEALTHY,ALLOW
2026-09-29T00:45:00Z,83532.0,83532.01,83456.0,83456.0,7.92732,83481.33666667,42.74214286,0.05,0.9,0,TREND_DOWN,NORMAL,NEUTRAL,HEALTHY,ALLOW
2026-09-29T00:46:00Z,83456.0,83460.01,83427.0,83427.0,7.46182,83438.00333333,42.24214286,0.05,0.9,0,TREND_DOWN,NORMAL,NEUTRAL,HEALTHY,ALLOW
2026-09-29T00:47:00Z,83426.99,83438.01,83403.29,83416.0,9.42801,83419.1,39.43642857,0.05,0.9,0,TREND_DOWN,NORMAL,NEUTRAL,HEALTHY,ALLOW
2026-09-29T00:48:00Z,83416.0,83428.01,83392.39,83412.01,4.92962,83410.80333333,36.78214286,0.05,0.9,0,TREND_DOWN,NORMAL,NEUTRAL,HEALTHY,ALLOW
2026-09-29T00:49:00Z,83412.0,83412.01,83343.82,83343.83,5.95555,83366.55333333,36.50857143,0.05,0.9,0,TREND_DOWN,NORMAL,NEUTRAL,HEALTHY,ALLOW
2026-09-29T00:50:00Z,83343.82,83343.85,83328.0,83328.01,2.92011,83333.28666667,36.61428571,0.05,0.9,0,TREND_DOWN,NORMAL,NEUTRAL,HEALTHY,ALLOW
2026-09-29T00:51:00Z,83328.01,83328.01,83308.0,83309.97,8.1181,83315.32666667,33.14071429,0.05,0.9,0,TREND_DOWN,NORMAL,NEUTRAL,HEALTHY,ALLOW
2026-09-29T00:52:00Z,83309.98,83309.98,83282.52,83292.01,4.40982,83294.83666667,31.995,0.05,0.9,0,TREND_DOWN,NORMAL,NEUTRAL,HEALTHY,ALLOW
2026-09-29T00:53:00Z,83292.01,83292.01,83265.77,83282.53,5.29362,83280.10333333,32.01214286,0.05,0.9,0,TREND_DOWN,NORMAL,NEUTRAL,HEALTHY,ALLOW
2026-09-29T00:54:00Z,83282.53,83289.71,83258.06,83266.55,7.06234,83271.44,32.98642857,0.05,0.9,0,TREND_DOWN,NORMAL,NEUTRAL,HEALTHY,ALLOW
2026-09-29T00:55:00Z,83266.55,83292.0,83262.14,83275.74,4.50574,83276.62666667,33.97571429,0.05,0.9,0,TREND_UP,NORMAL,ALIGNED,HEALTHY,ALLOW
2026-09-29T00:56:00Z,83275.74,83275.74,83234.07,83242.0,7.12923,83250.60333333,34.08928571,0.05,0.9,0,TREND_DOWN,NORMAL,NEUTRAL,HEALTHY,ALLOW
2026-09-29T00:57:00Z,83242.0,83242.02,83183.0,83183.0,14.62251,83202.67333333,36.66571429,0.05,0.9,0,TREND_DOWN,NORMAL,NEUTRAL,HEALTHY,ALLOW
2026-09-29T00:58:00Z,83183.01,83241.45,83183.0,83236.56,4.89914,83220.33666667,39.84,0.05,0.9,0,TREND_UP,NORMAL,ALIGNED,HEALTHY,ALLOW
2026-09-29T00:59:00Z,83236.56,83236.56,83185.69,83185.69,4.86409,83202.64666667,38.04428571,0.05,0.9,0,TREND_DOWN,NORMAL,NEUTRAL,HEALTHY,ALLOW
2026-09-29T01:00:00Z,83185.69,83185.69,83111.01,83121.7,36.6999,83139.46666667,41.02071429,0.05,0.9,0,TREND_DOWN,NORMAL,NEUTRAL,HEALTHY,ALLOW
2026-09-29T01:01:00Z,83121.7,83162.01,83098.0,83150.01,22.53459,83136.67333333,43.11285714,0.05,0.9,0,TREND_UP,NORMAL,ALIGNED,HEALTHY,ALLOW
2026-09-29T01:02:00Z,83150.01,83240.01,83150.0,83240.0,6.73599,83210.00333333,46.99785714,0.05,0.9,0,TREND_UP,NORMAL,ALIGNED,HEALTHY,ALLOW
2026-09-29T01:03:00Z,83240.0,83241.99,83199.68,83199.69,4.51874,83213.78666667,45.14928571,0.05,0.9,0,TREND_DOWN,NORMAL,NEUTRAL,HEALTHY,ALLOW
2026-09-29T01:04:00Z,83199.68,83204.01,83157.68,83157.68,6.58731,83173.12333333,47.32642857,0.05,0.9,0,TREND_DOWN,NORMAL,NEUTRAL,HEALTHY,ALLOW
2026-09-29T01:05:00Z,83157.68,83178.01,83117.92,83164.0,6.98482,83153.31,50.18928571,0.05,0.9,0,TREND_UP,NORMAL,ALIGNED,HEALTHY,ALLOW
2026-09-29T01:06:00Z,83164.01,83174.01,83128.0,83128.0,4.09289,83143.33666667,51.51428571,0.05,0.9,0,TREND_DOWN,NORMAL,NEUTRAL,HEALTHY,ALLOW
2026-09-29T01:07:00Z,83128.0,83136.01,83064.52,83070.01,11.53213,83090.18,54.74642857,0.05,0.9,0,TREND_DOWN,NORMAL,NEUTRAL,HEALTHY,ALLOW
2026-09-29T01:08:00Z,83070.01,83090.01,83050.0,83050.0,8.58173,83063.33666667,55.34357143,0.05,0.9,0,TREND_DOWN,NORMAL,NEUTRAL,HEALTHY,ALLOW
2026-09-29T01:09:00Z,83050.0,83056.0,83035.12,83035.68,9.22522,83042.26666667,54.70214286,0.05,0.9,0,TREND_DOWN,NORMAL,NEUTRAL,HEALTHY,ALLOW
2026-09-29T01:10:00Z,83035.69,83053.29,83016.67,83039.24,12.82112,83036.4,54.34142857,0.05,0.9,0,TREND_UP,NORMAL,ALIGNED,HEALTHY,ALLOW
2026-09-29T01:11:00Z,83039.24,83039.25,83017.2,83017.21,5.47659,83024.55333333,51.70071429,0.05,0.9,0,TREND_DOWN,NORMAL,NEUTRAL,HEALTHY,ALLOW
2026-09-29T01:12:00Z,83017.21,83094.0,83014.56,83080.0,11.89693,83062.85333333,53.2,0.05,0.9,0,TREND_UP,NORMAL,ALIGNED,HEALTHY,ALLOW
2026-09-29T01:13:00Z,83080.01,83080.01,82991.2,82999.01,43.52516,83023.40666667,55.91,0.05,0.9,0,TREND_DOWN,NORMAL,NEUTRAL,HEALTHY,ALLOW
2026-09-29T01:14:00Z,82999.01,83054.58,82999.0,83035.72,33.89837,83029.76666667,54.54571429,0.05,0.9,0,TREND_UP,NORMAL,ALIGNED,HEALTHY,ALLOW
2026-09-29T01:15:00Z,83035.72,83040.59,82973.44,83015.02,23.16196,83009.68333333,54.77,0.05,0.9,0,TREND_DOWN,NORMAL,NEUTRAL,HEALTHY,ALLOW
2026-09-29T01:16:00Z,83015.02,83015.02,82935.49,82936.01,9.99216,82962.17333333,54.02142857,0.05,0.9,0,TREND_DOWN,NORMAL,NEUTRAL,HEALTHY,ALLOW
2026-09-29T01:17:00Z,82936.01,82943.44,82921.72,82926.05,6.86621,82930.40333333,52.55071429,0.05,0.9,0,TREND_DOWN,NORMAL,NEUTRAL,HEALTHY,ALLOW
2026-09-29T01:18:00Z,82926.05,82945.76,82906.95,82909.02,7.04507,82920.57666667,52.01357143,0.05,0.9,0,TREND_DOWN,NORMAL,NEUTRAL,HEALTHY,ALLOW
2026-09-29T01:19:00Z,82909.02,82909.03,82837.0,82837.0,34.90086,82861.01,52.86642857,0.05,0.9,0,TREND_DOWN,NORMAL,NEUTRAL,HEALTHY,ALLOW
2026-09-29T01:20:00Z,82837.01,82934.1,82837.0,82928.02,14.0185,82899.70666667,56.51571429,0.05,0.9,0,TREND_UP,NORMAL,ALIGNED,HEALTHY,ALLOW
2026-09-29T01:21:00Z,82928.02,82987.15,82900.0,82963.82,11.84119,82950.32333333,57.63428571,0.05,0.9,0,TREND_UP,NORMAL,ALIGNED,HEALTHY,ALLOW
2026-09-29T01:22:00Z,82963.83,83044.25,82963.47,83044.25,16.38412,83017.32333333,60.54642857,0.05,0.9,0,TREND_UP,NORMAL,ALIGNED,HEALTHY,ALLOW
2026-09-29T01:23:00Z,83044.25,83054.01,83000.0,83000.33,5.59815,83018.11333333,62.91285714,0.05,0.9,0,TREND_DOWN,NORMAL,NEUTRAL,HEALTHY,ALLOW
2026-09-29T01:24:00Z,83000.34,83023.17,82982.42,83018.71,5.76227,83008.1,63.20785714,0.05,0.9,0,TREND_UP,NORMAL,ALIGNED,HEALTHY,ALLOW
2026-09-29T01:25:00Z,83018.72,83023.33,82954.44,82973.29,3.71002,82983.68666667,66.55357143,0.05,0.9,0,TREND_DOWN,NORMAL,NEUTRAL,HEALTHY,ALLOW
2026-09-29T01:26:00Z,82973.29,83000.0,82958.67,82962.35,8.34887,82973.67333333,63.83142857,0.05,0.9,0,TREND_DOWN,NORMAL,NEUTRAL,HEALTHY,ALLOW
2026-09-29T01:27:00Z,82962.35,82962.35,82933.24,82933.24,5.37452,82942.94333333,59.56714286,0.05,0.9,0,TREND_DOWN,NORMAL,NEUTRAL,HEALTHY,ALLOW
2026-09-29T01:28:00Z,82933.25,82933.25,82903.9,82916.41,4.3617,82917.85333333,57.69357143,0.05,0.9,0,TREND_DOWN,NORMAL,NEUTRAL,HEALTHY,ALLOW
2026-09-29T01:29:00Z,82916.4,82916.4,82827.72,82827.73,40.01676,82857.28333333,59.23214286,0.05,0.9,0,TREND_DOWN,NORMAL,NEUTRAL,HEALTHY,ALLOW
2026-09-29T01:30:00Z,82827.73,82911.49,82802.95,82906.18,12.69159,82873.54,61.30428571,0.05,0.9,0,TREND_UP,NORMAL,ALIGNED,HEALTHY,ALLOW
2026-09-29T01:31:00Z,82906.18,82945.67,82850.0,82850.01,9.72803,82881.89333333,66.58642857,0.05,0.9,0,TREND_DOWN,NORMAL,NEUTRAL,HEALTHY,ALLOW
2026-09-29T01:32:00Z,82850.0,82878.08,82789.0,82878.07,19.32306,82848.38333333,70.17714286,0.05,0.9,0,TREND_UP,NORMAL,ALIGNED,HEALTHY,ALLOW
2026-09-29T01:33:00Z,82878.08,82934.43,82878.08,82926.14,6.08383,82912.88333333,69.05785714,0.05,0.9,0,TREND_UP,NORMAL,ALIGNED,HEALTHY,ALLOW
2026-09-29T01:34:00Z,82926.13,82937.28,82887.19,82900.49,5.72065,82908.32,65.7,0.05,0.9,0,TREND_DOWN,NORMAL,NEUTRAL,HEALTHY,ALLOW
2026-09-29T01:35:00Z,82900.49,82913.5,82819.29,82851.38,11.71641,82861.39,66.20428571,0.05,0.9,0,TREND_DOWN,NORMAL,NEUTRAL,HEALTHY,ALLOW
2026-09-29T01:36:00Z,82851.38,82851.39,82775.94,82800.63,23.94625,82809.32,65.82357143,0.05,0.9,0,TREND_DOWN,NORMAL,NEUTRAL,HEALTHY,ALLOW
2026-09-29T01:37:00Z,82800.63,82887.6,82800.63,82859.17,8.23476,82849.13333333,68.17785714,0.05,0.9,0,TREND_UP,NORMAL,ALIGNED,HEALTHY,ALLOW
2026-09-29T01:38:00Z,82859.17,82883.38,82850.0,82860.32,11.86847,82864.56666667,67.65142857,0.05,0.9,0,TREND_UP,NORMAL,ALIGNED,HEALTHY,ALLOW
2026-09-29T01:39:00Z,82860.31,82893.09,82848.07,82853.84,6.68194,82865.0,65.94642857,0.05,0.9,0,TREND_DOWN,NORMAL,NEUTRAL,HEALTHY,ALLOW
2026-09-29T01:40:00Z,82853.85,82883.42,82853.84,82876.34,3.30022,82871.2,65.10714286,0.05,0.9,0,TREND_UP,NORMAL,ALIGNED,HEALTHY,ALLOW
2026-09-29T01:41:00Z,82876.34,82920.89,82838.07,82920.88,12.35352,82893.28,68.94357143,0.05,0.9,0,TREND_UP,NORMAL,ALIGNED,HEALTHY,ALLOW
2026-09-29T01:42:00Z,82920.89,82994.7,82920.89,82989.84,15.21037,82968.47666667,72.12,0.05,0.9,0,TREND_UP,NORMAL,ALIGNED,HEALTHY,ALLOW
2026-09-29T01:43:00Z,82989.84,83009.64,82907.64,82907.65,10.11085,82941.64333333,73.07071429,0.05,0.9,0,TREND_DOWN,NORMAL,NEUTRAL,HEALTHY,ALLOW
2026-09-29T01:44:00Z,82907.65,82973.83,82907.65,82968.55,14.72421,82950.01,70.045,0.05,0.9,0,TREND_UP,NORMAL,ALIGNED,HEALTHY,ALLOW
2026-09-29T01:45:00Z,82968.54,83074.01,82941.42,83074.01,7.15497,83029.81333333,72.68214286,0.05,0.9,0,TREND_UP,NORMAL,ALIGNED,HEALTHY,ALLOW
2026-09-29T01:46:00Z,83074.01,83094.7,83019.07,83027.49,10.37783,83047.08666667,71.72142857,0.05,0.9,0,TREND_DOWN,NORMAL,NEUTRAL,HEALTHY,ALLOW
2026-09-29T01:47:00Z,83027.5,83048.53,83005.5,83036.22,4.59326,83030.08333333,70.76928571,0.05,0.9,0,TREND_UP,NORMAL,ALIGNED,HEALTHY,ALLOW
2026-09-29T01:48:00Z,83036.22,83036.51,82985.73,82985.73,42.13933,83002.65666667,70.81857143,0.05,0.9,0,TREND_DOWN,NORMAL,NEUTRAL,HEALTHY,ALLOW
2026-09-29T01:49:00Z,82985.74,83025.63,82981.04,82983.85,4.58516,82996.84,67.27428571,0.05,0.9,0,TREND_DOWN,NORMAL,NEUTRAL,HEALTHY,ALLOW
2026-09-29T01:50:00Z,82983.86,82983.86,82932.95,82932.95,5.37139,82949.92,65.52142857,0.05,0.9,0,TREND_DOWN,NORMAL,NEUTRAL,HEALTHY,ALLOW
2026-09-29T01:51:00Z,82932.95,82932.95,82910.89,82924.28,3.8552,82922.70666667,60.885,0.05,0.9,0,TREND_DOWN,NORMAL,NEUTRAL,HEALTHY,ALLOW
2026-09-29T01:52:00Z,82924.27,83023.3,82914.01,83023.3,7.54892,82986.87,66.30714286,0.05,0.9,0,TREND_UP,NORMAL,ALIGNED,HEALTHY,ALLOW
2026-09-29T01:53:00Z,83023.3,83078.01,83023.29,83068.16,11.74913,83056.48666667,67.0,0.05,0.9,0,TREND_UP,NORMAL,ALIGNED,HEALTHY,ALLOW
2026-09-29T01:54:00Z,83068.16,83068.16,83018.04,83040.2,3.34822,83042.13333333,68.46714286,0.05,0.9,0,TREND_DOWN,NORMAL,NEUTRAL,HEALTHY,ALLOW
2026-09-29T01:55:00Z,83040.19,83052.01,83010.71,83030.29,3.38279,83031.00333333,65.50142857,0.05,0.9,0,TREND_DOWN,NORMAL,NEUTRAL,HEALTHY,ALLOW
2026-09-29T01:56:00Z,83030.3,83060.01,83025.76,83060.01,11.85941,83048.59333333,62.675,0.05,0.9,0,TREND_UP,NORMAL,ALIGNED,HEALTHY,ALLOW
2026-09-29T01:57:00Z,83060.01,83060.01,83016.82,83016.83,2.33686,83031.22,58.47428571,0.05,0.9,0,TREND_DOWN,NORMAL,NEUTRAL,HEALTHY,ALLOW
2026-09-29T01:58:00Z,83016.83,83115.35,83016.82,83058.01,32.57604,83063.39333333,60.785,0.05,0.9,0,TREND_UP,NORMAL,ALIGNED,HEALTHY,ALLOW
2026-09-29T01:59:00Z,83058.0,83084.01,83055.96,83068.0,10.07443,83069.32333333,53.31785714,0.05,0.9,0,TREND_UP,NORMAL,ALIGNED,HEALTHY,ALLOW
2026-09-29T02:00:00Z,83068.01,83100.0,83065.1,83094.01,3.22798,83086.37,50.40857143,0.05,0.9,0,TREND_UP,NORMAL,ALIGNED,HEALTHY,ALLOW
2026-09-29T02:01:00Z,83094.0,83094.01,83022.95,83030.67,14.70777,83049.21,52.41071429,0.05,0.9,0,TREND_DOWN,NORMAL,NEUTRAL,HEALTHY,ALLOW
2026-09-29T02:02:00Z,83030.67,83050.52,83008.01,83037.61,7.12925,83032.04666667,51.82,0.05,0.9,0,TREND_UP,NORMAL,ALIGNED,HEALTHY,ALLOW
2026-09-29T02:03:00Z,83037.61,83038.91,83006.04,83006.46,8.5906,83017.13666667,50.98285714,0.05,0.9,0,TREND_DOWN,NORMAL,NEUTRAL,HEALTHY,ALLOW
2026-09-29T02:04:00Z,83006.47,83044.37,83000.0,83029.21,6.89433,83024.52666667,50.51571429,0.05,0.9,0,TREND_UP,NORMAL,ALIGNED,HEALTHY,ALLOW
2026-09-29T02:05:00Z,83029.39,83029.39,82972.13,82983.71,12.99034,82995.07666667,53.03,0.05,0.9,0,TREND_DOWN,NORMAL,NEUTRAL,HEALTHY,ALLOW
2026-09-29T02:06:00Z,82983.7,83004.7,82956.89,83004.7,14.33866,82988.76333333,48.63857143,0.05,0.9,0,TREND_UP,NORMAL,ALIGNED,HEALTHY,ALLOW
2026-09-29T02:07:00Z,83004.7,83057.53,83001.71,83050.0,12.37976,83036.41333333,48.71714286,0.05,0.9,0,TREND_UP,NORMAL,ALIGNED,HEALTHY,ALLOW
2026-09-29T02:08:00Z,83050.0,83054.01,83003.25,83003.25,6.27868,83020.17,48.76285714,0.05,0.9,0,TREND_DOWN,NORMAL,NEUTRAL,HEALTHY,ALLOW
2026-09-29T02:09:00Z,83003.26,83003.26,82971.82,82977.56,7.80046,82984.21333333,48.05857143,0.05,0.9,0,TREND_DOWN,NORMAL,NEUTRAL,HEALTHY,ALLOW
2026-09-29T02:10:00Z,82977.56,83004.98,82933.0,82933.0,11.89306,82956.99333333,50.75357143,0.05,0.9,0,TREND_DOWN,NORMAL,NEUTRAL,HEALTHY,ALLOW
2026-09-29T02:11:00Z,82933.0,82960.24,82925.82,82935.86,9.51186,82940.64,50.12714286,0.05,0.9,0,TREND_UP,NORMAL,ALIGNED,HEALTHY,ALLOW
2026-09-29T02:12:00Z,82935.86,83037.8,82914.16,83025.36,17.18459,82992.44,51.92071429,0.05,0.9,0,TREND_UP,NORMAL,ALIGNED,HEALTHY,ALLOW
2026-09-29T02:13:00Z,83025.36,83077.59,83002.9,83077.59,7.09559,83052.69333333,55.25214286,0.05,0.9,0,TREND_UP,NORMAL,ALIGNED,HEALTHY,ALLOW
2026-09-29T02:14:00Z,83077.58,83077.59,83020.1,83020.1,12.96878,83039.26333333,56.86571429,0.05,0.9,0,TREND_DOWN,NORMAL,NEUTRAL,HEALTHY,ALLOW
2026-09-29T02:15:00Z,83020.1,83078.01,83020.1,83078.01,4.993,83058.70666667,55.92642857,0.05,0.9,0,TREND_UP,NORMAL,ALIGNED,HEALTHY,ALLOW
2026-09-29T02:16:00Z,83078.01,83099.61,83052.0,83070.0,5.33689,83073.87,56.29071429,0.05,0.9,0,TREND_DOWN,NORMAL,NEUTRAL,HEALTHY,ALLOW
2026-09-29T02:17:00Z,83070.0,83070.0,83034.92,83034.93,6.71772,83046.61666667,56.44857143,0.05,0.9,0,TREND_DOWN,NORMAL,NEUTRAL,HEALTHY,ALLOW
2026-09-29T02:18:00Z,83034.93,83082.01,83022.58,83078.01,4.99189,83060.86666667,57.52428571,0.05,0.9,0,TREND_UP,NORMAL,ALIGNED,HEALTHY,ALLOW
2026-09-29T02:19:00Z,83078.0,83114.0,83063.36,83114.0,5.94657,83097.12,57.05142857,0.05,0.9,0,TREND_UP,NORMAL,ALIGNED,HEALTHY,ALLOW
2026-09-29T02:20:00Z,83114.01,83156.01,83114.0,83142.0,5.65478,83137.33666667,56.63714286,0.05,0.9,0,TREND_UP,NORMAL,ALIGNED,HEALTHY,ALLOW
2026-09-29T02:21:00Z,83142.01,83142.01,83042.9,83042.9,8.24701,83075.93666667,59.72928571,0.05,0.9,0,TREND_DOWN,NORMAL,NEUTRAL,HEALTHY,ALLOW
2026-09-29T02:22:00Z,83042.91,83042.91,82914.83,82956.9,11.34022,82971.54666667,65.25214286,0.05,0.9,0,TREND_DOWN,NORMAL,NEUTRAL,HEALTHY,ALLOW
2026-09-29T02:23:00Z,82956.89,83025.83,82956.89,83013.29,6.37166,82998.67,67.93071429,0.05,0.9,0,TREND_UP,NORMAL,ALIGNED,HEALTHY,ALLOW
2026-09-29T02:24:00Z,83013.29,83034.93,82999.99,83008.11,3.14555,83014.34333333,65.285,0.05,0.9,0,TREND_DOWN,NORMAL,NEUTRAL,HEALTHY,ALLOW
2026-09-29T02:25:00Z,83008.1,83008.1,82963.13,82998.39,3.83077,82989.87333333,66.03928571,0.05,0.9,0,TREND_DOWN,NORMAL,NEUTRAL,HEALTHY,ALLOW
2026-09-29T02:26:00Z,82998.38,83010.02,82949.32,82955.62,7.1449,82971.65333333,61.54357143,0.05,0.9,0,TREND_DOWN,NORMAL,NEUTRAL,HEALTHY,ALLOW
2026-09-29T02:27:00Z,82955.79,82995.24,82955.79,82959.01,4.26126,82970.01333333,59.03857143,0.05,0.9,0,TREND_UP,NORMAL,ALIGNED,HEALTHY,ALLOW
2026-09-29T02:28:00Z,82959.01,82959.02,82929.92,82948.73,2.89956,82945.89,57.01071429,0.05,0.9,0,TREND_DOWN,NORMAL,NEUTRAL,HEALTHY,ALLOW
2026-09-29T02:29:00Z,82948.73,82975.59,82946.66,82975.59,3.0031,82965.94666667,54.94071429,0.05,0.9,0,TREND_UP,NORMAL,ALIGNED,HEALTHY,ALLOW
2026-09-29T02:30:00Z,82975.59,83030.92,82970.35,82970.36,3.34634,82990.54333333,55.86642857,0.05,0.9,0,TREND_DOWN,NORMAL,NEUTRAL,HEALTHY,ALLOW
2026-09-29T02:31:00Z,82970.36,82990.3,82950.27,82983.69,8.73719,82974.75333333,56.22,0.05,0.9,0,TREND_UP,NORMAL,ALIGNED,HEALTHY,ALLOW
2026-09-29T02:32:00Z,82983.69,82983.69,82956.34,82956.35,4.03568,82965.46,53.92857143,0.05,0.9,0,TREND_DOWN,NORMAL,NEUTRAL,HEALTHY,ALLOW
2026-09-29T02:33:00Z,82956.35,82956.9,82923.76,82925.45,2.90717,82935.37,52.67857143,0.05,0.9,0,TREND_DOWN,NORMAL,NEUTRAL,HEALTHY,ALLOW
2026-09-29T02:34:00Z,82925.45,82950.92,82891.32,82891.33,10.68699,82911.19,53.935,0.05,0.9,0,TREND_DOWN,NORMAL,NEUTRAL,HEALTHY,ALLOW
2026-09-29T02:35:00Z,82891.33,82949.1,82891.33,82936.19,7.1483,82925.54,50.98214286,0.05,0.9,0,TREND_UP,NORMAL,ALIGNED,HEALTHY,ALLOW
2026-09-29T02:36:00Z,82936.2,82955.23,82905.37,82925.3,4.00435,82928.63333333,45.395,0.05,0.9,0,TREND_DOWN,NORMAL,NEUTRAL,HEALTHY,ALLOW
2026-09-29T02:37:00Z,82925.3,82956.9,82925.29,82956.89,5.26935,82946.36,42.72857143,0.05,0.9,0,TREND_UP,NORMAL,ALIGNED,HEALTHY,ALLOW
2026-09-29T02:38:00Z,82956.9,83000.0,82956.9,83000.0,8.63399,82985.63333333,43.31214286,0.05,0.9,0,TREND_UP,NORMAL,ALIGNED,HEALTHY,ALLOW
2026-09-29T02:39:00Z,83000.0,83026.97,82967.97,82970.63,4.38893,82988.52333333,44.31357143,0.05,0.9,0,TREND_DOWN,NORMAL,NEUTRAL,HEALTHY,ALLOW
2026-09-29T02:40:00Z,82970.63,82995.71,82967.98,82978.1,9.26036,82980.59666667,41.95857143,0.05,0.9,0,TREND_UP,NORMAL,ALIGNED,HEALTHY,ALLOW
2026-09-29T02:41:00Z,82978.09,82994.55,82954.57,82994.55,8.36449,82981.22333333,41.98428571,0.05,0.9,0,TREND_UP,NORMAL,ALIGNED,HEALTHY,ALLOW
2026-09-29T02:42:00Z,82994.55,83020.12,82964.34,82964.35,3.56848,82982.93666667,43.89,0.05,0.9,0,TREND_DOWN,NORMAL,NEUTRAL,HEALTHY,ALLOW
2026-09-29T02:43:00Z,82964.35,83000.0,82957.01,83000.0,1.97309,82985.67,44.89428571,0.05,0.9,0,TREND_UP,NORMAL,ALIGNED,HEALTHY,ALLOW
2026-09-29T02:44:00Z,82999.99,83036.32,82995.11,83034.3,11.79435,83021.91,43.51142857,0.05,0.9,0,TREND_UP,NORMAL,ALIGNED,HEALTHY,ALLOW
2026-09-29T02:45:00Z,83034.3,83088.01,83032.49,83088.01,13.52739,83069.50333333,44.61785714,0.05,0.9,0,TREND_UP,NORMAL,ALIGNED,HEALTHY,ALLOW
2026-09-29T02:46:00Z,83088.01,83112.01,83088.0,83102.0,3.81042,83100.67,44.37928571,0.05,0.9,0,TREND_UP,NORMAL,ALIGNED,HEALTHY,ALLOW
2026-09-29T02:47:00Z,83102.0,83102.01,83041.2,83060.0,7.04014,83067.73666667,46.35571429,0.05,0.9,0,TREND_DOWN,NORMAL,NEUTRAL,HEALTHY,ALLOW
2026-09-29T02:48:00Z,83060.01,83080.01,83060.01,83078.0,3.66146,83072.67333333,43.52785714,0.05,0.9,0,TREND_UP,NORMAL,ALIGNED,HEALTHY,ALLOW
2026-09-29T02:49:00Z,83078.01,83078.01,83026.61,83026.61,23.39051,83043.74333333,43.07285714,0.05,0.9,0,TREND_DOWN,NORMAL,NEUTRAL,HEALTHY,ALLOW
2026-09-29T02:50:00Z,83026.61,83026.62,82985.1,82991.11,10.20333,83000.94333333,42.47714286,0.05,0.9,0,TREND_DOWN,NORMAL,NEUTRAL,HEALTHY,ALLOW
2026-09-29T02:51:00Z,82991.12,83012.33,82928.88,82928.88,5.92241,82956.69666667,46.18,0.05,0.9,0,TREND_DOWN,NORMAL,NEUTRAL,HEALTHY,ALLOW
2026-09-29T02:52:00Z,82928.89,82928.89,82903.42,82911.13,5.74237,82914.48,44.92,0.05,0.9,0,TREND_DOWN,NORMAL,NEUTRAL,HEALTHY,ALLOW
2026-09-29T02:53:00Z,82911.12,82956.9,82905.16,82956.9,2.89218,82939.65333333,44.40142857,0.05,0.9,0,TREND_UP,NORMAL,ALIGNED,HEALTHY,ALLOW
2026-09-29T02:54:00Z,82956.9,82969.61,82940.27,82969.6,3.43073,82959.82666667,44.51642857,0.05,0.9,0,TREND_UP,NORMAL,ALIGNED,HEALTHY,ALLOW
2026-09-29T02:55:00Z,82969.6,82991.46,82969.6,82991.46,10.39269,82984.17333333,43.22214286,0.05,0.9,0,TREND_UP,NORMAL,ALIGNED,HEALTHY,ALLOW
2026-09-29T02:56:00Z,82991.46,82991.46,82980.38,82980.38,4.79189,82984.07333333,40.02928571,0.05,0.9,0,TREND_DOWN,NORMAL,NEUTRAL,HEALTHY,ALLOW
2026-09-29T02:57:00Z,82980.38,82980.38,82958.68,82958.68,13.04941,82965.91333333,38.50857143,0.05,0.9,0,TREND_DOWN,NORMAL,NEUTRAL,HEALTHY,ALLOW
2026-09-29T02:58:00Z,82958.69,82973.67,82958.68,82973.67,3.15441,82968.67333333,36.63571429,0.05,0.9,0,TREND_UP,NORMAL,ALIGNED,HEALTHY,ALLOW
2026-09-29T02:59:00Z,82973.66,82980.3,82966.3,82967.4,8.35481,82971.33333333,33.67,0.05,0.9,0,TREND_DOWN,NORMAL,NEUTRAL,HEALTHY,ALLOW
2026-09-29T03:00:00Z,82967.41,83014.03,82950.0,83014.02,6.60261,82992.68333333,36.52857143,0.05,0.9,0,TREND_UP,NORMAL,ALIGNED,HEALTHY,ALLOW
2026-09-29T03:01:00Z,83014.03,83048.89,82964.72,82988.28,9.07797,83000.63,38.19714286,0.05,0.9,0,TREND_DOWN,NORMAL,NEUTRAL,HEALTHY,ALLOW
2026-09-29T03:02:00Z,82988.28,83000.61,82976.84,82992.32,1.54655,82989.92333333,38.46571429,0.05,0.9,0,TREND_UP,NORMAL,ALIGNED,HEALTHY,ALLOW
2026-09-29T03:03:00Z,82992.33,83048.89,82992.33,83014.81,2.99904,83018.67666667,38.835,0.05,0.9,0,TREND_UP,NORMAL,ALIGNED,HEALTHY,ALLOW
2026-09-29T03:04:00Z,83014.8,83014.8,82901.06,82919.43,9.25452,82945.09666667,43.99428571,0.05,0.9,0,TREND_DOWN,NORMAL,NEUTRAL,HEALTHY,ALLOW
2026-09-29T03:05:00Z,82919.44,82919.44,82906.6,82913.19,1.62768,82913.07666667,38.95071429,0.05,0.9,0,TREND_DOWN,NORMAL,NEUTRAL,HEALTHY,ALLOW
2026-09-29T03:06:00Z,82913.19,82929.63,82913.19,82924.87,2.03675,82922.56333333,38.30571429,0.05,0.9,0,TREND_UP,NORMAL,ALIGNED,HEALTHY,ALLOW
2026-09-29T03:07:00Z,82924.88,82960.68,82924.88,82950.67,3.25825,82945.41,37.16785714,0.05,0.9,0,TREND_UP,NORMAL,ALIGNED,HEALTHY,ALLOW
2026-09-29T03:08:00Z,82950.66,82950.67,82916.6,82931.01,2.30485,82932.76,37.50571429,0.05,0.9,0,TREND_DOWN,NORMAL,NEUTRAL,HEALTHY,ALLOW
2026-09-29T03:09:00Z,82931.01,82932.34,82916.83,82932.34,4.44828,82927.17,37.05214286,0.05,0.9,0,TREND_UP,NORMAL,ALIGNED,HEALTHY,ALLOW
2026-09-29T03:10:00Z,82932.34,82939.6,82922.41,82939.59,1.59286,82933.86666667,37.48857143,0.05,0.9,0,TREND_UP,NORMAL,ALIGNED,HEALTHY,ALLOW
2026-09-29T03:11:00Z,82939.6,82939.6,82929.73,82929.73,2.41425,82933.02,36.64357143,0.05,0.9,0,TREND_DOWN,NORMAL,NEUTRAL,HEALTHY,ALLOW
2026-09-29T03:12:00Z,82929.74,82943.93,82923.38,82932.1,4.37899,82933.13666667,37.04071429,0.05,0.9,0,TREND_UP,NORMAL,ALIGNED,HEALTHY,ALLOW
2026-09-29T03:13:00Z,82932.09,82939.72,82916.0,82916.01,6.34617,82923.91,37.735,0.05,0.9,0,TREND_DOWN,NORMAL,NEUTRAL,HEALTHY,ALLOW
2026-09-29T03:14:00Z,82916.0,82916.01,82895.42,82895.43,3.64683,82902.28666667,34.63214286,0.05,0.9,0,TREND_DOWN,NORMAL,NEUTRAL,HEALTHY,ALLOW
2026-09-29T03:15:00Z,82895.43,82927.06,82866.01,82927.05,10.5779,82906.70666667,32.98071429,0.05,0.9,0,TREND_UP,NORMAL,ALIGNED,HEALTHY,ALLOW
2026-09-29T03:16:00Z,82927.06,82938.7,82901.17,82921.31,1.87544,82920.39333333,33.96357143,0.05,0.9,0,TREND_DOWN,NORMAL,NEUTRAL,HEALTHY,ALLOW
2026-09-29T03:17:00Z,82921.3,82930.0,82907.53,82930.0,2.12664,82922.51,31.52785714,0.05,0.9,0,TREND_UP,NORMAL,ALIGNED,HEALTHY,ALLOW
2026-09-29T03:18:00Z,82930.0,82944.0,82919.48,82944.0,3.98032,82935.82666667,25.15428571,0.05,0.9,0,TREND_UP,NORMAL,ALIGNED,HEALTHY,ALLOW
2026-09-29T03:19:00Z,82943.99,83031.92,82943.99,83020.11,5.22228,82998.67333333,30.51785714,0.05,0.9,0,TREND_UP,NORMAL,ALIGNED,HEALTHY,ALLOW
2026-09-29T03:20:00Z,83020.11,83082.38,83020.11,83082.37,5.27054,83061.62,33.79142857,0.05,0.9,0,TREND_UP,NORMAL,ALIGNED,HEALTHY,ALLOW
2026-09-29T03:21:00Z,83082.37,83120.01,83082.37,83098.01,4.11561,83100.13,33.92214286,0.05,0.9,0,TREND_UP,NORMAL,ALIGNED,HEALTHY,ALLOW
2026-09-29T03:22:00Z,83098.01,83098.01,83056.0,83056.0,5.92068,83070.00333333,34.48928571,0.05,0.9,0,TREND_DOWN,NORMAL,NEUTRAL,HEALTHY,ALLOW
2026-09-29T03:23:00Z,83056.01,83090.01,83056.0,83090.0,5.38413,83078.67,35.81071429,0.05,0.9,0,TREND_UP,NORMAL,ALIGNED,HEALTHY,ALLOW
2026-09-29T03:24:00Z,83090.01,83141.15,83090.0,83136.01,11.13684,83122.38666667,38.23642857,0.05,0.9,0,TREND_UP,NORMAL,ALIGNED,HEALTHY,ALLOW
2026-09-29T03:25:00Z,83136.01,83162.01,83122.0,83154.0,9.93672,83146.00333333,40.38928571,0.05,0.9,0,TREND_UP,NORMAL,ALIGNED,HEALTHY,ALLOW
2026-09-29T03:26:00Z,83154.0,83178.01,83149.81,83173.13,8.52058,83166.98333333,40.93571429,0.05,0.9,0,TREND_UP,NORMAL,ALIGNED,HEALTHY,ALLOW
2026-09-29T03:27:00Z,83173.13,83178.01,83158.0,83178.0,7.34235,83171.33666667,40.67071429,0.05,0.9,0,TREND_UP,NORMAL,ALIGNED,HEALTHY,ALLOW
2026-09-29T03:28:00Z,83178.01,83183.0,83178.0,83183.0,10.27811,83181.33333333,39.55714286,0.05,0.9,0,TREND_UP,NORMAL,ALIGNED,HEALTHY,ALLOW
2026-09-29T03:29:00Z,83183.0,83210.01,83182.99,83210.01,15.35784,83201.00333333,37.12642857,0.05,0.9,0,TREND_UP,NORMAL,ALIGNED,HEALTHY,ALLOW
2026-09-29T03:30:00Z,83210.0,83210.01,83114.94,83125.99,12.42886,83150.31333333,41.23642857,0.05,0.9,0,TREND_DOWN,NORMAL,NEUTRAL,HEALTHY,ALLOW
2026-09-29T03:31:00Z,83126.0,83150.0,83114.97,83150.0,3.85134,83138.32333333,42.13357143,0.05,0.9,0,TREND_UP,NORMAL,ALIGNED,HEALTHY,ALLOW
2026-09-29T03:32:00Z,83149.99,83180.01,83141.6,83180.01,5.16024,83167.20666667,43.12571429,0.05,0.9,0,TREND_UP,NORMAL,ALIGNED,HEALTHY,ALLOW
2026-09-29T03:33:00Z,83180.01,83190.01,83174.0,83184.01,3.86974,83182.67333333,37.98857143,0.05,0.9,0,TREND_UP,NORMAL,ALIGNED,HEALTHY,ALLOW
2026-09-29T03:34:00Z,83184.0,83202.01,83184.0,83196.82,2.92093,83194.27666667,34.82714286,0.05,0.9,0,TREND_UP,NORMAL,ALIGNED,HEALTHY,ALLOW
2026-09-29T03:35:00Z,83196.83,83202.01,83170.0,83174.0,3.86408,83182.00333333,34.425,0.05,0.9,0,TREND_DOWN,NORMAL,NEUTRAL,HEALTHY,ALLOW
2026-09-29T03:36:00Z,83174.01,83192.01,83174.0,83188.0,3.09322,83184.67,32.71071429,0.05,0.9,0,TREND_UP,NORMAL,ALIGNED,HEALTHY,ALLOW
2026-09-29T03:37:00Z,83188.0,83188.01,83155.0,83155.01,3.4865,83166.00666667,32.63928571,0.05,0.9,0,TREND_DOWN,NORMAL,NEUTRAL,HEALTHY,ALLOW
2026-09-29T03:38:00Z,83155.01,83155.01,83140.0,83140.0,1.43777,83145.00333333,30.05785714,0.05,0.9,0,TREND_DOWN,NORMAL,NEUTRAL,HEALTHY,ALLOW
2026-09-29T03:39:00Z,83140.0,83140.01,83129.16,83129.17,2.39672,83132.78,27.975,0.05,0.9,0,TREND_DOWN,NORMAL,NEUTRAL,HEALTHY,ALLOW
2026-09-29T03:40:00Z,83129.16,83129.17,83116.36,83116.37,2.75527,83120.63333333,26.87571429,0.05,0.9,0,TREND_DOWN,NORMAL,NEUTRAL,HEALTHY,ALLOW
2026-09-29T03:41:00Z,83116.37,83152.01,83116.36,83152.0,4.42012,83140.12333333,27.99285714,0.05,0.9,0,TREND_UP,NORMAL,ALIGNED,HEALTHY,ALLOW
2026-09-29T03:42:00Z,83152.0,83155.0,83150.0,83155.0,2.54157,83153.33333333,27.99285714,0.05,0.9,0,TREND_UP,NORMAL,ALIGNED,HEALTHY,ALLOW
2026-09-29T03:43:00Z,83155.0,83155.0,83138.22,83138.23,2.59076,83143.81666667,27.26142857,0.05,0.9,0,TREND_DOWN,NORMAL,NEUTRAL,HEALTHY,ALLOW
2026-09-29T03:44:00Z,83138.23,83138.23,83123.14,83123.14,1.19284,83128.17,21.54857143,0.05,0.9,0,TREND_DOWN,NORMAL,NEUTRAL,HEALTHY,ALLOW
2026-09-29T03:45:00Z,83123.14,83123.15,83122.0,83122.01,0.93626,83122.38666667,19.12857143,0.05,0.9,0,TREND_DOWN,NORMAL,NEUTRAL,HEALTHY,ALLOW
2026-09-29T03:46:00Z,83122.0,83158.62,83122.0,83150.11,14.87532,83143.57666667,19.00071429,0.05,0.9,0,TREND_UP,NORMAL,ALIGNED,HEALTHY,ALLOW
2026-09-29T03:47:00Z,83150.11,83150.12,83135.8,83142.0,5.23175,83142.64,18.88,0.05,0.9,0,TREND_DOWN,NORMAL,NEUTRAL,HEALTHY,ALLOW
2026-09-29T03:48:00Z,83142.0,83164.64,83142.0,83150.0,4.03202,83152.21333333,19.21071429,0.05,0.9,0,TREND_UP,NORMAL,ALIGNED,HEALTHY,ALLOW
2026-09-29T03:49:00Z,83150.01,83150.01,83144.19,83144.19,1.73577,83146.13,17.34,0.05,0.9,0,TREND_DOWN,NORMAL,NEUTRAL,HEALTHY,ALLOW
2026-09-29T03:50:00Z,83144.2,83170.46,83130.96,83141.97,6.41943,83147.79666667,18.875,0.05,0.9,0,TREND_DOWN,NORMAL,NEUTRAL,HEALTHY,ALLOW
2026-09-29T03:51:00Z,83141.97,83141.97,83107.68,83117.75,14.31168,83122.46666667,18.96642857,0.05,0.9,0,TREND_DOWN,NORMAL,NEUTRAL,HEALTHY,ALLOW
2026-09-29T03:52:00Z,83117.76,83120.01,83086.0,83092.01,4.34902,83099.34,20.32357143,0.05,0.9,0,TREND_DOWN,NORMAL,NEUTRAL,HEALTHY,ALLOW
2026-09-29T03:53:00Z,83092.0,83172.16,83092.0,83148.03,5.58899,83137.39666667,25.27428571,0.05,0.9,0,TREND_UP,NORMAL,ALIGNED,HEALTHY,ALLOW
2026-09-29T03:54:00Z,83148.03,83148.03,83083.0,83083.01,7.9643,83104.68,29.00428571,0.05,0.9,0,TREND_DOWN,NORMAL,NEUTRAL,HEALTHY,ALLOW
2026-09-29T03:55:00Z,83083.0,83096.01,83073.5,83096.0,3.74214,83088.50333333,28.06571429,0.05,0.9,0,TREND_UP,NORMAL,ALIGNED,HEALTHY,ALLOW
2026-09-29T03:56:00Z,83096.01,83096.01,83074.98,83074.99,3.69948,83081.99333333,29.21071429,0.05,0.9,0,TREND_DOWN,NORMAL,NEUTRAL,HEALTHY,ALLOW
2026-09-29T03:57:00Z,83074.98,83074.99,83064.52,83070.01,2.51237,83069.84,28.76,0.05,0.9,0,TREND_DOWN,NORMAL,NEUTRAL,HEALTHY,ALLOW
2026-09-29T03:58:00Z,83070.01,83070.01,83044.79,83049.44,5.74857,83054.74666667,29.48357143,0.05,0.9,0,TREND_DOWN,NORMAL,NEUTRAL,HEALTHY,ALLOW
2026-09-29T03:59:00Z,83049.44,83070.0,83049.43,83069.99,3.09366,83063.14,30.87071429,0.05,0.9,0,TREND_UP,NORMAL,ALIGNED,HEALTHY,ALLOW
2026-09-29T04:00:00Z,83070.0,83076.01,83024.43,83024.43,8.50211,83041.62333333,31.93928571,0.05,0.9,0,TREND_DOWN,NORMAL,NEUTRAL,HEALTHY,ALLOW
2026-09-29T04:01:00Z,83024.44,83078.01,83024.43,83078.01,6.78895,83060.15,34.74357143,0.05,0.9,0,TREND_UP,NORMAL,ALIGNED,HEALTHY,ALLOW
2026-09-29T04:02:00Z,83078.0,83096.01,83078.0,83088.01,6.17468,83087.34,34.41285714,0.05,0.9,0,TREND_UP,NORMAL,ALIGNED,HEALTHY,ALLOW
2026-09-29T04:03:00Z,83088.0,83088.01,83026.06,83041.52,4.83678,83051.86333333,38.42214286,0.05,0.9,0,TREND_DOWN,NORMAL,NEUTRAL,HEALTHY,ALLOW
2026-09-29T04:04:00Z,83041.52,83070.68,83041.52,83070.68,3.58381,83060.96,37.68357143,0.05,0.9,0,TREND_UP,NORMAL,ALIGNED,HEALTHY,ALLOW
2026-09-29T04:05:00Z,83070.68,83070.68,83060.0,83068.0,2.48397,83066.22666667,35.99714286,0.05,0.9,0,TREND_DOWN,NORMAL,NEUTRAL,HEALTHY,ALLOW
2026-09-29T04:06:00Z,83068.01,83080.01,83068.0,83080.01,3.65772,83076.00666667,34.42571429,0.05,0.9,0,TREND_UP,NORMAL,ALIGNED,HEALTHY,ALLOW
2026-09-29T04:07:00Z,83080.01,83096.01,83077.46,83077.46,5.44524,83083.64333333,30.025,0.05,0.9,0,TREND_DOWN,NORMAL,NEUTRAL,HEALTHY,ALLOW
2026-09-29T04:08:00Z,83077.47,83077.47,83029.39,83029.39,4.87387,83045.41666667,28.81428571,0.05,0.9,0,TREND_DOWN,NORMAL,NEUTRAL,HEALTHY,ALLOW
2026-09-29T04:09:00Z,83029.4,83064.53,83029.39,83064.52,3.42828,83052.81333333,29.71642857,0.05,0.9,0,TREND_UP,NORMAL,ALIGNED,HEALTHY,ALLOW
2026-09-29T04:10:00Z,83064.53,83094.01,83064.52,83094.01,4.07749,83084.18,30.32071429,0.05,0.9,0,TREND_UP,NORMAL,ALIGNED,HEALTHY,ALLOW
2026-09-29T04:11:00Z,83094.0,83116.01,83094.0,83116.0,1.56546,83108.67,31.145,0.05,0.9,0,TREND_UP,NORMAL,ALIGNED,HEALTHY,ALLOW
2026-09-29T04:12:00Z,83116.01,83130.0,83114.67,83128.0,3.38458,83124.22333333,30.43857143,0.05,0.9,0,TREND_UP,NORMAL,ALIGNED,HEALTHY,ALLOW
2026-09-29T04:13:00Z,83128.01,83158.01,83128.0,83158.0,2.34909,83148.00333333,31.11285714,0.05,0.9,0,TREND_UP,NORMAL,ALIGNED,HEALTHY,ALLOW
2026-09-29T04:14:00Z,83158.01,83158.01,83128.01,83128.02,6.14378,83138.01333333,29.57142857,0.05,0.9,0,TREND_DOWN,NORMAL,NEUTRAL,HEALTHY,ALLOW
2026-09-29T04:15:00Z,83128.02,83152.01,83128.01,83147.54,3.54866,83142.52,27.45857143,0.05,0.9,0,TREND_UP,NORMAL,ALIGNED,HEALTHY,ALLOW
2026-09-29T04:16:00Z,83147.54,83153.98,83147.54,83153.98,2.48403,83151.83333333,26.63214286,0.05,0.9,0,TREND_UP,NORMAL,ALIGNED,HEALTHY,ALLOW
2026-09-29T04:17:00Z,83153.98,83231.2,83153.98,83220.0,9.19319,83201.72666667,27.72285714,0.05,0.9,0,TREND_UP,NORMAL,ALIGNED,HEALTHY,ALLOW
2026-09-29T04:18:00Z,83220.01,83220.01,83172.41,83192.01,5.68342,83194.81,29.04,0.05,0.9,0,TREND_DOWN,NORMAL,NEUTRAL,HEALTHY,ALLOW
2026-09-29T04:19:00Z,83192.01,83220.0,83192.0,83220.0,2.58264,83210.66666667,30.27714286,0.05,0.9,0,TREND_UP,NORMAL,ALIGNED,HEALTHY,ALLOW
2026-09-29T04:20:00Z,83219.99,83246.01,83219.99,83226.95,7.51613,83230.98333333,31.27785714,0.05,0.9,0,TREND_UP,NORMAL,ALIGNED,HEALTHY,ALLOW
2026-09-29T04:21:00Z,83226.96,83250.0,83223.19,83250.0,4.6788,83241.06333333,31.86785714,0.05,0.9,0,TREND_UP,NORMAL,ALIGNED,HEALTHY,ALLOW
2026-09-29T04:22:00Z,83250.01,83295.61,83250.0,83273.8,15.10559,83273.13666667,31.69142857,0.05,0.9,0,TREND_UP,NORMAL,ALIGNED,HEALTHY,ALLOW
2026-09-29T04:23:00Z,83273.79,83283.69,83262.05,83262.05,19.53853,83269.26333333,30.72714286,0.05,0.9,0,TREND_DOWN,NORMAL,NEUTRAL,HEALTHY,ALLOW
2026-09-29T04:24:00Z,83262.05,83262.05,83247.38,83262.01,2.65362,83257.14666667,29.66857143,0.05,0.9,0,TREND_DOWN,NORMAL,NEUTRAL,HEALTHY,ALLOW
2026-09-29T04:25:00Z,83262.0,83266.01,83250.65,83250.65,2.90517,83255.77,29.19357143,0.05,0.9,0,TREND_DOWN,NORMAL,NEUTRAL,HEALTHY,ALLOW
2026-09-29T04:26:00Z,83250.66,83250.66,83232.9,83232.9,3.10679,83238.82,29.36714286,0.05,0.9,0,TREND_DOWN,NORMAL,NEUTRAL,HEALTHY,ALLOW
2026-09-29T04:27:00Z,83232.9,83232.91,83227.78,83227.78,1.96952,83229.49,27.59,0.05,0.9,0,TREND_DOWN,NORMAL,NEUTRAL,HEALTHY,ALLOW
2026-09-29T04:28:00Z,83227.78,83227.79,83226.0,83226.01,1.33433,83226.6,25.575,0.05,0.9,0,TREND_DOWN,NORMAL,NEUTRAL,HEALTHY,ALLOW
2026-09-29T04:29:00Z,83226.01,83226.01,83226.0,83226.0,1.10254,83226.00333333,23.86142857,0.05,0.9,0,TREND_DOWN,NORMAL,NEUTRAL,HEALTHY,ALLOW
2026-09-29T04:30:00Z,83226.01,83226.01,83200.54,83205.26,4.37208,83210.60333333,25.22071429,0.05,0.9,0,TREND_DOWN,NORMAL,NEUTRAL,HEALTHY,ALLOW
2026-09-29T04:31:00Z,83205.25,83205.26,83188.87,83198.01,2.05329,83197.38,20.87571429,0.05,0.9,0,TREND_DOWN,NORMAL,NEUTRAL,HEALTHY,ALLOW
2026-09-29T04:32:00Z,83198.0,83198.01,83188.87,83188.87,1.33393,83191.91666667,18.12857143,0.05,0.9,0,TREND_DOWN,NORMAL,NEUTRAL,HEALTHY,ALLOW
2026-09-29T04:33:00Z,83188.87,83188.88,83168.0,83168.01,4.54192,83174.96333333,17.62,0.05,0.9,0,TREND_DOWN,NORMAL,NEUTRAL,HEALTHY,ALLOW
2026-09-29T04:34:00Z,83168.0,83168.01,83149.33,83149.33,2.48854,83155.55666667,17.09571429,0.05,0.9,0,TREND_DOWN,NORMAL,NEUTRAL,HEALTHY,ALLOW
2026-09-29T04:35:00Z,83149.34,83149.34,83115.37,83115.38,7.48267,83126.69666667,17.60714286,0.05,0.9,0,TREND_DOWN,NORMAL,NEUTRAL,HEALTHY,ALLOW
2026-09-29T04:36:00Z,83115.37,83115.38,83108.98,83115.38,4.17641,83113.24666667,14.80642857,0.05,0.9,0,TREND_UP,NORMAL,ALIGNED,HEALTHY,ALLOW
2026-09-29T04:37:00Z,83115.38,83152.01,83115.37,83152.01,5.15518,83139.79666667,15.87785714,0.05,0.9,0,TREND_UP,NORMAL,ALIGNED,HEALTHY,ALLOW
2026-09-29T04:38:00Z,83152.0,83172.16,83152.0,83172.15,7.7051,83165.43666667,16.27,0.05,0.9,0,TREND_UP,NORMAL,ALIGNED,HEALTHY,ALLOW
2026-09-29T04:39:00Z,83172.16,83181.32,83164.0,83164.0,10.18387,83169.77333333,16.41,0.05,0.9,0,TREND_DOWN,NORMAL,NEUTRAL,HEALTHY,ALLOW
2026-09-29T04:40:00Z,83164.01,83179.72,83160.0,83160.01,3.6467,83166.57666667,16.55,0.05,0.9,0,TREND_DOWN,NORMAL,NEUTRAL,HEALTHY,ALLOW
2026-09-29T04:41:00Z,83160.0,83179.69,83157.6,83167.93,4.14813,83168.40666667,17.76142857,0.05,0.9,0,TREND_UP,NORMAL,ALIGNED,HEALTHY,ALLOW
2026-09-29T04:42:00Z,83167.93,83167.94,83160.0,83160.0,0.83873,83162.64666667,18.20071429,0.05,0.9,0,TREND_DOWN,NORMAL,NEUTRAL,HEALTHY,ALLOW
2026-09-29T04:43:00Z,83160.0,83168.01,83160.0,83168.01,3.62552,83165.34,18.77214286,0.05,0.9,0,TREND_UP,NORMAL,ALIGNED,HEALTHY,ALLOW
2026-09-29T04:44:00Z,83168.01,83172.17,83163.83,83163.83,13.39045,83166.61,17.54857143,0.05,0.9,0,TREND_DOWN,NORMAL,NEUTRAL,HEALTHY,ALLOW
2026-09-29T04:45:00Z,83163.84,83166.01,83162.43,83164.93,11.36645,83164.45666667,16.63357143,0.05,0.9,0,TREND_UP,NORMAL,ALIGNED,HEALTHY,ALLOW
2026-09-29T04:46:00Z,83164.92,83164.93,83150.0,83150.0,11.64836,83154.97666667,17.04714286,0.05,0.9,0,TREND_DOWN,NORMAL,NEUTRAL,HEALTHY,ALLOW
2026-09-29T04:47:00Z,83150.01,83150.01,83115.38,83115.39,9.77324,83126.92666667,18.02928571,0.05,0.9,0,TREND_DOWN,NORMAL,NEUTRAL,HEALTHY,ALLOW
2026-09-29T04:48:00Z,83115.4,83115.4,83078.64,83094.91,25.33316,83096.31666667,19.32071429,0.05,0.9,0,TREND_DOWN,NORMAL,NEUTRAL,HEALTHY,ALLOW
2026-09-29T04:49:00Z,83094.91,83106.02,83094.91,83094.92,5.82241,83098.61666667,17.68785714,0.05,0.9,0,TREND_UP,NORMAL,ALIGNED,HEALTHY,ALLOW
2026-09-29T04:50:00Z,83094.93,83094.93,83086.64,83086.65,7.137,83089.40666667,17.82285714,0.05,0.9,0,TREND_DOWN,NORMAL,NEUTRAL,HEALTHY,ALLOW
2026-09-29T04:51:00Z,83086.65,83181.21,83086.65,83181.2,4.61945,83149.68666667,21.96,0.05,0.9,0,TREND_UP,NORMAL,ALIGNED,HEALTHY,ALLOW
2026-09-29T04:52:00Z,83181.21,83206.37,83181.21,83200.01,9.86535,83195.86333333,22.31785714,0.05,0.9,0,TREND_UP,NORMAL,ALIGNED,HEALTHY,ALLOW
2026-09-29T04:53:00Z,83200.01,83209.99,83195.27,83209.99,8.50348,83205.08333333,22.13214286,0.05,0.9,0,TREND_UP,NORMAL,ALIGNED,HEALTHY,ALLOW
2026-09-29T04:54:00Z,83210.0,83210.0,83195.27,83195.27,9.68337,83200.18,21.77571429,0.05,0.9,0,TREND_DOWN,NORMAL,NEUTRAL,HEALTHY,ALLOW
2026-09-29T04:55:00Z,83195.28,83202.18,83195.27,83202.18,3.17656,83199.87666667,20.69142857,0.05,0.9,0,TREND_UP,NORMAL,ALIGNED,HEALTHY,ALLOW
2026-09-29T04:56:00Z,83202.18,83215.96,83202.17,83202.18,4.13441,83206.77,21.10928571,0.05,0.9,0,TREND_UP,NORMAL,ALIGNED,HEALTHY,ALLOW
2026-09-29T04:57:00Z,83202.18,83206.01,83200.0,83202.96,5.78624,83202.99,20.96642857,0.05,0.9,0,TREND_UP,NORMAL,ALIGNED,HEALTHY,ALLOW
2026-09-29T04:58:00Z,83202.95,83206.01,83202.67,83206.0,4.45626,83204.89333333,20.60928571,0.05,0.9,0,TREND_UP,NORMAL,ALIGNED,HEALTHY,ALLOW
2026-09-29T04:59:00Z,83206.01,83212.99,83206.01,83212.98,3.22633,83210.66,20.85285714,0.05,0.9,0,TREND_UP,NORMAL,ALIGNED,HEALTHY,ALLOW
2026-09-29T05:00:00Z,83212.98,83240.01,83212.98,83240.01,1.91339,83231.0,21.71714286,0.05,0.9,0,TREND_UP,NORMAL,ALIGNED,HEALTHY,ALLOW
2026-09-29T05:01:00Z,83240.01,83262.52,83240.0,83262.51,5.33835,83255.01,20.85214286,0.05,0.9,0,TREND_UP,NORMAL,ALIGNED,HEALTHY,ALLOW
2026-09-29T05:02:00Z,83262.51,83262.52,83250.0,83259.99,3.29936,83257.50333333,19.12071429,0.05,0.9,0,TREND_DOWN,NORMAL,NEUTRAL,HEALTHY,ALLOW
2026-09-29T05:03:00Z,83259.99,83260.0,83229.44,83229.45,2.97651,83239.63,20.51,0.05,0.9,0,TREND_DOWN,NORMAL,NEUTRAL,HEALTHY,ALLOW
2026-09-29T05:04:00Z,83229.44,83237.64,83200.0,83230.01,4.91565,83222.55,22.60642857,0.05,0.9,0,TREND_UP,NORMAL,ALIGNED,HEALTHY,ALLOW
2026-09-29T05:05:00Z,83230.0,83250.0,83228.66,83245.98,3.76825,83241.54666667,17.37642857,0.05,0.9,0,TREND_UP,NORMAL,ALIGNED,HEALTHY,ALLOW
2026-09-29T05:06:00Z,83245.98,83245.98,83208.0,83208.0,5.78962,83220.66,18.29142857,0.05,0.9,0,TREND_DOWN,NORMAL,NEUTRAL,HEALTHY,ALLOW
2026-09-29T05:07:00Z,83208.01,83208.01,83190.0,83190.01,3.85758,83196.00666667,18.52642857,0.05,0.9,0,TREND_DOWN,NORMAL,NEUTRAL,HEALTHY,ALLOW
2026-09-29T05:08:00Z,83190.01,83190.01,83190.0,83190.0,1.83154,83190.00333333,17.475,0.05,0.9,0,TREND_DOWN,NORMAL,NEUTRAL,HEALTHY,ALLOW
2026-09-29T05:09:00Z,83190.0,83208.01,83178.0,83208.0,6.18191,83198.00333333,19.125,0.05,0.9,0,TREND_UP,NORMAL,ALIGNED,HEALTHY,ALLOW
2026-09-29T05:10:00Z,83208.01,83216.01,83196.38,83210.0,4.18968,83207.46333333,19.54214286,0.05,0.9,0,TREND_UP,NORMAL,ALIGNED,HEALTHY,ALLOW
2026-09-29T05:11:00Z,83210.01,83242.01,83210.01,83240.01,4.23221,83230.67666667,21.39928571,0.05,0.9,0,TREND_UP,NORMAL,ALIGNED,HEALTHY,ALLOW
2026-09-29T05:12:00Z,83240.01,83250.0,83240.01,83249.99,2.41258,83246.66666667,21.87428571,0.05,0.9,0,TREND_UP,NORMAL,ALIGNED,HEALTHY,ALLOW
2026-09-29T05:13:00Z,83249.99,83260.0,83249.99,83260.0,5.14335,83256.66333333,22.09,0.05,0.9,0,TREND_UP,NORMAL,ALIGNED,HEALTHY,ALLOW
2026-09-29T05:14:00Z,83260.0,83260.0,83259.99,83260.0,1.56996,83259.99666667,20.16,0.05,0.9,0,TREND_UP,NORMAL,ALIGNED,HEALTHY,ALLOW
2026-09-29T05:15:00Z,83260.0,83279.78,83260.0,83279.77,4.60189,83273.18333333,19.96428571,0.05,0.9,0,TREND_UP,NORMAL,ALIGNED,HEALTHY,ALLOW
2026-09-29T05:16:00Z,83279.78,83279.79,83258.25,83258.26,10.56868,83265.43333333,20.60857143,0.05,0.9,0,TREND_DOWN,NORMAL,NEUTRAL,HEALTHY,ALLOW
2026-09-29T05:17:00Z,83258.26,83260.01,83228.0,83260.01,8.31525,83249.34,20.71214286,0.05,0.9,0,TREND_UP,NORMAL,ALIGNED,HEALTHY,ALLOW
2026-09-29T05:18:00Z,83260.0,83326.26,83260.0,83318.0,14.39714,83301.42,22.75642857,0.05,0.9,0,TREND_UP,NORMAL,ALIGNED,HEALTHY,ALLOW
2026-09-29T05:19:00Z,83318.0,83344.01,83303.18,83312.26,9.126,83319.81666667,24.14857143,0.05,0.9,0,TREND_DOWN,NORMAL,NEUTRAL,HEALTHY,ALLOW
2026-09-29T05:20:00Z,83312.26,83312.26,83284.0,83284.0,2.98254,83293.42,23.45428571,0.05,0.9,0,TREND_DOWN,NORMAL,NEUTRAL,HEALTHY,ALLOW
2026-09-29T05:21:00Z,83284.01,83296.01,83280.54,83280.55,3.1969,83285.7,23.27285714,0.05,0.9,0,TREND_DOWN,NORMAL,NEUTRAL,HEALTHY,ALLOW
2026-09-29T05:22:00Z,83280.55,83296.0,83280.54,83296.0,1.85457,83290.84666667,24.37642857,0.05,0.9,0,TREND_UP,NORMAL,ALIGNED,HEALTHY,ALLOW
2026-09-29T05:23:00Z,83295.99,83304.01,83295.99,83304.0,1.35957,83301.33333333,22.80571429,0.05,0.9,0,TREND_UP,NORMAL,ALIGNED,HEALTHY,ALLOW
2026-09-29T05:24:00Z,83304.01,83344.01,83304.0,83344.0,2.3423,83330.67,24.26142857,0.05,0.9,0,TREND_UP,NORMAL,ALIGNED,HEALTHY,ALLOW
2026-09-29T05:25:00Z,83344.0,83344.01,83341.66,83341.66,1.76305,83342.44333333,22.14285714,0.05,0.9,0,TREND_DOWN,NORMAL,NEUTRAL,HEALTHY,ALLOW
2026-09-29T05:26:00Z,83341.66,83341.67,83304.0,83304.0,7.37762,83316.55666667,24.12,0.05,0.9,0,TREND_DOWN,NORMAL,NEUTRAL,HEALTHY,ALLOW
2026-09-29T05:27:00Z,83304.01,83304.01,83280.0,83280.01,5.02199,83288.00666667,25.12,0.05,0.9,0,TREND_DOWN,NORMAL,NEUTRAL,HEALTHY,ALLOW
2026-09-29T05:28:00Z,83280.0,83310.01,83280.0,83310.0,3.08325,83300.00333333,27.26285714,0.05,0.9,0,TREND_UP,NORMAL,ALIGNED,HEALTHY,ALLOW
2026-09-29T05:29:00Z,83310.01,83316.01,83310.0,83316.01,1.18541,83314.00666667,26.27928571,0.05,0.9,0,TREND_UP,NORMAL,ALIGNED,HEALTHY,ALLOW
2026-09-29T05:30:00Z,83316.01,83316.01,83268.0,83268.01,5.58717,83284.00666667,28.17,0.05,0.9,0,TREND_DOWN,NORMAL,NEUTRAL,HEALTHY,ALLOW
2026-09-29T05:31:00Z,83268.01,83268.01,83216.0,83216.0,5.20516,83233.33666667,29.59857143,0.05,0.9,0,TREND_DOWN,NORMAL,NEUTRAL,HEALTHY,ALLOW
2026-09-29T05:32:00Z,83216.0,83216.0,83182.68,83184.01,7.56082,83194.23,27.24571429,0.05,0.9,0,TREND_DOWN,NORMAL,NEUTRAL,HEALTHY,ALLOW
2026-09-29T05:33:00Z,83184.0,83184.0,83126.88,83126.88,6.24145,83145.92,28.41,0.05,0.9,0,TREND_DOWN,NORMAL,NEUTRAL,HEALTHY,ALLOW
2026-09-29T05:34:00Z,83126.89,83126.89,83017.3,83017.31,14.55392,83053.83333333,34.21928571,0.05,0.9,0,TREND_DOWN,NORMAL,NEUTRAL,HEALTHY,ALLOW
2026-09-29T05:35:00Z,83017.31,83076.01,82982.14,83067.92,15.56991,83042.02333333,39.81928571,0.05,0.9,0,TREND_UP,NORMAL,ALIGNED,HEALTHY,ALLOW
2026-09-29T05:36:00Z,83067.92,83080.01,82995.4,83005.33,11.2042,83026.91333333,44.75857143,0.05,0.9,0,TREND_DOWN,NORMAL,NEUTRAL,HEALTHY,ALLOW
2026-09-29T05:37:00Z,83005.32,83012.78,82971.1,82971.11,11.56661,82984.99666667,47.16285714,0.05,0.9,0,TREND_DOWN,NORMAL,NEUTRAL,HEALTHY,ALLOW
2026-09-29T05:38:00Z,82971.11,83050.0,82971.11,83050.0,4.26128,83023.70333333,49.94,0.05,0.9,0,TREND_UP,NORMAL,ALIGNED,HEALTHY,ALLOW
2026-09-29T05:39:00Z,83050.01,83112.01,83050.01,83112.01,6.63527,83091.34333333,54.20142857,0.05,0.9,0,TREND_UP,NORMAL,ALIGNED,HEALTHY,ALLOW
2026-09-29T05:40:00Z,83112.01,83145.28,83112.01,83132.01,8.99346,83129.76666667,53.88714286,0.05,0.9,0,TREND_UP,NORMAL,ALIGNED,HEALTHY,ALLOW
2026-09-29T05:41:00Z,83132.0,83178.01,83106.0,83178.01,7.17373,83154.00666667,57.31571429,0.05,0.9,0,TREND_UP,NORMAL,ALIGNED,HEALTHY,ALLOW
2026-09-29T05:42:00Z,83178.0,83186.0,83170.0,83186.0,3.66938,83180.66666667,56.315,0.05,0.9,0,TREND_UP,NORMAL,ALIGNED,HEALTHY,ALLOW
2026-09-29T05:43:00Z,83186.01,83294.0,83186.0,83294.0,11.53325,83258.0,63.6,0.05,0.9,0,TREND_UP,NORMAL,ALIGNED,HEALTHY,ALLOW
2026-09-29T05:44:00Z,83294.0,83326.01,83294.0,83298.01,7.35872,83306.00666667,62.45714286,0.05,0.9,0,TREND_UP,NORMAL,ALIGNED,HEALTHY,ALLOW
2026-09-29T05:45:00Z,83298.01,83312.01,83266.0,83266.0,5.18596,83281.33666667,62.02857143,0.05,0.9,0,TREND_DOWN,NORMAL,NEUTRAL,HEALTHY,ALLOW
2026-09-29T05:46:00Z,83266.01,83266.01,83243.93,83243.93,2.46084,83251.29,61.22571429,0.05,0.9,0,TREND_DOWN,NORMAL,NEUTRAL,HEALTHY,ALLOW
2026-09-29T05:47:00Z,83243.94,83243.94,83215.49,83243.93,4.95103,83234.45333333,59.17714286,0.05,0.9,0,TREND_DOWN,NORMAL,NEUTRAL,HEALTHY,ALLOW
2026-09-29T05:48:00Z,83243.94,83305.67,83236.01,83274.9,6.8278,83272.19333333,56.325,0.05,0.9,0,TREND_UP,NORMAL,ALIGNED,HEALTHY,ALLOW
2026-09-29T05:49:00Z,83274.9,83363.95,83274.89,83363.95,7.86375,83334.26333333,55.98142857,0.05,0.9,0,TREND_UP,NORMAL,ALIGNED,HEALTHY,ALLOW
2026-09-29T05:50:00Z,83363.95,83363.95,83349.08,83349.08,4.96647,83354.03666667,51.0,0.05,0.9,0,TREND_DOWN,NORMAL,NEUTRAL,HEALTHY,ALLOW
2026-09-29T05:51:00Z,83349.09,83370.01,83336.0,83346.0,5.87293,83350.67,50.45214286,0.05,0.9,0,TREND_DOWN,NORMAL,NEUTRAL,HEALTHY,ALLOW
2026-09-29T05:52:00Z,83346.01,83395.83,83346.0,83350.0,5.1869,83363.94333333,48.37642857,0.05,0.9,0,TREND_UP,NORMAL,ALIGNED,HEALTHY,ALLOW
2026-09-29T05:53:00Z,83350.0,83387.43,83344.0,83387.43,6.41931,83372.95333333,47.04928571,0.05,0.9,0,TREND_UP,NORMAL,ALIGNED,HEALTHY,ALLOW
2026-09-29T05:54:00Z,83387.43,83422.01,83387.42,83422.0,8.74409,83410.47666667,47.14357143,0.05,0.9,0,TREND_UP,NORMAL,ALIGNED,HEALTHY,ALLOW
2026-09-29T05:55:00Z,83422.01,83422.01,83390.01,83416.01,7.75449,83409.34333333,44.28571429,0.05,0.9,0,TREND_DOWN,NORMAL,NEUTRAL,HEALTHY,ALLOW
2026-09-29T05:56:00Z,83416.0,83434.56,83410.0,83431.01,9.58987,83425.19,44.89714286,0.05,0.9,0,TREND_UP,NORMAL,ALIGNED,HEALTHY,ALLOW
2026-09-29T05:57:00Z,83431.02,83431.02,83400.0,83412.0,9.92453,83414.34,39.39857143,0.05,0.9,0,TREND_DOWN,NORMAL,NEUTRAL,HEALTHY,ALLOW
2026-09-29T05:58:00Z,83412.0,83412.0,83400.0,83400.01,7.64412,83404.00333333,37.96928571,0.05,0.9,0,TREND_DOWN,NORMAL,NEUTRAL,HEALTHY,ALLOW
2026-09-29T05:59:00Z,83400.01,83431.02,83400.0,83431.02,4.05557,83420.68,36.89857143,0.05,0.9,0,TREND_UP,NORMAL,ALIGNED,HEALTHY,ALLOW
2026-09-29T06:00:00Z,83431.01,83466.01,83420.01,83424.0,8.79589,83436.67333333,38.60714286,0.05,0.9,0,TREND_DOWN,NORMAL,NEUTRAL,HEALTHY,ALLOW
2026-09-29T06:01:00Z,83424.01,83450.0,83423.64,83449.99,4.54752,83441.21,38.45785714,0.05,0.9,0,TREND_UP,NORMAL,ALIGNED,HEALTHY,ALLOW
2026-09-29T06:02:00Z,83449.99,83464.36,83449.99,83464.36,9.09699,83459.57,34.50857143,0.05,0.9,0,TREND_UP,NORMAL,ALIGNED,HEALTHY,ALLOW
2026-09-29T06:03:00Z,83464.35,83500.0,83464.35,83500.0,7.74471,83488.11666667,30.69357143,0.05,0.9,0,TREND_UP,NORMAL,ALIGNED,HEALTHY,ALLOW
2026-09-29T06:04:00Z,83499.99,83520.16,83499.99,83516.01,8.7393,83512.05333333,31.07214286,0.05,0.9,0,TREND_UP,NORMAL,ALIGNED,HEALTHY,ALLOW
2026-09-29T06:05:00Z,83516.01,83555.0,83500.0,83515.71,27.63307,83523.57,32.57142857,0.05,0.9,0,TREND_DOWN,NORMAL,NEUTRAL,HEALTHY,ALLOW
2026-09-29T06:06:00Z,83515.7,83556.01,83515.7,83556.01,6.46384,83542.57333333,31.89142857,0.05,0.9,0,TREND_UP,NORMAL,ALIGNED,HEALTHY,ALLOW
2026-09-29T06:07:00Z,83556.0,83669.61,83556.0,83624.05,22.86412,83616.55333333,36.90428571,0.05,0.9,0,TREND_UP,NORMAL,ALIGNED,HEALTHY,ALLOW
2026-09-29T06:08:00Z,83624.05,83679.87,83624.04,83679.87,10.90369,83661.26,38.42142857,0.05,0.9,0,TREND_UP,NORMAL,ALIGNED,HEALTHY,ALLOW
2026-09-29T06:09:00Z,83679.86,83770.01,83679.86,83770.0,23.25019,83739.95666667,42.575,0.05,0.9,0,TREND_UP,NORMAL,ALIGNED,HEALTHY,ALLOW
2026-09-29T06:10:00Z,83770.0,83771.44,83732.49,83764.0,26.53249,83755.97666667,43.60285714,0.05,0.9,0,TREND_DOWN,NORMAL,NEUTRAL,HEALTHY,ALLOW
2026-09-29T06:11:00Z,83764.0,83807.51,83756.0,83807.5,44.13423,83790.33666667,45.06642857,0.05,0.9,0,TREND_UP,NORMAL,ALIGNED,HEALTHY,ALLOW
2026-09-29T06:12:00Z,83807.5,83829.95,83782.0,83782.01,17.00767,83797.98666667,47.63428571,0.05,0.9,0,TREND_DOWN,NORMAL,NEUTRAL,HEALTHY,ALLOW
2026-09-29T06:13:00Z,83782.0,83815.07,83778.08,83815.06,8.65991,83802.73666667,48.06071429,0.05,0.9,0,TREND_UP,NORMAL,ALIGNED,HEALTHY,ALLOW
2026-09-29T06:14:00Z,83815.07,83892.89,83815.06,83892.89,23.87851,83866.94666667,50.33428571,0.05,0.9,0,TREND_UP,NORMAL,ALIGNED,HEALTHY,ALLOW
2026-09-29T06:15:00Z,83892.88,83895.0,83827.25,83834.86,21.53832,83852.37,53.29071429,0.05,0.9,0,TREND_DOWN,NORMAL,NEUTRAL,HEALTHY,ALLOW
2026-09-29T06:16:00Z,83834.86,83834.86,83770.0,83770.01,10.0183,83791.62333333,56.89714286,0.05,0.9,0,TREND_DOWN,NORMAL,NEUTRAL,HEALTHY,ALLOW
2026-09-29T06:17:00Z,83770.01,83774.01,83746.0,83750.04,15.24031,83756.68333333,56.35142857,0.05,0.9,0,TREND_DOWN,NORMAL,NEUTRAL,HEALTHY,ALLOW
2026-09-29T06:18:00Z,83750.05,83772.01,83746.17,83772.0,6.11648,83763.39333333,56.75642857,0.05,0.9,0,TREND_UP,NORMAL,ALIGNED,HEALTHY,ALLOW
2026-09-29T06:19:00Z,83772.0,83822.72,83772.0,83822.71,9.36419,83805.81,56.45071429,0.05,0.9,0,TREND_UP,NORMAL,ALIGNED,HEALTHY,ALLOW
2026-09-29T06:20:00Z,83822.71,83836.08,83795.06,83836.07,8.55083,83822.40333333,56.50142857,0.05,0.9,0,TREND_UP,NORMAL,ALIGNED,HEALTHY,ALLOW
2026-09-29T06:21:00Z,83836.08,83878.2,83836.08,83871.48,6.52639,83861.92,51.39571429,0.05,0.9,0,TREND_UP,NORMAL,ALIGNED,HEALTHY,ALLOW
2026-09-29T06:22:00Z,83871.47,83890.59,83853.23,83878.77,10.85192,83874.19666667,50.07642857,0.05,0.9,0,TREND_UP,NORMAL,ALIGNED,HEALTHY,ALLOW
2026-09-29T06:23:00Z,83878.77,83878.78,83841.22,83844.12,5.71343,83854.70666667,46.32,0.05,0.9,0,TREND_DOWN,NORMAL,NEUTRAL,HEALTHY,ALLOW
2026-09-29T06:24:00Z,83843.91,83843.91,83830.0,83830.01,4.58017,83834.64,44.54642857,0.05,0.9,0,TREND_DOWN,NORMAL,NEUTRAL,HEALTHY,ALLOW
2026-09-29T06:25:00Z,83830.01,83853.7,83825.24,83849.67,13.83425,83842.87,42.9,0.05,0.9,0,TREND_UP,NORMAL,ALIGNED,HEALTHY,ALLOW
2026-09-29T06:26:00Z,83849.66,83869.17,83848.38,83848.38,7.02724,83855.31,40.96,0.05,0.9,0,TREND_DOWN,NORMAL,NEUTRAL,HEALTHY,ALLOW
2026-09-29T06:27:00Z,83848.39,83848.39,83827.7,83835.82,6.81039,83837.30333333,39.79571429,0.05,0.9,0,TREND_DOWN,NORMAL,NEUTRAL,HEALTHY,ALLOW
2026-09-29T06:28:00Z,83835.81,83845.2,83835.81,83845.19,2.91195,83842.06666667,34.90714286,0.05,0.9,0,TREND_UP,NORMAL,ALIGNED,HEALTHY,ALLOW
2026-09-29T06:29:00Z,83845.2,83881.94,83845.2,83881.93,5.69949,83869.69,32.69285714,0.05,0.9,0,TREND_UP,NORMAL,ALIGNED,HEALTHY,ALLOW
2026-09-29T06:30:00Z,83881.93,83917.0,83871.99,83916.99,17.31219,83901.99333333,31.275,0.05,0.9,0,TREND_UP,NORMAL,ALIGNED,HEALTHY,ALLOW
2026-09-29T06:31:00Z,83916.99,83934.91,83916.99,83934.91,29.17067,83928.93666667,30.55428571,0.05,0.9,0,TREND_UP,NORMAL,ALIGNED,HEALTHY,ALLOW
2026-09-29T06:32:00Z,83934.91,83946.0,83916.99,83945.99,6.9403,83936.32666667,30.78071429,0.05,0.9,0,TREND_UP,NORMAL,ALIGNED,HEALTHY,ALLOW
2026-09-29T06:33:00Z,83946.0,83955.17,83928.92,83938.37,11.37276,83940.82,29.03285714,0.05,0.9,0,TREND_DOWN,NORMAL,NEUTRAL,HEALTHY,ALLOW
2026-09-29T06:34:00Z,83938.37,83955.15,83931.27,83955.14,3.60578,83947.18666667,27.80857143,0.05,0.9,0,TREND_UP,NORMAL,ALIGNED,HEALTHY,ALLOW
2026-09-29T06:35:00Z,83955.14,83955.14,83879.69,83879.69,6.83378,83904.84,30.18857143,0.05,0.9,0,TREND_DOWN,NORMAL,NEUTRAL,HEALTHY,ALLOW
2026-09-29T06:36:00Z,83879.69,83890.42,83857.57,83879.7,4.03486,83875.89666667,29.86642857,0.05,0.9,0,TREND_UP,NORMAL,ALIGNED,HEALTHY,ALLOW
2026-09-29T06:37:00Z,83879.69,83898.19,83851.09,83851.37,23.94435,83866.88333333,30.54785714,0.05,0.9,0,TREND_DOWN,NORMAL,NEUTRAL,HEALTHY,ALLOW
2026-09-29T06:38:00Z,83851.38,83856.25,83851.37,83853.0,9.9833,83853.54,29.88785714,0.05,0.9,0,TREND_UP,NORMAL,ALIGNED,HEALTHY,ALLOW
2026-09-29T06:39:00Z,83853.0,83866.91,83844.79,83866.91,7.94433,83859.53666667,29.435,0.05,0.9,0,TREND_UP,NORMAL,ALIGNED,HEALTHY,ALLOW
2026-09-29T06:40:00Z,83866.91,83879.61,83866.9,83879.61,2.10929,83875.37333333,28.85785714,0.05,0.9,0,TREND_UP,NORMAL,ALIGNED,HEALTHY,ALLOW
2026-09-29T06:41:00Z,83879.6,83879.61,83879.6,83879.6,1.74683,83879.60333333,27.38071429,0.05,0.9,0,TREND_UP,NORMAL,ALIGNED,HEALTHY,ALLOW
2026-09-29T06:42:00Z,83879.61,83888.0,83879.6,83887.99,2.02628,83885.19666667,27.31,0.05,0.9,0,TREND_UP,NORMAL,ALIGNED,HEALTHY,ALLOW
2026-09-29T06:43:00Z,83887.99,83888.0,83887.99,83888.0,1.54232,83887.99666667,24.68571429,0.05,0.9,0,TREND_UP,NORMAL,ALIGNED,HEALTHY,ALLOW
2026-09-29T06:44:00Z,83888.0,83899.91,83887.99,83899.91,9.4309,83895.93666667,22.32214286,0.05,0.9,0,TREND_UP,NORMAL,ALIGNED,HEALTHY,ALLOW
2026-09-29T06:45:00Z,83899.91,83910.0,83892.68,83903.77,4.24729,83902.15,22.27928571,0.05,0.9,0,TREND_UP,NORMAL,ALIGNED,HEALTHY,ALLOW
2026-09-29T06:46:00Z,83903.78,83906.02,83903.77,83906.01,3.19889,83905.26666667,20.36785714,0.05,0.9,0,TREND_UP,NORMAL,ALIGNED,HEALTHY,ALLOW
2026-09-29T06:47:00Z,83906.01,83906.02,83863.43,83863.43,10.64106,83877.62666667,21.535,0.05,0.9,0,TREND_DOWN,NORMAL,NEUTRAL,HEALTHY,ALLOW
2026-09-29T06:48:00Z,83863.44,83900.0,83862.76,83900.0,7.69349,83887.58666667,22.48928571,0.05,0.9,0,TREND_UP,NORMAL,ALIGNED,HEALTHY,ALLOW
2026-09-29T06:49:00Z,83899.99,83910.0,83899.99,83909.99,4.44793,83906.66,17.815,0.05,0.9,0,TREND_UP,NORMAL,ALIGNED,HEALTHY,ALLOW
2026-09-29T06:50:00Z,83910.0,83910.0,83909.99,83910.0,1.61249,83909.99666667,15.46928571,0.05,0.9,0,TREND_UP,NORMAL,ALIGNED,HEALTHY,ALLOW
2026-09-29T06:51:00Z,83910.0,83981.58,83909.99,83973.7,16.23856,83955.09,17.21857143,0.05,0.9,0,TREND_UP,NORMAL,ALIGNED,HEALTHY,ALLOW
2026-09-29T06:52:00Z,83973.69,83980.0,83954.6,83959.0,7.65391,83964.53333333,18.68428571,0.05,0.9,0,TREND_DOWN,NORMAL,NEUTRAL,HEALTHY,ALLOW
2026-09-29T06:53:00Z,83959.0,83980.0,83957.78,83980.0,18.56048,83972.59333333,18.69142857,0.05,0.9,0,TREND_UP,NORMAL,ALIGNED,HEALTHY,ALLOW
2026-09-29T06:54:00Z,83979.99,83991.61,83979.99,83986.0,11.92266,83985.86666667,18.61357143,0.05,0.9,0,TREND_UP,NORMAL,ALIGNED,HEALTHY,ALLOW
2026-09-29T06:55:00Z,83986.01,84000.0,83968.32,83999.99,13.30422,83989.43666667,20.87571429,0.05,0.9,0,TREND_UP,NORMAL,ALIGNED,HEALTHY,ALLOW
2026-09-29T06:56:00Z,83999.99,84000.0,83991.55,83999.99,9.25812,83997.18,20.87928571,0.05,0.9,0,TREND_UP,NORMAL,ALIGNED,HEALTHY,ALLOW
2026-09-29T06:57:00Z,83999.99,84000.0,83978.25,83995.95,14.28978,83991.4,22.43214286,0.05,0.9,0,TREND_DOWN,NORMAL,NEUTRAL,HEALTHY,ALLOW
2026-09-29T06:58:00Z,83995.96,84000.0,83972.34,83999.99,3.44794,83990.77666667,23.55642857,0.05,0.9,0,TREND_UP,NORMAL,ALIGNED,HEALTHY,ALLOW
2026-09-29T06:59:00Z,84000.0,84017.74,83999.99,84007.06,7.89809,84008.26333333,23.58714286,0.05,0.9,0,TREND_UP,NORMAL,ALIGNED,HEALTHY,ALLOW
2026-09-29T07:00:00Z,84007.07,84007.07,83895.12,83907.96,10.45574,83936.71666667,31.42285714,0.05,0.9,0,TREND_DOWN,NORMAL,NEUTRAL,HEALTHY,ALLOW
2026-09-29T07:01:00Z,83907.97,83907.97,83880.67,83883.36,5.76141,83890.66666667,30.33071429,0.05,0.9,0,TREND_DOWN,NORMAL,NEUTRAL,HEALTHY,ALLOW
2026-09-29T07:02:00Z,83883.36,83897.79,83873.74,83897.78,12.72726,83889.77,29.38857143,0.05,0.9,0,TREND_UP,NORMAL,ALIGNED,HEALTHY,ALLOW
2026-09-29T07:03:00Z,83897.79,83937.15,83891.39,83937.14,6.4468,83921.89333333,31.94214286,0.05,0.9,0,TREND_UP,NORMAL,ALIGNED,HEALTHY,ALLOW
2026-09-29T07:04:00Z,83937.15,83957.11,83933.68,83941.02,4.87751,83943.93666667,33.615,0.05,0.9,0,TREND_UP,NORMAL,ALIGNED,HEALTHY,ALLOW
2026-09-29T07:05:00Z,83941.03,83997.07,83941.02,83997.06,4.64746,83978.38333333,32.505,0.05,0.9,0,TREND_UP,NORMAL,ALIGNED,HEALTHY,ALLOW
2026-09-29T07:06:00Z,83997.07,84010.0,83984.77,83996.37,7.38181,83997.04666667,32.49285714,0.05,0.9,0,TREND_DOWN,NORMAL,NEUTRAL,HEALTHY,ALLOW
2026-09-29T07:07:00Z,83996.37,84025.26,83996.37,84025.26,6.91264,84015.63,32.96928571,0.05,0.9,0,TREND_UP,NORMAL,ALIGNED,HEALTHY,ALLOW
2026-09-29T07:08:00Z,84025.25,84025.26,84000.0,84022.59,4.71086,84015.95,33.94357143,0.05,0.9,0,TREND_DOWN,NORMAL,NEUTRAL,HEALTHY,ALLOW
2026-09-29T07:09:00Z,84022.59,84046.72,84022.59,84041.36,10.22899,84036.89,33.40428571,0.05,0.9,0,TREND_UP,NORMAL,ALIGNED,HEALTHY,ALLOW
2026-09-29T07:10:00Z,84041.36,84041.62,83994.81,84041.62,14.3046,84026.01666667,36.14428571,0.05,0.9,0,TREND_UP,NORMAL,ALIGNED,HEALTHY,ALLOW
2026-09-29T07:11:00Z,84041.61,84041.62,84014.1,84023.25,8.68432,84026.32333333,36.55642857,0.05,0.9,0,TREND_DOWN,NORMAL,NEUTRAL,HEALTHY,ALLOW
2026-09-29T07:12:00Z,84023.94,84030.34,84004.4,84019.74,6.67308,84018.16,36.43357143,0.05,0.9,0,TREND_DOWN,NORMAL,NEUTRAL,HEALTHY,ALLOW
2026-09-29T07:13:00Z,84019.74,84019.74,83961.2,83986.4,7.19384,83989.11333333,39.34714286,0.05,0.9,0,TREND_DOWN,NORMAL,NEUTRAL,HEALTHY,ALLOW
2026-09-29T07:14:00Z,83986.39,83997.95,83978.6,83987.4,5.64422,83987.98333333,32.73285714,0.05,0.9,0,TREND_UP,NORMAL,ALIGNED,HEALTHY,ALLOW
2026-09-29T07:15:00Z,83987.39,84030.45,83987.39,84027.89,3.27798,84015.24333333,33.85857143,0.05,0.9,0,TREND_UP,NORMAL,ALIGNED,HEALTHY,ALLOW
2026-09-29T07:16:00Z,84027.9,84035.34,83984.84,84035.34,11.68704,84018.50666667,35.74785714,0.05,0.9,0,TREND_UP,NORMAL,ALIGNED,HEALTHY,ALLOW
2026-09-29T07:17:00Z,84035.34,84070.0,84035.33,84045.37,9.74485,84050.23333333,34.95571429,0.05,0.9,0,TREND_UP,NORMAL,ALIGNED,HEALTHY,ALLOW
2026-09-29T07:18:00Z,84045.36,84059.62,83978.6,83982.0,28.08616,84006.74,39.06928571,0.05,0.9,0,TREND_DOWN,NORMAL,NEUTRAL,HEALTHY,ALLOW
2026-09-29T07:19:00Z,83982.01,83991.87,83965.21,83991.86,17.65913,83982.98,36.97,0.05,0.9,0,TREND_UP,NORMAL,ALIGNED,HEALTHY,ALLOW
2026-09-29T07:20:00Z,83991.86,84025.81,83984.26,84007.77,5.19803,84005.94666667,38.13571429,0.05,0.9,0,TREND_UP,NORMAL,ALIGNED,HEALTHY,ALLOW
2026-09-29T07:21:00Z,84007.77,84007.77,83968.41,83968.41,8.12338,83981.53,38.88357143,0.05,0.9,0,TREND_DOWN,NORMAL,NEUTRAL,HEALTHY,ALLOW
2026-09-29T07:22:00Z,83968.42,83968.42,83935.32,83935.33,7.52866,83946.35666667,39.44357143,0.05,0.9,0,TREND_DOWN,NORMAL,NEUTRAL,HEALTHY,ALLOW
2026-09-29T07:23:00Z,83935.32,83965.26,83923.62,83927.55,7.81941,83938.81,40.69428571,0.05,0.9,0,TREND_DOWN,NORMAL,NEUTRAL,HEALTHY,ALLOW
2026-09-29T07:24:00Z,83927.56,83997.29,83927.55,83997.28,13.07762,83974.04,42.33214286,0.05,0.9,0,TREND_UP,NORMAL,ALIGNED,HEALTHY,ALLOW
2026-09-29T07:25:00Z,83997.28,84034.49,83997.28,84034.48,9.59516,84022.08333333,43.02428571,0.05,0.9,0,TREND_UP,NORMAL,ALIGNED,HEALTHY,ALLOW
2026-09-29T07:26:00Z,84034.48,84034.49,84011.28,84011.29,9.84684,84019.02,42.82928571,0.05,0.9,0,TREND_DOWN,NORMAL,NEUTRAL,HEALTHY,ALLOW
2026-09-29T07:27:00Z,84011.29,84036.0,84011.28,84035.99,7.28982,84027.75666667,40.41357143,0.05,0.9,0,TREND_UP,NORMAL,ALIGNED,HEALTHY,ALLOW
2026-09-29T07:28:00Z,84035.99,84036.0,84000.67,84008.64,5.68069,84015.10333333,41.555,0.05,0.9,0,TREND_DOWN,NORMAL,NEUTRAL,HEALTHY,ALLOW
2026-09-29T07:29:00Z,84008.63,84008.64,83990.12,83996.22,5.30559,83998.32666667,39.80214286,0.05,0.9,0,TREND_DOWN,NORMAL,NEUTRAL,HEALTHY,ALLOW
2026-09-29T07:30:00Z,83996.21,84012.64,83986.53,83986.54,5.90745,83995.23666667,38.06,0.05,0.9,0,TREND_DOWN,NORMAL,NEUTRAL,HEALTHY,ALLOW
2026-09-29T07:31:00Z,83986.53,83991.68,83963.04,83987.42,7.10983,83980.71333333,37.62928571,0.05,0.9,0,TREND_UP,NORMAL,ALIGNED,HEALTHY,ALLOW
2026-09-29T07:32:00Z,83987.41,84063.19,83987.41,84063.19,15.30951,84037.93,37.255,0.05,0.9,0,TREND_UP,NORMAL,ALIGNED,HEALTHY,ALLOW
2026-09-29T07:33:00Z,84063.18,84070.0,84035.13,84037.86,11.08049,84047.66333333,37.84142857,0.05,0.9,0,TREND_DOWN,NORMAL,NEUTRAL,HEALTHY,ALLOW
2026-09-29T07:34:00Z,84037.86,84055.6,84030.96,84055.6,16.26429,84047.38666667,36.63357143,0.05,0.9,0,TREND_UP,NORMAL,ALIGNED,HEALTHY,ALLOW
2026-09-29T07:35:00Z,84055.59,84100.0,84051.25,84079.37,14.88192,84076.87333333,37.30428571,0.05,0.9,0,TREND_UP,NORMAL,ALIGNED,HEALTHY,ALLOW
2026-09-29T07:36:00Z,84079.36,84079.37,84063.18,84073.16,6.61397,84071.90333333,36.09642857,0.05,0.9,0,TREND_DOWN,NORMAL,NEUTRAL,HEALTHY,ALLOW
2026-09-29T07:37:00Z,84073.16,84079.36,84069.6,84079.35,7.73422,84076.10333333,33.81928571,0.05,0.9,0,TREND_UP,NORMAL,ALIGNED,HEALTHY,ALLOW
2026-09-29T07:38:00Z,84079.35,84117.14,84070.31,84117.13,11.94,84101.52666667,32.18285714,0.05,0.9,0,TREND_UP,NORMAL,ALIGNED,HEALTHY,ALLOW
2026-09-29T07:39:00Z,84117.13,84200.0,84117.13,84142.39,34.01469,84153.17333333,35.44428571,0.05,0.9,0,TREND_UP,NORMAL,ALIGNED,HEALTHY,ALLOW
2026-09-29T07:40:00Z,84142.38,84142.39,84094.49,84115.0,8.88159,84117.29333333,37.20785714,0.05,0.9,0,TREND_DOWN,NORMAL,NEUTRAL,HEALTHY,ALLOW
2026-09-29T07:41:00Z,84114.99,84115.0,84085.38,84085.38,9.14787,84095.25333333,37.55785714,0.05,0.9,0,TREND_DOWN,NORMAL,NEUTRAL,HEALTHY,ALLOW
2026-09-29T07:42:00Z,84085.39,84085.39,84048.23,84048.24,8.63984,84060.62,37.68857143,0.05,0.9,0,TREND_DOWN,NORMAL,NEUTRAL,HEALTHY,ALLOW
2026-09-29T07:43:00Z,84048.23,84048.24,84019.69,84023.22,11.16139,84030.38333333,38.405,0.05,0.9,0,TREND_DOWN,NORMAL,NEUTRAL,HEALTHY,ALLOW
2026-09-29T07:44:00Z,84023.22,84023.23,84017.63,84017.64,11.10225,84019.5,36.94,0.05,0.9,0,TREND_DOWN,NORMAL,NEUTRAL,HEALTHY,ALLOW
2026-09-29T07:45:00Z,84017.64,84064.96,84017.64,84031.01,14.53962,84037.87,38.27428571,0.05,0.9,0,TREND_UP,NORMAL,ALIGNED,HEALTHY,ALLOW
2026-09-29T07:46:00Z,84031.0,84034.59,84027.47,84034.58,7.8483,84032.21333333,33.37,0.05,0.9,0,TREND_UP,NORMAL,ALIGNED,HEALTHY,ALLOW
2026-09-29T07:47:00Z,84034.57,84047.18,84034.57,84047.17,6.86045,84042.97333333,31.78,0.05,0.9,0,TREND_UP,NORMAL,ALIGNED,HEALTHY,ALLOW
2026-09-29T07:48:00Z,84047.17,84047.17,84037.17,84037.17,8.79976,84040.50333333,30.73428571,0.05,0.9,0,TREND_DOWN,NORMAL,NEUTRAL,HEALTHY,ALLOW
2026-09-29T07:49:00Z,84037.17,84037.18,84014.94,84014.95,12.81258,84022.35666667,28.84071429,0.05,0.9,0,TREND_DOWN,NORMAL,NEUTRAL,HEALTHY,ALLOW
2026-09-29T07:50:00Z,84014.94,84043.41,84013.62,84043.4,9.65604,84033.47666667,29.81214286,0.05,0.9,0,TREND_UP,NORMAL,ALIGNED,HEALTHY,ALLOW
2026-09-29T07:51:00Z,84043.4,84062.98,84042.84,84062.97,8.0394,84056.26333333,30.55357143,0.05,0.9,0,TREND_UP,NORMAL,ALIGNED,HEALTHY,ALLOW
2026-09-29T07:52:00Z,84062.98,84062.98,84037.08,84037.09,11.20695,84045.71666667,29.05857143,0.05,0.9,0,TREND_DOWN,NORMAL,NEUTRAL,HEALTHY,ALLOW
2026-09-29T07:53:00Z,84037.08,84048.54,84037.08,84041.67,9.00486,84042.43,23.95785714,0.05,0.9,0,TREND_UP,NORMAL,ALIGNED,HEALTHY,ALLOW
2026-09-29T07:54:00Z,84041.67,84041.67,84028.33,84028.34,8.21565,84032.78,21.48928571,0.05,0.9,0,TREND_DOWN,NORMAL,NEUTRAL,HEALTHY,ALLOW
2026-09-29T07:55:00Z,84028.34,84028.34,83987.08,83987.09,17.41972,84000.83666667,22.32071429,0.05,0.9,0,TREND_DOWN,NORMAL,NEUTRAL,HEALTHY,ALLOW
2026-09-29T07:56:00Z,83987.08,84008.66,83987.08,84008.66,11.82032,84001.46666667,21.20785714,0.05,0.9,0,TREND_UP,NORMAL,ALIGNED,HEALTHY,ALLOW
2026-09-29T07:57:00Z,84008.65,84008.66,83987.11,83987.11,10.39947,83994.29333333,20.70785714,0.05,0.9,0,TREND_DOWN,NORMAL,NEUTRAL,HEALTHY,ALLOW
2026-09-29T07:58:00Z,83987.11,83987.12,83954.37,83967.43,20.80481,83969.64,22.64714286,0.05,0.9,0,TREND_DOWN,NORMAL,NEUTRAL,HEALTHY,ALLOW
2026-09-29T07:59:00Z,83967.43,83980.97,83966.02,83980.97,10.615,83975.98666667,20.335,0.05,0.9,0,TREND_UP,NORMAL,ALIGNED,HEALTHY,ALLOW
2026-09-29T08:00:00Z,83980.97,84069.19,83980.97,84068.73,8.66558,84039.63,26.12785714,0.05,0.9,0,TREND_UP,NORMAL,ALIGNED,HEALTHY,ALLOW
2026-09-29T08:01:00Z,84068.74,84068.74,84044.25,84066.88,5.98231,84059.95666667,26.97642857,0.05,0.9,0,TREND_DOWN,NORMAL,NEUTRAL,HEALTHY,ALLOW
2026-09-29T08:02:00Z,84066.88,84086.22,84061.63,84081.19,8.05353,84076.34666667,28.01857143,0.05,0.9,0,TREND_UP,NORMAL,ALIGNED,HEALTHY,ALLOW
2026-09-29T08:03:00Z,84081.19,84081.19,84040.83,84057.0,17.49834,84059.67333333,29.31285714,0.05,0.9,0,TREND_DOWN,NORMAL,NEUTRAL,HEALTHY,ALLOW
2026-09-29T08:04:00Z,84056.99,84084.02,84037.51,84044.65,20.25301,84055.39333333,30.50714286,0.05,0.9,0,TREND_DOWN,NORMAL,NEUTRAL,HEALTHY,ALLOW
2026-09-29T08:05:00Z,84044.65,84044.66,83999.49,84044.65,18.82025,84029.6,32.295,0.05,0.9,0,TREND_UP,NORMAL,ALIGNED,HEALTHY,ALLOW
2026-09-29T08:06:00Z,84044.65,84048.01,84019.33,84041.67,4.76805,84036.33666667,32.49357143,0.05,0.9,0,TREND_DOWN,NORMAL,NEUTRAL,HEALTHY,ALLOW
2026-09-29T08:07:00Z,84041.66,84041.66,83978.73,83978.74,4.62364,83999.71,36.17071429,0.05,0.9,0,TREND_DOWN,NORMAL,NEUTRAL,HEALTHY,ALLOW
2026-09-29T08:08:00Z,83978.74,84002.01,83978.73,83995.95,14.17284,83992.23,36.88071429,0.05,0.9,0,TREND_UP,NORMAL,ALIGNED,HEALTHY,ALLOW
2026-09-29T08:09:00Z,83995.94,84014.01,83992.85,84014.0,3.13008,84006.95333333,35.445,0.05,0.9,0,TREND_UP,NORMAL,ALIGNED,HEALTHY,ALLOW
2026-09-29T08:10:00Z,84014.01,84050.0,84014.01,84033.47,2.77278,84032.49333333,36.475,0.05,0.9,0,TREND_UP,NORMAL,ALIGNED,HEALTHY,ALLOW
2026-09-29T08:11:00Z,84033.46,84035.0,84002.35,84035.0,5.93378,84024.11666667,37.26785714,0.05,0.9,0,TREND_UP,NORMAL,ALIGNED,HEALTHY,ALLOW
2026-09-29T08:12:00Z,84035.0,84062.01,84034.99,84057.91,8.2197,84051.63666667,36.85857143,0.05,0.9,0,TREND_UP,NORMAL,ALIGNED,HEALTHY,ALLOW
2026-09-29T08:13:00Z,84057.91,84070.01,84029.75,84070.0,4.81642,84056.58666667,38.66642857,0.05,0.9,0,TREND_UP,NORMAL,ALIGNED,HEALTHY,ALLOW
2026-09-29T08:14:00Z,84070.0,84070.01,84044.75,84044.75,5.19844,84053.17,34.16928571,0.05,0.9,0,TREND_DOWN,NORMAL,NEUTRAL,HEALTHY,ALLOW
2026-09-29T08:15:00Z,84044.76,84088.46,84044.75,84081.31,4.42304,84071.50666667,35.54214286,0.05,0.9,0,TREND_UP,NORMAL,ALIGNED,HEALTHY,ALLOW
2026-09-29T08:16:00Z,84081.31,84100.0,84078.0,84100.0,12.51294,84092.66666667,35.35714286,0.05,0.9,0,TREND_UP,NORMAL,ALIGNED,HEALTHY,ALLOW
2026-09-29T08:17:00Z,84100.0,84110.0,84084.0,84084.0,14.19367,84092.66666667,34.33142857,0.05,0.9,0,TREND_DOWN,NORMAL,NEUTRAL,HEALTHY,ALLOW
2026-09-29T08:18:00Z,84084.0,84084.01,84062.36,84067.82,4.30824,84071.39666667,32.55571429,0.05,0.9,0,TREND_DOWN,NORMAL,NEUTRAL,HEALTHY,ALLOW
2026-09-29T08:19:00Z,84067.82,84100.9,84060.55,84095.19,3.87972,84085.54666667,32.21142857,0.05,0.9,0,TREND_UP,NORMAL,ALIGNED,HEALTHY,ALLOW
2026-09-29T08:20:00Z,84095.2,84140.0,84095.19,84139.99,11.76991,84125.06,33.36357143,0.05,0.9,0,TREND_UP,NORMAL,ALIGNED,HEALTHY,ALLOW
2026-09-29T08:21:00Z,84140.0,84310.0,84139.99,84309.99,77.92368,84253.32666667,41.01142857,0.05,0.9,0,TREND_UP,NORMAL,ALIGNED,HEALTHY,ALLOW
2026-09-29T08:22:00Z,84309.99,84368.01,84306.0,84316.1,41.93431,84330.03666667,43.77785714,0.05,0.9,0,TREND_UP,NORMAL,ALIGNED,HEALTHY,ALLOW
2026-09-29T08:23:00Z,84316.1,84316.1,84200.0,84266.01,15.40031,84260.70333333,50.55928571,0.05,0.9,0,TREND_DOWN,NORMAL,NEUTRAL,HEALTHY,ALLOW
2026-09-29T08:24:00Z,84266.0,84266.01,84178.01,84218.01,13.74822,84220.67666667,54.27357143,0.05,0.9,0,TREND_DOWN,NORMAL,NEUTRAL,HEALTHY,ALLOW
2026-09-29T08:25:00Z,84218.0,84232.01,84191.42,84232.0,3.13004,84218.47666667,54.84071429,0.05,0.9,0,TREND_UP,NORMAL,ALIGNED,HEALTHY,ALLOW
2026-09-29T08:26:00Z,84232.01,84254.01,84204.8,84216.01,5.13433,84224.94,56.42571429,0.05,0.9,0,TREND_DOWN,NORMAL,NEUTRAL,HEALTHY,ALLOW
2026-09-29T08:27:00Z,84216.01,84226.0,84205.92,84216.0,5.47955,84215.97333333,54.98428571,0.05,0.9,0,TREND_DOWN,NORMAL,NEUTRAL,HEALTHY,ALLOW
2026-09-29T08:28:00Z,84216.01,84224.0,84182.3,84182.31,4.52223,84196.20333333,56.15857143,0.05,0.9,0,TREND_DOWN,NORMAL,NEUTRAL,HEALTHY,ALLOW
2026-09-29T08:29:00Z,84182.31,84184.0,84166.93,84166.93,3.20919,84172.62,54.25571429,0.05,0.9,0,TREND_DOWN,NORMAL,NEUTRAL,HEALTHY,ALLOW
2026-09-29T08:30:00Z,84166.93,84166.94,84106.0,84106.01,6.77661,84126.31666667,57.03714286,0.05,0.9,0,TREND_DOWN,NORMAL,NEUTRAL,HEALTHY,ALLOW
2026-09-29T08:31:00Z,84106.01,84106.01,84096.0,84098.95,6.20747,84100.32,55.895,0.05,0.9,0,TREND_DOWN,NORMAL,NEUTRAL,HEALTHY,ALLOW
2026-09-29T08:32:00Z,84098.94,84098.95,84075.0,84075.01,18.22099,84082.98666667,56.05928571,0.05,0.9,0,TREND_DOWN,NORMAL,NEUTRAL,HEALTHY,ALLOW
2026-09-29T08:33:00Z,84075.0,84075.01,83986.48,83987.84,13.70277,84016.44333333,59.50071429,0.05,0.9,0,TREND_DOWN,NORMAL,NEUTRAL,HEALTHY,ALLOW
2026-09-29T08:34:00Z,83987.84,84038.01,83986.48,84018.0,8.95529,84014.16333333,59.98071429,0.05,0.9,0,TREND_UP,NORMAL,ALIGNED,HEALTHY,ALLOW
2026-09-29T08:35:00Z,84018.0,84033.97,84017.15,84017.15,4.52482,84022.75666667,49.03857143,0.05,0.9,0,TREND_DOWN,NORMAL,NEUTRAL,HEALTHY,ALLOW
2026-09-29T08:36:00Z,84017.15,84017.16,83932.05,83940.02,17.59443,83963.07666667,50.68857143,0.05,0.9,0,TREND_DOWN,NORMAL,NEUTRAL,HEALTHY,ALLOW
2026-09-29T08:37:00Z,83940.03,83940.03,83875.0,83924.01,13.6044,83913.01333333,47.04071429,0.05,0.9,0,TREND_DOWN,NORMAL,NEUTRAL,HEALTHY,ALLOW
2026-09-29T08:38:00Z,83924.01,83958.0,83893.02,83930.01,20.19769,83927.01,45.39642857,0.05,0.9,0,TREND_UP,NORMAL,ALIGNED,HEALTHY,ALLOW
2026-09-29T08:39:00Z,83930.01,83962.01,83930.01,83941.47,13.89239,83944.49666667,44.78285714,0.05,0.9,0,TREND_UP,NORMAL,ALIGNED,HEALTHY,ALLOW
2026-09-29T08:40:00Z,83941.48,83958.01,83886.0,83886.01,9.16284,83910.00666667,46.41142857,0.05,0.9,0,TREND_DOWN,NORMAL,NEUTRAL,HEALTHY,ALLOW
2026-09-29T08:41:00Z,83886.01,83918.01,83844.0,83918.01,25.0041,83893.34,50.26357143,0.05,0.9,0,TREND_UP,NORMAL,ALIGNED,HEALTHY,ALLOW
2026-09-29T08:42:00Z,83918.01,83946.01,83918.01,83946.0,7.33788,83936.67333333,49.285,0.05,0.9,0,TREND_UP,NORMAL,ALIGNED,HEALTHY,ALLOW
2026-09-29T08:43:00Z,83946.01,83950.3,83919.39,83919.4,6.2082,83929.69666667,50.27357143,0.05,0.9,0,TREND_DOWN,NORMAL,NEUTRAL,HEALTHY,ALLOW
2026-09-29T08:44:00Z,83919.39,83919.4,83856.0,83856.01,18.20805,83877.13666667,50.44928571,0.05,0.9,0,TREND_DOWN,NORMAL,NEUTRAL,HEALTHY,ALLOW
2026-09-29T08:45:00Z,83856.01,83856.01,83820.0,83854.0,16.52664,83843.33666667,52.30642857,0.05,0.9,0,TREND_DOWN,NORMAL,NEUTRAL,HEALTHY,ALLOW
2026-09-29T08:46:00Z,83854.0,83862.01,83810.0,83811.35,10.56686,83827.78666667,54.31071429,0.05,0.9,0,TREND_DOWN,NORMAL,NEUTRAL,HEALTHY,ALLOW
2026-09-29T08:47:00Z,83811.36,83820.01,83802.54,83802.54,11.40709,83808.36333333,49.235,0.05,0.9,0,TREND_DOWN,NORMAL,NEUTRAL,HEALTHY,ALLOW
2026-09-29T08:48:00Z,83802.55,83866.0,83802.54,83866.0,4.31414,83844.84666667,50.08714286,0.05,0.9,0,TREND_UP,NORMAL,ALIGNED,HEALTHY,ALLOW
2026-09-29T08:49:00Z,83866.0,83879.82,83865.99,83866.35,8.11072,83870.72,49.87357143,0.05,0.9,0,TREND_UP,NORMAL,ALIGNED,HEALTHY,ALLOW
2026-09-29T08:50:00Z,83866.36,83866.36,83840.0,83856.0,1.92617,83854.12,45.67714286,0.05,0.9,0,TREND_DOWN,NORMAL,NEUTRAL,HEALTHY,ALLOW
2026-09-29T08:51:00Z,83856.0,83856.01,83840.25,83840.25,4.69676,83845.50333333,42.15785714,0.05,0.9,0,TREND_DOWN,NORMAL,NEUTRAL,HEALTHY,ALLOW
2026-09-29T08:52:00Z,83840.26,83840.26,83802.57,83802.58,20.13637,83815.13666667,40.20857143,0.05,0.9,0,TREND_DOWN,NORMAL,NEUTRAL,HEALTHY,ALLOW
2026-09-29T08:53:00Z,83802.58,83810.0,83800.0,83808.01,3.28229,83806.00333333,38.63714286,0.05,0.9,0,TREND_UP,NORMAL,ALIGNED,HEALTHY,ALLOW
2026-09-29T08:54:00Z,83808.01,83830.0,83804.42,83830.0,6.67473,83821.47333333,35.32071429,0.05,0.9,0,TREND_UP,NORMAL,ALIGNED,HEALTHY,ALLOW
2026-09-29T08:55:00Z,83829.99,83864.01,83829.99,83864.0,7.04599,83852.66666667,32.46428571,0.05,0.9,0,TREND_UP,NORMAL,ALIGNED,HEALTHY,ALLOW
2026-09-29T08:56:00Z,83864.0,83882.01,83864.0,83882.0,3.76257,83876.00333333,31.75071429,0.05,0.9,0,TREND_UP,NORMAL,ALIGNED,HEALTHY,ALLOW
2026-09-29T08:57:00Z,83882.01,83882.01,83864.0,83877.99,3.07598,83874.66666667,30.82928571,0.05,0.9,0,TREND_DOWN,NORMAL,NEUTRAL,HEALTHY,ALLOW
2026-09-29T08:58:00Z,83878.0,83878.0,83874.0,83874.01,2.28669,83875.33666667,26.58642857,0.05,0.9,0,TREND_DOWN,NORMAL,NEUTRAL,HEALTHY,ALLOW
2026-09-29T08:59:00Z,83874.01,83874.01,83874.0,83874.01,2.79005,83874.00666667,24.015,0.05,0.9,0,TREND_UP,NORMAL,ALIGNED,HEALTHY,ALLOW
2026-09-29T09:00:00Z,83874.01,83874.01,83823.54,83862.01,8.60766,83853.18666667,23.905,0.05,0.9,0,TREND_DOWN,NORMAL,NEUTRAL,HEALTHY,ALLOW
2026-09-29T09:01:00Z,83862.0,83878.01,83854.0,83866.0,4.46508,83866.00333333,24.37214286,0.05,0.9,0,TREND_UP,NORMAL,ALIGNED,HEALTHY,ALLOW
2026-09-29T09:02:00Z,83866.01,83866.01,83834.0,83834.01,4.51614,83844.67333333,22.12571429,0.05,0.9,0,TREND_DOWN,NORMAL,NEUTRAL,HEALTHY,ALLOW
2026-09-29T09:03:00Z,83834.01,83834.01,83778.01,83778.02,9.15832,83796.68,25.13785714,0.05,0.9,0,TREND_DOWN,NORMAL,NEUTRAL,HEALTHY,ALLOW
2026-09-29T09:04:00Z,83778.01,83824.01,83772.0,83824.01,14.34037,83806.67333333,26.97,0.05,0.9,0,TREND_UP,NORMAL,ALIGNED,HEALTHY,ALLOW
2026-09-29T09:05:00Z,83824.01,83825.27,83784.56,83784.56,7.86085,83798.13,28.75214286,0.05,0.9,0,TREND_DOWN,NORMAL,NEUTRAL,HEALTHY,ALLOW
2026-09-29T09:06:00Z,83784.57,83812.68,83770.65,83806.0,17.6363,83796.44333333,29.06214286,0.05,0.9,0,TREND_UP,NORMAL,ALIGNED,HEALTHY,ALLOW
2026-09-29T09:07:00Z,83806.0,83806.01,83771.21,83771.21,6.66448,83782.81,30.83357143,0.05,0.9,0,TREND_DOWN,NORMAL,NEUTRAL,HEALTHY,ALLOW
2026-09-29T09:08:00Z,83771.21,83808.01,83771.21,83801.4,13.36482,83793.54,31.635,0.05,0.9,0,TREND_UP,NORMAL,ALIGNED,HEALTHY,ALLOW
2026-09-29T09:09:00Z,83801.4,83801.41,83780.57,83786.7,8.50579,83789.56,30.69357143,0.05,0.9,0,TREND_DOWN,NORMAL,NEUTRAL,HEALTHY,ALLOW
2026-09-29T09:10:00Z,83786.7,83790.01,83766.36,83780.0,17.61117,83778.79,31.09642857,0.05,0.9,0,TREND_DOWN,NORMAL,NEUTRAL,HEALTHY,ALLOW
2026-09-29T09:11:00Z,83780.0,83780.01,83764.76,83769.0,6.71576,83771.25666667,30.89928571,0.05,0.9,0,TREND_DOWN,NORMAL,NEUTRAL,HEALTHY,ALLOW
2026-09-29T09:12:00Z,83769.01,83787.67,83762.0,83782.06,8.26166,83777.24333333,32.44714286,0.05,0.9,0,TREND_UP,NORMAL,ALIGNED,HEALTHY,ALLOW
2026-09-29T09:13:00Z,83782.06,83789.96,83782.06,83786.15,9.33647,83786.05666667,33.01071429,0.05,0.9,0,TREND_UP,NORMAL,ALIGNED,HEALTHY,ALLOW
2026-09-29T09:14:00Z,83786.15,83786.15,83782.0,83782.0,4.46118,83783.38333333,29.70214286,0.05,0.9,0,TREND_DOWN,NORMAL,NEUTRAL,HEALTHY,ALLOW
2026-09-29T09:15:00Z,83782.01,83782.01,83760.4,83770.0,10.63419,83770.80333333,29.53071429,0.05,0.9,0,TREND_DOWN,NORMAL,NEUTRAL,HEALTHY,ALLOW
2026-09-29T09:16:00Z,83770.01,83786.31,83770.0,83780.51,5.67254,83778.94,28.40928571,0.05,0.9,0,TREND_UP,NORMAL,ALIGNED,HEALTHY,ALLOW
2026-09-29T09:17:00Z,83780.51,83794.01,83780.51,83794.0,4.21637,83789.50666667,25.37357143,0.05,0.9,0,TREND_UP,NORMAL,ALIGNED,HEALTHY,ALLOW
2026-09-29T09:18:00Z,83794.01,83806.01,83794.0,83798.62,6.43841,83799.54333333,22.51642857,0.05,0.9,0,TREND_UP,NORMAL,ALIGNED,HEALTHY,ALLOW
2026-09-29T09:19:00Z,83798.63,83806.0,83791.07,83791.08,5.42084,83796.05,20.675,0.05,0.9,0,TREND_DOWN,NORMAL,NEUTRAL,HEALTHY,ALLOW
2026-09-29T09:20:00Z,83791.08,83829.98,83791.08,83816.89,17.8055,83812.65,20.45142857,0.05,0.9,0,TREND_UP,NORMAL,ALIGNED,HEALTHY,ALLOW
2026-09-29T09:21:00Z,83816.9,83845.0,83814.24,83828.72,17.67563,83829.32,20.16285714,0.05,0.9,0,TREND_UP,NORMAL,ALIGNED,HEALTHY,ALLOW
2026-09-29T09:22:00Z,83828.73,83828.73,83800.0,83800.0,6.59281,83809.57666667,19.58642857,0.05,0.9,0,TREND_DOWN,NORMAL,NEUTRAL,HEALTHY,ALLOW
2026-09-29T09:23:00Z,83800.0,83800.01,83779.49,83786.21,8.96868,83788.57,19.56357143,0.05,0.9,0,TREND_DOWN,NORMAL,NEUTRAL,HEALTHY,ALLOW
2026-09-29T09:24:00Z,83786.21,83826.78,83786.21,83826.77,6.53066,83813.25333333,20.77214286,0.05,0.9,0,TREND_UP,NORMAL,ALIGNED,HEALTHY,ALLOW
2026-09-29T09:25:00Z,83826.77,83841.48,83822.57,83837.99,6.82162,83834.01333333,21.03357143,0.05,0.9,0,TREND_UP,NORMAL,ALIGNED,HEALTHY,ALLOW
2026-09-29T09:26:00Z,83837.99,83838.0,83800.0,83825.46,6.13579,83821.15333333,21.91428571,0.05,0.9,0,TREND_DOWN,NORMAL,NEUTRAL,HEALTHY,ALLOW
2026-09-29T09:27:00Z,83825.45,83916.01,83821.41,83891.77,20.93621,83876.39666667,28.10714286,0.05,0.9,0,TREND_UP,NORMAL,ALIGNED,HEALTHY,ALLOW
2026-09-29T09:28:00Z,83891.76,83891.77,83860.65,83866.4,18.62885,83872.94,30.03357143,0.05,0.9,0,TREND_DOWN,NORMAL,NEUTRAL,HEALTHY,ALLOW
2026-09-29T09:29:00Z,83866.41,83866.41,83849.54,83849.55,2.46833,83855.16666667,29.695,0.05,0.9,0,TREND_DOWN,NORMAL,NEUTRAL,HEALTHY,ALLOW
2026-09-29T09:30:00Z,83849.54,83862.86,83834.01,83862.86,6.16553,83853.24333333,30.59071429,0.05,0.9,0,TREND_UP,NORMAL,ALIGNED,HEALTHY,ALLOW
2026-09-29T09:31:00Z,83862.85,83940.01,83862.0,83933.32,8.26551,83911.77666667,35.19857143,0.05,0.9,0,TREND_UP,NORMAL,ALIGNED,HEALTHY,ALLOW
2026-09-29T09:32:00Z,83933.32,83950.3,83933.31,83946.88,6.28336,83943.49666667,35.55428571,0.05,0.9,0,TREND_UP,NORMAL,ALIGNED,HEALTHY,ALLOW
2026-09-29T09:33:00Z,83946.88,83958.01,83946.88,83958.01,2.62938,83954.3,35.28285714,0.05,0.9,0,TREND_UP,NORMAL,ALIGNED,HEALTHY,ALLOW
2026-09-29T09:34:00Z,83958.01,83971.8,83956.47,83970.01,3.65463,83966.09333333,33.59928571,0.05,0.9,0,TREND_UP,NORMAL,ALIGNED,HEALTHY,ALLOW
2026-09-29T09:35:00Z,83970.0,83970.01,83947.41,83959.97,8.50513,83959.13,33.01642857,0.05,0.9,0,TREND_DOWN,NORMAL,NEUTRAL,HEALTHY,ALLOW
2026-09-29T09:36:00Z,83959.98,83966.0,83932.01,83966.0,7.36304,83954.67,33.39214286,0.05,0.9,0,TREND_UP,NORMAL,ALIGNED,HEALTHY,ALLOW
2026-09-29T09:37:00Z,83965.99,83974.0,83947.31,83974.0,3.43406,83965.10333333,33.83285714,0.05,0.9,0,TREND_UP,NORMAL,ALIGNED,HEALTHY,ALLOW
2026-09-29T09:38:00Z,83973.99,83998.74,83973.99,83998.73,7.10639,83990.48666667,32.70285714,0.05,0.9,0,TREND_UP,NORMAL,ALIGNED,HEALTHY,ALLOW
2026-09-29T09:39:00Z,83998.74,83998.74,83990.34,83996.17,4.88841,83995.08333333,31.95214286,0.05,0.9,0,TREND_DOWN,NORMAL,NEUTRAL,HEALTHY,ALLOW
2026-09-29T09:40:00Z,83996.17,83996.17,83963.06,83968.01,3.44986,83975.74666667,31.60285714,0.05,0.9,0,TREND_DOWN,NORMAL,NEUTRAL,HEALTHY,ALLOW
2026-09-29T09:41:00Z,83968.01,83968.01,83950.83,83950.83,3.17383,83956.55666667,26.07285714,0.05,0.9,0,TREND_DOWN,NORMAL,NEUTRAL,HEALTHY,ALLOW
2026-09-29T09:42:00Z,83950.84,83972.0,83934.02,83971.99,3.02405,83959.33666667,26.56285714,0.05,0.9,0,TREND_UP,NORMAL,ALIGNED,HEALTHY,ALLOW
2026-09-29T09:43:00Z,83971.99,83994.0,83971.99,83993.99,1.12566,83986.66,26.93,0.05,0.9,0,TREND_UP,NORMAL,ALIGNED,HEALTHY,ALLOW
2026-09-29T09:44:00Z,83994.0,84000.0,83967.74,84000.0,6.2063,83989.24666667,27.17357143,0.05,0.9,0,TREND_UP,NORMAL,ALIGNED,HEALTHY,ALLOW
2026-09-29T09:45:00Z,84000.0,84016.01,83992.8,83992.8,7.6751,84000.53666667,23.25928571,0.05,0.9,0,TREND_DOWN,NORMAL,NEUTRAL,HEALTHY,ALLOW
2026-09-29T09:46:00Z,83992.8,84036.26,83992.8,84036.25,23.43178,84021.77,25.15,0.05,0.9,0,TREND_UP,NORMAL,ALIGNED,HEALTHY,ALLOW
2026-09-29T09:47:00Z,84036.26,84152.01,84036.26,84133.94,38.77862,84107.40333333,32.62357143,0.05,0.9,0,TREND_UP,NORMAL,ALIGNED,HEALTHY,ALLOW
2026-09-29T09:48:00Z,84133.95,84157.08,84119.33,84152.23,29.4988,84142.88,34.225,0.05,0.9,0,TREND_UP,NORMAL,ALIGNED,HEALTHY,ALLOW
2026-09-29T09:49:00Z,84152.22,84201.04,84116.86,84201.03,52.04693,84172.97666667,38.62357143,0.05,0.9,0,TREND_UP,NORMAL,ALIGNED,HEALTHY,ALLOW
2026-09-29T09:50:00Z,84201.04,84303.83,84201.04,84293.97,58.30623,84266.28,43.53857143,0.05,0.9,0,TREND_UP,NORMAL,ALIGNED,HEALTHY,ALLOW
2026-09-29T09:51:00Z,84293.98,84293.98,84223.36,84227.35,39.87467,84248.23,46.67642857,0.05,0.9,0,TREND_DOWN,NORMAL,NEUTRAL,HEALTHY,ALLOW
2026-09-29T09:52:00Z,84227.35,84234.39,84202.0,84216.01,30.97107,84217.46666667,47.22214286,0.05,0.9,0,TREND_DOWN,NORMAL,NEUTRAL,HEALTHY,ALLOW
2026-09-29T09:53:00Z,84216.0,84256.99,84216.0,84256.99,34.9308,84243.32666667,49.55,0.05,0.9,0,TREND_UP,NORMAL,ALIGNED,HEALTHY,ALLOW
2026-09-29T09:54:00Z,84256.99,84292.01,84256.98,84256.98,47.42005,84268.65666667,49.68714286,0.05,0.9,0,TREND_DOWN,NORMAL,NEUTRAL,HEALTHY,ALLOW
2026-09-29T09:55:00Z,84256.98,84328.94,84256.98,84307.84,39.92778,84297.92,53.6,0.05,0.9,0,TREND_UP,NORMAL,ALIGNED,HEALTHY,ALLOW
2026-09-29T09:56:00Z,84307.84,84325.82,84268.0,84276.01,25.89519,84289.94333333,55.01714286,0.05,0.9,0,TREND_DOWN,NORMAL,NEUTRAL,HEALTHY,ALLOW
2026-09-29T09:57:00Z,84276.01,84283.41,84274.0,84274.0,36.96824,84277.13666667,54.11714286,0.05,0.9,0,TREND_DOWN,NORMAL,NEUTRAL,HEALTHY,ALLOW
2026-09-29T09:58:00Z,84274.0,84274.01,84256.0,84263.38,26.30428,84264.46333333,53.09928571,0.05,0.9,0,TREND_DOWN,NORMAL,NEUTRAL,HEALTHY,ALLOW
2026-09-29T09:59:00Z,84263.37,84263.38,84252.0,84258.01,29.64094,84257.79666667,52.25428571,0.05,0.9,0,TREND_DOWN,NORMAL,NEUTRAL,HEALTHY,ALLOW
2026-09-29T10:00:00Z,84258.01,84258.01,84206.4,84206.41,21.94056,84223.60666667,52.83642857,0.05,0.9,0,TREND_DOWN,NORMAL,NEUTRAL,HEALTHY,ALLOW
2026-09-29T10:01:00Z,84206.41,84214.03,84189.93,84214.03,30.5687,84205.99666667,46.28928571,0.05,0.9,0,TREND_UP,NORMAL,ALIGNED,HEALTHY,ALLOW
2026-09-29T10:02:00Z,84214.03,84221.84,84165.58,84165.59,23.96681,84184.33666667,47.61142857,0.05,0.9,0,TREND_DOWN,NORMAL,NEUTRAL,HEALTHY,ALLOW
2026-09-29T10:03:00Z,84165.58,84191.81,84165.58,84191.81,12.52879,84183.06666667,43.47214286,0.05,0.9,0,TREND_UP,NORMAL,ALIGNED,HEALTHY,ALLOW
2026-09-29T10:04:00Z,84191.81,84201.83,84191.8,84201.83,12.98329,84198.48666667,36.84571429,0.05,0.9,0,TREND_UP,NORMAL,ALIGNED,HEALTHY,ALLOW
2026-09-29T10:05:00Z,84201.83,84201.83,84201.82,84201.83,11.27823,84201.82666667,31.80214286,0.05,0.9,0,TREND_UP,NORMAL,ALIGNED,HEALTHY,ALLOW
2026-09-29T10:06:00Z,84201.82,84204.75,84169.82,84173.88,16.62692,84182.81666667,31.98357143,0.05,0.9,0,TREND_DOWN,NORMAL,NEUTRAL,HEALTHY,ALLOW
2026-09-29T10:07:00Z,84173.88,84201.02,84173.88,84201.02,12.89035,84191.97333333,30.99428571,0.05,0.9,0,TREND_UP,NORMAL,ALIGNED,HEALTHY,ALLOW
2026-09-29T10:08:00Z,84201.02,84213.58,84201.01,84204.01,16.79571,84206.2,29.39,0.05,0.9,0,TREND_UP,NORMAL,ALIGNED,HEALTHY,ALLOW
2026-09-29T10:09:00Z,84204.0,84278.01,84204.0,84278.01,15.96608,84253.34,29.53642857,0.05,0.9,0,TREND_UP,NORMAL,ALIGNED,HEALTHY,ALLOW
2026-09-29T10:10:00Z,84278.01,84300.0,84278.0,84299.99,15.45888,84292.66333333,26.97785714,0.05,0.9,0,TREND_UP,NORMAL,ALIGNED,HEALTHY,ALLOW
2026-09-29T10:11:00Z,84299.99,84332.76,84299.99,84310.01,26.81637,84314.25333333,28.64642857,0.05,0.9,0,TREND_UP,NORMAL,ALIGNED,HEALTHY,ALLOW
2026-09-29T10:12:00Z,84310.01,84315.8,84270.0,84293.92,17.16315,84293.24,30.63142857,0.05,0.9,0,TREND_DOWN,NORMAL,NEUTRAL,HEALTHY,ALLOW
2026-09-29T10:13:00Z,84293.92,84293.92,84267.17,84267.18,10.367,84276.09,31.72928571,0.05,0.9,0,TREND_DOWN,NORMAL,NEUTRAL,HEALTHY,ALLOW
2026-09-29T10:14:00Z,84267.18,84267.18,84193.21,84208.52,11.13326,84222.97,33.32642857,0.05,0.9,0,TREND_DOWN,NORMAL,NEUTRAL,HEALTHY,ALLOW
2026-09-29T10:15:00Z,84208.51,84219.03,84204.01,84204.01,3.9351,84209.01666667,32.67785714,0.05,0.9,0,TREND_DOWN,NORMAL,NEUTRAL,HEALTHY,ALLOW
2026-09-29T10:16:00Z,84204.01,84219.02,84196.0,84196.0,9.39728,84203.67333333,30.30357143,0.05,0.9,0,TREND_DOWN,NORMAL,NEUTRAL,HEALTHY,ALLOW
2026-09-29T10:17:00Z,84196.0,84196.01,84180.0,84180.0,5.1515,84185.33666667,29.57357143,0.05,0.9,0,TREND_DOWN,NORMAL,NEUTRAL,HEALTHY,ALLOW
2026-09-29T10:18:00Z,84180.0,84180.0,84134.43,84134.44,20.2086,84149.62333333,32.11214286,0.05,0.9,0,TREND_DOWN,NORMAL,NEUTRAL,HEALTHY,ALLOW
2026-09-29T10:19:00Z,84134.44,84134.44,84110.16,84110.17,6.59907,84118.25666667,33.84571429,0.05,0.9,0,TREND_DOWN,NORMAL,NEUTRAL,HEALTHY,ALLOW
2026-09-29T10:20:00Z,84110.16,84110.17,84110.16,84110.16,3.22417,84110.16333333,31.35142857,0.05,0.9,0,TREND_UP,NORMAL,ALIGNED,HEALTHY,ALLOW
2026-09-29T10:21:00Z,84110.16,84110.17,84068.0,84073.71,8.65624,84083.96,32.425,0.05,0.9,0,TREND_DOWN,NORMAL,NEUTRAL,HEALTHY,ALLOW
2026-09-29T10:22:00Z,84073.7,84112.01,84073.7,84112.01,4.45834,84099.24,34.26357143,0.05,0.9,0,TREND_UP,NORMAL,ALIGNED,HEALTHY,ALLOW
2026-09-29T10:23:00Z,84112.01,84114.01,84098.0,84114.0,9.46206,84108.67,30.12071429,0.05,0.9,0,TREND_UP,NORMAL,ALIGNED,HEALTHY,ALLOW
2026-09-29T10:24:00Z,84114.01,84125.0,84114.0,84120.0,3.7809,84119.66666667,29.335,0.05,0.9,0,TREND_UP,NORMAL,ALIGNED,HEALTHY,ALLOW
2026-09-29T10:25:00Z,84120.01,84125.0,84120.0,84125.0,1.85574,84123.33333333,27.35142857,0.05,0.9,0,TREND_UP,NORMAL,ALIGNED,HEALTHY,ALLOW
2026-09-29T10:26:00Z,84124.99,84125.0,84124.99,84125.0,2.46272,84124.99666667,24.08071429,0.05,0.9,0,TREND_UP,NORMAL,ALIGNED,HEALTHY,ALLOW
2026-09-29T10:27:00Z,84125.0,84158.01,84125.0,84158.0,4.29704,84147.00333333,24.52785714,0.05,0.9,0,TREND_UP,NORMAL,ALIGNED,HEALTHY,ALLOW
2026-09-29T10:28:00Z,84158.0,84158.01,84150.0,84150.01,2.86111,84152.67333333,19.81642857,0.05,0.9,0,TREND_DOWN,NORMAL,NEUTRAL,HEALTHY,ALLOW
2026-09-29T10:29:00Z,84150.01,84150.01,84150.0,84150.0,0.72592,84150.00333333,18.74428571,0.05,0.9,0,TREND_DOWN,NORMAL,NEUTRAL,HEALTHY,ALLOW
2026-09-29T10:30:00Z,84150.01,84159.0,84131.87,84131.87,8.06762,84140.91333333,19.03785714,0.05,0.9,0,TREND_DOWN,NORMAL,NEUTRAL,HEALTHY,ALLOW
2026-09-29T10:31:00Z,84131.87,84131.88,84121.71,84121.71,1.32829,84125.1,18.62071429,0.05,0.9,0,TREND_DOWN,NORMAL,NEUTRAL,HEALTHY,ALLOW
2026-09-29T10:32:00Z,84121.71,84131.88,84081.84,84113.05,12.43849,84108.92333333,18.94,0.05,0.9,0,TREND_DOWN,NORMAL,NEUTRAL,HEALTHY,ALLOW
2026-09-29T10:33:00Z,84113.04,84120.97,84068.0,84068.0,9.07776,84085.65666667,20.98928571,0.05,0.9,0,TREND_DOWN,NORMAL,NEUTRAL,HEALTHY,ALLOW
2026-09-29T10:34:00Z,84068.01,84068.01,84050.02,84061.75,7.77431,84059.92666667,22.27357143,0.05,0.9,0,TREND_DOWN,NORMAL,NEUTRAL,HEALTHY,ALLOW
2026-09-29T10:35:00Z,84061.76,84061.76,84049.32,84049.32,3.01902,84053.46666667,20.15,0.05,0.9,0,TREND_DOWN,NORMAL,NEUTRAL,HEALTHY,ALLOW
2026-09-29T10:36:00Z,84049.32,84050.0,84049.32,84050.0,2.10196,84049.77333333,17.46214286,0.05,0.9,0,TREND_UP,NORMAL,ALIGNED,HEALTHY,ALLOW
2026-09-29T10:37:00Z,84049.99,84064.01,84038.0,84040.01,5.15251,84047.34,18.17642857,0.05,0.9,0,TREND_DOWN,NORMAL,NEUTRAL,HEALTHY,ALLOW
2026-09-29T10:38:00Z,84040.01,84043.19,84028.73,84028.73,4.35672,84033.55,18.42357143,0.05,0.9,0,TREND_DOWN,NORMAL,NEUTRAL,HEALTHY,ALLOW
2026-09-29T10:39:00Z,84028.73,84033.62,84023.01,84033.61,2.28099,84030.08,18.82428571,0.05,0.9,0,TREND_UP,NORMAL,ALIGNED,HEALTHY,ALLOW
2026-09-29T10:40:00Z,84033.62,84088.0,84033.62,84087.99,5.15687,84069.87,22.70857143,0.05,0.9,0,TREND_UP,NORMAL,ALIGNED,HEALTHY,ALLOW
2026-09-29T10:41:00Z,84088.0,84088.0,84046.0,84046.01,4.69362,84060.00333333,23.35071429,0.05,0.9,0,TREND_DOWN,NORMAL,NEUTRAL,HEALTHY,ALLOW
2026-09-29T10:42:00Z,84046.0,84055.6,84046.0,84053.22,2.59257,84051.60666667,23.46428571,0.05,0.9,0,TREND_UP,NORMAL,ALIGNED,HEALTHY,ALLOW
2026-09-29T10:43:00Z,84053.22,84053.22,84000.0,84012.01,24.89605,84021.74333333,27.265,0.05,0.9,0,TREND_DOWN,NORMAL,NEUTRAL,HEALTHY,ALLOW
2026-09-29T10:44:00Z,84012.01,84019.87,84012.0,84018.01,4.16577,84016.62666667,25.88928571,0.05,0.9,0,TREND_UP,NORMAL,ALIGNED,HEALTHY,ALLOW
2026-09-29T10:45:00Z,84018.0,84019.86,84000.0,84010.96,5.30943,84010.27333333,26.58142857,0.05,0.9,0,TREND_DOWN,NORMAL,NEUTRAL,HEALTHY,ALLOW
2026-09-29T10:46:00Z,84010.96,84038.01,84010.95,84038.0,3.9286,84028.98666667,24.94,0.05,0.9,0,TREND_UP,NORMAL,ALIGNED,HEALTHY,ALLOW
2026-09-29T10:47:00Z,84038.01,84038.01,83987.99,83988.0,6.17241,84004.66666667,24.72928571,0.05,0.9,0,TREND_DOWN,NORMAL,NEUTRAL,HEALTHY,ALLOW
2026-09-29T10:48:00Z,83987.99,83998.01,83987.99,83998.0,2.7652,83994.66666667,24.16,0.05,0.9,0,TREND_UP,NORMAL,ALIGNED,HEALTHY,ALLOW
2026-09-29T10:49:00Z,83998.01,84013.3,83998.01,84010.31,7.46745,84007.20666667,24.36428571,0.05,0.9,0,TREND_UP,NORMAL,ALIGNED,HEALTHY,ALLOW
2026-09-29T10:50:00Z,84010.32,84029.58,84010.31,84029.57,2.10627,84023.15333333,25.69214286,0.05,0.9,0,TREND_UP,NORMAL,ALIGNED,HEALTHY,ALLOW
2026-09-29T10:51:00Z,84029.58,84058.0,84029.58,84056.77,4.08925,84048.11666667,25.865,0.05,0.9,0,TREND_UP,NORMAL,ALIGNED,HEALTHY,ALLOW
2026-09-29T10:52:00Z,84056.78,84075.8,84056.77,84069.15,2.24821,84067.24,26.19142857,0.05,0.9,0,TREND_UP,NORMAL,ALIGNED,HEALTHY,ALLOW
2026-09-29T10:53:00Z,84069.16,84069.16,84052.5,84052.5,5.12474,84058.05333333,26.62357143,0.05,0.9,0,TREND_DOWN,NORMAL,NEUTRAL,HEALTHY,ALLOW
2026-09-29T10:54:00Z,84052.5,84064.0,84050.0,84064.0,1.66562,84059.33333333,23.73857143,0.05,0.9,0,TREND_UP,NORMAL,ALIGNED,HEALTHY,ALLOW
2026-09-29T10:55:00Z,84064.01,84072.01,84064.01,84072.0,1.05482,84069.34,21.31071429,0.05,0.9,0,TREND_UP,NORMAL,ALIGNED,HEALTHY,ALLOW
2026-09-29T10:56:00Z,84072.01,84076.49,84066.48,84066.49,3.68262,84069.82,21.34,0.05,0.9,0,TREND_DOWN,NORMAL,NEUTRAL,HEALTHY,ALLOW
2026-09-29T10:57:00Z,84066.48,84066.48,84029.96,84029.96,4.30467,84042.13333333,20.14785714,0.05,0.9,0,TREND_DOWN,NORMAL,NEUTRAL,HEALTHY,ALLOW
2026-09-29T10:58:00Z,84029.96,84032.58,84028.0,84032.58,4.42427,84031.05333333,19.91285714,0.05,0.9,0,TREND_UP,NORMAL,ALIGNED,HEALTHY,ALLOW
2026-09-29T10:59:00Z,84032.58,84046.01,84030.49,84030.49,14.50094,84035.66333333,19.60285714,0.05,0.9,0,TREND_DOWN,NORMAL,NEUTRAL,HEALTHY,ALLOW
2026-09-29T11:00:00Z,84030.5,84034.01,84030.49,84030.49,4.9008,84031.66333333,17.92142857,0.05,0.9,0,TREND_DOWN,NORMAL,NEUTRAL,HEALTHY,ALLOW
2026-09-29T11:01:00Z,84030.49,84046.01,84030.49,84044.08,3.09436,84040.19333333,15.45714286,0.05,0.9,0,TREND_UP,NORMAL,ALIGNED,HEALTHY,ALLOW
2026-09-29T11:02:00Z,84044.07,84044.07,84000.01,84004.0,3.68001,84016.02666667,17.88928571,0.05,0.9,0,TREND_DOWN,NORMAL,NEUTRAL,HEALTHY,ALLOW
2026-09-29T11:03:00Z,84004.01,84028.01,83986.46,84016.0,7.57079,84010.15666667,19.76428571,0.05,0.9,0,TREND_UP,NORMAL,ALIGNED,HEALTHY,ALLOW
2026-09-29T11:04:00Z,84016.01,84016.01,83943.66,83943.66,7.07937,83967.77666667,23.55571429,0.05,0.9,0,TREND_DOWN,NORMAL,NEUTRAL,HEALTHY,ALLOW
2026-09-29T11:05:00Z,83943.66,83970.01,83936.92,83970.0,14.57451,83958.97666667,23.88857143,0.05,0.9,0,TREND_UP,NORMAL,ALIGNED,HEALTHY,ALLOW
2026-09-29T11:06:00Z,83970.0,84042.0,83970.0,84042.0,6.09739,84018.0,27.67214286,0.05,0.9,0,TREND_UP,NORMAL,ALIGNED,HEALTHY,ALLOW
2026-09-29T11:07:00Z,84042.01,84055.6,84033.99,84055.6,5.39784,84048.39666667,28.02571429,0.05,0.9,0,TREND_UP,NORMAL,ALIGNED,HEALTHY,ALLOW
2026-09-29T11:08:00Z,84055.6,84090.01,84055.59,84067.09,9.2815,84070.89666667,29.48428571,0.05,0.9,0,TREND_UP,NORMAL,ALIGNED,HEALTHY,ALLOW
2026-09-29T11:09:00Z,84067.1,84067.1,84030.0,84033.84,11.6645,84043.64666667,31.56214286,0.05,0.9,0,TREND_DOWN,NORMAL,NEUTRAL,HEALTHY,ALLOW
2026-09-29T11:10:00Z,84034.01,84055.6,84002.56,84002.57,6.0746,84020.24333333,34.63571429,0.05,0.9,0,TREND_DOWN,NORMAL,NEUTRAL,HEALTHY,ALLOW
2026-09-29T11:11:00Z,84002.56,84041.23,83991.24,84030.31,15.10532,84020.92666667,35.59714286,0.05,0.9,0,TREND_UP,NORMAL,ALIGNED,HEALTHY,ALLOW
2026-09-29T11:12:00Z,84030.31,84055.6,84030.3,84041.68,5.76583,84042.52666667,37.07714286,0.05,0.9,0,TREND_UP,NORMAL,ALIGNED,HEALTHY,ALLOW
2026-09-29T11:13:00Z,84041.68,84041.68,84028.42,84028.43,4.40884,84032.84333333,36.91571429,0.05,0.9,0,TREND_DOWN,NORMAL,NEUTRAL,HEALTHY,ALLOW
2026-09-29T11:14:00Z,84028.42,84030.2,84002.0,84030.19,10.84933,84020.79666667,38.67857143,0.05,0.9,0,TREND_UP,NORMAL,ALIGNED,HEALTHY,ALLOW
2026-09-29T11:15:00Z,84030.2,84034.01,83998.0,83998.0,5.65119,84010.00333333,40.14214286,0.05,0.9,0,TREND_DOWN,NORMAL,NEUTRAL,HEALTHY,ALLOW
2026-09-29T11:16:00Z,83998.01,83998.01,83986.0,83998.0,5.79227,83994.00333333,37.85214286,0.05,0.9,0,TREND_DOWN,NORMAL,NEUTRAL,HEALTHY,ALLOW
2026-09-29T11:17:00Z,83998.01,84013.82,83998.0,84013.81,5.91534,84008.54333333,36.01428571,0.05,0.9,0,TREND_UP,NORMAL,ALIGNED,HEALTHY,ALLOW
2026-09-29T11:18:00Z,84013.82,84060.01,84013.81,84060.0,6.01121,84044.60666667,34.14642857,0.05,0.9,0,TREND_UP,NORMAL,ALIGNED,HEALTHY,ALLOW
2026-09-29T11:19:00Z,84060.01,84071.15,84034.0,84034.0,7.13617,84046.38333333,34.43642857,0.05,0.9,0,TREND_DOWN,NORMAL,NEUTRAL,HEALTHY,ALLOW
2026-09-29T11:20:00Z,84034.01,84044.98,84008.32,84044.97,7.02044,84032.75666667,31.91214286,0.05,0.9,0,TREND_UP,NORMAL,ALIGNED,HEALTHY,ALLOW
2026-09-29T11:21:00Z,84044.98,84044.98,84020.56,84044.01,5.4198,84036.51666667,32.11285714,0.05,0.9,0,TREND_DOWN,NORMAL,NEUTRAL,HEALTHY,ALLOW
2026-09-29T11:22:00Z,84044.0,84055.6,84044.0,84055.6,2.097,84051.73333333,30.48285714,0.05,0.9,0,TREND_UP,NORMAL,ALIGNED,HEALTHY,ALLOW
2026-09-29T11:23:00Z,84055.6,84056.77,84050.0,84056.76,1.53116,84054.51,28.31642857,0.05,0.9,0,TREND_UP,NORMAL,ALIGNED,HEALTHY,ALLOW
2026-09-29T11:24:00Z,84056.76,84068.01,84056.76,84068.01,1.47079,84064.26,25.33142857,0.05,0.9,0,TREND_UP,NORMAL,ALIGNED,HEALTHY,ALLOW
2026-09-29T11:25:00Z,84068.01,84077.46,84066.0,84066.01,2.71057,84069.82333333,22.57928571,0.05,0.9,0,TREND_DOWN,NORMAL,NEUTRAL,HEALTHY,ALLOW
2026-09-29T11:26:00Z,84066.0,84077.46,84066.0,84077.45,4.05542,84073.63666667,21.59071429,0.05,0.9,0,TREND_UP,NORMAL,ALIGNED,HEALTHY,ALLOW
2026-09-29T11:27:00Z,84077.46,84077.46,84074.74,84076.01,5.32193,84076.07,20.83785714,0.05,0.9,0,TREND_DOWN,NORMAL,NEUTRAL,HEALTHY,ALLOW
2026-09-29T11:28:00Z,84076.0,84076.01,84076.0,84076.01,3.16843,84076.00666667,18.82428571,0.05,0.9,0,TREND_UP,NORMAL,ALIGNED,HEALTHY,ALLOW
2026-09-29T11:29:00Z,84076.01,84076.01,84063.18,84068.3,13.1258,84069.16333333,17.16857143,0.05,0.9,0,TREND_DOWN,NORMAL,NEUTRAL,HEALTHY,ALLOW
2026-09-29T11:30:00Z,84068.29,84092.01,84063.19,84092.0,5.09834,84082.4,18.36928571,0.05,0.9,0,TREND_UP,NORMAL,ALIGNED,HEALTHY,ALLOW
2026-09-29T11:31:00Z,84092.0,84100.0,84092.0,84099.99,12.40846,84097.33,17.81071429,0.05,0.9,0,TREND_UP,NORMAL,ALIGNED,HEALTHY,ALLOW
2026-09-29T11:32:00Z,84099.99,84230.81,84099.99,84230.0,28.1651,84186.93333333,23.855,0.05,0.9,0,TREND_UP,NORMAL,ALIGNED,HEALTHY,ALLOW
2026-09-29T11:33:00Z,84230.0,84230.01,84196.45,84229.32,5.58913,84218.59333333,23.59857143,0.05,0.9,0,TREND_DOWN,NORMAL,NEUTRAL,HEALTHY,ALLOW
2026-09-29T11:34:00Z,84229.33,84266.2,84224.01,84248.0,9.55639,84246.07,23.99357143,0.05,0.9,0,TREND_UP,NORMAL,ALIGNED,HEALTHY,ALLOW
2026-09-29T11:35:00Z,84248.0,84265.66,84224.01,84260.0,7.0675,84249.89,25.22428571,0.05,0.9,0,TREND_UP,NORMAL,ALIGNED,HEALTHY,ALLOW
2026-09-29T11:36:00Z,84260.01,84268.98,84212.0,84212.01,6.59855,84230.99666667,28.46571429,0.05,0.9,0,TREND_DOWN,NORMAL,NEUTRAL,HEALTHY,ALLOW
2026-09-29T11:37:00Z,84212.0,84236.01,84192.0,84192.0,9.23888,84206.67,31.12571429,0.05,0.9,0,TREND_DOWN,NORMAL,NEUTRAL,HEALTHY,ALLOW
2026-09-29T11:38:00Z,84192.0,84268.01,84192.0,84268.0,3.14752,84242.67,35.75142857,0.05,0.9,0,TREND_UP,NORMAL,ALIGNED,HEALTHY,ALLOW
2026-09-29T11:39:00Z,84268.0,84272.01,84242.0,84250.01,3.82929,84254.67333333,37.07642857,0.05,0.9,0,TREND_DOWN,NORMAL,NEUTRAL,HEALTHY,ALLOW
2026-09-29T11:40:00Z,84250.0,84250.01,84234.15,84234.15,5.35072,84239.43666667,37.39071429,0.05,0.9,0,TREND_DOWN,NORMAL,NEUTRAL,HEALTHY,ALLOW
2026-09-29T11:41:00Z,84234.16,84234.16,84214.41,84223.62,3.97308,84224.06333333,38.60714286,0.05,0.9,0,TREND_DOWN,NORMAL,NEUTRAL,HEALTHY,ALLOW
2026-09-29T11:42:00Z,84223.61,84223.62,84199.32,84199.33,5.72158,84207.42333333,40.34214286,0.05,0.9,0,TREND_DOWN,NORMAL,NEUTRAL,HEALTHY,ALLOW
2026-09-29T11:43:00Z,84199.32,84234.15,84199.32,84234.15,5.23544,84222.54,41.91357143,0.05,0.9,0,TREND_UP,NORMAL,ALIGNED,HEALTHY,ALLOW
2026-09-29T11:44:00Z,84234.14,84262.5,84234.14,84262.5,2.37952,84253.04666667,41.88071429,0.05,0.9,0,TREND_UP,NORMAL,ALIGNED,HEALTHY,ALLOW
2026-09-29T11:45:00Z,84262.5,84288.0,84252.0,84269.2,11.63547,84269.73333333,43.88071429,0.05,0.9,0,TREND_UP,NORMAL,ALIGNED,HEALTHY,ALLOW
2026-09-29T11:46:00Z,84269.2,84307.0,84269.19,84306.99,8.36393,84294.39333333,37.23714286,0.05,0.9,0,TREND_UP,NORMAL,ALIGNED,HEALTHY,ALLOW
2026-09-29T11:47:00Z,84306.99,84330.0,84306.72,84327.35,6.47351,84321.35666667,36.50285714,0.05,0.9,0,TREND_UP,NORMAL,ALIGNED,HEALTHY,ALLOW
2026-09-29T11:48:00Z,84327.36,84335.0,84324.0,84334.99,7.65932,84331.33,34.275,0.05,0.9,0,TREND_UP,NORMAL,ALIGNED,HEALTHY,ALLOW
2026-09-29T11:49:00Z,84334.99,84432.96,84302.0,84432.96,42.66089,84389.30666667,40.65428571,0.05,0.9,0,TREND_UP,NORMAL,ALIGNED,HEALTHY,ALLOW
2026-09-29T11:50:00Z,84432.95,84500.0,84418.0,84462.74,23.63074,84460.24666667,42.44142857,0.05,0.9,0,TREND_UP,NORMAL,ALIGNED,HEALTHY,ALLOW
2026-09-29T11:51:00Z,84462.73,84476.01,84330.0,84340.0,26.75446,84382.00333333,49.72714286,0.05,0.9,0,TREND_DOWN,NORMAL,NEUTRAL,HEALTHY,ALLOW
2026-09-29T11:52:00Z,84340.01,84434.01,84340.01,84430.0,7.65572,84401.34,51.01285714,0.05,0.9,0,TREND_UP,NORMAL,ALIGNED,HEALTHY,ALLOW
2026-09-29T11:53:00Z,84430.0,84452.19,84430.0,84444.0,6.05546,84442.06333333,50.45428571,0.05,0.9,0,TREND_UP,NORMAL,ALIGNED,HEALTHY,ALLOW
2026-09-29T11:54:00Z,84444.0,84455.21,84382.0,84455.2,8.92192,84430.80333333,54.55071429,0.05,0.9,0,TREND_UP,NORMAL,ALIGNED,HEALTHY,ALLOW
2026-09-29T11:55:00Z,84455.2,84455.21,84426.0,84426.0,4.40231,84435.73666667,55.22642857,0.05,0.9,0,TREND_DOWN,NORMAL,NEUTRAL,HEALTHY,ALLOW
2026-09-29T11:56:00Z,84426.0,84450.01,84426.0,84434.0,8.75447,84436.67,55.20571429,0.05,0.9,0,TREND_UP,NORMAL,ALIGNED,HEALTHY,ALLOW
2026-09-29T11:57:00Z,84434.01,84437.21,84374.31,84383.82,14.16563,84398.44666667,57.21071429,0.05,0.9,0,TREND_DOWN,NORMAL,NEUTRAL,HEALTHY,ALLOW
2026-09-29T11:58:00Z,84383.83,84410.01,84383.82,84391.5,3.75928,84395.11,57.05571429,0.05,0.9,0,TREND_UP,NORMAL,ALIGNED,HEALTHY,ALLOW
2026-09-29T11:59:00Z,84391.49,84391.5,84358.0,84358.01,5.82844,84369.17,56.87714286,0.05,0.9,0,TREND_DOWN,NORMAL,NEUTRAL,HEALTHY,ALLOW
2026-09-29T12:00:00Z,84358.0,84368.0,84308.59,84368.0,11.03278,84348.19666667,58.42,0.05,0.9,0,TREND_UP,NORMAL,ALIGNED,HEALTHY,ALLOW
2026-09-29T12:01:00Z,84368.0,84408.45,84368.0,84395.83,27.26193,84390.76,59.64642857,0.05,0.9,0,TREND_UP,NORMAL,ALIGNED,HEALTHY,ALLOW
2026-09-29T12:02:00Z,84395.83,84412.01,84386.0,84412.0,13.51324,84403.33666667,60.71857143,0.05,0.9,0,TREND_UP,NORMAL,ALIGNED,HEALTHY,ALLOW
2026-09-29T12:03:00Z,84412.01,84412.01,84370.0,84370.01,17.50746,84384.00666667,54.365,0.05,0.9,0,TREND_DOWN,NORMAL,NEUTRAL,HEALTHY,ALLOW
2026-09-29T12:04:00Z,84370.01,84429.79,84370.0,84427.2,2.66077,84408.99666667,52.77857143,0.05,0.9,0,TREND_UP,NORMAL,ALIGNED,HEALTHY,ALLOW
2026-09-29T12:05:00Z,84427.2,84427.2,84378.01,84383.25,8.2999,84396.15333333,45.86285714,0.05,0.9,0,TREND_DOWN,NORMAL,NEUTRAL,HEALTHY,ALLOW
2026-09-29T12:06:00Z,84383.26,84383.26,84324.36,84324.36,12.03746,84343.99333333,43.355,0.05,0.9,0,TREND_DOWN,NORMAL,NEUTRAL,HEALTHY,ALLOW
2026-09-29T12:07:00Z,84324.37,84349.7,84314.0,84328.34,18.20979,84330.68,44.32,0.05,0.9,0,TREND_UP,NORMAL,ALIGNED,HEALTHY,ALLOW
2026-09-29T12:08:00Z,84328.35,84328.35,84304.18,84304.18,5.16428,84312.23666667,40.81714286,0.05,0.9,0,TREND_DOWN,NORMAL,NEUTRAL,HEALTHY,ALLOW
2026-09-29T12:09:00Z,84304.18,84338.01,84299.45,84334.05,9.91019,84323.83666667,41.485,0.05,0.9,0,TREND_UP,NORMAL,ALIGNED,HEALTHY,ALLOW
2026-09-29T12:10:00Z,84334.05,84334.06,84325.0,84325.01,2.37488,84328.02333333,40.41714286,0.05,0.9,0,TREND_DOWN,NORMAL,NEUTRAL,HEALTHY,ALLOW
2026-09-29T12:11:00Z,84325.0,84325.0,84306.3,84318.98,4.14342,84316.76,37.26071429,0.05,0.9,0,TREND_DOWN,NORMAL,NEUTRAL,HEALTHY,ALLOW
2026-09-29T12:12:00Z,84318.99,84336.66,84318.98,84319.16,4.72433,84324.93333333,36.65285714,0.05,0.9,0,TREND_UP,NORMAL,ALIGNED,HEALTHY,ALLOW
2026-09-29T12:13:00Z,84319.16,84367.43,84319.16,84353.88,20.48732,84346.82333333,37.70785714,0.05,0.9,0,TREND_UP,NORMAL,ALIGNED,HEALTHY,ALLOW
2026-09-29T12:14:00Z,84353.89,84353.89,84327.44,84327.44,11.0856,84336.25666667,35.35357143,0.05,0.9,0,TREND_DOWN,NORMAL,NEUTRAL,HEALTHY,ALLOW
2026-09-29T12:15:00Z,84327.45,84383.26,84327.44,84329.62,19.046,84346.77333333,36.45142857,0.05,0.9,0,TREND_UP,NORMAL,ALIGNED,HEALTHY,ALLOW
2026-09-29T12:16:00Z,84329.63,84401.53,84326.07,84401.52,21.62158,84376.37333333,39.98357143,0.05,0.9,0,TREND_UP,NORMAL,ALIGNED,HEALTHY,ALLOW
2026-09-29T12:17:00Z,84401.52,84432.01,84380.0,84432.0,22.49991,84414.67,40.69785714,0.05,0.9,0,TREND_UP,NORMAL,ALIGNED,HEALTHY,ALLOW
2026-09-29T12:18:00Z,84432.01,84488.99,84392.0,84407.25,17.38236,84429.41333333,43.355,0.05,0.9,0,TREND_DOWN,NORMAL,NEUTRAL,HEALTHY,ALLOW
2026-09-29T12:19:00Z,84407.25,84407.25,84245.04,84266.19,16.02927,84306.16,51.42785714,0.05,0.9,0,TREND_DOWN,NORMAL,NEUTRAL,HEALTHY,ALLOW
2026-09-29T12:20:00Z,84266.19,84266.2,84212.13,84238.0,13.75638,84238.77666667,51.08285714,0.05,0.9,0,TREND_DOWN,NORMAL,NEUTRAL,HEALTHY,ALLOW
2026-09-29T12:21:00Z,84238.01,84258.01,84222.0,84222.01,5.24369,84234.00666667,51.105,0.05,0.9,0,TREND_DOWN,NORMAL,NEUTRAL,HEALTHY,ALLOW
2026-09-29T12:22:00Z,84222.01,84246.01,84205.18,84218.87,5.21387,84223.35333333,52.295,0.05,0.9,0,TREND_DOWN,NORMAL,NEUTRAL,HEALTHY,ALLOW
2026-09-29T12:23:00Z,84218.86,84220.01,84209.38,84218.08,2.12025,84215.82333333,50.3,0.05,0.9,0,TREND_DOWN,NORMAL,NEUTRAL,HEALTHY,ALLOW
2026-09-29T12:24:00Z,84218.08,84218.08,84164.0,84165.81,9.59486,84182.63,53.51571429,0.05,0.9,0,TREND_DOWN,NORMAL,NEUTRAL,HEALTHY,ALLOW
2026-09-29T12:25:00Z,84165.81,84165.82,84133.0,84136.31,9.97982,84145.04333333,54.52357143,0.05,0.9,0,TREND_DOWN,NORMAL,NEUTRAL,HEALTHY,ALLOW
2026-09-29T12:26:00Z,84136.31,84179.0,84136.31,84170.65,6.38896,84161.98666667,56.31,0.05,0.9,0,TREND_UP,NORMAL,ALIGNED,HEALTHY,ALLOW
2026-09-29T12:27:00Z,84170.66,84212.01,84152.7,84176.01,11.27122,84180.24,57.09857143,0.05,0.9,0,TREND_UP,NORMAL,ALIGNED,HEALTHY,ALLOW
2026-09-29T12:28:00Z,84176.01,84194.01,84158.38,84180.0,5.27437,84177.46333333,57.75428571,0.05,0.9,0,TREND_UP,NORMAL,ALIGNED,HEALTHY,ALLOW
2026-09-29T12:29:00Z,84180.0,84203.93,84180.0,84203.93,8.84809,84195.95333333,55.47642857,0.05,0.9,0,TREND_UP,NORMAL,ALIGNED,HEALTHY,ALLOW
2026-09-29T12:30:00Z,84203.93,84247.27,84203.93,84229.4,9.14469,84226.86666667,53.18214286,0.05,0.9,0,TREND_UP,NORMAL,ALIGNED,HEALTHY,ALLOW
2026-09-29T12:31:00Z,84229.41,84245.32,84218.09,84242.42,3.03018,84235.27666667,51.41214286,0.05,0.9,0,TREND_UP,NORMAL,ALIGNED,HEALTHY,ALLOW
2026-09-29T12:32:00Z,84242.42,84276.01,84242.42,84261.52,8.17485,84259.98333333,46.88357143,0.05,0.9,0,TREND_UP,NORMAL,ALIGNED,HEALTHY,ALLOW
2026-09-29T12:33:00Z,84261.51,84261.52,84218.64,84238.32,12.07303,84239.49333333,38.36,0.05,0.9,0,TREND_DOWN,NORMAL,NEUTRAL,HEALTHY,ALLOW
2026-09-29T12:34:00Z,84238.32,84295.49,84238.32,84295.49,8.21383,84276.43333333,38.58142857,0.05,0.9,0,TREND_UP,NORMAL,ALIGNED,HEALTHY,ALLOW
2026-09-29T12:35:00Z,84295.49,84343.92,84280.0,84309.42,10.56285,84311.11333333,40.575,0.05,0.9,0,TREND_UP,NORMAL,ALIGNED,HEALTHY,ALLOW
2026-09-29T12:36:00Z,84309.43,84322.35,84302.0,84316.0,5.54658,84313.45,39.11214286,0.05,0.9,0,TREND_UP,NORMAL,ALIGNED,HEALTHY,ALLOW
2026-09-29T12:37:00Z,84316.01,84440.01,84316.01,84440.0,11.8323,84398.67333333,47.21071429,0.05,0.9,0,TREND_UP,NORMAL,ALIGNED,HEALTHY,ALLOW
2026-09-29T12:38:00Z,84440.0,84480.0,84434.15,84464.01,18.90155,84459.38666667,46.62285714,0.05,0.9,0,TREND_UP,NORMAL,ALIGNED,HEALTHY,ALLOW
2026-09-29T12:39:00Z,84464.01,84466.01,84386.44,84392.01,15.49194,84414.82,49.96214286,0.05,0.9,0,TREND_DOWN,NORMAL,NEUTRAL,HEALTHY,ALLOW
2026-09-29T12:40:00Z,84392.01,84392.01,84355.74,84389.99,9.30743,84379.24666667,49.50357143,0.05,0.9,0,TREND_DOWN,NORMAL,NEUTRAL,HEALTHY,ALLOW
2026-09-29T12:41:00Z,84389.99,84420.0,84389.99,84398.0,8.81865,84402.66333333,47.41071429,0.05,0.9,0,TREND_UP,NORMAL,ALIGNED,HEALTHY,ALLOW
2026-09-29T12:42:00Z,84398.01,84408.01,84370.0,84372.0,10.67269,84383.33666667,47.58071429,0.05,0.9,0,TREND_DOWN,NORMAL,NEUTRAL,HEALTHY,ALLOW
2026-09-29T12:43:00Z,84372.0,84372.01,84360.0,84361.99,2.50094,84364.66666667,46.72928571,0.05,0.9,0,TREND_DOWN,NORMAL,NEUTRAL,HEALTHY,ALLOW
2026-09-29T12:44:00Z,84361.99,84362.0,84342.0,84353.78,3.15446,84352.59333333,45.06214286,0.05,0.9,0,TREND_DOWN,NORMAL,NEUTRAL,HEALTHY,ALLOW
2026-09-29T12:45:00Z,84353.78,84362.6,84268.24,84268.24,12.13208,84299.69333333,49.85714286,0.05,0.9,0,TREND_DOWN,NORMAL,NEUTRAL,HEALTHY,ALLOW
2026-09-29T12:46:00Z,84268.24,84291.46,84256.0,84276.0,6.34919,84274.48666667,49.99071429,0.05,0.9,0,TREND_UP,NORMAL,ALIGNED,HEALTHY,ALLOW
2026-09-29T12:47:00Z,84276.0,84315.99,84276.0,84306.01,8.57876,84299.33333333,49.78428571,0.05,0.9,0,TREND_UP,NORMAL,ALIGNED,HEALTHY,ALLOW
2026-09-29T12:48:00Z,84306.0,84319.28,84288.97,84319.27,4.97514,84309.17333333,47.86571429,0.05,0.9,0,TREND_UP,NORMAL,ALIGNED,HEALTHY,ALLOW
2026-09-29T12:49:00Z,84319.28,84319.28,84290.0,84294.0,4.10069,84301.09333333,45.39142857,0.05,0.9,0,TREND_DOWN,NORMAL,NEUTRAL,HEALTHY,ALLOW
2026-09-29T12:50:00Z,84294.01,84294.01,84276.01,84276.02,2.03461,84282.01333333,45.22357143,0.05,0.9,0,TREND_DOWN,NORMAL,NEUTRAL,HEALTHY,ALLOW
2026-09-29T12:51:00Z,84276.02,84300.0,84260.0,84299.99,4.23021,84286.66333333,39.22285714,0.05,0.9,0,TREND_UP,NORMAL,ALIGNED,HEALTHY,ALLOW
2026-09-29T12:52:00Z,84300.0,84346.01,84300.0,84346.01,3.37063,84330.67333333,39.235,0.05,0.9,0,TREND_UP,NORMAL,ALIGNED,HEALTHY,ALLOW
2026-09-29T12:53:00Z,84346.0,84346.01,84298.0,84298.01,4.44094,84314.00666667,36.98071429,0.05,0.9,0,TREND_DOWN,NORMAL,NEUTRAL,HEALTHY,ALLOW
2026-09-29T12:54:00Z,84298.01,84334.01,84298.0,84334.01,5.32921,84322.00666667,36.96214286,0.05,0.9,0,TREND_UP,NORMAL,ALIGNED,HEALTHY,ALLOW
2026-09-29T12:55:00Z,84334.01,84350.01,84324.0,84326.19,6.95282,84333.4,36.67642857,0.05,0.9,0,TREND_DOWN,NORMAL,NEUTRAL,HEALTHY,ALLOW
2026-09-29T12:56:00Z,84326.19,84390.0,84326.18,84375.27,24.70594,84363.81666667,38.52,0.05,0.9,0,TREND_UP,NORMAL,ALIGNED,HEALTHY,ALLOW
2026-09-29T12:57:00Z,84375.26,84375.27,84354.01,84354.01,10.20877,84361.09666667,39.18071429,0.05,0.9,0,TREND_DOWN,NORMAL,NEUTRAL,HEALTHY,ALLOW
2026-09-29T12:58:00Z,84354.02,84354.02,84322.94,84322.94,8.34548,84333.3,39.97214286,0.05,0.9,0,TREND_DOWN,NORMAL,NEUTRAL,HEALTHY,ALLOW
2026-09-29T12:59:00Z,84322.94,84332.85,84322.94,84332.85,4.56346,84329.54666667,33.94,0.05,0.9,0,TREND_UP,NORMAL,ALIGNED,HEALTHY,ALLOW
2026-09-29T13:00:00Z,84332.85,84364.01,84321.06,84321.06,9.49486,84335.37666667,34.475,0.05,0.9,0,TREND_DOWN,NORMAL,NEUTRAL,HEALTHY,ALLOW
2026-09-29T13:01:00Z,84321.05,84321.06,84266.2,84301.49,9.01934,84296.25,35.53714286,0.05,0.9,0,TREND_DOWN,NORMAL,NEUTRAL,HEALTHY,ALLOW
2026-09-29T13:02:00Z,84301.49,84322.87,84301.48,84316.24,18.87468,84313.53,34.9,0.05,0.9,0,TREND_UP,NORMAL,ALIGNED,HEALTHY,ALLOW
2026-09-29T13:03:00Z,84316.23,84316.24,84268.0,84268.0,18.07136,84284.08,36.25428571,0.05,0.9,0,TREND_DOWN,NORMAL,NEUTRAL,HEALTHY,ALLOW
2026-09-29T13:04:00Z,84268.01,84294.02,84249.65,84294.02,15.6928,84279.23,38.13785714,0.05,0.9,0,TREND_UP,NORMAL,ALIGNED,HEALTHY,ALLOW
2026-09-29T13:05:00Z,84294.02,84324.01,84294.02,84324.0,13.73457,84314.01,37.42285714,0.05,0.9,0,TREND_UP,NORMAL,ALIGNED,HEALTHY,ALLOW
2026-09-29T13:06:00Z,84324.01,84324.01,84313.37,84319.98,3.19599,84319.12,34.89571429,0.05,0.9,0,TREND_DOWN,NORMAL,NEUTRAL,HEALTHY,ALLOW
2026-09-29T13:07:00Z,84319.99,84346.01,84319.98,84346.01,1.50902,84337.33333333,33.32571429,0.05,0.9,0,TREND_UP,NORMAL,ALIGNED,HEALTHY,ALLOW
2026-09-29T13:08:00Z,84346.01,84378.99,84346.0,84378.98,2.73531,84367.99,33.11,0.05,0.9,0,TREND_UP,NORMAL,ALIGNED,HEALTHY,ALLOW
2026-09-29T13:09:00Z,84378.99,84438.46,84378.98,84438.46,8.81372,84418.63333333,35.50071429,0.05,0.9,0,TREND_UP,NORMAL,ALIGNED,HEALTHY,ALLOW
2026-09-29T13:10:00Z,84438.45,84450.0,84410.0,84410.01,10.09909,84423.33666667,33.79928571,0.05,0.9,0,TREND_DOWN,NORMAL,NEUTRAL,HEALTHY,ALLOW
2026-09-29T13:11:00Z,84410.01,84421.45,84386.0,84421.44,12.512,84409.63,34.81285714,0.05,0.9,0,TREND_UP,NORMAL,ALIGNED,HEALTHY,ALLOW
2026-09-29T13:12:00Z,84421.45,84428.0,84403.32,84414.12,9.48147,84415.14666667,34.35571429,0.05,0.9,0,TREND_DOWN,NORMAL,NEUTRAL,HEALTHY,ALLOW
2026-09-29T13:13:00Z,84414.12,84415.82,84398.73,84401.98,10.17397,84405.51,34.86857143,0.05,0.9,0,TREND_DOWN,NORMAL,NEUTRAL,HEALTHY,ALLOW
2026-09-29T13:14:00Z,84401.97,84419.86,84401.97,84410.01,6.45064,84410.61333333,33.07857143,0.05,0.9,0,TREND_UP,NORMAL,ALIGNED,HEALTHY,ALLOW
2026-09-29T13:15:00Z,84410.0,84410.01,84338.01,84371.71,15.41375,84373.24333333,34.30285714,0.05,0.9,0,TREND_DOWN,NORMAL,NEUTRAL,HEALTHY,ALLOW
2026-09-29T13:16:00Z,84371.72,84391.14,84371.71,84391.13,9.95778,84384.66,34.16285714,0.05,0.9,0,TREND_UP,NORMAL,ALIGNED,HEALTHY,ALLOW
2026-09-29T13:17:00Z,84391.13,84426.01,84391.13,84426.0,5.14585,84414.38,33.20857143,0.05,0.9,0,TREND_UP,NORMAL,ALIGNED,HEALTHY,ALLOW
2026-09-29T13:18:00Z,84426.01,84446.69,84408.0,84408.01,9.43954,84420.9,32.80285714,0.05,0.9,0,TREND_DOWN,NORMAL,NEUTRAL,HEALTHY,ALLOW
2026-09-29T13:19:00Z,84408.01,84446.7,84408.01,84446.69,2.12277,84433.8,33.42428571,0.05,0.9,0,TREND_UP,NORMAL,ALIGNED,HEALTHY,ALLOW
2026-09-29T13:20:00Z,84446.7,84446.7,84431.07,84431.08,6.37147,84436.28333333,33.78071429,0.05,0.9,0,TREND_DOWN,NORMAL,NEUTRAL,HEALTHY,ALLOW
2026-09-29T13:21:00Z,84431.07,84440.15,84431.07,84440.14,2.55481,84437.12,32.57,0.05,0.9,0,TREND_UP,NORMAL,ALIGNED,HEALTHY,ALLOW
2026-09-29T13:22:00Z,84440.15,84440.15,84431.08,84440.15,5.65017,84437.12666667,30.86142857,0.05,0.9,0,TREND_UP,NORMAL,ALIGNED,HEALTHY,ALLOW
2026-09-29T13:23:00Z,84440.15,84441.3,84440.14,84441.3,3.71727,84440.91333333,26.69571429,0.05,0.9,0,TREND_UP,NORMAL,ALIGNED,HEALTHY,ALLOW
2026-09-29T13:24:00Z,84441.29,84489.62,84441.29,84489.61,14.82972,84473.50666667,27.29071429,0.05,0.9,0,TREND_UP,NORMAL,ALIGNED,HEALTHY,ALLOW
2026-09-29T13:25:00Z,84489.61,84563.99,84406.6,84406.6,55.61129,84459.06333333,36.00071429,0.05,0.9,0,TREND_DOWN,NORMAL,NEUTRAL,HEALTHY,ALLOW
2026-09-29T13:26:00Z,84406.6,84410.01,84368.0,84410.0,14.93502,84396.00333333,37.23857143,0.05,0.9,0,TREND_UP,NORMAL,ALIGNED,HEALTHY,ALLOW
2026-09-29T13:27:00Z,84410.0,84438.28,84380.0,84438.27,14.73646,84418.85,40.18071429,0.05,0.9,0,TREND_UP,NORMAL,ALIGNED,HEALTHY,ALLOW
2026-09-29T13:28:00Z,84438.27,84438.27,84362.0,84362.0,18.35952,84387.42333333,44.35071429,0.05,0.9,0,TREND_DOWN,NORMAL,NEUTRAL,HEALTHY,ALLOW
2026-09-29T13:29:00Z,84362.0,84386.01,84344.0,84361.84,18.70745,84363.95,42.20857143,0.05,0.9,0,TREND_DOWN,NORMAL,NEUTRAL,HEALTHY,ALLOW
2026-09-29T13:30:00Z,84361.84,84361.85,84196.0,84254.0,33.76112,84270.61666667,52.66714286,0.05,0.9,0,TREND_DOWN,NORMAL,NEUTRAL,HEALTHY,ALLOW
2026-09-29T13:31:00Z,84254.01,84308.0,84183.13,84212.0,29.58074,84234.37666667,59.095,0.05,0.9,0,TREND_DOWN,NORMAL,NEUTRAL,HEALTHY,ALLOW
2026-09-29T13:32:00Z,84212.0,84246.01,84145.0,84145.0,32.10292,84178.67,63.54642857,0.05,0.9,0,TREND_DOWN,NORMAL,NEUTRAL,HEALTHY,ALLOW
2026-09-29T13:33:00Z,84145.0,84150.01,84072.0,84074.01,26.7906,84098.67333333,66.355,0.05,0.9,0,TREND_DOWN,NORMAL,NEUTRAL,HEALTHY,ALLOW
2026-09-29T13:34:00Z,84074.0,84137.06,84055.6,84130.01,30.06595,84107.55666667,71.05714286,0.05,0.9,0,TREND_UP,NORMAL,ALIGNED,HEALTHY,ALLOW
2026-09-29T13:35:00Z,84130.0,84152.75,84025.26,84025.68,28.79314,84067.89666667,79.515,0.05,0.9,0,TREND_DOWN,NORMAL,NEUTRAL,HEALTHY,ALLOW
2026-09-29T13:36:00Z,84025.68,84120.01,84025.68,84102.0,19.30387,84082.56333333,85.605,0.05,0.9,0,TREND_UP,NORMAL,ALIGNED,HEALTHY,ALLOW
2026-09-29T13:37:00Z,84102.0,84206.01,84102.0,84164.01,16.53747,84157.34,92.95142857,0.05,0.9,0,TREND_UP,NORMAL,ALIGNED,HEALTHY,ALLOW
2026-09-29T13:38:00Z,84164.0,84198.01,84136.0,84198.0,13.65672,84177.33666667,93.92857143,0.05,0.9,0,TREND_UP,NORMAL,ALIGNED,HEALTHY,ALLOW
2026-09-29T13:39:00Z,84198.0,84246.01,84198.0,84219.58,19.13873,84221.19666667,86.11571429,0.05,0.9,0,TREND_UP,NORMAL,ALIGNED,HEALTHY,ALLOW
2026-09-29T13:40:00Z,84219.59,84231.17,84152.0,84164.67,12.83739,84182.61333333,88.77,0.05,0.9,0,TREND_DOWN,NORMAL,NEUTRAL,HEALTHY,ALLOW
2026-09-29T13:41:00Z,84164.68,84219.07,84164.67,84218.01,6.13923,84200.58333333,88.49285714,0.05,0.9,0,TREND_UP,NORMAL,ALIGNED,HEALTHY,ALLOW
2026-09-29T13:42:00Z,84218.01,84266.01,84206.0,84233.61,12.81483,84235.20666667,87.33142857,0.05,0.9,0,TREND_UP,NORMAL,ALIGNED,HEALTHY,ALLOW
2026-09-29T13:43:00Z,84233.6,84328.01,84186.0,84186.01,22.70572,84233.34,94.47428571,0.05,0.9,0,TREND_DOWN,NORMAL,NEUTRAL,HEALTHY,ALLOW
2026-09-29T13:44:00Z,84186.01,84214.01,84148.0,84192.01,12.27594,84184.67333333,87.34285714,0.05,0.9,0,TREND_UP,NORMAL,ALIGNED,HEALTHY,ALLOW
2026-09-29T13:45:00Z,84192.01,84235.01,84161.81,84168.01,11.03191,84188.27666667,83.65214286,0.05,0.9,0,TREND_DOWN,NORMAL,NEUTRAL,HEALTHY,ALLOW
2026-09-29T13:46:00Z,84168.01,84210.01,84112.78,84112.78,11.82218,84145.19,83.38214286,0.05,0.9,0,TREND_DOWN,NORMAL,NEUTRAL,HEALTHY,ALLOW
2026-09-29T13:47:00Z,84112.78,84184.02,84082.14,84128.87,17.45203,84131.67666667,85.08714286,0.05,0.9,0,TREND_UP,NORMAL,ALIGNED,HEALTHY,ALLOW
2026-09-29T13:48:00Z,84128.87,84156.01,84082.0,84082.0,13.35201,84106.67,84.555,0.05,0.9,0,TREND_DOWN,NORMAL,NEUTRAL,HEALTHY,ALLOW
2026-09-29T13:49:00Z,84082.01,84182.01,84082.0,84182.0,15.49835,84148.67,82.59214286,0.05,0.9,0,TREND_UP,NORMAL,ALIGNED,HEALTHY,ALLOW
2026-09-29T13:50:00Z,84182.0,84216.01,84140.39,84194.0,16.39329,84183.46666667,81.25571429,0.05,0.9,0,TREND_UP,NORMAL,ALIGNED,HEALTHY,ALLOW
2026-09-29T13:51:00Z,84194.0,84227.35,84183.23,84216.0,7.62857,84208.86,76.97785714,0.05,0.9,0,TREND_UP,NORMAL,ALIGNED,HEALTHY,ALLOW
2026-09-29T13:52:00Z,84216.0,84317.74,84216.0,84317.74,17.76843,84283.82666667,79.81571429,0.05,0.9,0,TREND_UP,NORMAL,ALIGNED,HEALTHY,ALLOW
2026-09-29T13:53:00Z,84317.73,84371.5,84317.73,84358.0,15.5326,84349.07666667,80.22714286,0.05,0.9,0,TREND_UP,NORMAL,ALIGNED,HEALTHY,ALLOW
2026-09-29T13:54:00Z,84358.01,84400.0,84358.0,84400.0,5.80116,84386.0,77.57214286,0.05,0.9,0,TREND_UP,NORMAL,ALIGNED,HEALTHY,ALLOW
2026-09-29T13:55:00Z,84400.0,84432.01,84387.24,84432.0,19.50106,84417.08333333,76.88428571,0.05,0.9,0,TREND_UP,NORMAL,ALIGNED,HEALTHY,ALLOW
2026-09-29T13:56:00Z,84432.01,84456.01,84372.0,84372.0,15.55101,84400.00333333,78.59857143,0.05,0.9,0,TREND_DOWN,NORMAL,NEUTRAL,HEALTHY,ALLOW
2026-09-29T13:57:00Z,84372.01,84372.01,84286.0,84312.01,11.29779,84323.34,74.59857143,0.05,0.9,0,TREND_DOWN,NORMAL,NEUTRAL,HEALTHY,ALLOW
2026-09-29T13:58:00Z,84312.01,84312.01,84254.0,84254.0,5.91534,84273.33666667,74.02714286,0.05,0.9,0,TREND_DOWN,NORMAL,NEUTRAL,HEALTHY,ALLOW
2026-09-29T13:59:00Z,84254.0,84254.0,84200.0,84200.01,8.45322,84218.00333333,72.65571429,0.05,0.9,0,TREND_DOWN,NORMAL,NEUTRAL,HEALTHY,ALLOW
2026-09-29T14:00:00Z,84200.01,84288.01,84200.0,84248.0,8.88184,84245.33666667,71.99714286,0.05,0.9,0,TREND_UP,NORMAL,ALIGNED,HEALTHY,ALLOW
2026-09-29T14:01:00Z,84248.0,84272.01,84102.0,84102.0,28.06337,84158.67,76.86357143,0.05,0.9,0,TREND_DOWN,NORMAL,NEUTRAL,HEALTHY,ALLOW
2026-09-29T14:02:00Z,84102.0,84102.0,83985.04,84007.58,60.90249,84031.54,79.93142857,0.05,0.9,0,TREND_DOWN,NORMAL,NEUTRAL,HEALTHY,ALLOW
2026-09-29T14:03:00Z,84007.58,84084.0,83989.25,84076.83,35.48253,84050.02666667,79.55571429,0.05,0.9,0,TREND_UP,NORMAL,ALIGNED,HEALTHY,ALLOW
2026-09-29T14:04:00Z,84076.83,84076.83,83998.04,84012.01,12.3281,84028.96,79.78214286,0.05,0.9,0,TREND_DOWN,NORMAL,NEUTRAL,HEALTHY,ALLOW
2026-09-29T14:05:00Z,84012.0,84026.01,83989.18,84008.0,11.14642,84007.73,79.26142857,0.05,0.9,0,TREND_DOWN,NORMAL,NEUTRAL,HEALTHY,ALLOW
2026-09-29T14:06:00Z,84008.0,84008.0,83890.0,83920.01,23.64101,83939.33666667,80.42285714,0.05,0.9,0,TREND_DOWN,NORMAL,NEUTRAL,HEALTHY,ALLOW
2026-09-29T14:07:00Z,83920.01,83966.01,83920.0,83948.0,24.06818,83944.67,79.86857143,0.05,0.9,0,TREND_UP,NORMAL,ALIGNED,HEALTHY,ALLOW
2026-09-29T14:08:00Z,83948.01,84018.01,83944.0,83970.66,17.07246,83977.55666667,82.155,0.05,0.9,0,TREND_UP,NORMAL,ALIGNED,HEALTHY,ALLOW
2026-09-29T14:09:00Z,83970.65,83970.65,83896.06,83900.0,18.07987,83922.23666667,84.28571429,0.05,0.9,0,TREND_DOWN,NORMAL,NEUTRAL,HEALTHY,ALLOW
2026-09-29T14:10:00Z,83900.01,83958.01,83890.0,83958.0,9.63773,83935.33666667,83.14285714,0.05,0.9,0,TREND_UP,NORMAL,ALIGNED,HEALTHY,ALLOW
2026-09-29T14:11:00Z,83958.0,83972.01,83895.03,83918.01,21.57315,83928.35,82.49785714,0.05,0.9,0,TREND_DOWN,NORMAL,NEUTRAL,HEALTHY,ALLOW
2026-09-29T14:12:00Z,83918.0,83918.0,83875.01,83896.87,29.84221,83896.62666667,81.42571429,0.05,0.9,0,TREND_DOWN,NORMAL,NEUTRAL,HEALTHY,ALLOW
2026-09-29T14:13:00Z,83896.87,83968.01,83896.87,83932.0,6.57653,83932.29333333,82.65,0.05,0.9,0,TREND_UP,NORMAL,ALIGNED,HEALTHY,ALLOW
2026-09-29T14:14:00Z,83932.01,83968.01,83925.3,83925.3,9.6139,83939.53666667,79.41428571,0.05,0.9,0,TREND_DOWN,NORMAL,NEUTRAL,HEALTHY,ALLOW
2026-09-29T14:15:00Z,83925.31,83940.01,83898.05,83906.76,11.34358,83914.94,70.26785714,0.05,0.9,0,TREND_DOWN,NORMAL,NEUTRAL,HEALTHY,ALLOW
2026-09-29T14:16:00Z,83906.76,83916.48,83854.26,83874.01,41.13798,83881.58333333,66.35785714,0.05,0.9,0,TREND_DOWN,NORMAL,NEUTRAL,HEALTHY,ALLOW
2026-09-29T14:17:00Z,83874.01,83956.01,83874.01,83928.56,6.86013,83919.52666667,65.44714286,0.05,0.9,0,TREND_UP,NORMAL,ALIGNED,HEALTHY,ALLOW
2026-09-29T14:18:00Z,83928.55,83981.11,83924.0,83981.1,4.60048,83962.07,63.89857143,0.05,0.9,0,TREND_UP,NORMAL,ALIGNED,HEALTHY,ALLOW
2026-09-29T14:19:00Z,83981.1,84055.6,83981.1,84055.6,10.27908,84030.76666667,66.58928571,0.05,0.9,0,TREND_UP,NORMAL,ALIGNED,HEALTHY,ALLOW
2026-09-29T14:20:00Z,84055.59,84068.01,83911.4,83911.4,27.85316,83963.60333333,69.34714286,0.05,0.9,0,TREND_DOWN,NORMAL,NEUTRAL,HEALTHY,ALLOW
2026-09-29T14:21:00Z,83911.4,83944.01,83869.8,83944.0,13.19347,83919.27,71.36142857,0.05,0.9,0,TREND_UP,NORMAL,ALIGNED,HEALTHY,ALLOW
2026-09-29T14:22:00Z,83944.01,83980.0,83912.01,83980.0,7.59529,83957.33666667,70.93142857,0.05,0.9,0,TREND_UP,NORMAL,ALIGNED,HEALTHY,ALLOW
2026-09-29T14:23:00Z,83980.01,83981.11,83899.02,83940.0,9.22066,83940.04333333,71.46642857,0.05,0.9,0,TREND_DOWN,NORMAL,NEUTRAL,HEALTHY,ALLOW
2026-09-29T14:24:00Z,83940.0,83940.0,83890.0,83934.0,7.88616,83921.33333333,70.18,0.05,0.9,0,TREND_DOWN,NORMAL,NEUTRAL,HEALTHY,ALLOW
2026-09-29T14:25:00Z,83934.01,84016.01,83912.0,84016.0,9.2259,83981.33666667,72.11071429,0.05,0.9,0,TREND_UP,NORMAL,ALIGNED,HEALTHY,ALLOW
2026-09-29T14:26:00Z,84016.0,84066.42,84016.0,84066.42,23.8351,84049.61333333,72.64071429,0.05,0.9,0,TREND_UP,NORMAL,ALIGNED,HEALTHY,ALLOW
2026-09-29T14:27:00Z,84066.41,84074.96,84066.0,84074.96,4.26846,84071.97333333,68.19928571,0.05,0.9,0,TREND_UP,NORMAL,ALIGNED,HEALTHY,ALLOW
2026-09-29T14:28:00Z,84074.96,84080.01,84011.91,84011.91,5.3085,84034.61,70.01285714,0.05,0.9,0,TREND_DOWN,NORMAL,NEUTRAL,HEALTHY,ALLOW
2026-09-29T14:29:00Z,84011.9,84011.9,83942.16,83942.16,24.86045,83965.40666667,71.99785714,0.05,0.9,0,TREND_DOWN,NORMAL,NEUTRAL,HEALTHY,ALLOW
2026-09-29T14:30:00Z,83942.17,83959.79,83907.38,83950.3,9.9822,83939.15666667,71.29714286,0.05,0.9,0,TREND_UP,NORMAL,ALIGNED,HEALTHY,ALLOW
2026-09-29T14:31:00Z,83950.29,84009.05,83950.0,83980.8,9.05998,83979.95,69.65785714,0.05,0.9,0,TREND_UP,NORMAL,ALIGNED,HEALTHY,ALLOW
2026-09-29T14:32:00Z,83980.81,84011.7,83942.42,83976.01,7.38025,83976.71,70.52714286,0.05,0.9,0,TREND_DOWN,NORMAL,NEUTRAL,HEALTHY,ALLOW
2026-09-29T14:33:00Z,83976.01,83985.41,83935.77,83950.29,5.93876,83957.15666667,68.75142857,0.05,0.9,0,TREND_DOWN,NORMAL,NEUTRAL,HEALTHY,ALLOW
2026-09-29T14:34:00Z,83950.29,83962.01,83924.0,83924.01,4.47677,83936.67333333,60.28,0.05,0.9,0,TREND_DOWN,NORMAL,NEUTRAL,HEALTHY,ALLOW
2026-09-29T14:35:00Z,83924.01,83924.01,83845.0,83900.0,15.03401,83889.67,60.62285714,0.05,0.9,0,TREND_DOWN,NORMAL,NEUTRAL,HEALTHY,ALLOW
2026-09-29T14:36:00Z,83900.0,83900.01,83808.91,83812.0,24.95252,83840.30666667,62.27357143,0.05,0.9,0,TREND_DOWN,NORMAL,NEUTRAL,HEALTHY,ALLOW
2026-09-29T14:37:00Z,83812.0,83845.0,83764.0,83823.29,32.77641,83810.76333333,62.19571429,0.05,0.9,0,TREND_UP,NORMAL,ALIGNED,HEALTHY,ALLOW
2026-09-29T14:38:00Z,83823.28,83904.01,83823.28,83890.0,8.51368,83872.43,64.39071429,0.05,0.9,0,TREND_UP,NORMAL,ALIGNED,HEALTHY,ALLOW
2026-09-29T14:39:00Z,83890.0,83904.0,83874.0,83903.99,19.01583,83893.99666667,59.10428571,0.05,0.9,0,TREND_UP,NORMAL,ALIGNED,HEALTHY,ALLOW
2026-09-29T14:40:00Z,83904.0,83989.27,83904.0,83932.53,35.63718,83941.93333333,61.59428571,0.05,0.9,0,TREND_UP,NORMAL,ALIGNED,HEALTHY,ALLOW
2026-09-29T14:41:00Z,83932.53,83984.01,83924.1,83952.0,31.98556,83953.37,65.23357143,0.05,0.9,0,TREND_UP,NORMAL,ALIGNED,HEALTHY,ALLOW
2026-09-29T14:42:00Z,83952.0,84014.96,83930.01,83974.01,54.40594,83972.99333333,66.43714286,0.05,0.9,0,TREND_UP,NORMAL,ALIGNED,HEALTHY,ALLOW
2026-09-29T14:43:00Z,83974.0,83974.01,83903.39,83903.4,25.97373,83926.93333333,66.49928571,0.05,0.9,0,TREND_DOWN,NORMAL,NEUTRAL,HEALTHY,ALLOW
2026-09-29T14:44:00Z,83903.4,83903.4,83830.0,83890.85,48.89305,83874.75,67.99857143,0.05,0.9,0,TREND_DOWN,NORMAL,NEUTRAL,HEALTHY,ALLOW
2026-09-29T14:45:00Z,83890.85,84000.1,83890.85,84000.1,9.61075,83963.68333333,71.58428571,0.05,0.9,0,TREND_UP,NORMAL,ALIGNED,HEALTHY,ALLOW
2026-09-29T14:46:00Z,84000.09,84009.75,83966.0,83978.21,25.47243,83984.65333333,69.76071429,0.05,0.9,0,TREND_DOWN,NORMAL,NEUTRAL,HEALTHY,ALLOW
2026-09-29T14:47:00Z,83978.21,83978.21,83888.4,83894.0,27.58351,83920.20333333,72.63,0.05,0.9,0,TREND_DOWN,NORMAL,NEUTRAL,HEALTHY,ALLOW
2026-09-29T14:48:00Z,83894.01,83950.3,83894.01,83911.02,9.84882,83918.44333333,73.93642857,0.05,0.9,0,TREND_UP,NORMAL,ALIGNED,HEALTHY,ALLOW
2026-09-29T14:49:00Z,83911.02,83911.02,83795.02,83798.04,16.97936,83834.69333333,76.57857143,0.05,0.9,0,TREND_DOWN,NORMAL,NEUTRAL,HEALTHY,ALLOW
2026-09-29T14:50:00Z,83798.03,83798.03,83688.0,83744.01,50.23536,83743.34666667,77.93142857,0.05,0.9,0,TREND_DOWN,NORMAL,NEUTRAL,HEALTHY,ALLOW
2026-09-29T14:51:00Z,83744.01,83870.01,83728.0,83870.0,9.18611,83822.67,82.28928571,0.05,0.9,0,TREND_UP,NORMAL,ALIGNED,HEALTHY,ALLOW
2026-09-29T14:52:00Z,83870.0,83878.01,83818.34,83824.0,7.17139,83840.11666667,80.785,0.05,0.9,0,TREND_DOWN,NORMAL,NEUTRAL,HEALTHY,ALLOW
2026-09-29T14:53:00Z,83824.0,83826.54,83798.01,83808.0,5.51727,83810.85,80.68,0.05,0.9,0,TREND_DOWN,NORMAL,NEUTRAL,HEALTHY,ALLOW
2026-09-29T14:54:00Z,83808.01,83834.58,83804.45,83820.0,4.11344,83819.67666667,76.74071429,0.05,0.9,0,TREND_UP,NORMAL,ALIGNED,HEALTHY,ALLOW
2026-09-29T14:55:00Z,83820.0,83880.01,83820.0,83860.01,4.57734,83853.34,76.74785714,0.05,0.9,0,TREND_UP,NORMAL,ALIGNED,HEALTHY,ALLOW
2026-09-29T14:56:00Z,83860.0,83878.01,83858.0,83878.01,2.1571,83871.34,72.10928571,0.05,0.9,0,TREND_UP,NORMAL,ALIGNED,HEALTHY,ALLOW
2026-09-29T14:57:00Z,83878.01,83882.01,83843.76,83866.72,5.60735,83864.16333333,69.79714286,0.05,0.9,0,TREND_DOWN,NORMAL,NEUTRAL,HEALTHY,ALLOW
2026-09-29T14:58:00Z,83866.73,83868.01,83838.0,83838.01,2.69406,83848.00666667,66.69785714,0.05,0.9,0,TREND_DOWN,NORMAL,NEUTRAL,HEALTHY,ALLOW
2026-09-29T14:59:00Z,83838.0,83838.01,83752.0,83752.01,11.46486,83780.67333333,65.03785714,0.05,0.9,0,TREND_DOWN,NORMAL,NEUTRAL,HEALTHY,ALLOW
2026-09-29T15:00:00Z,83752.0,83756.25,83690.77,83690.77,10.56993,83712.59666667,66.59,0.05,0.9,0,TREND_DOWN,NORMAL,NEUTRAL,HEALTHY,ALLOW
2026-09-29T15:01:00Z,83690.77,83690.78,83639.65,83683.0,14.60196,83671.14333333,63.82714286,0.05,0.9,0,TREND_DOWN,NORMAL,NEUTRAL,HEALTHY,ALLOW
2026-09-29T15:02:00Z,83682.99,83739.7,83664.0,83670.7,10.842,83691.46666667,65.21285714,0.05,0.9,0,TREND_DOWN,NORMAL,NEUTRAL,HEALTHY,ALLOW
2026-09-29T15:03:00Z,83670.71,83676.01,83639.66,83639.66,7.51131,83651.77666667,59.52357143,0.05,0.9,0,TREND_DOWN,NORMAL,NEUTRAL,HEALTHY,ALLOW
2026-09-29T15:04:00Z,83639.66,83664.01,83600.01,83600.01,10.90643,83621.34333333,56.235,0.05,0.9,0,TREND_DOWN,NORMAL,NEUTRAL,HEALTHY,ALLOW
2026-09-29T15:05:00Z,83600.0,83611.3,83488.63,83496.48,64.86007,83532.13666667,54.85357143,0.05,0.9,0,TREND_DOWN,NORMAL,NEUTRAL,HEALTHY,ALLOW
2026-09-29T15:06:00Z,83496.48,83614.01,83480.06,83596.0,29.78945,83563.35666667,60.15928571,0.05,0.9,0,TREND_UP,NORMAL,ALIGNED,HEALTHY,ALLOW
2026-09-29T15:07:00Z,83596.0,83596.0,83507.7,83529.1,10.4426,83544.26666667,64.42857143,0.05,0.9,0,TREND_DOWN,NORMAL,NEUTRAL,HEALTHY,ALLOW
2026-09-29T15:08:00Z,83529.1,83554.01,83482.22,83536.73,39.76664,83524.32,67.40428571,0.05,0.9,0,TREND_UP,NORMAL,ALIGNED,HEALTHY,ALLOW
2026-09-29T15:09:00Z,83536.74,83634.01,83534.81,83628.01,27.28048,83598.94333333,70.20357143,0.05,0.9,0,TREND_UP,NORMAL,ALIGNED,HEALTHY,ALLOW
2026-09-29T15:10:00Z,83628.0,83672.0,83606.0,83606.0,10.1057,83628.0,73.48857143,0.05,0.9,0,TREND_DOWN,NORMAL,NEUTRAL,HEALTHY,ALLOW
2026-09-29T15:11:00Z,83606.01,83606.01,83558.33,83564.22,6.83147,83576.18666667,74.16214286,0.05,0.9,0,TREND_DOWN,NORMAL,NEUTRAL,HEALTHY,ALLOW
2026-09-29T15:12:00Z,83564.23,83564.23,83420.98,83422.7,26.90949,83469.30333333,82.25071429,0.05,0.9,0,TREND_DOWN,NORMAL,NEUTRAL,HEALTHY,ALLOW
2026-09-29T15:13:00Z,83422.7,83422.71,83367.62,83389.11,19.97252,83393.14666667,80.04214286,0.05,0.9,0,TREND_DOWN,NORMAL,NEUTRAL,HEALTHY,ALLOW
2026-09-29T15:14:00Z,83389.11,83439.05,83364.0,83430.82,25.39041,83411.29,80.72571429,0.05,0.9,0,TREND_UP,NORMAL,ALIGNED,HEALTHY,ALLOW
2026-09-29T15:15:00Z,83430.83,83484.01,83415.39,83483.47,11.60556,83460.95666667,81.975,0.05,0.9,0,TREND_UP,NORMAL,ALIGNED,HEALTHY,ALLOW
2026-09-29T15:16:00Z,83483.48,83496.01,83464.17,83476.01,6.21575,83478.73,78.84214286,0.05,0.9,0,TREND_DOWN,NORMAL,NEUTRAL,HEALTHY,ALLOW
2026-09-29T15:17:00Z,83476.02,83476.02,83380.15,83380.15,16.78739,83412.10666667,83.09357143,0.05,0.9,0,TREND_DOWN,NORMAL,NEUTRAL,HEALTHY,ALLOW
2026-09-29T15:18:00Z,83380.16,83396.44,83292.24,83297.0,33.22805,83328.56,85.965,0.05,0.9,0,TREND_DOWN,NORMAL,NEUTRAL,HEALTHY,ALLOW
2026-09-29T15:19:00Z,83296.99,83340.0,83288.0,83295.14,25.46392,83307.71333333,80.91714286,0.05,0.9,0,TREND_DOWN,NORMAL,NEUTRAL,HEALTHY,ALLOW
2026-09-29T15:20:00Z,83295.13,83334.01,83252.0,83290.51,16.0969,83292.17333333,77.20714286,0.05,0.9,0,TREND_DOWN,NORMAL,NEUTRAL,HEALTHY,ALLOW
2026-09-29T15:21:00Z,83290.5,83317.27,83223.57,83297.86,38.15199,83279.56666667,77.59285714,0.05,0.9,0,TREND_UP,NORMAL,ALIGNED,HEALTHY,ALLOW
2026-09-29T15:22:00Z,83297.87,83318.5,83243.45,83243.45,13.88646,83268.46666667,77.82571429,0.05,0.9,0,TREND_DOWN,NORMAL,NEUTRAL,HEALTHY,ALLOW
2026-09-29T15:23:00Z,83243.44,83252.0,83158.0,83160.86,141.70853,83190.28666667,77.45428571,0.05,0.9,0,TREND_DOWN,NORMAL,NEUTRAL,HEALTHY,ALLOW
2026-09-29T15:24:00Z,83160.87,83160.87,83025.5,83043.21,50.58799,83076.52666667,82.40928571,0.05,0.9,0,TREND_DOWN,NORMAL,NEUTRAL,HEALTHY,ALLOW
2026-09-29T15:25:00Z,83043.21,83063.06,82988.24,83014.35,49.02535,83021.88333333,84.34785714,0.05,0.9,0,TREND_DOWN,NORMAL,NEUTRAL,HEALTHY,ALLOW
2026-09-29T15:26:00Z,83014.34,83078.01,83000.0,83008.69,23.53886,83028.9,79.68785714,0.05,0.9,0,TREND_DOWN,NORMAL,NEUTRAL,HEALTHY,ALLOW
2026-09-29T15:27:00Z,83008.69,83008.7,82931.21,82950.17,30.18383,82963.36,81.28785714,0.05,0.9,0,TREND_DOWN,NORMAL,NEUTRAL,HEALTHY,ALLOW
2026-09-29T15:28:00Z,82950.18,83020.09,82910.0,82991.97,28.66303,82974.02,83.79071429,0.05,0.9,0,TREND_UP,NORMAL,ALIGNED,HEALTHY,ALLOW
2026-09-29T15:29:00Z,82991.97,83028.0,82991.96,82994.54,37.6018,83004.83333333,81.46357143,0.05,0.9,0,TREND_UP,NORMAL,ALIGNED,HEALTHY,ALLOW
2026-09-29T15:30:00Z,82994.53,83087.68,82988.73,83019.33,29.23864,83031.91333333,86.25714286,0.05,0.9,0,TREND_UP,NORMAL,ALIGNED,HEALTHY,ALLOW
2026-09-29T15:31:00Z,83019.34,83062.0,82986.0,83062.0,24.62187,83036.66666667,84.83785714,0.05,0.9,0,TREND_UP,NORMAL,ALIGNED,HEALTHY,ALLOW
2026-09-29T15:32:00Z,83062.0,83162.71,83060.01,83162.7,22.0519,83128.47333333,84.73071429,0.05,0.9,0,TREND_UP,NORMAL,ALIGNED,HEALTHY,ALLOW
2026-09-29T15:33:00Z,83162.71,83198.0,83146.0,83146.01,41.78679,83163.33666667,84.73071429,0.05,0.9,0,TREND_DOWN,NORMAL,NEUTRAL,HEALTHY,ALLOW
2026-09-29T15:34:00Z,83146.01,83202.01,83146.0,83162.01,19.02136,83170.00666667,82.87357143,0.05,0.9,0,TREND_UP,NORMAL,ALIGNED,HEALTHY,ALLOW
2026-09-29T15:35:00Z,83162.01,83200.01,83144.0,83188.0,18.55238,83177.33666667,80.18142857,0.05,0.9,0,TREND_UP,NORMAL,ALIGNED,HEALTHY,ALLOW
2026-09-29T15:36:00Z,83188.0,83206.01,83170.0,83184.01,13.74377,83186.67333333,77.39285714,0.05,0.9,0,TREND_DOWN,NORMAL,NEUTRAL,HEALTHY,ALLOW
2026-09-29T15:37:00Z,83184.0,83212.0,83184.0,83196.01,7.60709,83197.33666667,72.67857143,0.05,0.9,0,TREND_UP,NORMAL,ALIGNED,HEALTHY,ALLOW
2026-09-29T15:38:00Z,83196.01,83196.01,83174.0,83191.4,7.93674,83187.13666667,64.58142857,0.05,0.9,0,TREND_DOWN,NORMAL,NEUTRAL,HEALTHY,ALLOW
2026-09-29T15:39:00Z,83191.4,83219.91,83191.4,83213.12,18.40754,83208.14333333,61.27357143,0.05,0.9,0,TREND_UP,NORMAL,ALIGNED,HEALTHY,ALLOW
2026-09-29T15:40:00Z,83213.13,83234.84,83209.04,83234.83,20.7772,83226.23666667,57.54428571,0.05,0.9,0,TREND_UP,NORMAL,ALIGNED,HEALTHY,ALLOW
2026-09-29T15:41:00Z,83234.83,83242.4,83184.0,83184.01,18.58872,83203.47,56.18071429,0.05,0.9,0,TREND_DOWN,NORMAL,NEUTRAL,HEALTHY,ALLOW
2026-09-29T15:42:00Z,83184.0,83200.0,83160.31,83184.0,10.66228,83181.43666667,51.15214286,0.05,0.9,0,TREND_UP,NORMAL,ALIGNED,HEALTHY,ALLOW
2026-09-29T15:43:00Z,83184.0,83184.01,83140.0,83159.99,12.38239,83161.33333333,51.72142857,0.05,0.9,0,TREND_DOWN,NORMAL,NEUTRAL,HEALTHY,ALLOW
2026-09-29T15:44:00Z,83160.0,83179.58,83140.01,83179.58,15.16556,83166.39,47.48,0.05,0.9,0,TREND_UP,NORMAL,ALIGNED,HEALTHY,ALLOW
2026-09-29T15:45:00Z,83179.58,83230.01,83179.58,83200.55,15.71289,83203.38,45.65357143,0.05,0.9,0,TREND_UP,NORMAL,ALIGNED,HEALTHY,ALLOW
2026-09-29T15:46:00Z,83200.56,83203.5,83112.17,83112.17,30.77103,83142.61333333,44.84142857,0.05,0.9,0,TREND_DOWN,NORMAL,NEUTRAL,HEALTHY,ALLOW
2026-09-29T15:47:00Z,83112.18,83265.96,83084.9,83259.45,31.30643,83203.43666667,54.06,0.05,0.9,0,TREND_UP,NORMAL,ALIGNED,HEALTHY,ALLOW
2026-09-29T15:48:00Z,83259.45,83331.13,83214.0,83318.45,22.63276,83287.86,58.42571429,0.05,0.9,0,TREND_UP,NORMAL,ALIGNED,HEALTHY,ALLOW
2026-09-29T15:49:00Z,83318.46,83318.46,83262.7,83265.35,12.821,83282.17,58.40785714,0.05,0.9,0,TREND_DOWN,NORMAL,NEUTRAL,HEALTHY,ALLOW
2026-09-29T15:50:00Z,83265.36,83274.01,83114.44,83129.22,40.0942,83172.55666667,67.23357143,0.05,0.9,0,TREND_DOWN,NORMAL,NEUTRAL,HEALTHY,ALLOW
2026-09-29T15:51:00Z,83129.21,83146.01,83120.34,83135.73,7.75657,83134.02666667,67.06714286,0.05,0.9,0,TREND_UP,NORMAL,ALIGNED,HEALTHY,ALLOW
2026-09-29T15:52:00Z,83135.73,83135.73,83043.78,83043.79,11.71497,83074.43333333,72.06285714,0.05,0.9,0,TREND_DOWN,NORMAL,NEUTRAL,HEALTHY,ALLOW
2026-09-29T15:53:00Z,83043.79,83055.0,82962.0,82974.01,46.78435,82997.00333333,76.66928571,0.05,0.9,0,TREND_DOWN,NORMAL,NEUTRAL,HEALTHY,ALLOW
2026-09-29T15:54:00Z,82974.01,82988.19,82929.0,82988.19,22.95694,82968.46,79.05428571,0.05,0.9,0,TREND_UP,NORMAL,ALIGNED,HEALTHY,ALLOW
2026-09-29T15:55:00Z,82988.19,83054.54,82988.18,83012.75,30.49154,83018.49,79.62285714,0.05,0.9,0,TREND_UP,NORMAL,ALIGNED,HEALTHY,ALLOW
2026-09-29T15:56:00Z,83012.76,83046.94,83012.75,83040.64,31.74343,83033.44333333,79.23,0.05,0.9,0,TREND_UP,NORMAL,ALIGNED,HEALTHY,ALLOW
2026-09-29T15:57:00Z,83040.65,83083.61,83000.0,83000.0,46.47273,83027.87,82.05857143,0.05,0.9,0,TREND_DOWN,NORMAL,NEUTRAL,HEALTHY,ALLOW
2026-09-29T15:58:00Z,83000.01,83003.94,82970.17,82970.17,6.47335,82981.42666667,81.64428571,0.05,0.9,0,TREND_DOWN,NORMAL,NEUTRAL,HEALTHY,ALLOW
2026-09-29T15:59:00Z,82970.18,83068.01,82970.13,83068.0,15.30837,83035.38,85.03357143,0.05,0.9,0,TREND_UP,NORMAL,ALIGNED,HEALTHY,ALLOW
2026-09-29T16:00:00Z,83068.0,83138.63,83066.01,83112.0,22.48146,83105.54666667,83.69714286,0.05,0.9,0,TREND_UP,NORMAL,ALIGNED,HEALTHY,ALLOW
2026-09-29T16:01:00Z,83112.01,83145.81,83096.01,83130.02,9.71236,83123.94666667,74.32142857,0.05,0.9,0,TREND_UP,NORMAL,ALIGNED,HEALTHY,ALLOW
2026-09-29T16:02:00Z,83130.02,83145.81,83106.0,83137.55,8.37793,83129.78666667,68.79857143,0.05,0.9,0,TREND_UP,NORMAL,ALIGNED,HEALTHY,ALLOW
2026-09-29T16:03:00Z,83137.56,83137.57,83098.0,83098.0,7.24478,83111.19,67.64214286,0.05,0.9,0,TREND_DOWN,NORMAL,NEUTRAL,HEALTHY,ALLOW
2026-09-29T16:04:00Z,83098.01,83098.01,83058.0,83058.0,5.9271,83071.33666667,59.10214286,0.05,0.9,0,TREND_DOWN,NORMAL,NEUTRAL,HEALTHY,ALLOW
2026-09-29T16:05:00Z,83058.01,83099.36,83041.47,83095.55,15.64839,83078.79333333,61.40357143,0.05,0.9,0,TREND_UP,NORMAL,ALIGNED,HEALTHY,ALLOW
2026-09-29T16:06:00Z,83095.56,83095.56,83040.0,83040.01,10.03101,83058.52333333,58.80428571,0.05,0.9,0,TREND_DOWN,NORMAL,NEUTRAL,HEALTHY,ALLOW
2026-09-29T16:07:00Z,83040.01,83040.01,82982.01,83028.01,30.49823,83016.67666667,56.30428571,0.05,0.9,0,TREND_DOWN,NORMAL,NEUTRAL,HEALTHY,ALLOW
2026-09-29T16:08:00Z,83028.01,83032.01,82996.41,82996.42,7.4633,83008.28,54.61928571,0.05,0.9,0,TREND_DOWN,NORMAL,NEUTRAL,HEALTHY,ALLOW
2026-09-29T16:09:00Z,82996.42,83002.6,82983.56,83002.6,7.17365,82996.25333333,51.23928571,0.05,0.9,0,TREND_UP,NORMAL,ALIGNED,HEALTHY,ALLOW
2026-09-29T16:10:00Z,83002.59,83081.58,83002.59,83062.65,17.04311,83048.94,54.43928571,0.05,0.9,0,TREND_UP,NORMAL,ALIGNED,HEALTHY,ALLOW
2026-09-29T16:11:00Z,83062.65,83064.17,83024.0,83052.47,5.84175,83046.88,51.33642857,0.05,0.9,0,TREND_DOWN,NORMAL,NEUTRAL,HEALTHY,ALLOW
2026-09-29T16:12:00Z,83052.47,83056.01,83010.0,83010.01,7.07841,83025.34,52.21071429,0.05,0.9,0,TREND_DOWN,NORMAL,NEUTRAL,HEALTHY,ALLOW
2026-09-29T16:13:00Z,83010.0,83035.98,83003.06,83012.01,6.06436,83017.01666667,47.57071429,0.05,0.9,0,TREND_UP,NORMAL,ALIGNED,HEALTHY,ALLOW
2026-09-29T16:14:00Z,83012.02,83030.01,82962.6,83030.0,17.29699,83007.53666667,47.19857143,0.05,0.9,0,TREND_UP,NORMAL,ALIGNED,HEALTHY,ALLOW
2026-09-29T16:15:00Z,83030.01,83036.01,83004.0,83018.07,7.98003,83019.36,45.92785714,0.05,0.9,0,TREND_DOWN,NORMAL,NEUTRAL,HEALTHY,ALLOW
2026-09-29T16:16:00Z,83018.06,83111.96,82997.32,83111.96,39.34296,83073.74666667,51.27285714,0.05,0.9,0,TREND_UP,NORMAL,ALIGNED,HEALTHY,ALLOW
2026-09-29T16:17:00Z,83111.95,83150.01,83109.65,83109.65,88.71785,83123.10333333,51.32928571,0.05,0.9,0,TREND_DOWN,NORMAL,NEUTRAL,HEALTHY,ALLOW
2026-09-29T16:18:00Z,83109.66,83114.01,83088.84,83114.0,6.22015,83105.61666667,50.26928571,0.05,0.9,0,TREND_UP,NORMAL,ALIGNED,HEALTHY,ALLOW
2026-09-29T16:19:00Z,83114.0,83124.51,83084.34,83102.0,13.03664,83103.61666667,49.00357143,0.05,0.9,0,TREND_DOWN,NORMAL,NEUTRAL,HEALTHY,ALLOW
2026-09-29T16:20:00Z,83102.01,83156.01,83102.0,83144.0,7.19953,83134.00333333,48.89285714,0.05,0.9,0,TREND_UP,NORMAL,ALIGNED,HEALTHY,ALLOW
2026-09-29T16:21:00Z,83144.0,83185.67,83140.17,83158.02,5.61885,83161.28666667,48.0,0.05,0.9,0,TREND_UP,NORMAL,ALIGNED,HEALTHY,ALLOW
2026-09-29T16:22:00Z,83158.02,83198.01,83156.0,83188.01,8.89235,83180.67333333,48.45785714,0.05,0.9,0,TREND_UP,NORMAL,ALIGNED,HEALTHY,ALLOW
2026-09-29T16:23:00Z,83188.0,83188.01,83154.0,83184.99,5.93448,83175.66666667,49.52714286,0.05,0.9,0,TREND_DOWN,NORMAL,NEUTRAL,HEALTHY,ALLOW
2026-09-29T16:24:00Z,83185.0,83212.01,83184.99,83195.8,12.13352,83197.6,45.815,0.05,0.9,0,TREND_UP,NORMAL,ALIGNED,HEALTHY,ALLOW
2026-09-29T16:25:00Z,83195.81,83220.01,83180.01,83214.38,5.99016,83204.8,45.80285714,0.05,0.9,0,TREND_UP,NORMAL,ALIGNED,HEALTHY,ALLOW
2026-09-29T16:26:00Z,83214.38,83250.0,83214.37,83249.99,4.30687,83238.12,45.06142857,0.05,0.9,0,TREND_UP,NORMAL,ALIGNED,HEALTHY,ALLOW
2026-09-29T16:27:00Z,83249.99,83264.39,83249.99,83256.01,3.28112,83256.79666667,43.73857143,0.05,0.9,0,TREND_UP,NORMAL,ALIGNED,HEALTHY,ALLOW
2026-09-29T16:28:00Z,83256.0,83290.0,83252.01,83252.01,6.86161,83264.67333333,41.63714286,0.05,0.9,0,TREND_DOWN,NORMAL,NEUTRAL,HEALTHY,ALLOW
2026-09-29T16:29:00Z,83252.02,83278.01,83252.01,83258.0,8.31262,83262.67333333,41.20785714,0.05,0.9,0,TREND_UP,NORMAL,ALIGNED,HEALTHY,ALLOW
2026-09-29T16:30:00Z,83258.01,83258.01,83182.0,83182.0,4.99318,83207.33666667,38.44857143,0.05,0.9,0,TREND_DOWN,NORMAL,NEUTRAL,HEALTHY,ALLOW
2026-09-29T16:31:00Z,83182.01,83183.8,83140.22,83158.76,5.43741,83160.92666667,38.67857143,0.05,0.9,0,TREND_DOWN,NORMAL,NEUTRAL,HEALTHY,ALLOW
2026-09-29T16:32:00Z,83158.77,83213.2,83158.77,83162.0,4.88732,83177.99,40.76928571,0.05,0.9,0,TREND_UP,NORMAL,ALIGNED,HEALTHY,ALLOW
2026-09-29T16:33:00Z,83162.0,83194.01,83158.0,83192.02,4.55324,83181.34333333,40.47214286,0.05,0.9,0,TREND_UP,NORMAL,ALIGNED,HEALTHY,ALLOW
2026-09-29T16:34:00Z,83192.02,83222.01,83185.01,83222.0,3.99759,83209.67333333,39.25714286,0.05,0.9,0,TREND_UP,NORMAL,ALIGNED,HEALTHY,ALLOW
2026-09-29T16:35:00Z,83222.01,83270.01,83222.0,83240.0,5.47427,83244.00333333,39.43642857,0.05,0.9,0,TREND_UP,NORMAL,ALIGNED,HEALTHY,ALLOW
2026-09-29T16:36:00Z,83240.01,83260.01,83230.0,83258.0,5.10889,83249.33666667,38.57928571,0.05,0.9,0,TREND_UP,NORMAL,ALIGNED,HEALTHY,ALLOW
2026-09-29T16:37:00Z,83258.01,83267.5,83238.0,83266.0,5.04311,83257.16666667,38.25714286,0.05,0.9,0,TREND_UP,NORMAL,ALIGNED,HEALTHY,ALLOW
2026-09-29T16:38:00Z,83266.0,83276.01,83252.58,83259.94,9.61146,83262.84333333,38.00071429,0.05,0.9,0,TREND_DOWN,NORMAL,NEUTRAL,HEALTHY,ALLOW
2026-09-29T16:39:00Z,83259.95,83259.95,83194.0,83194.01,5.22201,83215.98666667,39.85428571,0.05,0.9,0,TREND_DOWN,NORMAL,NEUTRAL,HEALTHY,ALLOW
2026-09-29T16:40:00Z,83194.01,83194.01,83136.0,83144.0,5.69091,83158.00333333,41.45285714,0.05,0.9,0,TREND_DOWN,NORMAL,NEUTRAL,HEALTHY,ALLOW
2026-09-29T16:41:00Z,83144.01,83164.01,83094.0,83094.01,5.95134,83117.34,45.425,0.05,0.9,0,TREND_DOWN,NORMAL,NEUTRAL,HEALTHY,ALLOW
2026-09-29T16:42:00Z,83094.01,83118.01,83083.09,83088.0,8.68876,83096.36666667,45.20571429,0.05,0.9,0,TREND_DOWN,NORMAL,NEUTRAL,HEALTHY,ALLOW
2026-09-29T16:43:00Z,83088.01,83090.83,83042.0,83066.0,12.74314,83066.27666667,46.83642857,0.05,0.9,0,TREND_DOWN,NORMAL,NEUTRAL,HEALTHY,ALLOW
2026-09-29T16:44:00Z,83066.01,83070.01,83044.0,83044.01,5.06918,83052.67333333,43.265,0.05,0.9,0,TREND_DOWN,NORMAL,NEUTRAL,HEALTHY,ALLOW
2026-09-29T16:45:00Z,83044.01,83080.01,82962.0,82964.01,14.80443,83002.00666667,48.58142857,0.05,0.9,0,TREND_DOWN,NORMAL,NEUTRAL,HEALTHY,ALLOW
2026-09-29T16:46:00Z,82964.01,83073.27,82962.06,83073.27,10.78275,83036.2,52.63642857,0.05,0.9,0,TREND_UP,NORMAL,ALIGNED,HEALTHY,ALLOW
2026-09-29T16:47:00Z,83073.26,83088.01,83030.0,83030.02,8.13806,83049.34333333,54.20785714,0.05,0.9,0,TREND_DOWN,NORMAL,NEUTRAL,HEALTHY,ALLOW
2026-09-29T16:48:00Z,83030.01,83042.01,83002.0,83039.94,16.58862,83027.98333333,54.42285714,0.05,0.9,0,TREND_UP,NORMAL,ALIGNED,HEALTHY,ALLOW
2026-09-29T16:49:00Z,83039.95,83048.01,82980.0,83008.0,12.27445,83012.00333333,55.85142857,0.05,0.9,0,TREND_DOWN,NORMAL,NEUTRAL,HEALTHY,ALLOW
2026-09-29T16:50:00Z,83008.0,83054.01,83008.0,83043.46,7.72852,83035.15666667,56.99428571,0.05,0.9,0,TREND_UP,NORMAL,ALIGNED,HEALTHY,ALLOW
2026-09-29T16:51:00Z,83043.47,83078.01,83026.0,83026.0,12.2897,83043.33666667,58.60214286,0.05,0.9,0,TREND_DOWN,NORMAL,NEUTRAL,HEALTHY,ALLOW
2026-09-29T16:52:00Z,83026.0,83050.01,83004.0,83026.01,6.8373,83026.67333333,60.215,0.05,0.9,0,TREND_UP,NORMAL,ALIGNED,HEALTHY,ALLOW
2026-09-29T16:53:00Z,83026.01,83032.42,82949.99,82950.0,19.48788,82977.47,61.39214286,0.05,0.9,0,TREND_DOWN,NORMAL,NEUTRAL,HEALTHY,ALLOW
2026-09-29T16:54:00Z,82949.99,82966.01,82944.69,82946.02,40.9206,82952.24,58.77142857,0.05,0.9,0,TREND_DOWN,NORMAL,NEUTRAL,HEALTHY,ALLOW
2026-09-29T16:55:00Z,82946.03,82950.01,82939.99,82946.05,7.9227,82945.35,54.48642857,0.05,0.9,0,TREND_UP,NORMAL,ALIGNED,HEALTHY,ALLOW
2026-09-29T16:56:00Z,82946.05,82946.06,82900.0,82928.89,11.73162,82924.98333333,55.28214286,0.05,0.9,0,TREND_DOWN,NORMAL,NEUTRAL,HEALTHY,ALLOW
2026-09-29T16:57:00Z,82928.89,83018.01,82928.89,83013.61,10.87976,82986.83666667,58.16,0.05,0.9,0,TREND_UP,NORMAL,ALIGNED,HEALTHY,ALLOW
2026-09-29T16:58:00Z,83013.61,83061.28,83013.61,83061.27,5.19872,83045.38666667,59.70714286,0.05,0.9,0,TREND_UP,NORMAL,ALIGNED,HEALTHY,ALLOW
2026-09-29T16:59:00Z,83061.27,83074.01,83061.27,83061.27,4.30132,83065.51666667,52.18785714,0.05,0.9,0,TREND_UP,NORMAL,ALIGNED,HEALTHY,ALLOW
2026-09-29T17:00:00Z,83061.28,83064.01,83024.69,83024.69,4.20713,83037.79666667,47.05285714,0.05,0.9,0,TREND_DOWN,NORMAL,NEUTRAL,HEALTHY,ALLOW
2026-09-29T17:01:00Z,83024.69,83054.01,83020.0,83040.0,4.0805,83038.00333333,45.33857143,0.05,0.9,0,TREND_UP,NORMAL,ALIGNED,HEALTHY,ALLOW
2026-09-29T17:02:00Z,83040.0,83044.01,83025.29,83034.11,3.39862,83034.47,43.81785714,0.05,0.9,0,TREND_DOWN,NORMAL,NEUTRAL,HEALTHY,ALLOW
2026-09-29T17:03:00Z,83034.1,83086.0,83014.98,83086.0,5.28443,83062.32666667,44.03285714,0.05,0.9,0,TREND_UP,NORMAL,ALIGNED,HEALTHY,ALLOW
2026-09-29T17:04:00Z,83085.99,83108.01,83085.99,83100.0,6.1791,83098.0,42.31928571,0.05,0.9,0,TREND_UP,NORMAL,ALIGNED,HEALTHY,ALLOW
2026-09-29T17:05:00Z,83100.0,83150.01,83086.0,83150.01,39.40365,83128.67333333,43.17642857,0.05,0.9,0,TREND_UP,NORMAL,ALIGNED,HEALTHY,ALLOW
2026-09-29T17:06:00Z,83150.01,83181.52,83150.0,83168.0,7.36957,83166.50666667,42.14142857,0.05,0.9,0,TREND_UP,NORMAL,ALIGNED,HEALTHY,ALLOW
2026-09-29T17:07:00Z,83168.01,83172.01,83150.0,83150.0,6.45623,83157.33666667,37.82571429,0.05,0.9,0,TREND_DOWN,NORMAL,NEUTRAL,HEALTHY,ALLOW
2026-09-29T17:08:00Z,83150.01,83166.81,83150.0,83166.8,2.33395,83161.20333333,37.50357143,0.05,0.9,0,TREND_UP,NORMAL,ALIGNED,HEALTHY,ALLOW
2026-09-29T17:09:00Z,83166.81,83188.6,83166.0,83166.01,2.96993,83173.53666667,38.40214286,0.05,0.9,0,TREND_DOWN,NORMAL,NEUTRAL,HEALTHY,ALLOW
2026-09-29T17:10:00Z,83166.0,83166.01,83150.0,83150.01,7.54747,83155.34,36.25571429,0.05,0.9,0,TREND_DOWN,NORMAL,NEUTRAL,HEALTHY,ALLOW
2026-09-29T17:11:00Z,83150.0,83188.01,83136.01,83144.0,13.70278,83156.00666667,33.60428571,0.05,0.9,0,TREND_DOWN,NORMAL,NEUTRAL,HEALTHY,ALLOW
2026-09-29T17:12:00Z,83144.0,83144.0,83096.18,83126.67,7.19601,83122.28333333,33.615,0.05,0.9,0,TREND_DOWN,NORMAL,NEUTRAL,HEALTHY,ALLOW
2026-09-29T17:13:00Z,83126.67,83143.98,83113.86,83132.74,2.72159,83130.19333333,34.85642857,0.05,0.9,0,TREND_UP,NORMAL,ALIGNED,HEALTHY,ALLOW
2026-09-29T17:14:00Z,83132.73,83166.48,83132.73,83166.47,18.86372,83155.22666667,34.45857143,0.05,0.9,0,TREND_UP,NORMAL,ALIGNED,HEALTHY,ALLOW
2026-09-29T17:15:00Z,83166.48,83180.69,83152.93,83152.93,4.83619,83162.18333333,34.01214286,0.05,0.9,0,TREND_DOWN,NORMAL,NEUTRAL,HEALTHY,ALLOW
2026-09-29T17:16:00Z,83152.94,83152.94,83070.0,83080.0,8.78541,83100.98,38.59928571,0.05,0.9,0,TREND_DOWN,NORMAL,NEUTRAL,HEALTHY,ALLOW
2026-09-29T17:17:00Z,83080.01,83113.87,83068.17,83093.79,18.09019,83091.94333333,36.79071429,0.05,0.9,0,TREND_UP,NORMAL,ALIGNED,HEALTHY,ALLOW
2026-09-29T17:18:00Z,83093.79,83123.25,83093.78,83110.01,8.75899,83109.01333333,37.32285714,0.05,0.9,0,TREND_UP,NORMAL,ALIGNED,HEALTHY,ALLOW
2026-09-29T17:19:00Z,83110.0,83142.01,83106.0,83142.01,6.98608,83130.00666667,35.32285714,0.05,0.9,0,TREND_UP,NORMAL,ALIGNED,HEALTHY,ALLOW
2026-09-29T17:20:00Z,83142.01,83152.01,83118.0,83118.0,4.00978,83129.33666667,35.50071429,0.05,0.9,0,TREND_DOWN,NORMAL,NEUTRAL,HEALTHY,ALLOW
2026-09-29T17:21:00Z,83118.01,83118.01,83050.0,83050.01,5.1675,83072.67333333,38.78642857,0.05,0.9,0,TREND_DOWN,NORMAL,NEUTRAL,HEALTHY,ALLOW
2026-09-29T17:22:00Z,83050.0,83055.77,83050.0,83054.0,3.1533,83053.25666667,37.99785714,0.05,0.9,0,TREND_UP,NORMAL,ALIGNED,HEALTHY,ALLOW
2026-09-29T17:23:00Z,83054.0,83118.01,83054.0,83116.0,3.3314,83096.00333333,40.95571429,0.05,0.9,0,TREND_UP,NORMAL,ALIGNED,HEALTHY,ALLOW
2026-09-29T17:24:00Z,83116.0,83126.01,83100.0,83116.0,2.91081,83114.00333333,41.67,0.05,0.9,0,TREND_UP,NORMAL,ALIGNED,HEALTHY,ALLOW
2026-09-29T17:25:00Z,83116.01,83126.01,83104.0,83110.59,5.25819,83113.53333333,39.52785714,0.05,0.9,0,TREND_DOWN,NORMAL,NEUTRAL,HEALTHY,ALLOW
2026-09-29T17:26:00Z,83110.6,83124.01,83108.0,83108.01,6.10523,83113.34,37.25571429,0.05,0.9,0,TREND_DOWN,NORMAL,NEUTRAL,HEALTHY,ALLOW
2026-09-29T17:27:00Z,83108.01,83136.01,83108.01,83136.0,5.20752,83126.67333333,37.10428571,0.05,0.9,0,TREND_UP,NORMAL,ALIGNED,HEALTHY,ALLOW
2026-09-29T17:28:00Z,83136.01,83145.98,83108.0,83108.0,5.06024,83120.66,37.40642857,0.05,0.9,0,TREND_DOWN,NORMAL,NEUTRAL,HEALTHY,ALLOW
2026-09-29T17:29:00Z,83108.01,83178.01,83108.0,83178.0,4.71483,83154.67,40.42428571,0.05,0.9,0,TREND_UP,NORMAL,ALIGNED,HEALTHY,ALLOW
2026-09-29T17:30:00Z,83178.01,83208.01,83178.01,83202.01,3.86457,83196.01,36.64357143,0.05,0.9,0,TREND_UP,NORMAL,ALIGNED,HEALTHY,ALLOW
2026-09-29T17:31:00Z,83202.01,83218.01,83192.0,83218.0,3.85437,83209.33666667,35.23714286,0.05,0.9,0,TREND_UP,NORMAL,ALIGNED,HEALTHY,ALLOW
2026-09-29T17:32:00Z,83218.0,83218.01,83170.0,83208.0,5.598,83198.67,36.56142857,0.05,0.9,0,TREND_DOWN,NORMAL,NEUTRAL,HEALTHY,ALLOW
2026-09-29T17:33:00Z,83208.01,83213.2,83190.0,83190.01,3.4137,83197.73666667,35.64642857,0.05,0.9,0,TREND_DOWN,NORMAL,NEUTRAL,HEALTHY,ALLOW
2026-09-29T17:34:00Z,83190.0,83214.01,83176.79,83176.79,8.95325,83189.19666667,35.87571429,0.05,0.9,0,TREND_DOWN,NORMAL,NEUTRAL,HEALTHY,ALLOW
2026-09-29T17:35:00Z,83176.79,83180.01,83122.0,83126.01,6.47718,83142.67333333,35.16142857,0.05,0.9,0,TREND_DOWN,NORMAL,NEUTRAL,HEALTHY,ALLOW
2026-09-29T17:36:00Z,83126.01,83162.01,83126.0,83136.42,9.93101,83141.47666667,37.32142857,0.05,0.9,0,TREND_UP,NORMAL,ALIGNED,HEALTHY,ALLOW
2026-09-29T17:37:00Z,83136.41,83156.01,83126.0,83126.01,2.59968,83136.00666667,34.89285714,0.05,0.9,0,TREND_DOWN,NORMAL,NEUTRAL,HEALTHY,ALLOW
2026-09-29T17:38:00Z,83126.01,83140.01,83107.9,83107.91,3.82652,83118.60666667,35.32857143,0.05,0.9,0,TREND_DOWN,NORMAL,NEUTRAL,HEALTHY,ALLOW
2026-09-29T17:39:00Z,83107.9,83137.39,83107.9,83134.0,4.9816,83126.43,35.86285714,0.05,0.9,0,TREND_UP,NORMAL,ALIGNED,HEALTHY,ALLOW
2026-09-29T17:40:00Z,83134.0,83156.01,83134.0,83154.01,3.8009,83148.00666667,36.29142857,0.05,0.9,0,TREND_UP,NORMAL,ALIGNED,HEALTHY,ALLOW
2026-09-29T17:41:00Z,83154.01,83185.52,83150.0,83168.01,3.38166,83167.84333333,36.82857143,0.05,0.9,0,TREND_UP,NORMAL,ALIGNED,HEALTHY,ALLOW
2026-09-29T17:42:00Z,83168.01,83170.01,83154.0,83160.0,4.17784,83161.33666667,35.25928571,0.05,0.9,0,TREND_DOWN,NORMAL,NEUTRAL,HEALTHY,ALLOW
2026-09-29T17:43:00Z,83160.0,83160.01,83132.19,83137.43,2.87149,83143.21,32.24571429,0.05,0.9,0,TREND_DOWN,NORMAL,NEUTRAL,HEALTHY,ALLOW
2026-09-29T17:44:00Z,83137.44,83148.01,83132.01,83132.01,16.07137,83137.34333333,31.245,0.05,0.9,0,TREND_DOWN,NORMAL,NEUTRAL,HEALTHY,ALLOW
2026-09-29T17:45:00Z,83132.01,83171.24,83132.0,83168.0,2.66651,83157.08,32.19,0.05,0.9,0,TREND_UP,NORMAL,ALIGNED,HEALTHY,ALLOW
2026-09-29T17:46:00Z,83168.01,83168.01,83100.0,83100.0,6.13919,83122.67,33.61857143,0.05,0.9,0,TREND_DOWN,NORMAL,NEUTRAL,HEALTHY,ALLOW
2026-09-29T17:47:00Z,83100.0,83106.01,83076.0,83102.17,4.52241,83094.72666667,34.105,0.05,0.9,0,TREND_UP,NORMAL,ALIGNED,HEALTHY,ALLOW
2026-09-29T17:48:00Z,83102.17,83122.01,83086.0,83112.01,3.10856,83106.67333333,34.01857143,0.05,0.9,0,TREND_UP,NORMAL,ALIGNED,HEALTHY,ALLOW
2026-09-29T17:49:00Z,83112.0,83116.01,83063.23,83063.23,2.79502,83080.82333333,33.645,0.05,0.9,0,TREND_DOWN,NORMAL,NEUTRAL,HEALTHY,ALLOW
2026-09-29T17:50:00Z,83063.24,83072.01,83044.01,83044.01,4.13263,83053.34333333,33.07285714,0.05,0.9,0,TREND_DOWN,NORMAL,NEUTRAL,HEALTHY,ALLOW
2026-09-29T17:51:00Z,83044.0,83044.0,82994.98,83042.01,12.83137,83026.99666667,34.43142857,0.05,0.9,0,TREND_DOWN,NORMAL,NEUTRAL,HEALTHY,ALLOW
2026-09-29T17:52:00Z,83042.0,83067.56,83042.0,83067.55,4.80824,83059.03666667,33.96357143,0.05,0.9,0,TREND_UP,NORMAL,ALIGNED,HEALTHY,ALLOW
2026-09-29T17:53:00Z,83067.56,83067.56,83008.0,83030.01,9.57538,83035.19,36.11142857,0.05,0.9,0,TREND_DOWN,NORMAL,NEUTRAL,HEALTHY,ALLOW
2026-09-29T17:54:00Z,83030.01,83068.01,83029.75,83044.0,3.8366,83047.25333333,37.27214286,0.05,0.9,0,TREND_UP,NORMAL,ALIGNED,HEALTHY,ALLOW
2026-09-29T17:55:00Z,83044.0,83046.01,83030.0,83030.0,2.94458,83035.33666667,35.87857143,0.05,0.9,0,TREND_DOWN,NORMAL,NEUTRAL,HEALTHY,ALLOW
2026-09-29T17:56:00Z,83030.01,83045.89,83008.05,83014.0,5.46706,83022.64666667,37.43785714,0.05,0.9,0,TREND_DOWN,NORMAL,NEUTRAL,HEALTHY,ALLOW
2026-09-29T17:57:00Z,83014.01,83026.01,83008.28,83010.01,3.39168,83014.76666667,36.71714286,0.05,0.9,0,TREND_DOWN,NORMAL,NEUTRAL,HEALTHY,ALLOW
2026-09-29T17:58:00Z,83010.0,83010.01,82985.0,83006.0,5.0578,83000.33666667,37.36071429,0.05,0.9,0,TREND_DOWN,NORMAL,NEUTRAL,HEALTHY,ALLOW
2026-09-29T17:59:00Z,83006.01,83078.01,83006.0,83078.01,4.12647,83054.00666667,39.70142857,0.05,0.9,0,TREND_UP,NORMAL,ALIGNED,HEALTHY,ALLOW
2026-09-29T18:00:00Z,83078.01,83281.03,83078.01,83281.03,30.5788,83213.35666667,49.345,0.05,0.9,0,TREND_UP,NORMAL,ALIGNED,HEALTHY,ALLOW
2026-09-29T18:01:00Z,83281.02,83300.0,83230.0,83234.18,9.25059,83254.72666667,52.20142857,0.05,0.9,0,TREND_DOWN,NORMAL,NEUTRAL,HEALTHY,ALLOW
2026-09-29T18:02:00Z,83234.18,83280.01,83234.18,83270.0,4.76889,83261.39666667,52.90285714,0.05,0.9,0,TREND_UP,NORMAL,ALIGNED,HEALTHY,ALLOW
2026-09-29T18:03:00Z,83270.0,83270.01,83220.0,83232.01,4.02206,83240.67333333,52.705,0.05,0.9,0,TREND_DOWN,NORMAL,NEUTRAL,HEALTHY,ALLOW
2026-09-29T18:04:00Z,83232.0,83299.99,83232.0,83298.99,8.6737,83276.99333333,55.56142857,0.05,0.9,0,TREND_UP,NORMAL,ALIGNED,HEALTHY,ALLOW
2026-09-29T18:05:00Z,83299.0,83356.01,83278.0,83342.0,13.50032,83325.33666667,57.63142857,0.05,0.9,0,TREND_UP,NORMAL,ALIGNED,HEALTHY,ALLOW
2026-09-29T18:06:00Z,83342.01,83412.01,83342.0,83412.0,13.01911,83388.67,60.80642857,0.05,0.9,0,TREND_UP,NORMAL,ALIGNED,HEALTHY,ALLOW
2026-09-29T18:07:00Z,83412.0,83432.01,83346.0,83346.0,16.62322,83374.67,62.69571429,0.05,0.9,0,TREND_DOWN,NORMAL,NEUTRAL,HEALTHY,ALLOW
2026-09-29T18:08:00Z,83346.01,83374.01,83330.0,83338.01,18.49384,83347.34,63.10642857,0.05,0.9,0,TREND_DOWN,NORMAL,NEUTRAL,HEALTHY,ALLOW
2026-09-29T18:09:00Z,83338.01,83372.01,83300.0,83300.01,4.54733,83324.00666667,67.10642857,0.05,0.9,0,TREND_DOWN,NORMAL,NEUTRAL,HEALTHY,ALLOW
2026-09-29T18:10:00Z,83300.01,83324.01,83290.1,83310.0,4.64258,83308.03666667,66.82571429,0.05,0.9,0,TREND_UP,NORMAL,ALIGNED,HEALTHY,ALLOW
2026-09-29T18:11:00Z,83310.01,83336.01,83310.0,83322.0,4.0081,83322.67,67.41714286,0.05,0.9,0,TREND_UP,NORMAL,ALIGNED,HEALTHY,ALLOW
2026-09-29T18:12:00Z,83322.01,83382.01,83322.0,83382.01,3.09669,83362.00666667,69.91714286,0.05,0.9,0,TREND_UP,NORMAL,ALIGNED,HEALTHY,ALLOW
2026-09-29T18:13:00Z,83382.01,83418.01,83364.61,83418.0,4.20823,83400.20666667,68.58785714,0.05,0.9,0,TREND_UP,NORMAL,ALIGNED,HEALTHY,ALLOW
2026-09-29T18:14:00Z,83418.0,83428.01,83418.0,83428.01,1.93383,83424.67333333,54.80142857,0.05,0.9,0,TREND_UP,NORMAL,ALIGNED,HEALTHY,ALLOW
2026-09-29T18:15:00Z,83428.0,83466.01,83428.0,83464.0,3.43483,83452.67,52.51642857,0.05,0.9,0,TREND_UP,NORMAL,ALIGNED,HEALTHY,ALLOW
2026-09-29T18:16:00Z,83464.0,83506.01,83464.0,83478.01,10.05227,83482.67333333,52.24357143,0.05,0.9,0,TREND_UP,NORMAL,ALIGNED,HEALTHY,ALLOW
2026-09-29T18:17:00Z,83478.01,83478.01,83404.0,83432.0,5.15413,83438.00333333,53.95785714,0.05,0.9,0,TREND_DOWN,NORMAL,NEUTRAL,HEALTHY,ALLOW
2026-09-29T18:18:00Z,83432.0,83432.0,83400.0,83422.0,3.08008,83418.0,51.38714286,0.05,0.9,0,TREND_DOWN,NORMAL,NEUTRAL,HEALTHY,ALLOW
2026-09-29T18:19:00Z,83422.01,83423.8,83416.44,83423.79,3.69709,83421.34333333,46.34071429,0.05,0.9,0,TREND_UP,NORMAL,ALIGNED,HEALTHY,ALLOW
2026-09-29T18:20:00Z,83423.79,83450.0,83410.0,83450.0,4.04728,83436.66666667,44.19714286,0.05,0.9,0,TREND_UP,NORMAL,ALIGNED,HEALTHY,ALLOW
2026-09-29T18:21:00Z,83450.01,83474.01,83442.0,83474.0,3.20713,83463.33666667,40.34,0.05,0.9,0,TREND_UP,NORMAL,ALIGNED,HEALTHY,ALLOW
2026-09-29T18:22:00Z,83474.01,83514.01,83458.0,83514.0,5.64266,83495.33666667,41.19714286,0.05,0.9,0,TREND_UP,NORMAL,ALIGNED,HEALTHY,ALLOW
2026-09-29T18:23:00Z,83514.0,83519.0,83504.97,83516.01,6.27293,83513.32666667,37.05571429,0.05,0.9,0,TREND_UP,NORMAL,ALIGNED,HEALTHY,ALLOW
2026-09-29T18:24:00Z,83516.0,83516.01,83498.0,83502.67,2.68381,83505.56,35.92,0.05,0.9,0,TREND_DOWN,NORMAL,NEUTRAL,HEALTHY,ALLOW
2026-09-29T18:25:00Z,83502.66,83506.01,83484.13,83484.14,4.82524,83491.42666667,35.625,0.05,0.9,0,TREND_DOWN,NORMAL,NEUTRAL,HEALTHY,ALLOW
2026-09-29T18:26:00Z,83484.13,83484.13,83444.0,83444.0,3.90423,83457.37666667,34.20571429,0.05,0.9,0,TREND_DOWN,NORMAL,NEUTRAL,HEALTHY,ALLOW
2026-09-29T18:27:00Z,83444.0,83464.0,83436.0,83440.01,3.67847,83446.67,32.39142857,0.05,0.9,0,TREND_DOWN,NORMAL,NEUTRAL,HEALTHY,ALLOW
2026-09-29T18:28:00Z,83440.01,83482.01,83440.01,83482.0,2.05742,83468.00666667,34.67642857,0.05,0.9,0,TREND_UP,NORMAL,ALIGNED,HEALTHY,ALLOW
2026-09-29T18:29:00Z,83482.0,83482.0,83427.65,83427.65,7.54919,83445.76666667,35.84357143,0.05,0.9,0,TREND_DOWN,NORMAL,NEUTRAL,HEALTHY,ALLOW
2026-09-29T18:30:00Z,83427.66,83506.01,83414.0,83496.0,13.50123,83472.00333333,39.415,0.05,0.9,0,TREND_UP,NORMAL,ALIGNED,HEALTHY,ALLOW
2026-09-29T18:31:00Z,83496.01,83498.01,83446.0,83492.01,5.52164,83478.67333333,37.84357143,0.05,0.9,0,TREND_DOWN,NORMAL,NEUTRAL,HEALTHY,ALLOW
2026-09-29T18:32:00Z,83492.01,83550.0,83492.01,83549.99,20.61683,83530.66666667,39.7,0.05,0.9,0,TREND_UP,NORMAL,ALIGNED,HEALTHY,ALLOW
2026-09-29T18:33:00Z,83550.0,83560.01,83540.0,83544.0,7.13818,83548.00333333,40.60357143,0.05,0.9,0,TREND_DOWN,NORMAL,NEUTRAL,HEALTHY,ALLOW
2026-09-29T18:34:00Z,83544.0,83570.01,83544.0,83570.0,4.2978,83561.33666667,39.60428571,0.05,0.9,0,TREND_UP,NORMAL,ALIGNED,HEALTHY,ALLOW
2026-09-29T18:35:00Z,83570.01,83570.01,83528.0,83536.01,2.86162,83544.67333333,40.31857143,0.05,0.9,0,TREND_DOWN,NORMAL,NEUTRAL,HEALTHY,ALLOW
2026-09-29T18:36:00Z,83536.01,83568.01,83530.0,83568.0,4.08534,83555.33666667,39.03285714,0.05,0.9,0,TREND_UP,NORMAL,ALIGNED,HEALTHY,ALLOW
2026-09-29T18:37:00Z,83568.0,83576.01,83546.0,83550.0,5.42156,83557.33666667,40.17428571,0.05,0.9,0,TREND_DOWN,NORMAL,NEUTRAL,HEALTHY,ALLOW
2026-09-29T18:38:00Z,83550.0,83594.0,83550.0,83570.72,6.03672,83571.57333333,42.03071429,0.05,0.9,0,TREND_UP,NORMAL,ALIGNED,HEALTHY,ALLOW
2026-09-29T18:39:00Z,83570.71,83625.89,83558.03,83564.01,18.38157,83582.64333333,45.315,0.05,0.9,0,TREND_DOWN,NORMAL,NEUTRAL,HEALTHY,ALLOW
2026-09-29T18:40:00Z,83564.01,83634.4,83562.0,83634.4,4.88811,83610.26666667,47.61928571,0.05,0.9,0,TREND_UP,NORMAL,ALIGNED,HEALTHY,ALLOW
2026-09-29T18:41:00Z,83634.4,83676.62,83634.39,83676.62,6.77456,83662.54333333,48.63571429,0.05,0.9,0,TREND_UP,NORMAL,ALIGNED,HEALTHY,ALLOW
2026-09-29T18:42:00Z,83676.61,83700.0,83676.0,83698.0,6.73438,83691.33333333,47.35,0.05,0.9,0,TREND_UP,NORMAL,ALIGNED,HEALTHY,ALLOW
2026-09-29T18:43:00Z,83698.01,83698.01,83670.0,83678.01,5.1438,83682.00666667,45.46857143,0.05,0.9,0,TREND_DOWN,NORMAL,NEUTRAL,HEALTHY,ALLOW
2026-09-29T18:44:00Z,83678.01,83678.01,83632.01,83632.01,4.32265,83647.34333333,42.18214286,0.05,0.9,0,TREND_DOWN,NORMAL,NEUTRAL,HEALTHY,ALLOW
2026-09-29T18:45:00Z,83632.0,83672.01,83628.0,83662.0,9.06569,83654.00333333,41.61071429,0.05,0.9,0,TREND_UP,NORMAL,ALIGNED,HEALTHY,ALLOW
2026-09-29T18:46:00Z,83662.0,83664.01,83640.89,83640.89,6.90064,83648.59666667,39.12,0.05,0.9,0,TREND_DOWN,NORMAL,NEUTRAL,HEALTHY,ALLOW
2026-09-29T18:47:00Z,83640.89,83640.89,83586.0,83597.48,10.22078,83608.12333333,41.61142857,0.05,0.9,0,TREND_DOWN,NORMAL,NEUTRAL,HEALTHY,ALLOW
2026-09-29T18:48:00Z,83597.49,83631.09,83592.0,83631.08,4.75389,83618.05666667,42.54571429,0.05,0.9,0,TREND_UP,NORMAL,ALIGNED,HEALTHY,ALLOW
2026-09-29T18:49:00Z,83631.08,83634.4,83631.08,83634.39,0.82771,83633.29,39.78214286,0.05,0.9,0,TREND_UP,NORMAL,ALIGNED,HEALTHY,ALLOW
2026-09-29T18:50:00Z,83634.39,83642.01,83606.31,83622.01,5.26814,83623.44333333,39.61714286,0.05,0.9,0,TREND_DOWN,NORMAL,NEUTRAL,HEALTHY,ALLOW
2026-09-29T18:51:00Z,83622.01,83656.0,83622.01,83656.0,2.20339,83644.67,39.90142857,0.05,0.9,0,TREND_UP,NORMAL,ALIGNED,HEALTHY,ALLOW
2026-09-29T18:52:00Z,83655.99,83668.01,83646.0,83660.01,3.28441,83658.00666667,38.33071429,0.05,0.9,0,TREND_UP,NORMAL,ALIGNED,HEALTHY,ALLOW
2026-09-29T18:53:00Z,83660.01,83684.01,83640.0,83640.0,4.97304,83654.67,36.62714286,0.05,0.9,0,TREND_DOWN,NORMAL,NEUTRAL,HEALTHY,ALLOW
2026-09-29T18:54:00Z,83640.0,83640.01,83633.79,83633.8,2.21193,83635.86666667,31.9,0.05,0.9,0,TREND_DOWN,NORMAL,NEUTRAL,HEALTHY,ALLOW
2026-09-29T18:55:00Z,83633.8,83633.8,83626.28,83626.28,1.93522,83628.78666667,29.42071429,0.05,0.9,0,TREND_DOWN,NORMAL,NEUTRAL,HEALTHY,ALLOW
2026-09-29T18:56:00Z,83626.29,83628.01,83626.28,83626.28,2.18029,83626.85666667,27.83,0.05,0.9,0,TREND_DOWN,NORMAL,NEUTRAL,HEALTHY,ALLOW
2026-09-29T18:57:00Z,83626.29,83626.29,83614.21,83614.21,1.59737,83618.23666667,26.69214286,0.05,0.9,0,TREND_DOWN,NORMAL,NEUTRAL,HEALTHY,ALLOW
2026-09-29T18:58:00Z,83614.21,83628.01,83592.77,83628.01,7.3184,83616.26333333,25.92357143,0.05,0.9,0,TREND_UP,NORMAL,ALIGNED,HEALTHY,ALLOW
2026-09-29T18:59:00Z,83628.01,83640.0,83628.0,83640.0,4.89939,83636.0,23.63714286,0.05,0.9,0,TREND_UP,NORMAL,ALIGNED,HEALTHY,ALLOW
2026-09-29T19:00:00Z,83640.0,83640.0,83626.84,83626.84,1.71498,83631.22666667,22.92571429,0.05,0.9,0,TREND_DOWN,NORMAL,NEUTRAL,HEALTHY,ALLOW
2026-09-29T19:01:00Z,83626.84,83634.4,83606.0,83618.01,6.40234,83619.47,21.03357143,0.05,0.9,0,TREND_DOWN,NORMAL,NEUTRAL,HEALTHY,ALLOW
2026-09-29T19:02:00Z,83618.01,83655.51,83618.0,83650.01,5.47469,83641.17333333,20.92071429,0.05,0.9,0,TREND_UP,NORMAL,ALIGNED,HEALTHY,ALLOW
2026-09-29T19:03:00Z,83650.01,83654.01,83636.04,83636.04,5.06986,83642.03,21.96714286,0.05,0.9,0,TREND_DOWN,NORMAL,NEUTRAL,HEALTHY,ALLOW
2026-09-29T19:04:00Z,83636.03,83650.01,83622.0,83650.01,1.95142,83640.67333333,21.41785714,0.05,0.9,0,TREND_UP,NORMAL,ALIGNED,HEALTHY,ALLOW
2026-09-29T19:05:00Z,83650.01,83650.01,83632.53,83650.0,3.28291,83644.18,20.23857143,0.05,0.9,0,TREND_DOWN,NORMAL,NEUTRAL,HEALTHY,ALLOW
2026-09-29T19:06:00Z,83649.99,83682.01,83649.99,83682.01,4.34042,83671.33666667,20.95357143,0.05,0.9,0,TREND_UP,NORMAL,ALIGNED,HEALTHY,ALLOW
2026-09-29T19:07:00Z,83682.0,83700.0,83680.0,83699.99,3.72739,83693.33,19.23857143,0.05,0.9,0,TREND_UP,NORMAL,ALIGNED,HEALTHY,ALLOW
2026-09-29T19:08:00Z,83699.99,83700.0,83676.0,83676.0,3.5406,83684.0,20.50857143,0.05,0.9,0,TREND_DOWN,NORMAL,NEUTRAL,HEALTHY,ALLOW
2026-09-29T19:09:00Z,83676.01,83676.01,83649.79,83649.99,13.47109,83658.59666667,21.84428571,0.05,0.9,0,TREND_DOWN,NORMAL,NEUTRAL,HEALTHY,ALLOW
2026-09-29T19:10:00Z,83649.98,83666.38,83649.98,83666.38,2.01832,83660.91333333,22.89214286,0.05,0.9,0,TREND_UP,NORMAL,ALIGNED,HEALTHY,ALLOW
2026-09-29T19:11:00Z,83666.37,83666.38,83639.96,83639.96,4.11114,83648.76666667,23.91642857,0.05,0.9,0,TREND_DOWN,NORMAL,NEUTRAL,HEALTHY,ALLOW
2026-09-29T19:12:00Z,83639.96,83639.97,83612.21,83612.21,3.65329,83621.46333333,23.38214286,0.05,0.9,0,TREND_DOWN,NORMAL,NEUTRAL,HEALTHY,ALLOW
2026-09-29T19:13:00Z,83612.22,83612.22,83600.63,83600.63,2.19345,83604.49333333,23.35285714,0.05,0.9,0,TREND_DOWN,NORMAL,NEUTRAL,HEALTHY,ALLOW
2026-09-29T19:14:00Z,83600.64,83614.27,83599.89,83599.89,4.8549,83604.68333333,23.44,0.05,0.9,0,TREND_DOWN,NORMAL,NEUTRAL,HEALTHY,ALLOW
2026-09-29T19:15:00Z,83599.89,83618.01,83580.0,83580.01,10.39703,83592.67333333,24.12642857,0.05,0.9,0,TREND_DOWN,NORMAL,NEUTRAL,HEALTHY,ALLOW
2026-09-29T19:16:00Z,83580.01,83598.48,83568.0,83584.0,7.39196,83583.49333333,23.62428571,0.05,0.9,0,TREND_UP,NORMAL,ALIGNED,HEALTHY,ALLOW
2026-09-29T19:17:00Z,83584.0,83614.01,83574.0,83614.01,4.32526,83600.67333333,25.19857143,0.05,0.9,0,TREND_UP,NORMAL,ALIGNED,HEALTHY,ALLOW
2026-09-29T19:18:00Z,83614.0,83665.93,83614.0,83649.16,9.17625,83643.03,26.90714286,0.05,0.9,0,TREND_UP,NORMAL,ALIGNED,HEALTHY,ALLOW
2026-09-29T19:19:00Z,83649.16,83649.16,83610.46,83649.15,7.36834,83636.25666667,28.42285714,0.05,0.9,0,TREND_DOWN,NORMAL,NEUTRAL,HEALTHY,ALLOW
2026-09-29T19:20:00Z,83649.14,83649.14,83618.0,83618.0,4.24944,83628.38,28.36071429,0.05,0.9,0,TREND_DOWN,NORMAL,NEUTRAL,HEALTHY,ALLOW
2026-09-29T19:21:00Z,83618.01,83618.01,83608.0,83608.01,1.97357,83611.34,27.64714286,0.05,0.9,0,TREND_DOWN,NORMAL,NEUTRAL,HEALTHY,ALLOW
2026-09-29T19:22:00Z,83608.0,83608.01,83587.7,83608.0,3.88356,83601.23666667,27.38357143,0.05,0.9,0,TREND_UP,NORMAL,ALIGNED,HEALTHY,ALLOW
2026-09-29T19:23:00Z,83608.01,83621.37,83608.0,83621.36,1.79417,83616.91,26.46571429,0.05,0.9,0,TREND_UP,NORMAL,ALIGNED,HEALTHY,ALLOW
2026-09-29T19:24:00Z,83621.37,83623.89,83610.03,83620.69,3.47437,83618.20333333,26.28428571,0.05,0.9,0,TREND_DOWN,NORMAL,NEUTRAL,HEALTHY,ALLOW
2026-09-29T19:25:00Z,83620.68,83633.74,83619.66,83619.66,2.93393,83624.35333333,25.40285714,0.05,0.9,0,TREND_DOWN,NORMAL,NEUTRAL,HEALTHY,ALLOW
2026-09-29T19:26:00Z,83619.65,83619.65,83574.89,83590.01,3.37738,83594.85,26.61785714,0.05,0.9,0,TREND_DOWN,NORMAL,NEUTRAL,HEALTHY,ALLOW
2026-09-29T19:27:00Z,83590.01,83590.01,83568.0,83576.0,3.96906,83578.00333333,27.36214286,0.05,0.9,0,TREND_DOWN,NORMAL,NEUTRAL,HEALTHY,ALLOW
2026-09-29T19:28:00Z,83576.0,83576.01,83544.0,83544.01,2.48634,83554.67333333,28.62142857,0.05,0.9,0,TREND_DOWN,NORMAL,NEUTRAL,HEALTHY,ALLOW
2026-09-29T19:29:00Z,83544.0,83548.0,83544.0,83547.99,0.6744,83546.66333333,26.19214286,0.05,0.9,0,TREND_UP,NORMAL,ALIGNED,HEALTHY,ALLOW
2026-09-29T19:30:00Z,83547.99,83553.1,83518.0,83553.1,6.142,83541.4,26.52214286,0.05,0.9,0,TREND_UP,NORMAL,ALIGNED,HEALTHY,ALLOW
2026-09-29T19:31:00Z,83553.1,83580.32,83553.09,83572.0,3.78771,83568.47,25.60928571,0.05,0.9,0,TREND_UP,NORMAL,ALIGNED,HEALTHY,ALLOW
2026-09-29T19:32:00Z,83572.01,83621.28,83572.0,83621.27,5.15641,83604.85,25.42,0.05,0.9,0,TREND_UP,NORMAL,ALIGNED,HEALTHY,ALLOW
2026-09-29T19:33:00Z,83621.28,83621.28,83600.63,83604.85,2.40456,83608.92,24.13071429,0.05,0.9,0,TREND_DOWN,NORMAL,NEUTRAL,HEALTHY,ALLOW
2026-09-29T19:34:00Z,83604.84,83604.84,83588.0,83588.0,1.97074,83593.61333333,23.10928571,0.05,0.9,0,TREND_DOWN,NORMAL,NEUTRAL,HEALTHY,ALLOW
2026-09-29T19:35:00Z,83588.0,83588.0,83560.0,83560.0,4.60933,83569.33333333,24.39428571,0.05,0.9,0,TREND_DOWN,NORMAL,NEUTRAL,HEALTHY,ALLOW
2026-09-29T19:36:00Z,83560.0,83562.01,83554.0,83560.0,2.46514,83558.67,23.51571429,0.05,0.9,0,TREND_UP,NORMAL,ALIGNED,HEALTHY,ALLOW
2026-09-29T19:37:00Z,83560.0,83572.85,83546.36,83546.37,2.45132,83555.19333333,24.45285714,0.05,0.9,0,TREND_DOWN,NORMAL,NEUTRAL,HEALTHY,ALLOW
2026-09-29T19:38:00Z,83546.37,83566.53,83546.36,83552.01,7.37224,83554.96666667,24.90357143,0.05,0.9,0,TREND_UP,NORMAL,ALIGNED,HEALTHY,ALLOW
2026-09-29T19:39:00Z,83552.0,83560.01,83550.0,83550.01,1.55481,83553.34,24.61285714,0.05,0.9,0,TREND_DOWN,NORMAL,NEUTRAL,HEALTHY,ALLOW
2026-09-29T19:40:00Z,83550.0,83550.01,83490.2,83494.0,9.48876,83511.40333333,25.68714286,0.05,0.9,0,TREND_DOWN,NORMAL,NEUTRAL,HEALTHY,ALLOW
2026-09-29T19:41:00Z,83494.01,83502.01,83494.0,83502.01,1.93769,83499.34,24.68714286,0.05,0.9,0,TREND_UP,NORMAL,ALIGNED,HEALTHY,ALLOW
2026-09-29T19:42:00Z,83502.01,83503.69,83486.59,83498.01,5.5501,83496.09666667,23.62214286,0.05,0.9,0,TREND_DOWN,NORMAL,NEUTRAL,HEALTHY,ALLOW
2026-09-29T19:43:00Z,83498.01,83508.01,83492.0,83492.01,1.99596,83497.34,24.48,0.05,0.9,0,TREND_DOWN,NORMAL,NEUTRAL,HEALTHY,ALLOW
2026-09-29T19:44:00Z,83492.0,83492.0,83436.0,83436.0,5.13197,83454.66666667,25.97357143,0.05,0.9,0,TREND_DOWN,NORMAL,NEUTRAL,HEALTHY,ALLOW
2026-09-29T19:45:00Z,83436.0,83438.01,83414.76,83414.77,4.5944,83422.51333333,25.68928571,0.05,0.9,0,TREND_DOWN,NORMAL,NEUTRAL,HEALTHY,ALLOW
2026-09-29T19:46:00Z,83414.77,83468.33,83398.5,83468.33,8.49579,83445.05333333,27.15714286,0.05,0.9,0,TREND_UP,NORMAL,ALIGNED,HEALTHY,ALLOW
2026-09-29T19:47:00Z,83468.32,83610.01,83452.0,83607.94,29.67671,83556.65,36.96857143,0.05,0.9,0,TREND_UP,NORMAL,ALIGNED,HEALTHY,ALLOW
2026-09-29T19:48:00Z,83608.01,83624.01,83522.0,83529.1,13.59444,83558.37,43.05142857,0.05,0.9,0,TREND_DOWN,NORMAL,NEUTRAL,HEALTHY,ALLOW
2026-09-29T19:49:00Z,83529.1,83602.01,83529.09,83556.01,10.52361,83562.37,46.26,0.05,0.9,0,TREND_UP,NORMAL,ALIGNED,HEALTHY,ALLOW
2026-09-29T19:50:00Z,83556.01,83582.01,83540.0,83562.0,16.34316,83561.33666667,48.68857143,0.05,0.9,0,TREND_UP,NORMAL,ALIGNED,HEALTHY,ALLOW
2026-09-29T19:51:00Z,83562.0,83620.01,83556.0,83620.01,3.71727,83598.67333333,51.36857143,0.05,0.9,0,TREND_UP,NORMAL,ALIGNED,HEALTHY,ALLOW
2026-09-29T19:52:00Z,83620.01,83637.69,83600.0,83600.01,5.57414,83612.56666667,52.62,0.05,0.9,0,TREND_DOWN,NORMAL,NEUTRAL,HEALTHY,ALLOW
2026-09-29T19:53:00Z,83600.0,83600.0,83560.0,83580.0,3.44714,83580.0,54.76285714,0.05,0.9,0,TREND_DOWN,NORMAL,NEUTRAL,HEALTHY,ALLOW
2026-09-29T19:54:00Z,83580.01,83584.01,83560.0,83560.0,4.45588,83568.00333333,52.20571429,0.05,0.9,0,TREND_DOWN,NORMAL,NEUTRAL,HEALTHY,ALLOW
2026-09-29T19:55:00Z,83560.0,83585.31,83536.0,83585.31,5.24804,83568.87333333,55.15571429,0.05,0.9,0,TREND_UP,NORMAL,ALIGNED,HEALTHY,ALLOW
2026-09-29T19:56:00Z,83585.31,83612.01,83578.0,83580.84,3.61229,83590.28333333,56.36357143,0.05,0.9,0,TREND_DOWN,NORMAL,NEUTRAL,HEALTHY,ALLOW
2026-09-29T19:57:00Z,83580.84,83590.01,83580.84,83590.01,1.21221,83586.95333333,55.875,0.05,0.9,0,TREND_UP,NORMAL,ALIGNED,HEALTHY,ALLOW
2026-09-29T19:58:00Z,83590.01,83610.85,83580.0,83580.01,6.64927,83590.28666667,54.07785714,0.05,0.9,0,TREND_DOWN,NORMAL,NEUTRAL,HEALTHY,ALLOW
2026-09-29T19:59:00Z,83580.0,83594.01,83568.0,83594.01,7.77322,83585.34,54.275,0.05,0.9,0,TREND_UP,NORMAL,ALIGNED,HEALTHY,ALLOW
2026-09-29T20:00:00Z,83594.01,83594.01,83564.0,83576.01,5.02242,83578.00666667,51.43071429,0.05,0.9,0,TREND_DOWN,NORMAL,NEUTRAL,HEALTHY,ALLOW
2026-09-29T20:01:00Z,83576.01,83595.37,83540.0,83540.0,4.15674,83558.45666667,44.09928571,0.05,0.9,0,TREND_DOWN,NORMAL,NEUTRAL,HEALTHY,ALLOW
2026-09-29T20:02:00Z,83540.0,83540.0,83519.8,83529.1,3.21408,83529.63333333,38.25571429,0.05,0.9,0,TREND_DOWN,NORMAL,NEUTRAL,HEALTHY,ALLOW
2026-09-29T20:03:00Z,83529.09,83535.8,83526.0,83531.84,4.76663,83531.21333333,33.74714286,0.05,0.9,0,TREND_UP,NORMAL,ALIGNED,HEALTHY,ALLOW
2026-09-29T20:04:00Z,83531.83,83551.78,83529.69,83542.0,3.70246,83541.15666667,32.32428571,0.05,0.9,0,TREND_UP,NORMAL,ALIGNED,HEALTHY,ALLOW
2026-09-29T20:05:00Z,83542.0,83571.73,83534.27,83571.73,4.49634,83559.24333333,30.42785714,0.05,0.9,0,TREND_UP,NORMAL,ALIGNED,HEALTHY,ALLOW
2026-09-29T20:06:00Z,83571.73,83578.53,83571.72,83574.12,2.23078,83574.79,28.22214286,0.05,0.9,0,TREND_UP,NORMAL,ALIGNED,HEALTHY,ALLOW
2026-09-29T20:07:00Z,83574.11,83596.12,83574.11,83593.81,3.82966,83588.01333333,26.93642857,0.05,0.9,0,TREND_UP,NORMAL,ALIGNED,HEALTHY,ALLOW
2026-09-29T20:08:00Z,83593.8,83593.81,83585.78,83585.78,3.88384,83588.45666667,25.795,0.05,0.9,0,TREND_DOWN,NORMAL,NEUTRAL,HEALTHY,ALLOW
2026-09-29T20:09:00Z,83585.79,83603.36,83540.0,83540.0,4.13748,83561.12,26.79857143,0.05,0.9,0,TREND_DOWN,NORMAL,NEUTRAL,HEALTHY,ALLOW
2026-09-29T20:10:00Z,83540.0,83540.0,83510.0,83510.0,3.838,83520.0,26.51214286,0.05,0.9,0,TREND_DOWN,NORMAL,NEUTRAL,HEALTHY,ALLOW
2026-09-29T20:11:00Z,83510.0,83515.37,83508.0,83515.37,1.6732,83512.91333333,26.38357143,0.05,0.9,0,TREND_UP,NORMAL,ALIGNED,HEALTHY,ALLOW
2026-09-29T20:12:00Z,83515.37,83538.01,83515.36,83538.0,1.95418,83530.45666667,25.79785714,0.05,0.9,0,TREND_UP,NORMAL,ALIGNED,HEALTHY,ALLOW
2026-09-29T20:13:00Z,83538.01,83557.69,83538.01,83557.69,0.92825,83551.13,25.34642857,0.05,0.9,0,TREND_UP,NORMAL,ALIGNED,HEALTHY,ALLOW
2026-09-29T20:14:00Z,83557.68,83568.53,83537.73,83537.74,23.09561,83548.0,25.40285714,0.05,0.9,0,TREND_DOWN,NORMAL,NEUTRAL,HEALTHY,ALLOW
2026-09-29T20:15:00Z,83537.74,83558.85,83537.74,83558.85,2.69692,83551.81333333,22.95571429,0.05,0.9,0,TREND_UP,NORMAL,ALIGNED,HEALTHY,ALLOW
2026-09-29T20:16:00Z,83558.84,83568.84,83558.84,83568.84,1.22932,83565.50666667,22.22714286,0.05,0.9,0,TREND_UP,NORMAL,ALIGNED,HEALTHY,ALLOW
2026-09-29T20:17:00Z,83568.85,83596.31,83568.84,83596.31,2.35505,83587.15333333,23.48928571,0.05,0.9,0,TREND_UP,NORMAL,ALIGNED,HEALTHY,ALLOW
2026-09-29T20:18:00Z,83596.31,83605.55,83596.3,83605.54,2.66939,83602.46333333,22.57214286,0.05,0.9,0,TREND_UP,NORMAL,ALIGNED,HEALTHY,ALLOW
2026-09-29T20:19:00Z,83605.55,83617.69,83605.55,83617.69,5.79661,83613.64333333,20.76428571,0.05,0.9,0,TREND_UP,NORMAL,ALIGNED,HEALTHY,ALLOW
2026-09-29T20:20:00Z,83617.68,83626.62,83617.68,83624.93,7.31406,83623.07666667,20.91642857,0.05,0.9,0,TREND_UP,NORMAL,ALIGNED,HEALTHY,ALLOW
2026-09-29T20:21:00Z,83624.93,83624.95,83624.93,83624.94,3.25109,83624.94,19.34571429,0.05,0.9,0,TREND_UP,NORMAL,ALIGNED,HEALTHY,ALLOW
2026-09-29T20:22:00Z,83624.95,83624.95,83624.94,83624.94,0.71746,83624.94333333,18.77285714,0.05,0.9,0,TREND_DOWN,NORMAL,NEUTRAL,HEALTHY,ALLOW
2026-09-29T20:23:00Z,83624.95,83624.95,83624.94,83624.95,2.73137,83624.94666667,14.24785714,0.05,0.9,0,TREND_UP,NORMAL,ALIGNED,HEALTHY,ALLOW
2026-09-29T20:24:00Z,83624.94,83624.95,83606.47,83606.47,4.38777,83612.63,13.425,0.05,0.9,0,TREND_DOWN,NORMAL,NEUTRAL,HEALTHY,ALLOW
2026-09-29T20:25:00Z,83606.47,83616.93,83601.15,83602.84,3.88547,83606.97333333,14.02571429,0.05,0.9,0,TREND_DOWN,NORMAL,NEUTRAL,HEALTHY,ALLOW
2026-09-29T20:26:00Z,83602.84,83643.69,83602.84,83643.69,2.95223,83630.07333333,15.32571429,0.05,0.9,0,TREND_UP,NORMAL,ALIGNED,HEALTHY,ALLOW
2026-09-29T20:27:00Z,83643.69,83650.01,83643.69,83650.0,1.89731,83647.9,14.37071429,0.05,0.9,0,TREND_UP,NORMAL,ALIGNED,HEALTHY,ALLOW
2026-09-29T20:28:00Z,83650.01,83650.01,83634.0,83634.0,4.22811,83639.33666667,13.31428571,0.05,0.9,0,TREND_DOWN,NORMAL,NEUTRAL,HEALTHY,ALLOW
2026-09-29T20:29:00Z,83634.0,83634.01,83630.25,83630.25,4.616,83631.50333333,12.075,0.05,0.9,0,TREND_DOWN,NORMAL,NEUTRAL,HEALTHY,ALLOW
2026-09-29T20:30:00Z,83630.26,83630.26,83610.47,83610.48,4.19586,83617.07,12.77428571,0.05,0.9,0,TREND_DOWN,NORMAL,NEUTRAL,HEALTHY,ALLOW
2026-09-29T20:31:00Z,83610.47,83610.48,83593.47,83593.48,2.49941,83599.14333333,12.02714286,0.05,0.9,0,TREND_DOWN,NORMAL,NEUTRAL,HEALTHY,ALLOW
2026-09-29T20:32:00Z,83593.48,83593.48,83593.47,83593.47,2.5276,83593.47333333,11.36714286,0.05,0.9,0,TREND_DOWN,NORMAL,NEUTRAL,HEALTHY,ALLOW
2026-09-29T20:33:00Z,83593.47,83608.21,83593.47,83608.21,4.81865,83603.29666667,11.55214286,0.05,0.9,0,TREND_UP,NORMAL,ALIGNED,HEALTHY,ALLOW
2026-09-29T20:34:00Z,83608.21,83608.21,83590.29,83590.3,2.57796,83596.26666667,12.19357143,0.05,0.9,0,TREND_DOWN,NORMAL,NEUTRAL,HEALTHY,ALLOW
2026-09-29T20:35:00Z,83590.3,83602.85,83586.94,83602.84,3.93694,83597.54333333,13.32857143,0.05,0.9,0,TREND_UP,NORMAL,ALIGNED,HEALTHY,ALLOW
2026-09-29T20:36:00Z,83602.85,83620.11,83602.84,83605.49,6.22113,83609.48,14.56142857,0.05,0.9,0,TREND_UP,NORMAL,ALIGNED,HEALTHY,ALLOW
2026-09-29T20:37:00Z,83605.48,83605.49,83605.48,83605.48,2.32664,83605.48333333,14.56142857,0.05,0.9,0,TREND_UP,NORMAL,ALIGNED,HEALTHY,ALLOW
2026-09-29T20:38:00Z,83605.49,83605.49,83596.07,83596.08,1.4844,83599.21333333,13.91428571,0.05,0.9,0,TREND_DOWN,NORMAL,NEUTRAL,HEALTHY,ALLOW
2026-09-29T20:39:00Z,83596.07,83617.69,83596.07,83617.69,1.84713,83610.48333333,14.33142857,0.05,0.9,0,TREND_UP,NORMAL,ALIGNED,HEALTHY,ALLOW
2026-09-29T20:40:00Z,83617.69,83633.54,83616.86,83633.53,8.12754,83627.97666667,12.605,0.05,0.9,0,TREND_UP,NORMAL,ALIGNED,HEALTHY,ALLOW
2026-09-29T20:41:00Z,83633.53,83633.54,83633.53,83633.54,0.27615,83633.53666667,12.15428571,0.05,0.9,0,TREND_UP,NORMAL,ALIGNED,HEALTHY,ALLOW
2026-09-29T20:42:00Z,83633.53,83644.85,83633.53,83644.84,1.84773,83641.07333333,11.81928571,0.05,0.9,0,TREND_UP,NORMAL,ALIGNED,HEALTHY,ALLOW
2026-09-29T20:43:00Z,83644.85,83645.69,83644.85,83645.68,1.14748,83645.40666667,11.61142857,0.05,0.9,0,TREND_UP,NORMAL,ALIGNED,HEALTHY,ALLOW
2026-09-29T20:44:00Z,83645.69,83645.69,83641.94,83641.94,2.07159,83643.19,10.46571429,0.05,0.9,0,TREND_DOWN,NORMAL,NEUTRAL,HEALTHY,ALLOW
2026-09-29T20:45:00Z,83641.94,83641.95,83625.26,83625.27,3.19986,83630.82666667,10.44285714,0.05,0.9,0,TREND_DOWN,NORMAL,NEUTRAL,HEALTHY,ALLOW
2026-09-29T20:46:00Z,83625.26,83625.27,83624.8,83624.8,0.48437,83624.95666667,10.47571429,0.05,0.9,0,TREND_DOWN,NORMAL,NEUTRAL,HEALTHY,ALLOW
2026-09-29T20:47:00Z,83624.81,83634.4,83624.71,83634.39,1.45413,83631.16666667,10.115,0.05,0.9,0,TREND_UP,NORMAL,ALIGNED,HEALTHY,ALLOW
2026-09-29T20:48:00Z,83634.4,83637.94,83634.39,83637.94,1.05468,83636.75666667,9.08857143,0.05,0.9,0,TREND_UP,NORMAL,ALIGNED,HEALTHY,ALLOW
2026-09-29T20:49:00Z,83637.94,83645.61,83637.93,83645.61,2.24669,83643.05,8.50071429,0.05,0.9,0,TREND_UP,NORMAL,ALIGNED,HEALTHY,ALLOW
2026-09-29T20:50:00Z,83645.61,83646.0,83645.6,83646.0,1.41988,83645.86666667,7.29571429,0.05,0.9,0,TREND_UP,NORMAL,ALIGNED,HEALTHY,ALLOW
2026-09-29T20:51:00Z,83645.99,83654.85,83645.99,83654.84,2.95429,83651.89333333,7.92785714,0.05,0.9,0,TREND_UP,NORMAL,ALIGNED,HEALTHY,ALLOW
2026-09-29T20:52:00Z,83654.85,83654.85,83654.84,83654.85,2.43912,83654.84666667,7.25571429,0.05,0.9,0,TREND_UP,NORMAL,ALIGNED,HEALTHY,ALLOW
2026-09-29T20:53:00Z,83654.84,83654.85,83649.28,83649.28,2.28425,83651.13666667,6.10928571,0.05,0.9,0,TREND_DOWN,NORMAL,NEUTRAL,HEALTHY,ALLOW
2026-09-29T20:54:00Z,83649.28,83649.29,83641.47,83641.47,3.50568,83644.07666667,5.47642857,0.05,0.9,0,TREND_DOWN,NORMAL,NEUTRAL,HEALTHY,ALLOW
2026-09-29T20:55:00Z,83641.48,83644.01,83641.47,83644.0,1.09008,83643.16,5.65714286,0.05,0.9,0,TREND_UP,NORMAL,ALIGNED,HEALTHY,ALLOW
2026-09-29T20:56:00Z,83644.0,83644.01,83632.0,83632.0,2.65865,83636.00333333,5.70642857,0.05,0.9,0,TREND_DOWN,NORMAL,NEUTRAL,HEALTHY,ALLOW
2026-09-29T20:57:00Z,83632.0,83632.0,83618.68,83631.54,4.30296,83627.40666667,6.59714286,0.05,0.9,0,TREND_DOWN,NORMAL,NEUTRAL,HEALTHY,ALLOW
2026-09-29T20:58:00Z,83631.55,83646.57,83631.54,83641.95,4.4789,83640.02,7.40285714,0.05,0.9,0,TREND_UP,NORMAL,ALIGNED,HEALTHY,ALLOW
2026-09-29T20:59:00Z,83641.94,83641.95,83616.38,83616.39,3.12442,83624.90666667,8.03714286,0.05,0.9,0,TREND_DOWN,NORMAL,NEUTRAL,HEALTHY,ALLOW
2026-09-29T21:00:00Z,83616.38,83616.39,83614.69,83614.7,1.22518,83615.26,8.125,0.05,0.9,0,TREND_DOWN,NORMAL,NEUTRAL,HEALTHY,ALLOW
2026-09-29T21:01:00Z,83614.7,83614.7,83599.71,83599.71,1.58405,83604.70666667,8.50357143,0.05,0.9,0,TREND_DOWN,NORMAL,NEUTRAL,HEALTHY,ALLOW
2026-09-29T21:02:00Z,83599.71,83599.72,83567.97,83567.97,1.51902,83578.55333333,10.51785714,0.05,0.9,0,TREND_DOWN,NORMAL,NEUTRAL,HEALTHY,ALLOW
2026-09-29T21:03:00Z,83567.97,83567.97,83526.0,83536.01,5.33023,83543.32666667,12.96714286,0.05,0.9,0,TREND_DOWN,NORMAL,NEUTRAL,HEALTHY,ALLOW
2026-09-29T21:04:00Z,83536.0,83578.01,83526.0,83549.17,12.1598,83551.06,16.65357143,0.05,0.9,0,TREND_UP,NORMAL,ALIGNED,HEALTHY,ALLOW
2026-09-29T21:05:00Z,83549.17,83549.18,83530.0,83530.0,8.6563,83536.39333333,17.39071429,0.05,0.9,0,TREND_DOWN,NORMAL,NEUTRAL,HEALTHY,ALLOW
2026-09-29T21:06:00Z,83530.0,83554.01,83526.0,83552.0,7.05291,83544.00333333,19.39071429,0.05,0.9,0,TREND_UP,NORMAL,ALIGNED,HEALTHY,ALLOW
2026-09-29T21:07:00Z,83552.01,83552.01,83540.0,83540.0,3.6775,83544.00333333,19.85071429,0.05,0.9,0,TREND_DOWN,NORMAL,NEUTRAL,HEALTHY,ALLOW
2026-09-29T21:08:00Z,83540.01,83540.01,83540.0,83540.01,0.90315,83540.00666667,19.29285714,0.05,0.9,0,TREND_UP,NORMAL,ALIGNED,HEALTHY,ALLOW
2026-09-29T21:09:00Z,83540.01,83551.96,83528.52,83551.95,32.63823,83544.14333333,20.78571429,0.05,0.9,0,TREND_UP,NORMAL,ALIGNED,HEALTHY,ALLOW
2026-09-29T21:10:00Z,83551.95,83555.79,83548.01,83548.02,10.2721,83550.60666667,20.48357143,0.05,0.9,0,TREND_DOWN,NORMAL,NEUTRAL,HEALTHY,ALLOW
2026-09-29T21:11:00Z,83548.02,83548.02,83548.01,83548.01,0.94901,83548.01333333,19.53285714,0.05,0.9,0,TREND_DOWN,NORMAL,NEUTRAL,HEALTHY,ALLOW
2026-09-29T21:12:00Z,83548.01,83553.22,83548.01,83553.22,0.92207,83551.48333333,18.83142857,0.05,0.9,0,TREND_UP,NORMAL,ALIGNED,HEALTHY,ALLOW
2026-09-29T21:13:00Z,83553.22,83553.22,83540.27,83545.95,5.56579,83546.48,17.93,0.05,0.9,0,TREND_DOWN,NORMAL,NEUTRAL,HEALTHY,ALLOW
2026-09-29T21:14:00Z,83545.95,83558.84,83545.95,83558.83,1.13829,83554.54,18.72928571,0.05,0.9,0,TREND_UP,NORMAL,ALIGNED,HEALTHY,ALLOW
2026-09-29T21:15:00Z,83558.84,83559.68,83526.0,83526.0,10.58189,83537.22666667,20.06428571,0.05,0.9,0,TREND_DOWN,NORMAL,NEUTRAL,HEALTHY,ALLOW
2026-09-29T21:16:00Z,83526.0,83526.01,83511.48,83511.48,15.59165,83516.32333333,18.83428571,0.05,0.9,0,TREND_DOWN,NORMAL,NEUTRAL,HEALTHY,ALLOW
2026-09-29T21:17:00Z,83511.49,83511.49,83511.48,83511.48,1.7298,83511.48333333,15.83714286,0.05,0.9,0,TREND_DOWN,NORMAL,NEUTRAL,HEALTHY,ALLOW
2026-09-29T21:18:00Z,83511.48,83511.49,83478.35,83483.33,19.37445,83491.05666667,14.48928571,0.05,0.9,0,TREND_DOWN,NORMAL,NEUTRAL,HEALTHY,ALLOW
2026-09-29T21:19:00Z,83483.34,83483.34,83483.33,83483.33,1.11832,83483.33333333,13.12,0.05,0.9,0,TREND_DOWN,NORMAL,NEUTRAL,HEALTHY,ALLOW
2026-09-29T21:20:00Z,83483.33,83483.34,83454.0,83456.68,8.08692,83464.67333333,13.215,0.05,0.9,0,TREND_DOWN,NORMAL,NEUTRAL,HEALTHY,ALLOW
2026-09-29T21:21:00Z,83456.69,83472.01,83456.68,83472.0,4.33866,83466.89666667,13.45214286,0.05,0.9,0,TREND_UP,NORMAL,ALIGNED,HEALTHY,ALLOW
2026-09-29T21:22:00Z,83472.0,83472.0,83448.0,83449.12,19.22886,83456.37333333,15.16571429,0.05,0.9,0,TREND_DOWN,NORMAL,NEUTRAL,HEALTHY,ALLOW
2026-09-29T21:23:00Z,83449.12,83449.13,83449.12,83449.13,1.56877,83449.12666667,13.49214286,0.05,0.9,0,TREND_UP,NORMAL,ALIGNED,HEALTHY,ALLOW
2026-09-29T21:24:00Z,83449.13,83452.18,83446.0,83446.01,6.15342,83448.06333333,13.37785714,0.05,0.9,0,TREND_DOWN,NORMAL,NEUTRAL,HEALTHY,ALLOW
2026-09-29T21:25:00Z,83446.01,83455.16,83430.0,83455.15,11.99521,83446.77,15.17428571,0.05,0.9,0,TREND_UP,NORMAL,ALIGNED,HEALTHY,ALLOW
2026-09-29T21:26:00Z,83455.16,83464.84,83384.0,83387.66,24.53206,83412.16666667,20.57642857,0.05,0.9,0,TREND_DOWN,NORMAL,NEUTRAL,HEALTHY,ALLOW
2026-09-29T21:27:00Z,83387.66,83395.54,83387.65,83395.16,8.01654,83392.78333333,20.215,0.05,0.9,0,TREND_UP,NORMAL,ALIGNED,HEALTHY,ALLOW
2026-09-29T21:28:00Z,83395.16,83401.45,83395.16,83400.64,1.79084,83399.08333333,19.74357143,0.05,0.9,0,TREND_UP,NORMAL,ALIGNED,HEALTHY,ALLOW
2026-09-29T21:29:00Z,83400.64,83422.01,83400.64,83422.01,8.01797,83414.88666667,18.86428571,0.05,0.9,0,TREND_UP,NORMAL,ALIGNED,HEALTHY,ALLOW
2026-09-29T21:30:00Z,83422.01,83435.53,83422.01,83435.53,2.47211,83431.02333333,18.79214286,0.05,0.9,0,TREND_UP,NORMAL,ALIGNED,HEALTHY,ALLOW
2026-09-29T21:31:00Z,83435.53,83436.35,83430.24,83430.24,4.19676,83432.27666667,19.22785714,0.05,0.9,0,TREND_DOWN,NORMAL,NEUTRAL,HEALTHY,ALLOW
2026-09-29T21:32:00Z,83430.24,83430.25,83420.0,83423.79,4.40748,83424.68,17.59285714,0.05,0.9,0,TREND_DOWN,NORMAL,NEUTRAL,HEALTHY,ALLOW
2026-09-29T21:33:00Z,83423.79,83464.0,83423.79,83463.99,7.08832,83450.59333333,20.46428571,0.05,0.9,0,TREND_UP,NORMAL,ALIGNED,HEALTHY,ALLOW
2026-09-29T21:34:00Z,83464.0,83466.5,83461.19,83466.5,2.20235,83464.73,18.74785714,0.05,0.9,0,TREND_UP,NORMAL,ALIGNED,HEALTHY,ALLOW
2026-09-29T21:35:00Z,83466.49,83470.0,83465.82,83465.83,4.156,83467.21666667,17.95142857,0.05,0.9,0,TREND_DOWN,NORMAL,NEUTRAL,HEALTHY,ALLOW
2026-09-29T21:36:00Z,83465.83,83466.5,83465.82,83466.49,1.93132,83466.27,16.28571429,0.05,0.9,0,TREND_UP,NORMAL,ALIGNED,HEALTHY,ALLOW
2026-09-29T21:37:00Z,83466.49,83476.47,83466.49,83472.46,2.24061,83471.80666667,16.99785714,0.05,0.9,0,TREND_UP,NORMAL,ALIGNED,HEALTHY,ALLOW
2026-09-29T21:38:00Z,83472.47,83472.47,83456.0,83457.67,3.57819,83462.04666667,17.73285714,0.05,0.9,0,TREND_DOWN,NORMAL,NEUTRAL,HEALTHY,ALLOW
2026-09-29T21:39:00Z,83457.68,83477.26,83457.67,83477.25,3.48106,83470.72666667,17.335,0.05,0.9,0,TREND_UP,NORMAL,ALIGNED,HEALTHY,ALLOW
2026-09-29T21:40:00Z,83477.25,83515.98,83467.38,83515.97,9.00197,83499.77666667,15.03214286,0.05,0.9,0,TREND_UP,NORMAL,ALIGNED,HEALTHY,ALLOW
2026-09-29T21:41:00Z,83515.97,83522.01,83515.97,83522.0,0.94819,83519.99333333,14.9,0.05,0.9,0,TREND_UP,NORMAL,ALIGNED,HEALTHY,ALLOW
2026-09-29T21:42:00Z,83522.01,83531.61,83519.79,83531.6,4.89992,83527.66666667,15.295,0.05,0.9,0,TREND_UP,NORMAL,ALIGNED,HEALTHY,ALLOW
2026-09-29T21:43:00Z,83531.6,83538.01,83514.0,83514.01,4.46874,83522.00666667,15.48357143,0.05,0.9,0,TREND_DOWN,NORMAL,NEUTRAL,HEALTHY,ALLOW
2026-09-29T21:44:00Z,83514.01,83518.71,83506.42,83506.43,4.84687,83510.52,15.39571429,0.05,0.9,0,TREND_DOWN,NORMAL,NEUTRAL,HEALTHY,ALLOW
2026-09-29T21:45:00Z,83506.43,83506.43,83428.69,83438.18,10.04457,83457.76666667,20.51214286,0.05,0.9,0,TREND_DOWN,NORMAL,NEUTRAL,HEALTHY,ALLOW
2026-09-29T21:46:00Z,83438.17,83438.18,83425.0,83425.01,6.50143,83429.39666667,20.72142857,0.05,0.9,0,TREND_DOWN,NORMAL,NEUTRAL,HEALTHY,ALLOW
2026-09-29T21:47:00Z,83425.01,83437.76,83420.0,83437.76,5.25142,83431.84,19.11785714,0.05,0.9,0,TREND_UP,NORMAL,ALIGNED,HEALTHY,ALLOW
2026-09-29T21:48:00Z,83437.75,83445.96,83430.54,83430.54,2.75657,83435.68,19.84,0.05,0.9,0,TREND_DOWN,NORMAL,NEUTRAL,HEALTHY,ALLOW
2026-09-29T21:49:00Z,83430.54,83437.78,83420.0,83437.77,2.61564,83431.85,20.81142857,0.05,0.9,0,TREND_UP,NORMAL,ALIGNED,HEALTHY,ALLOW
2026-09-29T21:50:00Z,83437.78,83444.56,83437.77,83444.55,1.33677,83442.29333333,21.24785714,0.05,0.9,0,TREND_UP,NORMAL,ALIGNED,HEALTHY,ALLOW
2026-09-29T21:51:00Z,83444.55,83460.36,83444.55,83460.36,7.26325,83455.09,21.66428571,0.05,0.9,0,TREND_UP,NORMAL,ALIGNED,HEALTHY,ALLOW
2026-09-29T21:52:00Z,83460.36,83483.82,83460.36,83483.82,1.75089,83476.0,22.16357143,0.05,0.9,0,TREND_UP,NORMAL,ALIGNED,HEALTHY,ALLOW
2026-09-29T21:53:00Z,83483.81,83506.01,83483.81,83494.01,2.54543,83494.61,22.35,0.05,0.9,0,TREND_UP,NORMAL,ALIGNED,HEALTHY,ALLOW
2026-09-29T21:54:00Z,83494.02,83494.02,83490.0,83490.01,0.85082,83491.34333333,19.16571429,0.05,0.9,0,TREND_DOWN,NORMAL,NEUTRAL,HEALTHY,ALLOW
2026-09-29T21:55:00Z,83490.01,83490.01,83490.0,83490.0,0.69588,83490.00333333,18.735,0.05,0.9,0,TREND_DOWN,NORMAL,NEUTRAL,HEALTHY,ALLOW
2026-09-29T21:56:00Z,83490.0,83490.01,83490.0,83490.01,0.27449,83490.00666667,17.89142857,0.05,0.9,0,TREND_UP,NORMAL,ALIGNED,HEALTHY,ALLOW
2026-09-29T21:57:00Z,83490.0,83490.01,83470.0,83470.01,1.36245,83476.67333333,17.60571429,0.05,0.9,0,TREND_DOWN,NORMAL,NEUTRAL,HEALTHY,ALLOW
2026-09-29T21:58:00Z,83470.01,83492.01,83470.0,83492.01,3.92722,83484.67333333,18.3,0.05,0.9,0,TREND_UP,NORMAL,ALIGNED,HEALTHY,ALLOW
2026-09-29T21:59:00Z,83492.0,83504.0,83492.0,83503.99,1.34383,83499.99666667,13.60428571,0.05,0.9,0,TREND_UP,NORMAL,ALIGNED,HEALTHY,ALLOW
2026-09-29T22:00:00Z,83503.99,83537.57,83503.99,83537.56,3.98514,83526.37333333,15.06142857,0.05,0.9,0,TREND_UP,NORMAL,ALIGNED,HEALTHY,ALLOW
2026-09-29T22:01:00Z,83537.56,83570.01,83537.56,83570.01,5.99266,83559.19333333,16.11071429,0.05,0.9,0,TREND_UP,NORMAL,ALIGNED,HEALTHY,ALLOW
2026-09-29T22:02:00Z,83570.0,83570.01,83570.0,83570.01,0.4334,83570.00666667,15.01,0.05,0.9,0,TREND_UP,NORMAL,ALIGNED,HEALTHY,ALLOW
2026-09-29T22:03:00Z,83570.01,83580.0,83570.0,83580.0,2.60725,83576.66666667,14.45428571,0.05,0.9,0,TREND_UP,NORMAL,ALIGNED,HEALTHY,ALLOW
2026-09-29T22:04:00Z,83580.0,83612.01,83561.31,83581.47,9.98925,83584.93,17.59071429,0.05,0.9,0,TREND_UP,NORMAL,ALIGNED,HEALTHY,ALLOW
2026-09-29T22:05:00Z,83581.47,83584.84,83534.0,83558.0,5.89499,83558.94666667,20.09285714,0.05,0.9,0,TREND_DOWN,NORMAL,NEUTRAL,HEALTHY,ALLOW
2026-09-29T22:06:00Z,83558.0,83570.01,83540.0,83540.0,2.38024,83550.00333333,20.56071429,0.05,0.9,0,TREND_DOWN,NORMAL,NEUTRAL,HEALTHY,ALLOW
2026-09-29T22:07:00Z,83540.0,83554.0,83540.0,83540.01,1.60565,83544.67,19.975,0.05,0.9,0,TREND_UP,NORMAL,ALIGNED,HEALTHY,ALLOW
2026-09-29T22:08:00Z,83540.0,83563.69,83525.0,83563.69,4.99162,83550.79333333,22.45142857,0.05,0.9,0,TREND_UP,NORMAL,ALIGNED,HEALTHY,ALLOW
2026-09-29T22:09:00Z,83563.69,83594.52,83558.0,83594.52,2.42114,83582.34666667,25.05928571,0.05,0.9,0,TREND_UP,NORMAL,ALIGNED,HEALTHY,ALLOW
2026-09-29T22:10:00Z,83594.53,83618.53,83582.0,83618.53,2.74364,83606.35333333,27.66785714,0.05,0.9,0,TREND_UP,NORMAL,ALIGNED,HEALTHY,ALLOW
2026-09-29T22:11:00Z,83618.53,83620.0,83610.01,83611.0,2.34363,83613.67,26.95214286,0.05,0.9,0,TREND_DOWN,NORMAL,NEUTRAL,HEALTHY,ALLOW
2026-09-29T22:12:00Z,83611.0,83636.01,83595.68,83636.01,7.40703,83622.56666667,28.26071429,0.05,0.9,0,TREND_UP,NORMAL,ALIGNED,HEALTHY,ALLOW
2026-09-29T22:13:00Z,83636.0,83722.01,83636.0,83703.58,17.18622,83687.19666667,33.54714286,0.05,0.9,0,TREND_UP,NORMAL,ALIGNED,HEALTHY,ALLOW
2026-09-29T22:14:00Z,83703.58,83703.59,83658.4,83658.41,3.3582,83673.46666667,34.37642857,0.05,0.9,0,TREND_DOWN,NORMAL,NEUTRAL,HEALTHY,ALLOW
2026-09-29T22:15:00Z,83658.4,83672.01,83594.0,83594.01,10.555,83620.00666667,37.63071429,0.05,0.9,0,TREND_DOWN,NORMAL,NEUTRAL,HEALTHY,ALLOW
2026-09-29T22:16:00Z,83594.01,83622.01,83584.0,83584.01,3.62627,83596.67333333,40.345,0.05,0.9,0,TREND_DOWN,NORMAL,NEUTRAL,HEALTHY,ALLOW
2026-09-29T22:17:00Z,83584.0,83584.01,83575.0,83584.01,2.72345,83581.00666667,40.27428571,0.05,0.9,0,TREND_UP,NORMAL,ALIGNED,HEALTHY,ALLOW
2026-09-29T22:18:00Z,83584.0,83588.85,83560.0,83560.84,3.71447,83569.89666667,38.71357143,0.05,0.9,0,TREND_DOWN,NORMAL,NEUTRAL,HEALTHY,ALLOW
2026-09-29T22:19:00Z,83560.84,83662.01,83550.0,83661.95,11.27397,83624.65333333,43.08285714,0.05,0.9,0,TREND_UP,NORMAL,ALIGNED,HEALTHY,ALLOW
2026-09-29T22:20:00Z,83661.95,83670.0,83620.96,83620.96,4.57613,83637.30666667,44.44214286,0.05,0.9,0,TREND_DOWN,NORMAL,NEUTRAL,HEALTHY,ALLOW
2026-09-29T22:21:00Z,83620.96,83620.96,83600.0,83612.0,3.37398,83610.98666667,44.93928571,0.05,0.9,0,TREND_DOWN,NORMAL,NEUTRAL,HEALTHY,ALLOW
2026-09-29T22:22:00Z,83612.01,83648.01,83602.0,83648.0,4.5867,83632.67,45.46214286,0.05,0.9,0,TREND_UP,NORMAL,ALIGNED,HEALTHY,ALLOW
2026-09-29T22:23:00Z,83648.0,83658.01,83648.0,83658.0,0.8364,83654.67,43.56857143,0.05,0.9,0,TREND_UP,NORMAL,ALIGNED,HEALTHY,ALLOW
2026-09-29T22:24:00Z,83658.01,83664.05,83656.0,83656.0,1.58351,83658.68333333,41.53428571,0.05,0.9,0,TREND_DOWN,NORMAL,NEUTRAL,HEALTHY,ALLOW
2026-09-29T22:25:00Z,83656.0,83669.99,83652.0,83669.99,1.93364,83663.99333333,42.10571429,0.05,0.9,0,TREND_UP,NORMAL,ALIGNED,HEALTHY,ALLOW
2026-09-29T22:26:00Z,83669.99,83689.51,83650.0,83650.0,4.17861,83663.17,42.04714286,0.05,0.9,0,TREND_DOWN,NORMAL,NEUTRAL,HEALTHY,ALLOW
2026-09-29T22:27:00Z,83650.0,83650.01,83616.0,83616.0,6.90063,83627.33666667,38.33285714,0.05,0.9,0,TREND_DOWN,NORMAL,NEUTRAL,HEALTHY,ALLOW
2026-09-29T22:28:00Z,83616.0,83616.01,83606.0,83606.0,4.06218,83609.33666667,35.82,0.05,0.9,0,TREND_DOWN,NORMAL,NEUTRAL,HEALTHY,ALLOW
2026-09-29T22:29:00Z,83606.0,83606.01,83598.0,83598.01,7.76474,83600.67333333,30.82,0.05,0.9,0,TREND_DOWN,NORMAL,NEUTRAL,HEALTHY,ALLOW
2026-09-29T22:30:00Z,83598.01,83610.01,83574.36,83575.03,7.33317,83586.46666667,30.65142857,0.05,0.9,0,TREND_DOWN,NORMAL,NEUTRAL,HEALTHY,ALLOW
2026-09-29T22:31:00Z,83575.03,83579.53,83544.68,83553.18,12.97194,83559.13,32.49714286,0.05,0.9,0,TREND_DOWN,NORMAL,NEUTRAL,HEALTHY,ALLOW
2026-09-29T22:32:00Z,83553.18,83579.14,83553.18,83567.52,2.93244,83566.61333333,32.29071429,0.05,0.9,0,TREND_UP,NORMAL,ALIGNED,HEALTHY,ALLOW
2026-09-29T22:33:00Z,83568.01,83581.22,83564.0,83564.0,2.9645,83569.74,25.52,0.05,0.9,0,TREND_DOWN,NORMAL,NEUTRAL,HEALTHY,ALLOW
2026-09-29T22:34:00Z,83564.0,83579.93,83564.0,83579.92,2.1268,83574.61666667,23.155,0.05,0.9,0,TREND_UP,NORMAL,ALIGNED,HEALTHY,ALLOW
2026-09-29T22:35:00Z,83579.92,83579.93,83564.0,83568.61,2.43669,83570.84666667,22.79571429,0.05,0.9,0,TREND_DOWN,NORMAL,NEUTRAL,HEALTHY,ALLOW
2026-09-29T22:36:00Z,83568.61,83583.41,83568.61,83572.56,4.70751,83574.86,20.56642857,0.05,0.9,0,TREND_UP,NORMAL,ALIGNED,HEALTHY,ALLOW
2026-09-29T22:37:00Z,83572.56,83599.6,83572.56,83599.6,2.61318,83590.58666667,21.78285714,0.05,0.9,0,TREND_UP,NORMAL,ALIGNED,HEALTHY,ALLOW
2026-09-29T22:38:00Z,83599.6,83599.6,83584.0,83584.01,2.99613,83589.20333333,22.32214286,0.05,0.9,0,TREND_DOWN,NORMAL,NEUTRAL,HEALTHY,ALLOW
2026-09-29T22:39:00Z,83584.0,83584.01,83565.01,83565.05,3.59287,83571.35666667,22.39428571,0.05,0.9,0,TREND_DOWN,NORMAL,NEUTRAL,HEALTHY,ALLOW
2026-09-29T22:40:00Z,83565.04,83566.92,83565.04,83566.91,2.3566,83566.29,19.70642857,0.05,0.9,0,TREND_UP,NORMAL,ALIGNED,HEALTHY,ALLOW
2026-09-29T22:41:00Z,83566.91,83595.36,83566.91,83595.36,3.14576,83585.87666667,19.30928571,0.05,0.9,0,TREND_UP,NORMAL,ALIGNED,HEALTHY,ALLOW
2026-09-29T22:42:00Z,83595.36,83618.01,83595.35,83618.0,3.58716,83610.45333333,20.21285714,0.05,0.9,0,TREND_UP,NORMAL,ALIGNED,HEALTHY,ALLOW
2026-09-29T22:43:00Z,83618.0,83620.0,83606.01,83606.01,2.67675,83610.67333333,20.64,0.05,0.9,0,TREND_DOWN,NORMAL,NEUTRAL,HEALTHY,ALLOW
2026-09-29T22:44:00Z,83606.01,83606.02,83606.01,83606.02,1.12177,83606.01666667,18.09428571,0.05,0.9,0,TREND_UP,NORMAL,ALIGNED,HEALTHY,ALLOW
2026-09-29T22:45:00Z,83606.02,83634.4,83598.0,83598.0,6.7537,83610.13333333,18.205,0.05,0.9,0,TREND_DOWN,NORMAL,NEUTRAL,HEALTHY,ALLOW
2026-09-29T22:46:00Z,83598.01,83602.01,83598.0,83602.01,7.29067,83600.67333333,16.63714286,0.05,0.9,0,TREND_UP,NORMAL,ALIGNED,HEALTHY,ALLOW
2026-09-29T22:47:00Z,83602.01,83602.01,83580.44,83588.88,8.92021,83590.44333333,16.94785714,0.05,0.9,0,TREND_DOWN,NORMAL,NEUTRAL,HEALTHY,ALLOW
2026-09-29T22:48:00Z,83588.88,83598.03,83588.87,83598.02,0.81618,83594.97333333,16.46428571,0.05,0.9,0,TREND_UP,NORMAL,ALIGNED,HEALTHY,ALLOW
2026-09-29T22:49:00Z,83598.02,83598.02,83586.35,83596.86,1.93796,83593.74333333,16.16,0.05,0.9,0,TREND_DOWN,NORMAL,NEUTRAL,HEALTHY,ALLOW
2026-09-29T22:50:00Z,83596.85,83606.01,83596.0,83606.01,3.11616,83602.67333333,15.81785714,0.05,0.9,0,TREND_UP,NORMAL,ALIGNED,HEALTHY,ALLOW
2026-09-29T22:51:00Z,83606.01,83638.36,83606.0,83638.35,2.68778,83627.57,16.19785714,0.05,0.9,0,TREND_UP,NORMAL,ALIGNED,HEALTHY,ALLOW
2026-09-29T22:52:00Z,83638.36,83638.36,83628.0,83628.01,4.56746,83631.45666667,15.82357143,0.05,0.9,0,TREND_DOWN,NORMAL,NEUTRAL,HEALTHY,ALLOW
2026-09-29T22:53:00Z,83628.0,83636.93,83624.01,83636.92,0.98753,83632.62,15.38928571,0.05,0.9,0,TREND_UP,NORMAL,ALIGNED,HEALTHY,ALLOW
2026-09-29T22:54:00Z,83636.93,83650.0,83619.75,83619.75,6.99185,83629.83333333,17.41571429,0.05,0.9,0,TREND_DOWN,NORMAL,NEUTRAL,HEALTHY,ALLOW
2026-09-29T22:55:00Z,83619.75,83632.01,83619.75,83632.01,1.78874,83627.92333333,16.25928571,0.05,0.9,0,TREND_UP,NORMAL,ALIGNED,HEALTHY,ALLOW
2026-09-29T22:56:00Z,83632.01,83632.01,83620.0,83620.01,1.4652,83624.00666667,15.49857143,0.05,0.9,0,TREND_DOWN,NORMAL,NEUTRAL,HEALTHY,ALLOW
2026-09-29T22:57:00Z,83620.0,83624.0,83620.0,83623.99,7.43022,83622.66333333,14.785,0.05,0.9,0,TREND_UP,NORMAL,ALIGNED,HEALTHY,ALLOW
2026-09-29T22:58:00Z,83624.0,83624.0,83615.0,83615.1,11.50873,83618.03333333,15.42714286,0.05,0.9,0,TREND_DOWN,NORMAL,NEUTRAL,HEALTHY,ALLOW
2026-09-29T22:59:00Z,83615.1,83615.1,83610.0,83612.01,6.03767,83612.37,13.19142857,0.05,0.9,0,TREND_DOWN,NORMAL,NEUTRAL,HEALTHY,ALLOW
2026-09-29T23:00:00Z,83612.0,83624.0,83612.0,83623.99,3.23803,83619.99666667,13.76214286,0.05,0.9,0,TREND_UP,NORMAL,ALIGNED,HEALTHY,ALLOW
2026-09-29T23:01:00Z,83623.99,83650.0,83623.99,83649.99,2.55418,83641.32666667,14.07928571,0.05,0.9,0,TREND_UP,NORMAL,ALIGNED,HEALTHY,ALLOW
2026-09-29T23:02:00Z,83649.99,83682.01,83649.99,83667.03,11.00628,83666.34333333,15.71214286,0.05,0.9,0,TREND_UP,NORMAL,ALIGNED,HEALTHY,ALLOW
2026-09-29T23:03:00Z,83667.03,83690.0,83667.03,83690.0,4.61144,83682.34333333,16.51928571,0.05,0.9,0,TREND_UP,NORMAL,ALIGNED,HEALTHY,ALLOW
2026-09-29T23:04:00Z,83690.0,83742.88,83689.99,83742.88,7.50219,83725.25,19.58214286,0.05,0.9,0,TREND_UP,NORMAL,ALIGNED,HEALTHY,ALLOW
2026-09-29T23:05:00Z,83742.87,83795.0,83742.87,83794.99,11.75483,83777.62,20.99428571,0.05,0.9,0,TREND_UP,NORMAL,ALIGNED,HEALTHY,ALLOW
2026-09-29T23:06:00Z,83795.0,83815.53,83772.8,83815.53,10.67728,83801.28666667,23.30642857,0.05,0.9,0,TREND_UP,NORMAL,ALIGNED,HEALTHY,ALLOW
2026-09-29T23:07:00Z,83815.52,83844.99,83794.52,83826.0,11.04182,83821.83666667,25.98857143,0.05,0.9,0,TREND_UP,NORMAL,ALIGNED,HEALTHY,ALLOW
2026-09-29T23:08:00Z,83826.01,83840.83,83760.88,83760.88,15.72865,83787.53,29.53857143,0.05,0.9,0,TREND_DOWN,NORMAL,NEUTRAL,HEALTHY,ALLOW
2026-09-29T23:09:00Z,83760.88,83789.8,83760.88,83789.8,4.33153,83780.16,30.72857143,0.05,0.9,0,TREND_UP,NORMAL,ALIGNED,HEALTHY,ALLOW
2026-09-29T23:10:00Z,83789.8,83810.2,83789.8,83810.19,2.85857,83803.39666667,31.32785714,0.05,0.9,0,TREND_UP,NORMAL,ALIGNED,HEALTHY,ALLOW
2026-09-29T23:11:00Z,83810.19,83810.2,83798.76,83798.77,2.18274,83802.57666667,31.85928571,0.05,0.9,0,TREND_DOWN,NORMAL,NEUTRAL,HEALTHY,ALLOW
2026-09-29T23:12:00Z,83798.77,83798.77,83798.76,83798.77,1.26332,83798.76666667,31.21714286,0.05,0.9,0,TREND_UP,NORMAL,ALIGNED,HEALTHY,ALLOW
2026-09-29T23:13:00Z,83798.77,83842.4,83798.76,83842.4,4.09956,83827.85333333,33.97,0.05,0.9,0,TREND_UP,NORMAL,ALIGNED,HEALTHY,ALLOW
2026-09-29T23:14:00Z,83842.39,83845.93,83842.31,83845.93,4.01594,83844.72333333,33.37142857,0.05,0.9,0,TREND_UP,NORMAL,ALIGNED,HEALTHY,ALLOW
2026-09-29T23:15:00Z,83845.93,83845.93,83834.57,83834.57,3.2012,83838.35666667,32.325,0.05,0.9,0,TREND_DOWN,NORMAL,NEUTRAL,HEALTHY,ALLOW
2026-09-29T23:16:00Z,83834.57,83840.01,83814.01,83840.01,9.72452,83831.34333333,31.895,0.05,0.9,0,TREND_UP,NORMAL,ALIGNED,HEALTHY,ALLOW
2026-09-29T23:17:00Z,83840.01,83849.0,83840.0,83842.01,5.02846,83843.67,30.89714286,0.05,0.9,0,TREND_UP,NORMAL,ALIGNED,HEALTHY,ALLOW
2026-09-29T23:18:00Z,83842.0,83842.01,83814.0,83814.01,2.29956,83823.34,29.12,0.05,0.9,0,TREND_DOWN,NORMAL,NEUTRAL,HEALTHY,ALLOW
2026-09-29T23:19:00Z,83814.0,83830.01,83810.0,83810.0,4.34604,83816.67,26.82571429,0.05,0.9,0,TREND_DOWN,NORMAL,NEUTRAL,HEALTHY,ALLOW
2026-09-29T23:20:00Z,83810.0,83810.0,83770.0,83770.0,2.12276,83783.33333333,26.63071429,0.05,0.9,0,TREND_DOWN,NORMAL,NEUTRAL,HEALTHY,ALLOW
2026-09-29T23:21:00Z,83770.01,83770.01,83739.7,83742.1,1.66237,83750.60333333,25.19071429,0.05,0.9,0,TREND_DOWN,NORMAL,NEUTRAL,HEALTHY,ALLOW
2026-09-29T23:22:00Z,83742.1,83742.11,83739.7,83742.01,2.10544,83741.27333333,19.65214286,0.05,0.9,0,TREND_DOWN,NORMAL,NEUTRAL,HEALTHY,ALLOW
2026-09-29T23:23:00Z,83742.02,83742.02,83738.0,83738.0,3.01172,83739.34,17.87357143,0.05,0.9,0,TREND_DOWN,NORMAL,NEUTRAL,HEALTHY,ALLOW
2026-09-29T23:24:00Z,83738.01,83738.01,83732.0,83732.01,3.4615,83734.00666667,16.84571429,0.05,0.9,0,TREND_DOWN,NORMAL,NEUTRAL,HEALTHY,ALLOW
2026-09-29T23:25:00Z,83732.0,83739.7,83725.0,83739.7,1.1282,83734.8,17.07857143,0.05,0.9,0,TREND_UP,NORMAL,ALIGNED,HEALTHY,ALLOW
2026-09-29T23:26:00Z,83739.7,83741.1,83739.69,83741.1,0.99131,83740.63,17.17857143,0.05,0.9,0,TREND_UP,NORMAL,ALIGNED,HEALTHY,ALLOW
2026-09-29T23:27:00Z,83741.1,83752.01,83741.09,83752.01,1.39269,83748.37,14.84142857,0.05,0.9,0,TREND_UP,NORMAL,ALIGNED,HEALTHY,ALLOW
2026-09-29T23:28:00Z,83752.01,83752.01,83748.93,83748.93,5.06511,83749.95666667,14.80285714,0.05,0.9,0,TREND_DOWN,NORMAL,NEUTRAL,HEALTHY,ALLOW
2026-09-29T23:29:00Z,83748.93,83759.04,83726.0,83759.03,44.54607,83748.02333333,16.35142857,0.05,0.9,0,TREND_UP,NORMAL,ALIGNED,HEALTHY,ALLOW
2026-09-29T23:30:00Z,83759.04,83759.04,83727.77,83731.7,4.31791,83739.50333333,16.72785714,0.05,0.9,0,TREND_DOWN,NORMAL,NEUTRAL,HEALTHY,ALLOW
2026-09-29T23:31:00Z,83731.69,83731.7,83725.0,83725.0,3.83617,83727.23333333,16.56357143,0.05,0.9,0,TREND_DOWN,NORMAL,NEUTRAL,HEALTHY,ALLOW
2026-09-29T23:32:00Z,83725.01,83725.01,83710.02,83710.02,9.74024,83715.01666667,15.63357143,0.05,0.9,0,TREND_DOWN,NORMAL,NEUTRAL,HEALTHY,ALLOW
2026-09-29T23:33:00Z,83710.03,83711.35,83710.02,83711.34,0.5727,83710.90333333,14.29928571,0.05,0.9,0,TREND_UP,NORMAL,ALIGNED,HEALTHY,ALLOW
2026-09-29T23:34:00Z,83711.34,83711.35,83704.0,83704.0,5.07115,83706.45,11.96714286,0.05,0.9,0,TREND_DOWN,NORMAL,NEUTRAL,HEALTHY,ALLOW
2026-09-29T23:35:00Z,83704.0,83704.01,83689.74,83689.75,9.12783,83694.5,10.82142857,0.05,0.9,0,TREND_DOWN,NORMAL,NEUTRAL,HEALTHY,ALLOW
2026-09-29T23:36:00Z,83689.75,83702.69,83689.75,83699.52,2.66015,83697.32,11.57357143,0.05,0.9,0,TREND_UP,NORMAL,ALIGNED,HEALTHY,ALLOW
2026-09-29T23:37:00Z,83699.52,83707.25,83683.04,83683.04,11.33744,83691.11,13.01571429,0.05,0.9,0,TREND_DOWN,NORMAL,NEUTRAL,HEALTHY,ALLOW
2026-09-29T23:38:00Z,83683.04,83688.01,83683.04,83684.02,2.67698,83685.02333333,12.94142857,0.05,0.9,0,TREND_UP,NORMAL,ALIGNED,HEALTHY,ALLOW
2026-09-29T23:39:00Z,83684.02,83716.0,83684.01,83715.99,6.77222,83705.33333333,14.17642857,0.05,0.9,0,TREND_UP,NORMAL,ALIGNED,HEALTHY,ALLOW
2026-09-29T23:40:00Z,83716.0,83716.0,83715.99,83716.0,0.51146,83715.99666667,14.07642857,0.05,0.9,0,TREND_UP,NORMAL,ALIGNED,HEALTHY,ALLOW
2026-09-29T23:41:00Z,83715.99,83715.99,83680.39,83680.39,4.89836,83692.25666667,15.84,0.05,0.9,0,TREND_DOWN,NORMAL,NEUTRAL,HEALTHY,ALLOW
2026-09-29T23:42:00Z,83680.39,83680.4,83670.73,83671.99,2.56556,83674.37333333,16.31071429,0.05,0.9,0,TREND_DOWN,NORMAL,NEUTRAL,HEALTHY,ALLOW
2026-09-29T23:43:00Z,83671.99,83671.99,83640.0,83640.01,5.08866,83650.66666667,16.23571429,0.05,0.9,0,TREND_DOWN,NORMAL,NEUTRAL,HEALTHY,ALLOW
2026-09-29T23:44:00Z,83640.01,83660.01,83640.0,83660.0,3.74814,83653.33666667,15.43142857,0.05,0.9,0,TREND_UP,NORMAL,ALIGNED,HEALTHY,ALLOW
2026-09-29T23:45:00Z,83660.01,83694.01,83660.01,83694.01,2.09049,83682.67666667,17.38214286,0.05,0.9,0,TREND_UP,NORMAL,ALIGNED,HEALTHY,ALLOW
2026-09-29T23:46:00Z,83694.0,83707.08,83694.0,83702.01,2.62094,83701.03,17.24571429,0.05,0.9,0,TREND_UP,NORMAL,ALIGNED,HEALTHY,ALLOW
2026-09-29T23:47:00Z,83702.01,83716.0,83695.48,83715.99,2.85129,83709.15666667,18.61642857,0.05,0.9,0,TREND_UP,NORMAL,ALIGNED,HEALTHY,ALLOW
2026-09-29T23:48:00Z,83715.99,83716.0,83694.0,83695.35,2.56681,83701.78333333,19.66285714,0.05,0.9,0,TREND_DOWN,NORMAL,NEUTRAL,HEALTHY,ALLOW
2026-09-29T23:49:00Z,83695.35,83707.12,83695.35,83707.12,2.13941,83703.19666667,19.48428571,0.05,0.9,0,TREND_UP,NORMAL,ALIGNED,HEALTHY,ALLOW
2026-09-29T23:50:00Z,83707.12,83716.0,83707.12,83716.0,1.17733,83713.04,19.19428571,0.05,0.9,0,TREND_UP,NORMAL,ALIGNED,HEALTHY,ALLOW
2026-09-29T23:51:00Z,83715.99,83715.99,83688.23,83701.8,3.76001,83702.00666667,19.44857143,0.05,0.9,0,TREND_DOWN,NORMAL,NEUTRAL,HEALTHY,ALLOW
2026-09-29T23:52:00Z,83701.79,83715.54,83701.79,83715.53,1.20761,83710.95333333,20.07571429,0.05,0.9,0,TREND_UP,NORMAL,ALIGNED,HEALTHY,ALLOW
2026-09-29T23:53:00Z,83715.54,83715.54,83662.39,83662.4,3.67688,83680.11,21.58714286,0.05,0.9,0,TREND_DOWN,NORMAL,NEUTRAL,HEALTHY,ALLOW
2026-09-29T23:54:00Z,83662.39,83662.39,83645.0,83645.0,2.56905,83650.79666667,22.82928571,0.05,0.9,0,TREND_DOWN,NORMAL,NEUTRAL,HEALTHY,ALLOW
2026-09-29T23:55:00Z,83645.01,83665.63,83645.0,83665.62,3.27309,83658.75,21.75928571,0.05,0.9,0,TREND_UP,NORMAL,ALIGNED,HEALTHY,ALLOW
2026-09-29T23:56:00Z,83665.62,83669.7,83665.62,83669.69,0.85259,83668.33666667,21.36,0.05,0.9,0,TREND_UP,NORMAL,ALIGNED,HEALTHY,ALLOW
2026-09-29T23:57:00Z,83669.7,83669.7,83660.72,83660.72,0.88052,83663.71333333,19.71642857,0.05,0.9,0,TREND_DOWN,NORMAL,NEUTRAL,HEALTHY,ALLOW
2026-09-29T23:58:00Z,83660.73,83663.66,83660.72,83663.21,1.35807,83662.53,18.49714286,0.05,0.9,0,TREND_UP,NORMAL,ALIGNED,HEALTHY,ALLOW
2026-09-29T23:59:00Z,83663.21,83663.66,83663.21,83663.66,0.94404,83663.51,16.1,0.05,0.9,0,TREND_UP,NORMAL,ALIGNED,HEALTHY,ALLOW
2026-09-30T00:00:00Z,83663.66,83691.52,83663.66,83672.92,4.98917,83676.03333333,17.15571429,0.05,0.9,0,TREND_UP,NORMAL,ALIGNED,HEALTHY,ALLOW
2026-09-30T00:01:00Z,83672.92,83695.11,83672.92,83695.1,3.23575,83687.71,17.275,0.05,0.9,0,TREND_UP,NORMAL,ALIGNED,HEALTHY,ALLOW
2026-09-30T00:02:00Z,83695.11,83731.46,83695.1,83731.45,2.56688,83719.33666667,18.30071429,0.05,0.9,0,TREND_UP,NORMAL,ALIGNED,HEALTHY,ALLOW
2026-09-30T00:03:00Z,83731.45,83731.46,83700.0,83722.0,4.79548,83717.82,19.70714286,0.05,0.9,0,TREND_DOWN,NORMAL,NEUTRAL,HEALTHY,ALLOW
2026-09-30T00:04:00Z,83722.0,83722.0,83645.0,83674.0,10.82155,83680.33333333,24.57285714,0.05,0.9,0,TREND_DOWN,NORMAL,NEUTRAL,HEALTHY,ALLOW
2026-09-30T00:05:00Z,83674.0,83712.7,83668.01,83712.69,7.1872,83697.8,25.78142857,0.05,0.9,0,TREND_UP,NORMAL,ALIGNED,HEALTHY,ALLOW
2026-09-30T00:06:00Z,83712.7,83712.7,83688.0,83696.0,2.30408,83698.9,26.56357143,0.05,0.9,0,TREND_DOWN,NORMAL,NEUTRAL,HEALTHY,ALLOW
2026-09-30T00:07:00Z,83696.0,83696.01,83678.0,83678.01,1.37961,83684.00666667,24.05357143,0.05,0.9,0,TREND_DOWN,NORMAL,NEUTRAL,HEALTHY,ALLOW
2026-09-30T00:08:00Z,83678.01,83678.01,83622.0,83622.0,8.25172,83640.67,26.81142857,0.05,0.9,0,TREND_DOWN,NORMAL,NEUTRAL,HEALTHY,ALLOW
2026-09-30T00:09:00Z,83622.01,83622.01,83583.86,83583.87,5.11775,83596.58,28.06285714,0.05,0.9,0,TREND_DOWN,NORMAL,NEUTRAL,HEALTHY,ALLOW
2026-09-30T00:10:00Z,83583.87,83583.87,83562.0,83562.01,11.92874,83569.29333333,29.33357143,0.05,0.9,0,TREND_DOWN,NORMAL,NEUTRAL,HEALTHY,ALLOW
2026-09-30T00:11:00Z,83562.01,83564.01,83516.14,83516.14,11.98217,83532.09666667,32.11142857,0.05,0.9,0,TREND_DOWN,NORMAL,NEUTRAL,HEALTHY,ALLOW
2026-09-30T00:12:00Z,83516.14,83536.16,83516.14,83536.15,9.16178,83529.48333333,33.33142857,0.05,0.9,0,TREND_UP,NORMAL,ALIGNED,HEALTHY,ALLOW
2026-09-30T00:13:00Z,83536.15,83554.01,83536.15,83552.01,3.56455,83547.39,34.575,0.05,0.9,0,TREND_UP,NORMAL,ALIGNED,HEALTHY,ALLOW
2026-09-30T00:14:00Z,83552.0,83552.01,83529.03,83529.04,3.36221,83536.69333333,34.22642857,0.05,0.9,0,TREND_DOWN,NORMAL,NEUTRAL,HEALTHY,ALLOW
2026-09-30T00:15:00Z,83529.03,83529.1,83529.03,83529.1,1.20909,83529.07666667,32.64642857,0.05,0.9,0,TREND_UP,NORMAL,ALIGNED,HEALTHY,ALLOW
2026-09-30T00:16:00Z,83529.1,83542.1,83529.09,83542.09,1.49076,83537.76,30.97857143,0.05,0.9,0,TREND_UP,NORMAL,ALIGNED,HEALTHY,ALLOW
2026-09-30T00:17:00Z,83542.1,83542.1,83500.0,83500.0,8.22828,83514.03333333,31.73857143,0.05,0.9,0,TREND_DOWN,NORMAL,NEUTRAL,HEALTHY,ALLOW
2026-09-30T00:18:00Z,83500.0,83500.01,83466.23,83466.23,10.31439,83477.49,28.65142857,0.05,0.9,0,TREND_DOWN,NORMAL,NEUTRAL,HEALTHY,ALLOW
2026-09-30T00:19:00Z,83466.23,83466.23,83438.25,83438.26,2.75235,83447.58,27.45785714,0.05,0.9,0,TREND_DOWN,NORMAL,NEUTRAL,HEALTHY,ALLOW
2026-09-30T00:20:00Z,83438.26,83438.26,83423.8,83438.01,5.10569,83433.35666667,26.72642857,0.05,0.9,0,TREND_DOWN,NORMAL,NEUTRAL,HEALTHY,ALLOW
2026-09-30T00:21:00Z,83438.01,83446.0,83416.93,83446.0,3.59922,83436.31,27.51642857,0.05,0.9,0,TREND_UP,NORMAL,ALIGNED,HEALTHY,ALLOW
2026-09-30T00:22:00Z,83446.01,83452.01,83446.0,83448.0,2.47114,83448.67,23.945,0.05,0.9,0,TREND_UP,NORMAL,ALIGNED,HEALTHY,ALLOW
2026-09-30T00:23:00Z,83448.0,83448.01,83430.0,83438.01,3.29841,83438.67333333,22.50642857,0.05,0.9,0,TREND_DOWN,NORMAL,NEUTRAL,HEALTHY,ALLOW
2026-09-30T00:24:00Z,83438.01,83498.51,83438.0,83476.01,7.89571,83470.84,25.26642857,0.05,0.9,0,TREND_UP,NORMAL,ALIGNED,HEALTHY,ALLOW
2026-09-30T00:25:00Z,83476.0,83539.86,83468.87,83526.0,7.04071,83511.57666667,26.91785714,0.05,0.9,0,TREND_UP,NORMAL,ALIGNED,HEALTHY,ALLOW
2026-09-30T00:26:00Z,83526.0,83526.0,83470.03,83521.27,8.22449,83505.76666667,29.48571429,0.05,0.9,0,TREND_DOWN,NORMAL,NEUTRAL,HEALTHY,ALLOW
2026-09-30T00:27:00Z,83521.26,83549.01,83502.32,83523.89,63.86589,83525.07333333,31.545,0.05,0.9,0,TREND_UP,NORMAL,ALIGNED,HEALTHY,ALLOW
2026-09-30T00:28:00Z,83523.9,83585.98,83523.9,83585.97,10.2648,83565.28333333,34.33857143,0.05,0.9,0,TREND_UP,NORMAL,ALIGNED,HEALTHY,ALLOW
2026-09-30T00:29:00Z,83585.97,83592.01,83578.0,83578.01,4.52813,83582.67333333,35.33428571,0.05,0.9,0,TREND_DOWN,NORMAL,NEUTRAL,HEALTHY,ALLOW
2026-09-30T00:30:00Z,83578.0,83598.01,83567.14,83584.01,5.4382,83583.05333333,36.61,0.05,0.9,0,TREND_UP,NORMAL,ALIGNED,HEALTHY,ALLOW
2026-09-30T00:31:00Z,83584.01,83584.01,83546.31,83580.0,5.27932,83570.10666667,36.29571429,0.05,0.9,0,TREND_DOWN,NORMAL,NEUTRAL,HEALTHY,ALLOW
2026-09-30T00:32:00Z,83580.01,83580.01,83550.0,83580.0,9.8145,83570.00333333,36.02642857,0.05,0.9,0,TREND_DOWN,NORMAL,NEUTRAL,HEALTHY,ALLOW
2026-09-30T00:33:00Z,83579.99,83588.01,83579.99,83588.01,2.97134,83585.33666667,34.60071429,0.05,0.9,0,TREND_UP,NORMAL,ALIGNED,HEALTHY,ALLOW
2026-09-30T00:34:00Z,83588.01,83618.0,83588.01,83618.0,4.17016,83608.00333333,35.71,0.05,0.9,0,TREND_UP,NORMAL,ALIGNED,HEALTHY,ALLOW
2026-09-30T00:35:00Z,83618.01,83631.42,83568.0,83581.59,7.00256,83593.67,38.16357143,0.05,0.9,0,TREND_DOWN,NORMAL,NEUTRAL,HEALTHY,ALLOW
2026-09-30T00:36:00Z,83581.6,83582.01,83518.0,83518.0,5.02167,83539.33666667,42.30642857,0.05,0.9,0,TREND_DOWN,NORMAL,NEUTRAL,HEALTHY,ALLOW
2026-09-30T00:37:00Z,83518.01,83518.01,83492.92,83508.58,5.00911,83506.50333333,42.81214286,0.05,0.9,0,TREND_DOWN,NORMAL,NEUTRAL,HEALTHY,ALLOW
2026-09-30T00:38:00Z,83508.58,83508.58,83502.73,83507.39,5.35953,83506.23333333,38.90785714,0.05,0.9,0,TREND_DOWN,NORMAL,NEUTRAL,HEALTHY,ALLOW
2026-09-30T00:39:00Z,83507.4,83507.4,83496.0,83505.95,2.48748,83503.11666667,34.65142857,0.05,0.9,0,TREND_DOWN,NORMAL,NEUTRAL,HEALTHY,ALLOW
2026-09-30T00:40:00Z,83505.96,83540.01,83496.0,83522.03,6.74223,83519.34666667,33.79714286,0.05,0.9,0,TREND_UP,NORMAL,ALIGNED,HEALTHY,ALLOW
2026-09-30T00:41:00Z,83522.04,83545.96,83522.03,83545.96,2.37759,83537.98333333,32.17142857,0.05,0.9,0,TREND_UP,NORMAL,ALIGNED,HEALTHY,ALLOW
2026-09-30T00:42:00Z,83545.95,83545.96,83510.01,83522.0,3.58518,83525.99,30.30428571,0.05,0.9,0,TREND_DOWN,NORMAL,NEUTRAL,HEALTHY,ALLOW
2026-09-30T00:43:00Z,83522.01,83522.01,83468.0,83468.0,3.88551,83486.00333333,33.16142857,0.05,0.9,0,TREND_DOWN,NORMAL,NEUTRAL,HEALTHY,ALLOW
2026-09-30T00:44:00Z,83468.0,83490.97,83468.0,83490.09,3.98303,83483.02,32.59714286,0.05,0.9,0,TREND_UP,NORMAL,ALIGNED,HEALTHY,ALLOW
2026-09-30T00:45:00Z,83490.09,83490.09,83443.65,83443.65,6.3847,83459.13,33.22142857,0.05,0.9,0,TREND_DOWN,NORMAL,NEUTRAL,HEALTHY,ALLOW
2026-09-30T00:46:00Z,83443.66,83456.01,83423.8,83456.0,7.51549,83445.27,33.37857143,0.05,0.9,0,TREND_UP,NORMAL,ALIGNED,HEALTHY,ALLOW
2026-09-30T00:47:00Z,83456.01,83478.01,83445.81,83448.01,7.2629,83457.27666667,35.10571429,0.05,0.9,0,TREND_DOWN,NORMAL,NEUTRAL,HEALTHY,ALLOW
2026-09-30T00:48:00Z,83448.01,83448.01,83416.93,83416.94,3.48508,83427.29333333,35.18357143,0.05,0.9,0,TREND_DOWN,NORMAL,NEUTRAL,HEALTHY,ALLOW
2026-09-30T00:49:00Z,83416.94,83424.0,83416.93,83423.99,3.0058,83421.64,31.15857143,0.05,0.9,0,TREND_UP,NORMAL,ALIGNED,HEALTHY,ALLOW
2026-09-30T00:50:00Z,83424.0,83424.0,83373.79,83373.8,8.16757,83390.53,30.17285714,0.05,0.9,0,TREND_DOWN,NORMAL,NEUTRAL,HEALTHY,ALLOW
2026-09-30T00:51:00Z,83373.8,83382.01,83370.43,83379.81,6.94917,83377.41666667,29.20785714,0.05,0.9,0,TREND_UP,NORMAL,ALIGNED,HEALTHY,ALLOW
2026-09-30T00:52:00Z,83379.81,83413.9,83379.81,83390.0,6.56423,83394.57,31.225,0.05,0.9,0,TREND_UP,NORMAL,ALIGNED,HEALTHY,ALLOW
2026-09-30T00:53:00Z,83390.01,83390.01,83370.0,83376.01,5.70924,83378.67333333,31.84,0.05,0.9,0,TREND_DOWN,NORMAL,NEUTRAL,HEALTHY,ALLOW
2026-09-30T00:54:00Z,83376.01,83383.82,83368.18,83368.18,3.84137,83373.39333333,29.81357143,0.05,0.9,0,TREND_DOWN,NORMAL,NEUTRAL,HEALTHY,ALLOW
2026-09-30T00:55:00Z,83368.19,83383.72,83344.78,83369.6,22.68663,83366.03333333,30.88571429,0.05,0.9,0,TREND_UP,NORMAL,ALIGNED,HEALTHY,ALLOW
2026-09-30T00:56:00Z,83369.6,83386.01,83369.6,83383.72,2.86401,83379.77666667,29.49,0.05,0.9,0,TREND_UP,NORMAL,ALIGNED,HEALTHY,ALLOW
2026-09-30T00:57:00Z,83383.71,83430.01,83368.65,83430.01,11.51633,83409.55666667,30.015,0.05,0.9,0,TREND_UP,NORMAL,ALIGNED,HEALTHY,ALLOW
2026-09-30T00:58:00Z,83430.01,83430.01,83405.57,83423.8,4.98915,83419.79333333,30.12,0.05,0.9,0,TREND_DOWN,NORMAL,NEUTRAL,HEALTHY,ALLOW
2026-09-30T00:59:00Z,83423.8,83459.93,83423.79,83453.36,5.85513,83445.69333333,29.38428571,0.05,0.9,0,TREND_UP,NORMAL,ALIGNED,HEALTHY,ALLOW
2026-09-30T01:00:00Z,83453.36,83454.01,83404.0,83420.01,5.16999,83426.00666667,30.65571429,0.05,0.9,0,TREND_DOWN,NORMAL,NEUTRAL,HEALTHY,ALLOW
2026-09-30T01:01:00Z,83420.01,83432.01,83412.58,83432.0,3.89118,83425.53,29.74357143,0.05,0.9,0,TREND_UP,NORMAL,ALIGNED,HEALTHY,ALLOW
2026-09-30T01:02:00Z,83432.0,83470.01,83432.0,83470.0,2.65312,83457.33666667,30.23857143,0.05,0.9,0,TREND_UP,NORMAL,ALIGNED,HEALTHY,ALLOW
2026-09-30T01:03:00Z,83470.0,83470.01,83442.0,83466.0,7.49324,83459.33666667,31.73428571,0.05,0.9,0,TREND_DOWN,NORMAL,NEUTRAL,HEALTHY,ALLOW
2026-09-30T01:04:00Z,83466.0,83466.01,83410.0,83410.01,57.55727,83428.67333333,32.14857143,0.05,0.9,0,TREND_DOWN,NORMAL,NEUTRAL,HEALTHY,ALLOW
2026-09-30T01:05:00Z,83410.0,83446.01,83410.0,83446.01,2.41791,83434.00666667,33.89357143,0.05,0.9,0,TREND_UP,NORMAL,ALIGNED,HEALTHY,ALLOW
2026-09-30T01:06:00Z,83446.0,83446.01,83437.19,83442.0,50.72122,83441.73333333,32.08857143,0.05,0.9,0,TREND_DOWN,NORMAL,NEUTRAL,HEALTHY,ALLOW
2026-09-30T01:07:00Z,83442.01,83442.01,83405.45,83423.8,10.15335,83423.75333333,33.27071429,0.05,0.9,0,TREND_DOWN,NORMAL,NEUTRAL,HEALTHY,ALLOW
2026-09-30T01:08:00Z,83423.79,83424.22,83409.36,83424.22,2.16603,83419.26666667,33.215,0.05,0.9,0,TREND_UP,NORMAL,ALIGNED,HEALTHY,ALLOW
2026-09-30T01:09:00Z,83424.22,83482.1,83424.22,83467.7,5.02766,83458.00666667,34.56785714,0.05,0.9,0,TREND_UP,NORMAL,ALIGNED,HEALTHY,ALLOW
2026-09-30T01:10:00Z,83467.71,83469.05,83418.0,83418.01,2.72593,83435.02,37.04214286,0.05,0.9,0,TREND_DOWN,NORMAL,NEUTRAL,HEALTHY,ALLOW
2026-09-30T01:11:00Z,83418.01,83473.99,83418.0,83462.1,4.79054,83451.36333333,36.65857143,0.05,0.9,0,TREND_UP,NORMAL,ALIGNED,HEALTHY,ALLOW
2026-09-30T01:12:00Z,83462.09,83462.1,83403.92,83403.92,41.80829,83423.31333333,39.06857143,0.05,0.9,0,TREND_DOWN,NORMAL,NEUTRAL,HEALTHY,ALLOW
2026-09-30T01:13:00Z,83403.92,83411.72,83390.19,83400.74,14.06118,83400.88333333,38.025,0.05,0.9,0,TREND_DOWN,NORMAL,NEUTRAL,HEALTHY,ALLOW
2026-09-30T01:14:00Z,83400.74,83427.4,83400.74,83427.4,24.92622,83418.51333333,36.35714286,0.05,0.9,0,TREND_UP,NORMAL,ALIGNED,HEALTHY,ALLOW
2026-09-30T01:15:00Z,83427.4,83438.01,83420.0,83434.01,3.39323,83430.67333333,36.25571429,0.05,0.9,0,TREND_UP,NORMAL,ALIGNED,HEALTHY,ALLOW
2026-09-30T01:16:00Z,83434.0,83458.6,83434.0,83448.01,2.88616,83446.87,35.29785714,0.05,0.9,0,TREND_UP,NORMAL,ALIGNED,HEALTHY,ALLOW
2026-09-30T01:17:00Z,83448.01,83460.01,83440.82,83440.83,2.10709,83447.22,34.66785714,0.05,0.9,0,TREND_DOWN,NORMAL,NEUTRAL,HEALTHY,ALLOW
2026-09-30T01:18:00Z,83440.83,83448.02,83422.79,83422.79,2.85752,83431.2,32.46928571,0.05,0.9,0,TREND_DOWN,NORMAL,NEUTRAL,HEALTHY,ALLOW
2026-09-30T01:19:00Z,83422.8,83422.8,83399.52,83399.53,1.58879,83407.28333333,31.56,0.05,0.9,0,TREND_DOWN,NORMAL,NEUTRAL,HEALTHY,ALLOW
2026-09-30T01:20:00Z,83399.53,83411.22,83399.52,83411.22,2.58652,83407.32,31.76571429,0.05,0.9,0,TREND_UP,NORMAL,ALIGNED,HEALTHY,ALLOW
2026-09-30T01:21:00Z,83411.22,83435.84,83411.22,83417.51,3.51131,83421.52333333,30.91285714,0.05,0.9,0,TREND_UP,NORMAL,ALIGNED,HEALTHY,ALLOW
2026-09-30T01:22:00Z,83417.51,83417.51,83417.5,83417.51,0.31918,83417.50666667,29.85214286,0.05,0.9,0,TREND_UP,NORMAL,ALIGNED,HEALTHY,ALLOW
2026-09-30T01:23:00Z,83417.51,83476.8,83417.5,83476.79,3.13375,83457.03,29.95357143,0.05,0.9,0,TREND_UP,NORMAL,ALIGNED,HEALTHY,ALLOW
2026-09-30T01:24:00Z,83476.8,83519.38,83476.79,83519.37,2.35769,83505.18,29.34928571,0.05,0.9,0,TREND_UP,NORMAL,ALIGNED,HEALTHY,ALLOW
2026-09-30T01:25:00Z,83519.38,83550.39,83519.37,83550.36,3.8243,83540.04,27.56571429,0.05,0.9,0,TREND_UP,NORMAL,ALIGNED,HEALTHY,ALLOW
2026-09-30T01:26:00Z,83550.37,83550.37,83512.0,83512.01,2.38422,83524.79333333,26.15071429,0.05,0.9,0,TREND_DOWN,NORMAL,NEUTRAL,HEALTHY,ALLOW
2026-09-30T01:27:00Z,83512.0,83512.01,83470.21,83470.22,3.92011,83484.14666667,27.59857143,0.05,0.9,0,TREND_DOWN,NORMAL,NEUTRAL,HEALTHY,ALLOW
2026-09-30T01:28:00Z,83470.21,83470.22,83466.0,83466.0,0.68348,83467.40666667,25.99571429,0.05,0.9,0,TREND_DOWN,NORMAL,NEUTRAL,HEALTHY,ALLOW
2026-09-30T01:29:00Z,83466.0,83466.01,83429.19,83429.19,2.84489,83441.46333333,27.33928571,0.05,0.9,0,TREND_DOWN,NORMAL,NEUTRAL,HEALTHY,ALLOW
2026-09-30T01:30:00Z,83429.19,83429.19,83336.51,83404.02,12.47047,83389.90666667,32.20214286,0.05,0.9,0,TREND_DOWN,NORMAL,NEUTRAL,HEALTHY,ALLOW
2026-09-30T01:31:00Z,83404.01,83418.01,83352.0,83353.34,7.92578,83374.45,35.54642857,0.05,0.9,0,TREND_DOWN,NORMAL,NEUTRAL,HEALTHY,ALLOW
2026-09-30T01:32:00Z,83353.35,83366.01,83342.67,83366.0,2.19317,83358.22666667,35.41142857,0.05,0.9,0,TREND_UP,NORMAL,ALIGNED,HEALTHY,ALLOW
2026-09-30T01:33:00Z,83366.0,83370.01,83338.89,83366.01,4.8378,83358.30333333,35.97142857,0.05,0.9,0,TREND_UP,NORMAL,ALIGNED,HEALTHY,ALLOW
2026-09-30T01:34:00Z,83366.01,83388.01,83350.0,83350.0,4.84013,83362.67,37.85071429,0.05,0.9,0,TREND_DOWN,NORMAL,NEUTRAL,HEALTHY,ALLOW
2026-09-30T01:35:00Z,83350.01,83372.01,83340.0,83362.06,5.11564,83358.02333333,38.37857143,0.05,0.9,0,TREND_UP,NORMAL,ALIGNED,HEALTHY,ALLOW
2026-09-30T01:36:00Z,83362.05,83388.01,83345.02,83386.0,7.35952,83373.01,41.44857143,0.05,0.9,0,TREND_UP,NORMAL,ALIGNED,HEALTHY,ALLOW
2026-09-30T01:37:00Z,83386.0,83396.01,83360.0,83370.7,5.68088,83375.57,39.785,0.05,0.9,0,TREND_DOWN,NORMAL,NEUTRAL,HEALTHY,ALLOW
2026-09-30T01:38:00Z,83370.71,83378.01,83339.14,83339.14,3.12377,83352.09666667,39.51928571,0.05,0.9,0,TREND_DOWN,NORMAL,NEUTRAL,HEALTHY,ALLOW
2026-09-30T01:39:00Z,83339.15,83356.01,83339.15,83356.0,3.84675,83350.38666667,38.50857143,0.05,0.9,0,TREND_UP,NORMAL,ALIGNED,HEALTHY,ALLOW
2026-09-30T01:40:00Z,83356.01,83368.01,83354.0,83354.0,3.13988,83358.67,36.76857143,0.05,0.9,0,TREND_DOWN,NORMAL,NEUTRAL,HEALTHY,ALLOW
2026-09-30T01:41:00Z,83354.01,83362.02,83345.56,83362.02,2.99099,83356.53333333,34.95857143,0.05,0.9,0,TREND_UP,NORMAL,ALIGNED,HEALTHY,ALLOW
2026-09-30T01:42:00Z,83362.02,83396.01,83362.01,83396.0,8.98855,83384.67333333,37.08571429,0.05,0.9,0,TREND_UP,NORMAL,ALIGNED,HEALTHY,ALLOW
2026-09-30T01:43:00Z,83396.01,83426.01,83396.0,83426.01,2.28367,83416.00666667,36.59928571,0.05,0.9,0,TREND_UP,NORMAL,ALIGNED,HEALTHY,ALLOW
2026-09-30T01:44:00Z,83426.01,83446.01,83426.0,83434.01,3.50585,83435.34,31.40857143,0.05,0.9,0,TREND_UP,NORMAL,ALIGNED,HEALTHY,ALLOW
2026-09-30T01:45:00Z,83434.0,83446.01,83414.83,83414.83,5.07298,83425.22333333,28.92071429,0.05,0.9,0,TREND_DOWN,NORMAL,NEUTRAL,HEALTHY,ALLOW
2026-09-30T01:46:00Z,83414.83,83466.01,83414.83,83460.0,4.04738,83446.94666667,30.90928571,0.05,0.9,0,TREND_UP,NORMAL,ALIGNED,HEALTHY,ALLOW
2026-09-30T01:47:00Z,83460.01,83460.01,83428.0,83442.01,6.11886,83443.34,30.97285714,0.05,0.9,0,TREND_DOWN,NORMAL,NEUTRAL,HEALTHY,ALLOW
2026-09-30T01:48:00Z,83442.01,83450.0,83401.84,83401.85,4.33628,83417.89666667,31.69785714,0.05,0.9,0,TREND_DOWN,NORMAL,NEUTRAL,HEALTHY,ALLOW
2026-09-30T01:49:00Z,83401.85,83448.01,83401.84,83448.0,3.83897,83432.61666667,32.70928571,0.05,0.9,0,TREND_UP,NORMAL,ALIGNED,HEALTHY,ALLOW
2026-09-30T01:50:00Z,83448.0,83468.01,83444.0,83468.01,4.0178,83460.00666667,31.35357143,0.05,0.9,0,TREND_UP,NORMAL,ALIGNED,HEALTHY,ALLOW
2026-09-30T01:51:00Z,83468.01,83494.01,83454.0,83494.01,5.78127,83480.67333333,31.63928571,0.05,0.9,0,TREND_UP,NORMAL,ALIGNED,HEALTHY,ALLOW
2026-09-30T01:52:00Z,83494.01,83506.01,83464.0,83464.0,3.98987,83478.00333333,31.86357143,0.05,0.9,0,TREND_DOWN,NORMAL,NEUTRAL,HEALTHY,ALLOW
2026-09-30T01:53:00Z,83464.0,83464.01,83444.0,83444.01,1.62094,83450.67333333,32.08785714,0.05,0.9,0,TREND_DOWN,NORMAL,NEUTRAL,HEALTHY,ALLOW
2026-09-30T01:54:00Z,83444.0,83464.01,83432.75,83460.01,3.16949,83452.25666667,33.32,0.05,0.9,0,TREND_UP,NORMAL,ALIGNED,HEALTHY,ALLOW
2026-09-30T01:55:00Z,83460.01,83460.01,83428.0,83430.0,3.3139,83439.33666667,34.43071429,0.05,0.9,0,TREND_DOWN,NORMAL,NEUTRAL,HEALTHY,ALLOW
2026-09-30T01:56:00Z,83430.0,83436.01,83428.09,83428.1,1.81777,83430.73333333,32.56785714,0.05,0.9,0,TREND_DOWN,NORMAL,NEUTRAL,HEALTHY,ALLOW
2026-09-30T01:57:00Z,83428.09,83460.01,83415.76,83460.0,5.23556,83445.25666667,33.585,0.05,0.9,0,TREND_UP,NORMAL,ALIGNED,HEALTHY,ALLOW
2026-09-30T01:58:00Z,83460.01,83460.01,83436.0,83436.01,2.45,83444.00666667,33.87071429,0.05,0.9,0,TREND_DOWN,NORMAL,NEUTRAL,HEALTHY,ALLOW
2026-09-30T01:59:00Z,83436.01,83450.01,83436.0,83448.01,1.39085,83444.67333333,32.64428571,0.05,0.9,0,TREND_UP,NORMAL,ALIGNED,HEALTHY,ALLOW
2026-09-30T02:00:00Z,83448.01,83468.01,83438.0,83468.0,2.63529,83458.00333333,31.13214286,0.05,0.9,0,TREND_UP,NORMAL,ALIGNED,HEALTHY,ALLOW
2026-09-30T02:01:00Z,83468.0,83498.01,83462.0,83498.01,2.60807,83486.00666667,31.41785714,0.05,0.9,0,TREND_UP,NORMAL,ALIGNED,HEALTHY,ALLOW
2026-09-30T02:02:00Z,83498.0,83498.01,83464.0,83464.0,4.79553,83475.33666667,30.40714286,0.05,0.9,0,TREND_DOWN,NORMAL,NEUTRAL,HEALTHY,ALLOW
2026-09-30T02:03:00Z,83464.0,83492.01,83454.0,83470.0,4.66982,83472.00333333,29.82428571,0.05,0.9,0,TREND_UP,NORMAL,ALIGNED,HEALTHY,ALLOW
2026-09-30T02:04:00Z,83470.01,83510.01,83470.0,83510.0,2.7768,83496.67,30.96714286,0.05,0.9,0,TREND_UP,NORMAL,ALIGNED,HEALTHY,ALLOW
2026-09-30T02:05:00Z,83510.01,83540.01,83510.0,83534.01,3.79896,83528.00666667,30.25285714,0.05,0.9,0,TREND_UP,NORMAL,ALIGNED,HEALTHY,ALLOW
2026-09-30T02:06:00Z,83534.0,83560.01,83534.0,83560.0,5.08215,83551.33666667,29.11,0.05,0.9,0,TREND_UP,NORMAL,ALIGNED,HEALTHY,ALLOW
2026-09-30T02:07:00Z,83560.01,83620.87,83560.0,83610.01,7.74743,83596.96,32.02857143,0.05,0.9,0,TREND_UP,NORMAL,ALIGNED,HEALTHY,ALLOW
2026-09-30T02:08:00Z,83610.0,83620.01,83574.01,83574.01,9.65169,83589.34333333,33.08142857,0.05,0.9,0,TREND_DOWN,NORMAL,NEUTRAL,HEALTHY,ALLOW
2026-09-30T02:09:00Z,83574.0,83574.0,83516.43,83524.69,7.58015,83538.37333333,34.90785714,0.05,0.9,0,TREND_DOWN,NORMAL,NEUTRAL,HEALTHY,ALLOW
2026-09-30T02:10:00Z,83524.69,83524.69,83489.2,83500.01,8.19667,83504.63333333,36.87714286,0.05,0.9,0,TREND_DOWN,NORMAL,NEUTRAL,HEALTHY,ALLOW
2026-09-30T02:11:00Z,83500.0,83506.01,83491.5,83506.0,10.35496,83501.17,34.75285714,0.05,0.9,0,TREND_UP,NORMAL,ALIGNED,HEALTHY,ALLOW
2026-09-30T02:12:00Z,83506.01,83506.01,83474.0,83474.01,5.63166,83484.67333333,35.32428571,0.05,0.9,0,TREND_DOWN,NORMAL,NEUTRAL,HEALTHY,ALLOW
2026-09-30T02:13:00Z,83474.01,83529.1,83466.0,83510.01,5.37896,83501.70333333,38.83071429,0.05,0.9,0,TREND_UP,NORMAL,ALIGNED,HEALTHY,ALLOW
2026-09-30T02:14:00Z,83510.0,83510.0,83486.01,83486.01,3.02018,83494.00666667,38.40142857,0.05,0.9,0,TREND_DOWN,NORMAL,NEUTRAL,HEALTHY,ALLOW
2026-09-30T02:15:00Z,83486.0,83497.28,83444.0,83497.28,9.47652,83479.52,39.635,0.05,0.9,0,TREND_UP,NORMAL,ALIGNED,HEALTHY,ALLOW
2026-09-30T02:16:00Z,83497.27,83497.28,83428.64,83428.65,7.04493,83451.52333333,42.10857143,0.05,0.9,0,TREND_DOWN,NORMAL,NEUTRAL,HEALTHY,ALLOW
2026-09-30T02:17:00Z,83428.64,83448.0,83427.12,83432.92,5.20139,83436.01333333,40.885,0.05,0.9,0,TREND_UP,NORMAL,ALIGNED,HEALTHY,ALLOW
2026-09-30T02:18:00Z,83432.93,83460.14,83419.21,83419.22,7.05037,83432.85666667,40.95071429,0.05,0.9,0,TREND_DOWN,NORMAL,NEUTRAL,HEALTHY,ALLOW
2026-09-30T02:19:00Z,83419.22,83419.22,83390.0,83390.01,3.55137,83399.74333333,40.89428571,0.05,0.9,0,TREND_DOWN,NORMAL,NEUTRAL,HEALTHY,ALLOW
2026-09-30T02:20:00Z,83390.0,83394.01,83384.56,83386.01,2.9695,83388.19333333,39.71142857,0.05,0.9,0,TREND_DOWN,NORMAL,NEUTRAL,HEALTHY,ALLOW
2026-09-30T02:21:00Z,83386.0,83470.96,83382.34,83470.96,5.73305,83441.42,41.69357143,0.05,0.9,0,TREND_UP,NORMAL,ALIGNED,HEALTHY,ALLOW
2026-09-30T02:22:00Z,83470.96,83506.0,83470.95,83506.0,4.63336,83494.31666667,40.91142857,0.05,0.9,0,TREND_UP,NORMAL,ALIGNED,HEALTHY,ALLOW
2026-09-30T02:23:00Z,83506.01,83552.02,83498.0,83498.0,7.27321,83516.00666667,40.65714286,0.05,0.9,0,TREND_DOWN,NORMAL,NEUTRAL,HEALTHY,ALLOW
2026-09-30T02:24:00Z,83498.01,83510.01,83474.0,83474.01,3.56966,83486.00666667,40.69428571,0.05,0.9,0,TREND_DOWN,NORMAL,NEUTRAL,HEALTHY,ALLOW
2026-09-30T02:25:00Z,83474.0,83486.01,83443.58,83460.01,5.27278,83463.2,42.68857143,0.05,0.9,0,TREND_DOWN,NORMAL,NEUTRAL,HEALTHY,ALLOW
2026-09-30T02:26:00Z,83460.0,83480.01,83460.0,83460.79,7.69385,83466.93333333,41.83142857,0.05,0.9,0,TREND_UP,NORMAL,ALIGNED,HEALTHY,ALLOW
2026-09-30T02:27:00Z,83460.8,83460.8,83430.0,83430.01,3.28034,83440.27,39.52428571,0.05,0.9,0,TREND_DOWN,NORMAL,NEUTRAL,HEALTHY,ALLOW
2026-09-30T02:28:00Z,83430.0,83430.01,83428.09,83428.09,0.56506,83428.73,37.94714286,0.05,0.9,0,TREND_DOWN,NORMAL,NEUTRAL,HEALTHY,ALLOW
2026-09-30T02:29:00Z,83428.09,83428.09,83409.69,83420.01,12.86895,83419.26333333,35.45571429,0.05,0.9,0,TREND_DOWN,NORMAL,NEUTRAL,HEALTHY,ALLOW
2026-09-30T02:30:00Z,83420.01,83438.01,83402.0,83402.0,5.87425,83414.00333333,33.125,0.05,0.9,0,TREND_DOWN,NORMAL,NEUTRAL,HEALTHY,ALLOW
2026-09-30T02:31:00Z,83402.0,83440.01,83401.72,83436.0,3.57135,83425.91,34.36857143,0.05,0.9,0,TREND_UP,NORMAL,ALIGNED,HEALTHY,ALLOW
2026-09-30T02:32:00Z,83436.0,83436.01,83368.0,83368.0,5.40554,83390.67,36.30285714,0.05,0.9,0,TREND_DOWN,NORMAL,NEUTRAL,HEALTHY,ALLOW
2026-09-30T02:33:00Z,83368.01,83368.01,83358.78,83366.0,3.24362,83364.26333333,34.875,0.05,0.9,0,TREND_DOWN,NORMAL,NEUTRAL,HEALTHY,ALLOW
2026-09-30T02:34:00Z,83366.01,83366.01,83341.67,83341.67,14.4278,83349.78333333,35.93857143,0.05,0.9,0,TREND_DOWN,NORMAL,NEUTRAL,HEALTHY,ALLOW
2026-09-30T02:35:00Z,83341.67,83341.68,83318.5,83318.5,7.08352,83326.22666667,31.26428571,0.05,0.9,0,TREND_DOWN,NORMAL,NEUTRAL,HEALTHY,ALLOW
2026-09-30T02:36:00Z,83318.51,83332.01,83298.0,83318.5,21.65558,83316.17,31.19,0.05,0.9,0,TREND_DOWN,NORMAL,NEUTRAL,HEALTHY,ALLOW
2026-09-30T02:37:00Z,83318.49,83371.25,83312.01,83324.0,16.01748,83335.75333333,31.56285714,0.05,0.9,0,TREND_UP,NORMAL,ALIGNED,HEALTHY,ALLOW
2026-09-30T02:38:00Z,83324.01,83331.45,83312.02,83326.01,3.38525,83323.16,30.37857143,0.05,0.9,0,TREND_UP,NORMAL,ALIGNED,HEALTHY,ALLOW
2026-09-30T02:39:00Z,83326.01,83350.0,83316.21,83349.99,13.74064,83338.73333333,29.76142857,0.05,0.9,0,TREND_UP,NORMAL,ALIGNED,HEALTHY,ALLOW
2026-09-30T02:40:00Z,83350.0,83436.01,83350.0,83436.0,5.04034,83407.33666667,34.47642857,0.05,0.9,0,TREND_UP,NORMAL,ALIGNED,HEALTHY,ALLOW
2026-09-30T02:41:00Z,83436.01,83445.95,83428.2,83438.01,3.06553,83437.38666667,33.54428571,0.05,0.9,0,TREND_UP,NORMAL,ALIGNED,HEALTHY,ALLOW
2026-09-30T02:42:00Z,83438.01,83438.01,83350.0,83350.0,6.75546,83379.33666667,39.69357143,0.05,0.9,0,TREND_DOWN,NORMAL,NEUTRAL,HEALTHY,ALLOW
2026-09-30T02:43:00Z,83350.0,83362.01,83340.16,83362.01,2.37463,83354.72666667,39.94,0.05,0.9,0,TREND_UP,NORMAL,ALIGNED,HEALTHY,ALLOW
2026-09-30T02:44:00Z,83362.0,83386.48,83362.0,83386.47,3.29507,83378.31666667,39.11642857,0.05,0.9,0,TREND_UP,NORMAL,ALIGNED,HEALTHY,ALLOW
2026-09-30T02:45:00Z,83386.47,83388.0,83362.0,83388.0,3.81933,83379.33333333,38.23857143,0.05,0.9,0,TREND_UP,NORMAL,ALIGNED,HEALTHY,ALLOW
2026-09-30T02:46:00Z,83388.0,83410.01,83388.0,83406.0,2.0409,83401.33666667,34.95285714,0.05,0.9,0,TREND_UP,NORMAL,ALIGNED,HEALTHY,ALLOW
2026-09-30T02:47:00Z,83406.0,83470.01,83406.0,83470.01,4.24918,83448.67333333,38.86571429,0.05,0.9,0,TREND_UP,NORMAL,ALIGNED,HEALTHY,ALLOW
2026-09-30T02:48:00Z,83470.01,83484.01,83459.83,83466.01,5.91816,83469.95,38.85428571,0.05,0.9,0,TREND_DOWN,NORMAL,NEUTRAL,HEALTHY,ALLOW
2026-09-30T02:49:00Z,83466.0,83466.01,83440.0,83440.0,3.09449,83448.67,39.05642857,0.05,0.9,0,TREND_DOWN,NORMAL,NEUTRAL,HEALTHY,ALLOW
2026-09-30T02:50:00Z,83440.01,83440.01,83434.0,83434.01,1.96406,83436.00666667,37.05642857,0.05,0.9,0,TREND_DOWN,NORMAL,NEUTRAL,HEALTHY,ALLOW
2026-09-30T02:51:00Z,83434.01,83454.01,83434.01,83438.0,3.63466,83442.00666667,34.25357143,0.05,0.9,0,TREND_UP,NORMAL,ALIGNED,HEALTHY,ALLOW
2026-09-30T02:52:00Z,83438.0,83468.01,83434.0,83442.34,5.71857,83448.11666667,35.295,0.05,0.9,0,TREND_UP,NORMAL,ALIGNED,HEALTHY,ALLOW
2026-09-30T02:53:00Z,83442.35,83442.35,83432.0,83432.01,2.34617,83435.45333333,33.62071429,0.05,0.9,0,TREND_DOWN,NORMAL,NEUTRAL,HEALTHY,ALLOW
2026-09-30T02:54:00Z,83432.01,83432.01,83426.0,83426.01,7.63964,83428.00666667,27.90571429,0.05,0.9,0,TREND_DOWN,NORMAL,NEUTRAL,HEALTHY,ALLOW
2026-09-30T02:55:00Z,83426.01,83430.01,83426.0,83430.01,0.88309,83428.67333333,26.92428571,0.05,0.9,0,TREND_UP,NORMAL,ALIGNED,HEALTHY,ALLOW
2026-09-30T02:56:00Z,83430.01,83430.01,83382.09,83382.09,9.30544,83398.06333333,24.06071429,0.05,0.9,0,TREND_DOWN,NORMAL,NEUTRAL,HEALTHY,ALLOW
2026-09-30T02:57:00Z,83382.09,83382.1,83382.09,83382.09,0.75657,83382.09333333,22.50071429,0.05,0.9,0,TREND_UP,NORMAL,ALIGNED,HEALTHY,ALLOW
2026-09-30T02:58:00Z,83382.1,83382.1,83368.0,83368.0,4.33831,83372.7,21.75928571,0.05,0.9,0,TREND_DOWN,NORMAL,NEUTRAL,HEALTHY,ALLOW
2026-09-30T02:59:00Z,83368.0,83384.68,83368.0,83384.68,1.58152,83379.12,21.09357143,0.05,0.9,0,TREND_UP,NORMAL,ALIGNED,HEALTHY,ALLOW
2026-09-30T03:00:00Z,83384.68,83412.01,83384.68,83396.01,3.31952,83397.56666667,21.47357143,0.05,0.9,0,TREND_UP,NORMAL,ALIGNED,HEALTHY,ALLOW
2026-09-30T03:01:00Z,83396.0,83396.0,83333.0,83333.01,4.13523,83354.00333333,21.40214286,0.05,0.9,0,TREND_DOWN,NORMAL,NEUTRAL,HEALTHY,ALLOW
2026-09-30T03:02:00Z,83333.0,83378.0,83331.99,83352.35,6.54149,83354.11333333,22.96142857,0.05,0.9,0,TREND_UP,NORMAL,ALIGNED,HEALTHY,ALLOW
2026-09-30T03:03:00Z,83352.36,83368.68,83352.0,83368.68,2.39764,83363.12,22.295,0.05,0.9,0,TREND_UP,NORMAL,ALIGNED,HEALTHY,ALLOW
2026-09-30T03:04:00Z,83368.67,83407.29,83368.67,83407.29,3.04402,83394.41666667,24.62428571,0.05,0.9,0,TREND_UP,NORMAL,ALIGNED,HEALTHY,ALLOW
2026-09-30T03:05:00Z,83407.28,83423.8,83404.0,83423.8,1.59829,83417.2,24.61,0.05,0.9,0,TREND_UP,NORMAL,ALIGNED,HEALTHY,ALLOW
2026-09-30T03:06:00Z,83423.8,83423.8,83398.0,83398.01,2.92298,83406.60333333,24.02357143,0.05,0.9,0,TREND_DOWN,NORMAL,NEUTRAL,HEALTHY,ALLOW
2026-09-30T03:07:00Z,83398.01,83398.01,83372.31,83382.0,4.48721,83384.10666667,25.12,0.05,0.9,0,TREND_DOWN,NORMAL,NEUTRAL,HEALTHY,ALLOW
2026-09-30T03:08:00Z,83382.01,83382.01,83360.24,83376.01,2.24083,83372.75333333,26.24571429,0.05,0.9,0,TREND_DOWN,NORMAL,NEUTRAL,HEALTHY,ALLOW
2026-09-30T03:09:00Z,83376.01,83400.01,83376.01,83384.0,3.68687,83386.67333333,27.67357143,0.05,0.9,0,TREND_UP,NORMAL,ALIGNED,HEALTHY,ALLOW
2026-09-30T03:10:00Z,83384.01,83384.01,83362.0,83362.01,2.09641,83369.34,25.82285714,0.05,0.9,0,TREND_DOWN,NORMAL,NEUTRAL,HEALTHY,ALLOW
2026-09-30T03:11:00Z,83362.0,83362.01,83350.0,83350.0,1.72642,83354.00333333,26.68,0.05,0.9,0,TREND_DOWN,NORMAL,NEUTRAL,HEALTHY,ALLOW
2026-09-30T03:12:00Z,83350.01,83350.01,83350.0,83350.0,1.0103,83350.00333333,25.67357143,0.05,0.9,0,TREND_DOWN,NORMAL,NEUTRAL,HEALTHY,ALLOW
2026-09-30T03:13:00Z,83350.01,83350.01,83340.0,83340.01,2.06636,83343.34,25.19714286,0.05,0.9,0,TREND_DOWN,NORMAL,NEUTRAL,HEALTHY,ALLOW
2026-09-30T03:14:00Z,83340.0,83340.01,83331.99,83332.0,2.20821,83334.66666667,23.81785714,0.05,0.9,0,TREND_DOWN,NORMAL,NEUTRAL,HEALTHY,ALLOW
2026-09-30T03:15:00Z,83332.0,83332.0,83331.99,83331.99,0.8581,83331.99333333,19.31785714,0.05,0.9,0,TREND_DOWN,NORMAL,NEUTRAL,HEALTHY,ALLOW
2026-09-30T03:16:00Z,83332.0,83332.0,83238.46,83253.74,21.48446,83274.73333333,22.71285714,0.05,0.9,0,TREND_DOWN,NORMAL,NEUTRAL,HEALTHY,ALLOW
2026-09-30T03:17:00Z,83253.74,83253.74,83230.0,83238.01,5.91779,83240.58333333,23.21714286,0.05,0.9,0,TREND_DOWN,NORMAL,NEUTRAL,HEALTHY,ALLOW
2026-09-30T03:18:00Z,83238.0,83238.01,83188.32,83188.32,31.19665,83204.88333333,24.00785714,0.05,0.9,0,TREND_DOWN,NORMAL,NEUTRAL,HEALTHY,ALLOW
2026-09-30T03:19:00Z,83188.32,83200.01,83175.67,83175.68,31.67981,83183.78666667,24.33214286,0.05,0.9,0,TREND_DOWN,NORMAL,NEUTRAL,HEALTHY,ALLOW
2026-09-30T03:20:00Z,83175.68,83227.16,83175.67,83227.15,4.39456,83209.99333333,26.16714286,0.05,0.9,0,TREND_UP,NORMAL,ALIGNED,HEALTHY,ALLOW
2026-09-30T03:21:00Z,83227.16,83253.59,83227.15,83253.59,5.92342,83244.77666667,26.22,0.05,0.9,0,TREND_UP,NORMAL,ALIGNED,HEALTHY,ALLOW
2026-09-30T03:22:00Z,83253.87,83300.01,83253.86,83296.67,6.24915,83283.51333333,27.98071429,0.05,0.9,0,TREND_UP,NORMAL,ALIGNED,HEALTHY,ALLOW
2026-09-30T03:23:00Z,83296.68,83318.5,83296.67,83302.01,2.83665,83305.72666667,27.82571429,0.05,0.9,0,TREND_UP,NORMAL,ALIGNED,HEALTHY,ALLOW
2026-09-30T03:24:00Z,83302.0,83302.01,83278.0,83278.01,2.48744,83286.00666667,27.96857143,0.05,0.9,0,TREND_DOWN,NORMAL,NEUTRAL,HEALTHY,ALLOW
2026-09-30T03:25:00Z,83278.01,83278.01,83266.02,83266.02,1.84145,83270.01666667,27.96714286,0.05,0.9,0,TREND_DOWN,NORMAL,NEUTRAL,HEALTHY,ALLOW
2026-09-30T03:26:00Z,83266.03,83266.03,83242.43,83260.0,3.13391,83256.15333333,29.65214286,0.05,0.9,0,TREND_DOWN,NORMAL,NEUTRAL,HEALTHY,ALLOW
2026-09-30T03:27:00Z,83260.01,83281.85,83260.0,83281.84,2.39491,83274.56333333,30.49785714,0.05,0.9,0,TREND_UP,NORMAL,ALIGNED,HEALTHY,ALLOW
2026-09-30T03:28:00Z,83281.85,83318.5,83281.85,83318.5,3.72417,83306.28333333,32.54357143,0.05,0.9,0,TREND_UP,NORMAL,ALIGNED,HEALTHY,ALLOW
2026-09-30T03:29:00Z,83318.5,83327.32,83318.49,83321.39,1.46303,83322.4,33.17357143,0.05,0.9,0,TREND_UP,NORMAL,ALIGNED,HEALTHY,ALLOW
2026-09-30T03:30:00Z,83321.39,83321.39,83295.5,83295.5,2.7441,83304.13,28.34142857,0.05,0.9,0,TREND_DOWN,NORMAL,NEUTRAL,HEALTHY,ALLOW
2026-09-30T03:31:00Z,83295.5,83295.5,83280.0,83280.0,2.6563,83285.16666667,27.75285714,0.05,0.9,0,TREND_DOWN,NORMAL,NEUTRAL,HEALTHY,ALLOW
2026-09-30T03:32:00Z,83280.01,83280.01,83262.0,83262.0,1.55304,83268.00333333,25.49,0.05,0.9,0,TREND_DOWN,NORMAL,NEUTRAL,HEALTHY,ALLOW
2026-09-30T03:33:00Z,83262.0,83294.65,83262.0,83294.65,10.04036,83283.76666667,26.08357143,0.05,0.9,0,TREND_UP,NORMAL,ALIGNED,HEALTHY,ALLOW
2026-09-30T03:34:00Z,83294.65,83294.65,83294.64,83294.65,1.6186,83294.64666667,22.40642857,0.05,0.9,0,TREND_UP,NORMAL,ALIGNED,HEALTHY,ALLOW
2026-09-30T03:35:00Z,83294.65,83313.41,83270.0,83280.01,4.18216,83287.80666667,23.61857143,0.05,0.9,0,TREND_DOWN,NORMAL,NEUTRAL,HEALTHY,ALLOW
2026-09-30T03:36:00Z,83280.01,83318.5,83271.07,83318.5,3.56225,83302.69,23.69071429,0.05,0.9,0,TREND_UP,NORMAL,ALIGNED,HEALTHY,ALLOW
2026-09-30T03:37:00Z,83318.5,83346.01,83318.5,83346.01,5.60857,83336.84,24.09642857,0.05,0.9,0,TREND_UP,NORMAL,ALIGNED,HEALTHY,ALLOW
2026-09-30T03:38:00Z,83346.01,83357.51,83346.0,83357.5,2.28974,83353.67,23.20357143,0.05,0.9,0,TREND_UP,NORMAL,ALIGNED,HEALTHY,ALLOW
2026-09-30T03:39:00Z,83357.51,83386.01,83357.5,83386.0,2.71486,83376.50333333,24.38357143,0.05,0.9,0,TREND_UP,NORMAL,ALIGNED,HEALTHY,ALLOW
2026-09-30T03:40:00Z,83386.0,83399.69,83380.0,83399.68,3.32344,83393.12333333,24.10428571,0.05,0.9,0,TREND_UP,NORMAL,ALIGNED,HEALTHY,ALLOW
2026-09-30T03:41:00Z,83399.69,83427.51,83399.68,83418.14,9.02184,83415.11,24.53142857,0.05,0.9,0,TREND_UP,NORMAL,ALIGNED,HEALTHY,ALLOW
2026-09-30T03:42:00Z,83418.13,83418.14,83404.0,83404.0,2.65657,83408.71333333,22.92285714,0.05,0.9,0,TREND_DOWN,NORMAL,NEUTRAL,HEALTHY,ALLOW
2026-09-30T03:43:00Z,83404.0,83416.01,83396.0,83416.0,1.09348,83409.33666667,23.72142857,0.05,0.9,0,TREND_UP,NORMAL,ALIGNED,HEALTHY,ALLOW
2026-09-30T03:44:00Z,83416.0,83416.01,83361.15,83362.0,4.11151,83379.72,25.79071429,0.05,0.9,0,TREND_DOWN,NORMAL,NEUTRAL,HEALTHY,ALLOW
2026-09-30T03:45:00Z,83362.0,83362.01,83326.01,83326.02,4.04606,83338.01333333,27.255,0.05,0.9,0,TREND_DOWN,NORMAL,NEUTRAL,HEALTHY,ALLOW
2026-09-30T03:46:00Z,83326.01,83326.02,83312.0,83312.0,3.67814,83316.67333333,26.97,0.05,0.9,0,TREND_DOWN,NORMAL,NEUTRAL,HEALTHY,ALLOW
2026-09-30T03:47:00Z,83312.0,83338.01,83312.0,83324.48,3.87438,83324.83,26.49571429,0.05,0.9,0,TREND_UP,NORMAL,ALIGNED,HEALTHY,ALLOW
2026-09-30T03:48:00Z,83324.48,83326.01,83315.01,83315.02,2.60771,83318.68,27.28071429,0.05,0.9,0,TREND_DOWN,NORMAL,NEUTRAL,HEALTHY,ALLOW
2026-09-30T03:49:00Z,83315.01,83326.01,83315.01,83320.77,1.17578,83320.59666667,24.96571429,0.05,0.9,0,TREND_UP,NORMAL,ALIGNED,HEALTHY,ALLOW
2026-09-30T03:50:00Z,83320.76,83328.01,83304.0,83328.0,2.78986,83320.00333333,23.29285714,0.05,0.9,0,TREND_UP,NORMAL,ALIGNED,HEALTHY,ALLOW
2026-09-30T03:51:00Z,83328.0,83328.0,83306.41,83306.41,2.58468,83313.60666667,22.87,0.05,0.9,0,TREND_DOWN,NORMAL,NEUTRAL,HEALTHY,ALLOW
2026-09-30T03:52:00Z,83306.41,83306.42,83293.56,83293.57,2.20835,83297.85,22.96642857,0.05,0.9,0,TREND_DOWN,NORMAL,NEUTRAL,HEALTHY,ALLOW
2026-09-30T03:53:00Z,83293.57,83300.01,83281.96,83294.01,3.54316,83291.99333333,22.21928571,0.05,0.9,0,TREND_UP,NORMAL,ALIGNED,HEALTHY,ALLOW
2026-09-30T03:54:00Z,83294.01,83314.01,83294.0,83314.0,2.3388,83307.33666667,22.24214286,0.05,0.9,0,TREND_UP,NORMAL,ALIGNED,HEALTHY,ALLOW
2026-09-30T03:55:00Z,83314.01,83320.01,83286.0,83286.0,4.13223,83297.33666667,22.68357143,0.05,0.9,0,TREND_DOWN,NORMAL,NEUTRAL,HEALTHY,ALLOW
2026-09-30T03:56:00Z,83286.01,83292.25,83280.0,83280.0,2.45772,83284.08333333,22.54857143,0.05,0.9,0,TREND_DOWN,NORMAL,NEUTRAL,HEALTHY,ALLOW
2026-09-30T03:57:00Z,83280.0,83284.01,83280.0,83284.01,0.86194,83282.67333333,21.40571429,0.05,0.9,0,TREND_UP,NORMAL,ALIGNED,HEALTHY,ALLOW
2026-09-30T03:58:00Z,83284.01,83294.01,83284.0,83294.01,0.87524,83290.67333333,18.20214286,0.05,0.9,0,TREND_UP,NORMAL,ALIGNED,HEALTHY,ALLOW
2026-09-30T03:59:00Z,83294.01,83300.65,83294.0,83300.65,1.33753,83298.43333333,16.10571429,0.05,0.9,0,TREND_UP,NORMAL,ALIGNED,HEALTHY,ALLOW
2026-09-30T04:00:00Z,83300.65,83335.53,83300.64,83330.0,3.18177,83322.05666667,17.59642857,0.05,0.9,0,TREND_UP,NORMAL,ALIGNED,HEALTHY,ALLOW
2026-09-30T04:01:00Z,83330.0,83334.01,83322.35,83334.01,3.78373,83330.12333333,16.57142857,0.05,0.9,0,TREND_UP,NORMAL,ALIGNED,HEALTHY,ALLOW
2026-09-30T04:02:00Z,83334.01,83386.01,83334.0,83386.01,4.22966,83368.67333333,19.50071429,0.05,0.9,0,TREND_UP,NORMAL,ALIGNED,HEALTHY,ALLOW
2026-09-30T04:03:00Z,83386.02,83402.14,83386.01,83402.14,2.30162,83396.76333333,19.86714286,0.05,0.9,0,TREND_UP,NORMAL,ALIGNED,HEALTHY,ALLOW
2026-09-30T04:04:00Z,83402.15,83416.0,83394.89,83408.01,3.83462,83406.3,19.66,0.05,0.9,0,TREND_UP,NORMAL,ALIGNED,HEALTHY,ALLOW
2026-09-30T04:05:00Z,83408.0,83418.01,83396.0,83396.0,7.8554,83403.33666667,19.69,0.05,0.9,0,TREND_DOWN,NORMAL,NEUTRAL,HEALTHY,ALLOW
2026-09-30T04:06:00Z,83396.0,83396.01,83364.39,83364.4,2.91487,83374.93333333,21.03,0.05,0.9,0,TREND_DOWN,NORMAL,NEUTRAL,HEALTHY,ALLOW
2026-09-30T04:07:00Z,83364.39,83364.4,83354.0,83362.0,2.24002,83360.13333333,20.48357143,0.05,0.9,0,TREND_DOWN,NORMAL,NEUTRAL,HEALTHY,ALLOW
2026-09-30T04:08:00Z,83362.01,83362.01,83333.66,83344.01,5.55446,83346.56,21.07928571,0.05,0.9,0,TREND_DOWN,NORMAL,NEUTRAL,HEALTHY,ALLOW
2026-09-30T04:09:00Z,83344.0,83344.01,83312.68,83318.49,3.63739,83325.06,20.88785714,0.05,0.9,0,TREND_DOWN,NORMAL,NEUTRAL,HEALTHY,ALLOW
2026-09-30T04:10:00Z,83318.49,83338.01,83318.49,83332.71,3.77413,83329.73666667,21.40714286,0.05,0.9,0,TREND_UP,NORMAL,ALIGNED,HEALTHY,ALLOW
2026-09-30T04:11:00Z,83332.7,83352.01,83332.7,83352.01,2.16612,83345.57333333,22.5,0.05,0.9,0,TREND_UP,NORMAL,ALIGNED,HEALTHY,ALLOW
2026-09-30T04:12:00Z,83352.0,83358.53,83352.0,83358.52,1.09207,83356.35,22.25142857,0.05,0.9,0,TREND_UP,NORMAL,ALIGNED,HEALTHY,ALLOW
2026-09-30T04:13:00Z,83358.52,83377.91,83358.52,83377.91,3.98736,83371.44666667,23.16142857,0.05,0.9,0,TREND_UP,NORMAL,ALIGNED,HEALTHY,ALLOW
2026-09-30T04:14:00Z,83377.91,83377.92,83369.08,83369.08,6.32826,83372.02666667,21.30071429,0.05,0.9,0,TREND_DOWN,NORMAL,NEUTRAL,HEALTHY,ALLOW
2026-09-30T04:15:00Z,83369.09,83387.55,83369.08,83387.55,2.89372,83381.39333333,21.78714286,0.05,0.9,0,TREND_UP,NORMAL,ALIGNED,HEALTHY,ALLOW
2026-09-30T04:16:00Z,83387.54,83400.0,83387.54,83399.99,1.60092,83395.84333333,18.96214286,0.05,0.9,0,TREND_UP,NORMAL,ALIGNED,HEALTHY,ALLOW
2026-09-30T04:17:00Z,83400.0,83402.01,83399.99,83402.0,1.37931,83401.33333333,17.95428571,0.05,0.9,0,TREND_UP,NORMAL,ALIGNED,HEALTHY,ALLOW
2026-09-30T04:18:00Z,83402.01,83433.33,83402.0,83433.33,23.09893,83422.88666667,18.68428571,0.05,0.9,0,TREND_UP,NORMAL,ALIGNED,HEALTHY,ALLOW
2026-09-30T04:19:00Z,83433.32,83433.33,83395.24,83395.25,15.38999,83407.94,19.83285714,0.05,0.9,0,TREND_DOWN,NORMAL,NEUTRAL,HEALTHY,ALLOW
2026-09-30T04:20:00Z,83395.25,83395.25,83387.41,83387.41,4.31794,83390.02333333,18.13428571,0.05,0.9,0,TREND_DOWN,NORMAL,NEUTRAL,HEALTHY,ALLOW
2026-09-30T04:21:00Z,83387.41,83410.0,83380.36,83409.99,7.35557,83400.11666667,19.50857143,0.05,0.9,0,TREND_UP,NORMAL,ALIGNED,HEALTHY,ALLOW
2026-09-30T04:22:00Z,83410.0,83410.0,83394.31,83394.32,4.61763,83399.54333333,18.60428571,0.05,0.9,0,TREND_DOWN,NORMAL,NEUTRAL,HEALTHY,ALLOW
2026-09-30T04:23:00Z,83394.31,83394.32,83385.49,83385.5,2.48295,83388.43666667,16.99714286,0.05,0.9,0,TREND_DOWN,NORMAL,NEUTRAL,HEALTHY,ALLOW
2026-09-30T04:24:00Z,83385.5,83385.5,83364.01,83364.02,1.35798,83371.17666667,17.13785714,0.05,0.9,0,TREND_DOWN,NORMAL,NEUTRAL,HEALTHY,ALLOW
2026-09-30T04:25:00Z,83364.01,83423.8,83358.52,83423.79,7.38973,83402.03666667,20.42142857,0.05,0.9,0,TREND_UP,NORMAL,ALIGNED,HEALTHY,ALLOW
2026-09-30T04:26:00Z,83423.79,83423.8,83408.38,83408.39,2.1888,83413.52333333,21.05642857,0.05,0.9,0,TREND_DOWN,NORMAL,NEUTRAL,HEALTHY,ALLOW
2026-09-30T04:27:00Z,83408.38,83408.39,83400.0,83400.0,1.55728,83402.79666667,20.27071429,0.05,0.9,0,TREND_DOWN,NORMAL,NEUTRAL,HEALTHY,ALLOW
2026-09-30T04:28:00Z,83400.01,83400.01,83374.01,83374.01,3.00355,83382.67666667,21.49642857,0.05,0.9,0,TREND_DOWN,NORMAL,NEUTRAL,HEALTHY,ALLOW
2026-09-30T04:29:00Z,83374.01,83374.02,83361.74,83370.01,9.84134,83368.59,21.05428571,0.05,0.9,0,TREND_DOWN,NORMAL,NEUTRAL,HEALTHY,ALLOW
2026-09-30T04:30:00Z,83370.01,83370.01,83370.0,83370.0,0.84281,83370.00333333,20.165,0.05,0.9,0,TREND_DOWN,NORMAL,NEUTRAL,HEALTHY,ALLOW
2026-09-30T04:31:00Z,83370.01,83370.01,83334.41,83338.01,8.00277,83347.47666667,22.56357143,0.05,0.9,0,TREND_DOWN,NORMAL,NEUTRAL,HEALTHY,ALLOW
2026-09-30T04:32:00Z,83338.0,83338.01,83318.52,83318.53,5.14519,83325.02,21.71785714,0.05,0.9,0,TREND_DOWN,NORMAL,NEUTRAL,HEALTHY,ALLOW
2026-09-30T04:33:00Z,83318.52,83318.53,83318.52,83318.52,1.98057,83318.52333333,18.99785714,0.05,0.9,0,TREND_UP,NORMAL,ALIGNED,HEALTHY,ALLOW
2026-09-30T04:34:00Z,83318.53,83318.53,83318.52,83318.53,0.64808,83318.52666667,18.43857143,0.05,0.9,0,TREND_UP,NORMAL,ALIGNED,HEALTHY,ALLOW
2026-09-30T04:35:00Z,83318.53,83344.01,83296.0,83344.01,28.78033,83328.00666667,19.75071429,0.05,0.9,0,TREND_UP,NORMAL,ALIGNED,HEALTHY,ALLOW
2026-09-30T04:36:00Z,83344.01,83394.01,83338.99,83394.01,10.37769,83375.67,22.56,0.05,0.9,0,TREND_UP,NORMAL,ALIGNED,HEALTHY,ALLOW
2026-09-30T04:37:00Z,83394.0,83394.01,83365.77,83365.78,3.33704,83375.18666667,23.94642857,0.05,0.9,0,TREND_DOWN,NORMAL,NEUTRAL,HEALTHY,ALLOW
2026-09-30T04:38:00Z,83365.77,83389.24,83365.77,83366.0,8.19798,83373.67,24.08785714,0.05,0.9,0,TREND_UP,NORMAL,ALIGNED,HEALTHY,ALLOW
2026-09-30T04:39:00Z,83366.01,83366.01,83355.11,83355.12,2.26216,83358.74666667,20.20357143,0.05,0.9,0,TREND_DOWN,NORMAL,NEUTRAL,HEALTHY,ALLOW
2026-09-30T04:40:00Z,83355.12,83355.12,83324.01,83324.01,3.66955,83334.38,21.32428571,0.05,0.9,0,TREND_DOWN,NORMAL,NEUTRAL,HEALTHY,ALLOW
2026-09-30T04:41:00Z,83324.0,83324.0,83316.0,83320.0,4.77124,83320.0,21.29714286,0.05,0.9,0,TREND_DOWN,NORMAL,NEUTRAL,HEALTHY,ALLOW
2026-09-30T04:42:00Z,83320.0,83320.0,83319.99,83320.0,0.54775,83319.99666667,19.44071429,0.05,0.9,0,TREND_UP,NORMAL,ALIGNED,HEALTHY,ALLOW
2026-09-30T04:43:00Z,83320.0,83320.0,83319.99,83319.99,2.01236,83319.99333333,18.56428571,0.05,0.9,0,TREND_DOWN,NORMAL,NEUTRAL,HEALTHY,ALLOW
2026-09-30T04:44:00Z,83319.99,83320.0,83316.38,83316.38,0.76131,83317.58666667,18.82214286,0.05,0.9,0,TREND_DOWN,NORMAL,NEUTRAL,HEALTHY,ALLOW
2026-09-30T04:45:00Z,83316.39,83320.0,83316.38,83320.0,3.61815,83318.79333333,16.53785714,0.05,0.9,0,TREND_UP,NORMAL,ALIGNED,HEALTHY,ALLOW
2026-09-30T04:46:00Z,83319.99,83320.0,83319.99,83319.99,1.02519,83319.99333333,15.14642857,0.05,0.9,0,TREND_UP,NORMAL,ALIGNED,HEALTHY,ALLOW
2026-09-30T04:47:00Z,83320.0,83320.0,83305.46,83305.47,7.29746,83310.31,16.18428571,0.05,0.9,0,TREND_DOWN,NORMAL,NEUTRAL,HEALTHY,ALLOW
2026-09-30T04:48:00Z,83305.47,83305.47,83304.0,83304.0,0.87215,83304.49,16.28857143,0.05,0.9,0,TREND_DOWN,NORMAL,NEUTRAL,HEALTHY,ALLOW
2026-09-30T04:49:00Z,83304.01,83304.01,83260.01,83260.02,4.00888,83274.68,16.00214286,0.05,0.9,0,TREND_DOWN,NORMAL,NEUTRAL,HEALTHY,ALLOW
2026-09-30T04:50:00Z,83260.01,83260.02,83248.56,83252.92,7.22834,83253.83333333,12.89071429,0.05,0.9,0,TREND_DOWN,NORMAL,NEUTRAL,HEALTHY,ALLOW
2026-09-30T04:51:00Z,83252.92,83252.92,83236.69,83236.69,2.78913,83242.1,12.03285714,0.05,0.9,0,TREND_DOWN,NORMAL,NEUTRAL,HEALTHY,ALLOW
2026-09-30T04:52:00Z,83236.7,83236.7,83230.0,83230.01,1.72165,83232.23666667,10.835,0.05,0.9,0,TREND_DOWN,NORMAL,NEUTRAL,HEALTHY,ALLOW
2026-09-30T04:53:00Z,83230.0,83230.01,83228.72,83228.72,0.90238,83229.15,10.14857143,0.05,0.9,0,TREND_DOWN,NORMAL,NEUTRAL,HEALTHY,ALLOW
2026-09-30T04:54:00Z,83228.73,83228.73,83214.0,83214.01,3.5872,83218.91333333,8.97857143,0.05,0.9,0,TREND_DOWN,NORMAL,NEUTRAL,HEALTHY,ALLOW
2026-09-30T04:55:00Z,83214.0,83214.01,83214.0,83214.0,1.24258,83214.00333333,8.40714286,0.05,0.9,0,TREND_UP,NORMAL,ALIGNED,HEALTHY,ALLOW
2026-09-30T04:56:00Z,83214.01,83214.01,83214.0,83214.0,0.98255,83214.00333333,8.40714286,0.05,0.9,0,TREND_DOWN,NORMAL,NEUTRAL,HEALTHY,ALLOW
2026-09-30T04:57:00Z,83214.01,83222.34,83214.0,83222.33,5.55353,83219.55666667,9.00214286,0.05,0.9,0,TREND_UP,NORMAL,ALIGNED,HEALTHY,ALLOW
2026-09-30T04:58:00Z,83222.33,83222.34,83222.33,83222.34,0.81998,83222.33666667,8.74428571,0.05,0.9,0,TREND_UP,NORMAL,ALIGNED,HEALTHY,ALLOW
2026-09-30T04:59:00Z,83222.33,83222.34,83210.0,83210.01,18.14055,83214.11666667,9.36714286,0.05,0.9,0,TREND_DOWN,NORMAL,NEUTRAL,HEALTHY,ALLOW
2026-09-30T05:00:00Z,83210.01,83330.84,83210.0,83330.84,15.54962,83290.56,17.99785714,0.05,0.9,0,TREND_UP,NORMAL,ALIGNED,HEALTHY,ALLOW
2026-09-30T05:01:00Z,83330.85,83340.01,83322.76,83340.01,3.52177,83334.26,18.19142857,0.05,0.9,0,TREND_UP,NORMAL,ALIGNED,HEALTHY,ALLOW
2026-09-30T05:02:00Z,83340.0,83346.01,83305.98,83305.99,4.58764,83319.32666667,20.94571429,0.05,0.9,0,TREND_DOWN,NORMAL,NEUTRAL,HEALTHY,ALLOW
2026-09-30T05:03:00Z,83305.99,83305.99,83288.0,83288.0,2.38355,83293.99666667,19.08785714,0.05,0.9,0,TREND_DOWN,NORMAL,NEUTRAL,HEALTHY,ALLOW
2026-09-30T05:04:00Z,83288.0,83298.01,83280.65,83292.01,6.68674,83290.22333333,19.50928571,0.05,0.9,0,TREND_UP,NORMAL,ALIGNED,HEALTHY,ALLOW
2026-09-30T05:05:00Z,83292.0,83292.0,83269.89,83286.0,2.81123,83282.63,19.93,0.05,0.9,0,TREND_DOWN,NORMAL,NEUTRAL,HEALTHY,ALLOW
2026-09-30T05:06:00Z,83286.0,83318.5,83286.0,83318.49,2.45514,83307.66333333,21.77285714,0.05,0.9,0,TREND_UP,NORMAL,ALIGNED,HEALTHY,ALLOW
2026-09-30T05:07:00Z,83318.5,83318.5,83286.0,83286.0,4.62772,83296.83333333,24.00214286,0.05,0.9,0,TREND_DOWN,NORMAL,NEUTRAL,HEALTHY,ALLOW
2026-09-30T05:08:00Z,83286.01,83286.01,83276.0,83286.0,4.58485,83282.67,23.665,0.05,0.9,0,TREND_DOWN,NORMAL,NEUTRAL,HEALTHY,ALLOW
2026-09-30T05:09:00Z,83286.01,83310.01,83286.0,83310.0,27.40172,83302.00333333,25.37928571,0.05,0.9,0,TREND_UP,NORMAL,ALIGNED,HEALTHY,ALLOW
2026-09-30T05:10:00Z,83310.0,83310.01,83275.5,83275.51,2.87971,83287.00666667,27.84357143,0.05,0.9,0,TREND_DOWN,NORMAL,NEUTRAL,HEALTHY,ALLOW
2026-09-30T05:11:00Z,83275.5,83298.01,83275.5,83296.0,16.98659,83289.83666667,28.85571429,0.05,0.9,0,TREND_UP,NORMAL,ALIGNED,HEALTHY,ALLOW
2026-09-30T05:12:00Z,83296.01,83302.01,83265.04,83265.05,13.17036,83277.36666667,31.49571429,0.05,0.9,0,TREND_DOWN,NORMAL,NEUTRAL,HEALTHY,ALLOW
2026-09-30T05:13:00Z,83265.04,83265.05,83251.33,83251.33,4.03046,83255.90333333,31.59428571,0.05,0.9,0,TREND_DOWN,NORMAL,NEUTRAL,HEALTHY,ALLOW
2026-09-30T05:14:00Z,83251.34,83251.34,83234.01,83234.01,3.38762,83239.78666667,24.20071429,0.05,0.9,0,TREND_DOWN,NORMAL,NEUTRAL,HEALTHY,ALLOW
2026-09-30T05:15:00Z,83234.02,83234.02,83202.82,83202.82,4.29246,83213.22,25.19714286,0.05,0.9,0,TREND_DOWN,NORMAL,NEUTRAL,HEALTHY,ALLOW
2026-09-30T05:16:00Z,83202.82,83202.82,83188.01,83195.01,5.75676,83195.28,23.39571429,0.05,0.9,0,TREND_DOWN,NORMAL,NEUTRAL,HEALTHY,ALLOW
2026-09-30T05:17:00Z,83195.01,83220.01,83195.0,83220.01,3.21957,83211.67333333,23.89714286,0.05,0.9,0,TREND_UP,NORMAL,ALIGNED,HEALTHY,ALLOW
2026-09-30T05:18:00Z,83220.01,83259.42,83220.0,83253.57,21.7,83244.33,25.47285714,0.05,0.9,0,TREND_UP,NORMAL,ALIGNED,HEALTHY,ALLOW
2026-09-30T05:19:00Z,83253.57,83285.89,83248.25,83282.58,19.13164,83272.24,26.58142857,0.05,0.9,0,TREND_UP,NORMAL,ALIGNED,HEALTHY,ALLOW
2026-09-30T05:20:00Z,83282.58,83302.01,83251.69,83296.25,10.5141,83283.31666667,27.85428571,0.05,0.9,0,TREND_UP,NORMAL,ALIGNED,HEALTHY,ALLOW
2026-09-30T05:21:00Z,83296.26,83296.26,83275.09,83275.1,2.67666,83282.15,27.045,0.05,0.9,0,TREND_DOWN,NORMAL,NEUTRAL,HEALTHY,ALLOW
2026-09-30T05:22:00Z,83275.1,83287.85,83270.0,83270.0,3.70667,83275.95,27.605,0.05,0.9,0,TREND_DOWN,NORMAL,NEUTRAL,HEALTHY,ALLOW
2026-09-30T05:23:00Z,83270.01,83300.0,83270.0,83300.0,4.07872,83290.0,28.03285714,0.05,0.9,0,TREND_UP,NORMAL,ALIGNED,HEALTHY,ALLOW
2026-09-30T05:24:00Z,83300.0,83354.75,83299.99,83354.75,5.34094,83336.49666667,29.47928571,0.05,0.9,0,TREND_UP,NORMAL,ALIGNED,HEALTHY,ALLOW
2026-09-30T05:25:00Z,83354.74,83368.01,83312.01,83312.02,8.8673,83330.68,31.87142857,0.05,0.9,0,TREND_DOWN,NORMAL,NEUTRAL,HEALTHY,ALLOW
2026-09-30T05:26:00Z,83312.01,83312.02,83298.18,83298.18,5.97017,83302.79333333,30.21928571,0.05,0.9,0,TREND_DOWN,NORMAL,NEUTRAL,HEALTHY,ALLOW
2026-09-30T05:27:00Z,83298.19,83344.01,83297.69,83328.0,16.0478,83323.23333333,32.54785714,0.05,0.9,0,TREND_UP,NORMAL,ALIGNED,HEALTHY,ALLOW
2026-09-30T05:28:00Z,83328.01,83360.01,83328.0,83360.01,4.92078,83349.34,33.59642857,0.05,0.9,0,TREND_UP,NORMAL,ALIGNED,HEALTHY,ALLOW
2026-09-30T05:29:00Z,83360.0,83383.97,83360.0,83383.97,5.23148,83375.98,33.08,0.05,0.9,0,TREND_UP,NORMAL,ALIGNED,HEALTHY,ALLOW
2026-09-30T05:30:00Z,83383.96,83448.27,83383.96,83448.2,15.2576,83426.81,36.61571429,0.05,0.9,0,TREND_UP,NORMAL,ALIGNED,HEALTHY,ALLOW
2026-09-30T05:31:00Z,83448.19,83497.56,83448.19,83497.55,9.65161,83481.1,38.35571429,0.05,0.9,0,TREND_UP,NORMAL,ALIGNED,HEALTHY,ALLOW
2026-09-30T05:32:00Z,83497.56,83521.98,83440.0,83448.37,18.3489,83470.11666667,41.39571429,0.05,0.9,0,TREND_DOWN,NORMAL,NEUTRAL,HEALTHY,ALLOW
2026-09-30T05:33:00Z,83448.36,83448.37,83391.14,83427.93,13.87814,83422.48,42.795,0.05,0.9,0,TREND_DOWN,NORMAL,NEUTRAL,HEALTHY,ALLOW
2026-09-30T05:34:00Z,83427.92,83461.52,83427.92,83461.02,9.09286,83450.15333333,41.60071429,0.05,0.9,0,TREND_UP,NORMAL,ALIGNED,HEALTHY,ALLOW
2026-09-30T05:35:00Z,83461.03,83511.69,83440.0,83483.22,14.43123,83478.30333333,45.20928571,0.05,0.9,0,TREND_UP,NORMAL,ALIGNED,HEALTHY,ALLOW
2026-09-30T05:36:00Z,83483.21,83483.22,83448.0,83473.56,8.31849,83468.26,46.45,0.05,0.9,0,TREND_DOWN,NORMAL,NEUTRAL,HEALTHY,ALLOW
2026-09-30T05:37:00Z,83473.56,83473.56,83437.09,83444.01,6.57407,83451.55333333,46.91214286,0.05,0.9,0,TREND_DOWN,NORMAL,NEUTRAL,HEALTHY,ALLOW
2026-09-30T05:38:00Z,83444.01,83446.01,83436.15,83446.01,2.96216,83442.72333333,43.705,0.05,0.9,0,TREND_UP,NORMAL,ALIGNED,HEALTHY,ALLOW
2026-09-30T05:39:00Z,83446.01,83474.42,83446.0,83474.01,3.24326,83464.81,41.735,0.05,0.9,0,TREND_UP,NORMAL,ALIGNED,HEALTHY,ALLOW
2026-09-30T05:40:00Z,83474.01,83474.02,83453.13,83453.14,2.85458,83460.09666667,42.23857143,0.05,0.9,0,TREND_DOWN,NORMAL,NEUTRAL,HEALTHY,ALLOW
2026-09-30T05:41:00Z,83453.14,83453.14,83453.13,83453.13,1.83887,83453.13333333,38.93071429,0.05,0.9,0,TREND_DOWN,NORMAL,NEUTRAL,HEALTHY,ALLOW
2026-09-30T05:42:00Z,83453.14,83453.14,83453.13,83453.13,1.86635,83453.13333333,36.645,0.05,0.9,0,TREND_DOWN,NORMAL,NEUTRAL,HEALTHY,ALLOW
2026-09-30T05:43:00Z,83453.14,83460.95,83453.13,83460.94,2.8438,83458.34,35.49142857,0.05,0.9,0,TREND_UP,NORMAL,ALIGNED,HEALTHY,ALLOW
2026-09-30T05:44:00Z,83460.94,83494.48,83460.94,83472.8,6.6656,83476.07333333,33.29357143,0.05,0.9,0,TREND_UP,NORMAL,ALIGNED,HEALTHY,ALLOW
2026-09-30T05:45:00Z,83472.8,83480.01,83469.63,83469.63,2.38738,83473.09,30.50857143,0.05,0.9,0,TREND_DOWN,NORMAL,NEUTRAL,HEALTHY,ALLOW
2026-09-30T05:46:00Z,83469.64,83484.01,83451.83,83451.83,4.34519,83462.55666667,26.95142857,0.05,0.9,0,TREND_DOWN,NORMAL,NEUTRAL,HEALTHY,ALLOW
2026-09-30T05:47:00Z,83451.84,83451.84,83450.0,83450.0,0.60214,83450.61333333,22.995,0.05,0.9,0,TREND_DOWN,NORMAL,NEUTRAL,HEALTHY,ALLOW
2026-09-30T05:48:00Z,83450.01,83450.01,83424.3,83426.97,3.70369,83433.76,22.43142857,0.05,0.9,0,TREND_DOWN,NORMAL,NEUTRAL,HEALTHY,ALLOW
2026-09-30T05:49:00Z,83426.98,83428.01,83426.97,83428.0,5.26208,83427.66,17.385,0.05,0.9,0,TREND_UP,NORMAL,ALIGNED,HEALTHY,ALLOW
2026-09-30T05:50:00Z,83428.01,83440.01,83428.0,83440.0,0.94137,83436.00333333,15.72714286,0.05,0.9,0,TREND_UP,NORMAL,ALIGNED,HEALTHY,ALLOW
2026-09-30T05:51:00Z,83440.01,83440.01,83409.64,83409.64,2.56502,83419.76333333,15.29142857,0.05,0.9,0,TREND_DOWN,NORMAL,NEUTRAL,HEALTHY,ALLOW
2026-09-30T05:52:00Z,83409.65,83409.65,83384.0,83384.0,2.77387,83392.55,16.41928571,0.05,0.9,0,TREND_DOWN,NORMAL,NEUTRAL,HEALTHY,ALLOW
2026-09-30T05:53:00Z,83384.01,83384.01,83368.21,83368.22,1.66868,83373.48,15.51785714,0.05,0.9,0,TREND_DOWN,NORMAL,NEUTRAL,HEALTHY,ALLOW
2026-09-30T05:54:00Z,83368.21,83368.22,83368.21,83368.22,0.76366,83368.21666667,14.02642857,0.05,0.9,0,TREND_UP,NORMAL,ALIGNED,HEALTHY,ALLOW
2026-09-30T05:55:00Z,83368.21,83368.21,83350.0,83350.0,2.76785,83356.07,15.32714286,0.05,0.9,0,TREND_DOWN,NORMAL,NEUTRAL,HEALTHY,ALLOW
2026-09-30T05:56:00Z,83350.01,83350.01,83347.59,83347.59,3.65441,83348.39666667,15.49928571,0.05,0.9,0,TREND_DOWN,NORMAL,NEUTRAL,HEALTHY,ALLOW
2026-09-30T05:57:00Z,83347.6,83347.6,83312.0,83313.05,34.40742,83324.21666667,17.48357143,0.05,0.9,0,TREND_DOWN,NORMAL,NEUTRAL,HEALTHY,ALLOW
2026-09-30T05:58:00Z,83313.04,83418.01,83296.17,83418.0,16.49832,83377.39333333,23.79071429,0.05,0.9,0,TREND_UP,NORMAL,ALIGNED,HEALTHY,ALLOW
2026-09-30T05:59:00Z,83418.0,83418.01,83384.0,83384.0,4.14523,83395.33666667,25.47857143,0.05,0.9,0,TREND_DOWN,NORMAL,NEUTRAL,HEALTHY,ALLOW
2026-09-30T06:00:00Z,83384.01,83402.01,83358.71,83402.01,5.0775,83387.57666667,26.27285714,0.05,0.9,0,TREND_UP,NORMAL,ALIGNED,HEALTHY,ALLOW
2026-09-30T06:01:00Z,83402.0,83416.01,83392.0,83416.0,4.68262,83408.00333333,27.85642857,0.05,0.9,0,TREND_UP,NORMAL,ALIGNED,HEALTHY,ALLOW
2026-09-30T06:02:00Z,83416.01,83438.01,83384.0,83430.01,12.54688,83417.34,29.87785714,0.05,0.9,0,TREND_UP,NORMAL,ALIGNED,HEALTHY,ALLOW
2026-09-30T06:03:00Z,83430.01,83430.01,83376.0,83398.0,10.83505,83401.33666667,33.66142857,0.05,0.9,0,TREND_DOWN,NORMAL,NEUTRAL,HEALTHY,ALLOW
2026-09-30T06:04:00Z,83398.0,83398.0,83376.0,83392.0,7.04651,83388.66666667,34.375,0.05,0.9,0,TREND_DOWN,NORMAL,NEUTRAL,HEALTHY,ALLOW
2026-09-30T06:05:00Z,83392.0,83423.8,83392.0,83421.47,5.62104,83412.42333333,34.47714286,0.05,0.9,0,TREND_UP,NORMAL,ALIGNED,HEALTHY,ALLOW
2026-09-30T06:06:00Z,83421.46,83421.47,83372.58,83372.58,6.43773,83388.87666667,36.13714286,0.05,0.9,0,TREND_DOWN,NORMAL,NEUTRAL,HEALTHY,ALLOW
2026-09-30T06:07:00Z,83372.59,83372.59,83311.71,83324.01,11.85138,83336.10333333,39.35714286,0.05,0.9,0,TREND_DOWN,NORMAL,NEUTRAL,HEALTHY,ALLOW
2026-09-30T06:08:00Z,83324.0,83324.01,83300.0,83300.0,4.43445,83308.00333333,41.07142857,0.05,0.9,0,TREND_DOWN,NORMAL,NEUTRAL,HEALTHY,ALLOW
2026-09-30T06:09:00Z,83300.0,83308.01,83270.0,83270.0,7.76357,83282.67,42.485,0.05,0.9,0,TREND_DOWN,NORMAL,NEUTRAL,HEALTHY,ALLOW
2026-09-30T06:10:00Z,83270.0,83280.01,83270.0,83280.0,3.1675,83276.67,43.02714286,0.05,0.9,0,TREND_UP,NORMAL,ALIGNED,HEALTHY,ALLOW
2026-09-30T06:11:00Z,83280.0,83280.01,83248.55,83248.56,6.72822,83259.04,42.73142857,0.05,0.9,0,TREND_DOWN,NORMAL,NEUTRAL,HEALTHY,ALLOW
2026-09-30T06:12:00Z,83248.56,83248.56,83213.2,83213.21,7.21721,83224.99,36.55428571,0.05,0.9,0,TREND_DOWN,NORMAL,NEUTRAL,HEALTHY,ALLOW
2026-09-30T06:13:00Z,83213.21,83213.21,83182.82,83182.82,6.64794,83192.95,36.29571429,0.05,0.9,0,TREND_DOWN,NORMAL,NEUTRAL,HEALTHY,ALLOW
2026-09-30T06:14:00Z,83182.82,83201.92,83114.58,83128.01,23.88662,83148.17,39.44142857,0.05,0.9,0,TREND_DOWN,NORMAL,NEUTRAL,HEALTHY,ALLOW
2026-09-30T06:15:00Z,83128.0,83158.01,83128.0,83130.15,4.90011,83138.72,39.87,0.05,0.9,0,TREND_UP,NORMAL,ALIGNED,HEALTHY,ALLOW
2026-09-30T06:16:00Z,83130.14,83136.01,83111.69,83136.0,13.00411,83127.9,37.74928571,0.05,0.9,0,TREND_UP,NORMAL,ALIGNED,HEALTHY,ALLOW
2026-09-30T06:17:00Z,83136.0,83158.01,83136.0,83155.79,5.88905,83149.93333333,35.46357143,0.05,0.9,0,TREND_UP,NORMAL,ALIGNED,HEALTHY,ALLOW
2026-09-30T06:18:00Z,83155.79,83175.11,83137.03,83166.0,11.12027,83159.38,36.61214286,0.05,0.9,0,TREND_UP,NORMAL,ALIGNED,HEALTHY,ALLOW
2026-09-30T06:19:00Z,83166.01,83167.26,83156.55,83156.55,3.43734,83160.12,35.10571429,0.05,0.9,0,TREND_DOWN,NORMAL,NEUTRAL,HEALTHY,ALLOW
2026-09-30T06:20:00Z,83156.55,83156.56,83120.33,83135.05,9.59663,83137.31333333,34.20142857,0.05,0.9,0,TREND_DOWN,NORMAL,NEUTRAL,HEALTHY,ALLOW
2026-09-30T06:21:00Z,83135.05,83163.91,83135.04,83155.27,4.85363,83151.40666667,31.915,0.05,0.9,0,TREND_UP,NORMAL,ALIGNED,HEALTHY,ALLOW
2026-09-30T06:22:00Z,83155.27,83155.27,83112.99,83120.62,6.60719,83129.62666667,33.22,0.05,0.9,0,TREND_DOWN,NORMAL,NEUTRAL,HEALTHY,ALLOW
2026-09-30T06:23:00Z,83120.62,83151.03,83120.61,83138.51,5.62861,83136.71666667,32.67785714,0.05,0.9,0,TREND_UP,NORMAL,ALIGNED,HEALTHY,ALLOW
2026-09-30T06:24:00Z,83138.52,83138.52,83102.0,83102.01,4.37261,83114.17666667,34.57142857,0.05,0.9,0,TREND_DOWN,NORMAL,NEUTRAL,HEALTHY,ALLOW
2026-09-30T06:25:00Z,83102.0,83102.01,83090.39,83090.39,5.58715,83094.26333333,33.15428571,0.05,0.9,0,TREND_DOWN,NORMAL,NEUTRAL,HEALTHY,ALLOW
2026-09-30T06:26:00Z,83090.4,83090.4,83083.01,83083.02,4.66488,83085.47666667,31.15642857,0.05,0.9,0,TREND_DOWN,NORMAL,NEUTRAL,HEALTHY,ALLOW
2026-09-30T06:27:00Z,83083.02,83083.84,83058.17,83083.84,43.17708,83075.28333333,30.81928571,0.05,0.9,0,TREND_UP,NORMAL,ALIGNED,HEALTHY,ALLOW
2026-09-30T06:28:00Z,83083.84,83188.64,83083.83,83174.01,27.22097,83148.82666667,32.06714286,0.05,0.9,0,TREND_UP,NORMAL,ALIGNED,HEALTHY,ALLOW
2026-09-30T06:29:00Z,83174.01,83174.01,83146.84,83160.04,7.46606,83160.29666667,31.86428571,0.05,0.9,0,TREND_DOWN,NORMAL,NEUTRAL,HEALTHY,ALLOW
2026-09-30T06:30:00Z,83160.05,83160.05,83112.52,83128.0,6.93513,83133.52333333,33.52214286,0.05,0.9,0,TREND_DOWN,NORMAL,NEUTRAL,HEALTHY,ALLOW
2026-09-30T06:31:00Z,83128.01,83146.01,83113.4,83146.0,4.57881,83135.13666667,34.27928571,0.05,0.9,0,TREND_UP,NORMAL,ALIGNED,HEALTHY,ALLOW
2026-09-30T06:32:00Z,83146.0,83146.01,83111.6,83125.03,4.42643,83127.54666667,34.01714286,0.05,0.9,0,TREND_DOWN,NORMAL,NEUTRAL,HEALTHY,ALLOW
2026-09-30T06:33:00Z,83125.03,83144.01,83100.0,83100.0,7.2382,83114.67,36.39571429,0.05,0.9,0,TREND_DOWN,NORMAL,NEUTRAL,HEALTHY,ALLOW
2026-09-30T06:34:00Z,83100.0,83107.9,83092.32,83107.89,5.40376,83102.70333333,34.92071429,0.05,0.9,0,TREND_UP,NORMAL,ALIGNED,HEALTHY,ALLOW
2026-09-30T06:35:00Z,83107.9,83123.74,83092.0,83092.01,4.54794,83102.58333333,35.12571429,0.05,0.9,0,TREND_DOWN,NORMAL,NEUTRAL,HEALTHY,ALLOW
2026-09-30T06:36:00Z,83092.01,83118.65,83092.0,83118.65,3.68852,83109.76666667,34.00928571,0.05,0.9,0,TREND_UP,NORMAL,ALIGNED,HEALTHY,ALLOW
2026-09-30T06:37:00Z,83118.65,83118.65,83083.52,83083.52,11.61246,83095.23,34.34571429,0.05,0.9,0,TREND_DOWN,NORMAL,NEUTRAL,HEALTHY,ALLOW
2026-09-30T06:38:00Z,83083.53,83126.0,83083.52,83118.0,9.84665,83109.17333333,34.77142857,0.05,0.9,0,TREND_UP,NORMAL,ALIGNED,HEALTHY,ALLOW
2026-09-30T06:39:00Z,83118.01,83118.01,83056.77,83068.0,12.35596,83080.92666667,38.31571429,0.05,0.9,0,TREND_DOWN,NORMAL,NEUTRAL,HEALTHY,ALLOW
2026-09-30T06:40:00Z,83068.01,83107.9,83042.41,83107.89,9.68846,83086.06666667,42.46571429,0.05,0.9,0,TREND_UP,NORMAL,ALIGNED,HEALTHY,ALLOW
2026-09-30T06:41:00Z,83107.89,83107.89,83056.65,83056.66,3.68018,83073.73333333,44.29214286,0.05,0.9,0,TREND_DOWN,NORMAL,NEUTRAL,HEALTHY,ALLOW
2026-09-30T06:42:00Z,83056.66,83126.01,83056.65,83126.01,8.0281,83102.89,41.76,0.05,0.9,0,TREND_UP,NORMAL,ALIGNED,HEALTHY,ALLOW
2026-09-30T06:43:00Z,83126.01,83126.01,83102.0,83102.0,3.12504,83110.00333333,41.53428571,0.05,0.9,0,TREND_DOWN,NORMAL,NEUTRAL,HEALTHY,ALLOW
2026-09-30T06:44:00Z,83102.01,83123.11,83101.0,83106.0,4.18224,83110.03666667,39.71857143,0.05,0.9,0,TREND_UP,NORMAL,ALIGNED,HEALTHY,ALLOW
2026-09-30T06:45:00Z,83106.01,83106.01,83010.0,83038.01,20.56184,83051.34,44.24714286,0.05,0.9,0,TREND_DOWN,NORMAL,NEUTRAL,HEALTHY,ALLOW
2026-09-30T06:46:00Z,83038.0,83038.01,83028.0,83028.01,3.47196,83031.34,42.50428571,0.05,0.9,0,TREND_DOWN,NORMAL,NEUTRAL,HEALTHY,ALLOW
2026-09-30T06:47:00Z,83028.01,83032.34,83010.01,83010.01,3.47237,83017.45333333,40.95571429,0.05,0.9,0,TREND_DOWN,NORMAL,NEUTRAL,HEALTHY,ALLOW
2026-09-30T06:48:00Z,83010.01,83010.01,83000.0,83000.0,14.86038,83003.33666667,40.55785714,0.05,0.9,0,TREND_DOWN,NORMAL,NEUTRAL,HEALTHY,ALLOW
2026-09-30T06:49:00Z,83000.0,83000.01,82994.01,83000.0,12.8006,82998.00666667,38.71928571,0.05,0.9,0,TREND_UP,NORMAL,ALIGNED,HEALTHY,ALLOW
2026-09-30T06:50:00Z,82999.99,83011.6,82980.0,82980.01,14.58797,82990.53666667,39.07285714,0.05,0.9,0,TREND_DOWN,NORMAL,NEUTRAL,HEALTHY,ALLOW
2026-09-30T06:51:00Z,82980.01,83005.35,82980.0,83005.35,7.15244,82996.9,38.37428571,0.05,0.9,0,TREND_UP,NORMAL,ALIGNED,HEALTHY,ALLOW
2026-09-30T06:52:00Z,83005.35,83067.58,83005.35,83067.57,9.07677,83046.83333333,39.785,0.05,0.9,0,TREND_UP,NORMAL,ALIGNED,HEALTHY,ALLOW
2026-09-30T06:53:00Z,83067.58,83074.73,83052.01,83074.73,2.82599,83067.15666667,37.03357143,0.05,0.9,0,TREND_UP,NORMAL,ALIGNED,HEALTHY,ALLOW
2026-09-30T06:54:00Z,83074.73,83094.0,83074.0,83094.0,8.09844,83087.33333333,33.78428571,0.05,0.9,0,TREND_UP,NORMAL,ALIGNED,HEALTHY,ALLOW
2026-09-30T06:55:00Z,83093.99,83194.92,83093.99,83194.92,6.53757,83161.27666667,37.33357143,0.05,0.9,0,TREND_UP,NORMAL,ALIGNED,HEALTHY,ALLOW
2026-09-30T06:56:00Z,83194.91,83194.93,83139.5,83139.5,8.95427,83157.97666667,36.33857143,0.05,0.9,0,TREND_DOWN,NORMAL,NEUTRAL,HEALTHY,ALLOW
2026-09-30T06:57:00Z,83139.5,83152.0,83139.5,83148.0,2.71922,83146.5,35.51642857,0.05,0.9,0,TREND_UP,NORMAL,ALIGNED,HEALTHY,ALLOW
2026-09-30T06:58:00Z,83148.0,83153.61,83137.51,83146.01,4.31297,83145.71,35.08714286,0.05,0.9,0,TREND_DOWN,NORMAL,NEUTRAL,HEALTHY,ALLOW
2026-09-30T06:59:00Z,83146.0,83146.0,83012.92,83043.14,30.05936,83067.35333333,37.73571429,0.05,0.9,0,TREND_DOWN,NORMAL,NEUTRAL,HEALTHY,ALLOW
2026-09-30T07:00:00Z,83043.14,83044.01,82968.0,82968.01,29.43036,82993.34,42.45,0.05,0.9,0,TREND_DOWN,NORMAL,NEUTRAL,HEALTHY,ALLOW
2026-09-30T07:01:00Z,82968.01,83038.01,82956.11,83008.01,23.34106,83000.71,46.705,0.05,0.9,0,TREND_UP,NORMAL,ALIGNED,HEALTHY,ALLOW
2026-09-30T07:02:00Z,83008.0,83078.01,83008.0,83078.01,8.1053,83054.67333333,50.99071429,0.05,0.9,0,TREND_UP,NORMAL,ALIGNED,HEALTHY,ALLOW
2026-09-30T07:03:00Z,83078.01,83112.67,83076.93,83076.94,8.07455,83088.84666667,53.115,0.05,0.9,0,TREND_DOWN,NORMAL,NEUTRAL,HEALTHY,ALLOW
2026-09-30T07:04:00Z,83076.94,83076.94,83050.0,83050.01,5.04341,83058.98333333,52.78214286,0.05,0.9,0,TREND_DOWN,NORMAL,NEUTRAL,HEALTHY,ALLOW
2026-09-30T07:05:00Z,83050.01,83050.01,83023.76,83048.0,6.44521,83040.59,52.84642857,0.05,0.9,0,TREND_DOWN,NORMAL,NEUTRAL,HEALTHY,ALLOW
2026-09-30T07:06:00Z,83048.0,83048.01,82997.16,83006.01,7.86256,83017.06,52.03357143,0.05,0.9,0,TREND_DOWN,NORMAL,NEUTRAL,HEALTHY,ALLOW
2026-09-30T07:07:00Z,83006.01,83022.3,83006.0,83009.25,3.8027,83012.51666667,51.575,0.05,0.9,0,TREND_UP,NORMAL,ALIGNED,HEALTHY,ALLOW
2026-09-30T07:08:00Z,83009.26,83042.01,83009.25,83042.01,17.09512,83031.09,52.48642857,0.05,0.9,0,TREND_UP,NORMAL,ALIGNED,HEALTHY,ALLOW
2026-09-30T07:09:00Z,83042.01,83050.24,83022.0,83050.24,10.45159,83040.82666667,47.29428571,0.05,0.9,0,TREND_UP,NORMAL,ALIGNED,HEALTHY,ALLOW
2026-09-30T07:10:00Z,83050.23,83052.69,83037.13,83052.68,5.59239,83047.5,44.44642857,0.05,0.9,0,TREND_UP,NORMAL,ALIGNED,HEALTHY,ALLOW
2026-09-30T07:11:00Z,83052.69,83052.69,83016.44,83016.44,4.62867,83028.52333333,46.14285714,0.05,0.9,0,TREND_DOWN,NORMAL,NEUTRAL,HEALTHY,ALLOW
2026-09-30T07:12:00Z,83016.44,83016.44,83003.07,83003.07,5.61807,83007.52666667,45.94785714,0.05,0.9,0,TREND_DOWN,NORMAL,NEUTRAL,HEALTHY,ALLOW
2026-09-30T07:13:00Z,83003.07,83015.52,83000.0,83015.51,7.39838,83010.34333333,37.55,0.05,0.9,0,TREND_UP,NORMAL,ALIGNED,HEALTHY,ALLOW
2026-09-30T07:14:00Z,83015.51,83038.73,83015.51,83016.03,6.33011,83023.42333333,33.77928571,0.05,0.9,0,TREND_UP,NORMAL,ALIGNED,HEALTHY,ALLOW
2026-09-30T07:15:00Z,83016.03,83063.59,83016.02,83063.59,2.5153,83047.73333333,31.32714286,0.05,0.9,0,TREND_UP,NORMAL,ALIGNED,HEALTHY,ALLOW
2026-09-30T07:16:00Z,83063.59,83100.0,83063.58,83099.99,4.78999,83087.85666667,28.92785714,0.05,0.9,0,TREND_UP,NORMAL,ALIGNED,HEALTHY,ALLOW
2026-09-30T07:17:00Z,83100.0,83105.56,83098.33,83105.56,1.85835,83103.15,26.89142857,0.05,0.9,0,TREND_UP,NORMAL,ALIGNED,HEALTHY,ALLOW
2026-09-30T07:18:00Z,83105.55,83158.01,83105.55,83156.6,5.55385,83140.05333333,28.71428571,0.05,0.9,0,TREND_UP,NORMAL,ALIGNED,HEALTHY,ALLOW
2026-09-30T07:19:00Z,83156.6,83256.52,83156.6,83247.09,10.67256,83220.07,33.97642857,0.05,0.9,0,TREND_UP,NORMAL,ALIGNED,HEALTHY,ALLOW
2026-09-30T07:20:00Z,83247.1,83263.76,83236.47,83248.0,11.52793,83249.41,32.29357143,0.05,0.9,0,TREND_UP,NORMAL,ALIGNED,HEALTHY,ALLOW
2026-09-30T07:21:00Z,83248.0,83256.41,83248.0,83253.24,2.70199,83252.55,31.73,0.05,0.9,0,TREND_UP,NORMAL,ALIGNED,HEALTHY,ALLOW
2026-09-30T07:22:00Z,83253.24,83288.01,83253.24,83257.67,8.42776,83266.30666667,31.87357143,0.05,0.9,0,TREND_UP,NORMAL,ALIGNED,HEALTHY,ALLOW
2026-09-30T07:23:00Z,83257.67,83346.9,83257.67,83346.89,9.83566,83317.15333333,36.23,0.05,0.9,0,TREND_UP,NORMAL,ALIGNED,HEALTHY,ALLOW
2026-09-30T07:24:00Z,83346.89,83378.45,83324.34,83352.0,13.32318,83351.59666667,38.98357143,0.05,0.9,0,TREND_UP,NORMAL,ALIGNED,HEALTHY,ALLOW
2026-09-30T07:25:00Z,83352.01,83393.38,83338.5,83358.01,13.20501,83363.29666667,40.31428571,0.05,0.9,0,TREND_UP,NORMAL,ALIGNED,HEALTHY,ALLOW
2026-09-30T07:26:00Z,83358.01,83388.01,83352.0,83384.18,14.54297,83374.73,41.93142857,0.05,0.9,0,TREND_UP,NORMAL,ALIGNED,HEALTHY,ALLOW
2026-09-30T07:27:00Z,83384.17,83400.0,83352.0,83352.0,6.51923,83368.0,44.25142857,0.05,0.9,0,TREND_DOWN,NORMAL,NEUTRAL,HEALTHY,ALLOW
2026-09-30T07:28:00Z,83352.0,83352.01,83303.71,83303.71,7.38425,83319.81,46.04285714,0.05,0.9,0,TREND_DOWN,NORMAL,NEUTRAL,HEALTHY,ALLOW
2026-09-30T07:29:00Z,83303.71,83308.01,83284.34,83308.01,6.971,83300.12,44.33571429,0.05,0.9,0,TREND_UP,NORMAL,ALIGNED,HEALTHY,ALLOW
2026-09-30T07:30:00Z,83308.0,83308.01,83268.0,83302.0,12.31229,83292.67,44.59214286,0.05,0.9,0,TREND_DOWN,NORMAL,NEUTRAL,HEALTHY,ALLOW
2026-09-30T07:31:00Z,83302.01,83330.0,83302.0,83330.0,13.78992,83320.66666667,46.07571429,0.05,0.9,0,TREND_UP,NORMAL,ALIGNED,HEALTHY,ALLOW
2026-09-30T07:32:00Z,83330.01,83335.35,83318.96,83319.54,11.38123,83324.61666667,43.49928571,0.05,0.9,0,TREND_DOWN,NORMAL,NEUTRAL,HEALTHY,ALLOW
2026-09-30T07:33:00Z,83319.55,83342.66,83318.96,83342.65,8.09607,83334.75666667,38.055,0.05,0.9,0,TREND_UP,NORMAL,ALIGNED,HEALTHY,ALLOW
2026-09-30T07:34:00Z,83342.66,83343.67,83330.99,83340.3,15.0971,83338.32,37.01142857,0.05,0.9,0,TREND_DOWN,NORMAL,NEUTRAL,HEALTHY,ALLOW
2026-09-30T07:35:00Z,83340.31,83400.0,83340.3,83399.99,9.70948,83380.09666667,40.675,0.05,0.9,0,TREND_UP,NORMAL,ALIGNED,HEALTHY,ALLOW
2026-09-30T07:36:00Z,83400.0,83436.01,83399.99,83405.85,20.38501,83413.95,40.76428571,0.05,0.9,0,TREND_UP,NORMAL,ALIGNED,HEALTHY,ALLOW
2026-09-30T07:37:00Z,83405.85,83427.83,83405.84,83409.67,13.97438,83414.44666667,35.96142857,0.05,0.9,0,TREND_UP,NORMAL,ALIGNED,HEALTHY,ALLOW
2026-09-30T07:38:00Z,83409.67,83418.85,83388.98,83399.66,14.62292,83402.49666667,34.23,0.05,0.9,0,TREND_DOWN,NORMAL,NEUTRAL,HEALTHY,ALLOW
2026-09-30T07:39:00Z,83399.67,83418.01,83399.66,83399.66,16.71876,83405.77666667,31.62071429,0.05,0.9,0,TREND_DOWN,NORMAL,NEUTRAL,HEALTHY,ALLOW
2026-09-30T07:40:00Z,83399.67,83403.4,83396.0,83403.4,9.05531,83400.93333333,29.57714286,0.05,0.9,0,TREND_UP,NORMAL,ALIGNED,HEALTHY,ALLOW
2026-09-30T07:41:00Z,83403.4,83403.4,83403.39,83403.4,5.16439,83403.39666667,26.14928571,0.05,0.9,0,TREND_UP,NORMAL,ALIGNED,HEALTHY,ALLOW
2026-09-30T07:42:00Z,83403.4,83410.0,83401.72,83409.99,11.54033,83407.23666667,23.29071429,0.05,0.9,0,TREND_UP,NORMAL,ALIGNED,HEALTHY,ALLOW
2026-09-30T07:43:00Z,83410.0,83410.0,83409.99,83409.99,7.49451,83409.99333333,21.60071429,0.05,0.9,0,TREND_DOWN,NORMAL,NEUTRAL,HEALTHY,ALLOW
2026-09-30T07:44:00Z,83410.0,83428.13,83409.99,83425.67,16.1256,83421.26333333,20.03857143,0.05,0.9,0,TREND_UP,NORMAL,ALIGNED,HEALTHY,ALLOW
2026-09-30T07:45:00Z,83425.67,83432.84,83425.67,83432.83,9.42704,83430.44666667,18.55071429,0.05,0.9,0,TREND_UP,NORMAL,ALIGNED,HEALTHY,ALLOW
2026-09-30T07:46:00Z,83432.84,83433.67,83396.36,83398.02,31.09024,83409.35,20.045,0.05,0.9,0,TREND_DOWN,NORMAL,NEUTRAL,HEALTHY,ALLOW
2026-09-30T07:47:00Z,83398.02,83407.68,83396.36,83398.71,18.13599,83400.91666667,19.16071429,0.05,0.9,0,TREND_UP,NORMAL,ALIGNED,HEALTHY,ALLOW
2026-09-30T07:48:00Z,83398.71,83399.36,83398.7,83399.36,7.18492,83399.14,18.30214286,0.05,0.9,0,TREND_UP,NORMAL,ALIGNED,HEALTHY,ALLOW
2026-09-30T07:49:00Z,83399.36,83427.75,83399.35,83427.75,19.78845,83418.28333333,16.06642857,0.05,0.9,0,TREND_UP,NORMAL,ALIGNED,HEALTHY,ALLOW
2026-09-30T07:50:00Z,83427.74,83469.53,83427.74,83469.52,15.97216,83455.59666667,16.47857143,0.05,0.9,0,TREND_UP,NORMAL,ALIGNED,HEALTHY,ALLOW
2026-09-30T07:51:00Z,83469.53,83470.0,83429.58,83430.51,23.2046,83443.36333333,17.795,0.05,0.9,0,TREND_DOWN,NORMAL,NEUTRAL,HEALTHY,ALLOW
2026-09-30T07:52:00Z,83430.51,83448.36,83430.5,83432.01,17.12436,83436.95666667,16.93714286,0.05,0.9,0,TREND_UP,NORMAL,ALIGNED,HEALTHY,ALLOW
2026-09-30T07:53:00Z,83432.01,83442.69,83430.32,83432.71,12.15272,83435.24,16.51,0.05,0.9,0,TREND_UP,NORMAL,ALIGNED,HEALTHY,ALLOW
2026-09-30T07:54:00Z,83432.71,83442.69,83394.76,83395.59,15.19331,83411.01333333,19.405,0.05,0.9,0,TREND_DOWN,NORMAL,NEUTRAL,HEALTHY,ALLOW
2026-09-30T07:55:00Z,83395.6,83401.33,83393.92,83393.92,12.82413,83396.39,19.93357143,0.05,0.9,0,TREND_DOWN,NORMAL,NEUTRAL,HEALTHY,ALLOW
2026-09-30T07:56:00Z,83393.93,83393.93,83346.0,83346.0,12.19072,83361.97666667,22.76571429,0.05,0.9,0,TREND_DOWN,NORMAL,NEUTRAL,HEALTHY,ALLOW
2026-09-30T07:57:00Z,83346.01,83352.9,83332.25,83336.01,10.24993,83340.38666667,24.24,0.05,0.9,0,TREND_DOWN,NORMAL,NEUTRAL,HEALTHY,ALLOW
2026-09-30T07:58:00Z,83336.01,83360.01,83336.0,83346.15,18.34983,83347.38666667,24.65928571,0.05,0.9,0,TREND_UP,NORMAL,ALIGNED,HEALTHY,ALLOW
2026-09-30T07:59:00Z,83346.16,83346.16,83300.0,83304.92,10.76159,83317.02666667,27.44428571,0.05,0.9,0,TREND_DOWN,NORMAL,NEUTRAL,HEALTHY,ALLOW
2026-09-30T08:00:00Z,83304.92,83304.92,83282.0,83284.01,11.68244,83290.31,26.41642857,0.05,0.9,0,TREND_DOWN,NORMAL,NEUTRAL,HEALTHY,ALLOW
2026-09-30T08:01:00Z,83284.01,83296.01,83264.0,83269.99,10.27717,83276.66666667,27.89428571,0.05,0.9,0,TREND_DOWN,NORMAL,NEUTRAL,HEALTHY,ALLOW
2026-09-30T08:02:00Z,83269.98,83269.99,83244.71,83263.44,9.0476,83259.38,29.65285714,0.05,0.9,0,TREND_DOWN,NORMAL,NEUTRAL,HEALTHY,ALLOW
2026-09-30T08:03:00Z,83263.45,83320.84,83263.44,83320.84,4.98703,83301.70666667,31.72428571,0.05,0.9,0,TREND_UP,NORMAL,ALIGNED,HEALTHY,ALLOW
2026-09-30T08:04:00Z,83320.83,83339.91,83283.97,83305.03,19.45765,83309.63666667,32.735,0.05,0.9,0,TREND_DOWN,NORMAL,NEUTRAL,HEALTHY,ALLOW
2026-09-30T08:05:00Z,83305.03,83305.87,83254.0,83266.0,14.13515,83275.29,33.55285714,0.05,0.9,0,TREND_DOWN,NORMAL,NEUTRAL,HEALTHY,ALLOW
2026-09-30T08:06:00Z,83266.01,83284.84,83266.01,83277.96,8.38209,83276.27,33.62285714,0.05,0.9,0,TREND_UP,NORMAL,ALIGNED,HEALTHY,ALLOW
2026-09-30T08:07:00Z,83277.97,83277.97,83221.95,83221.95,13.98547,83240.62333333,36.74071429,0.05,0.9,0,TREND_DOWN,NORMAL,NEUTRAL,HEALTHY,ALLOW
2026-09-30T08:08:00Z,83221.96,83244.84,83221.95,83233.47,10.06143,83233.42,34.95214286,0.05,0.9,0,TREND_UP,NORMAL,ALIGNED,HEALTHY,ALLOW
2026-09-30T08:09:00Z,83233.48,83240.56,83220.18,83220.19,7.99977,83226.97666667,35.87857143,0.05,0.9,0,TREND_DOWN,NORMAL,NEUTRAL,HEALTHY,ALLOW
2026-09-30T08:10:00Z,83220.18,83220.19,83213.02,83216.0,9.39133,83216.40333333,32.96714286,0.05,0.9,0,TREND_DOWN,NORMAL,NEUTRAL,HEALTHY,ALLOW
2026-09-30T08:11:00Z,83216.01,83216.01,83168.0,83168.01,13.00181,83184.00666667,34.92142857,0.05,0.9,0,TREND_DOWN,NORMAL,NEUTRAL,HEALTHY,ALLOW
2026-09-30T08:12:00Z,83168.01,83183.81,83157.38,83160.89,15.59772,83167.36,35.09428571,0.05,0.9,0,TREND_DOWN,NORMAL,NEUTRAL,HEALTHY,ALLOW
2026-09-30T08:13:00Z,83160.9,83165.92,83156.53,83156.54,10.50451,83159.66333333,32.46785714,0.05,0.9,0,TREND_DOWN,NORMAL,NEUTRAL,HEALTHY,ALLOW
2026-09-30T08:14:00Z,83156.54,83156.54,83125.7,83130.01,8.75391,83137.41666667,33.03357143,0.05,0.9,0,TREND_DOWN,NORMAL,NEUTRAL,HEALTHY,ALLOW
2026-09-30T08:15:00Z,83130.0,83165.92,83119.02,83163.19,14.87834,83149.37666667,34.09714286,0.05,0.9,0,TREND_UP,NORMAL,ALIGNED,HEALTHY,ALLOW
2026-09-30T08:16:00Z,83163.19,83179.87,83159.42,83176.7,15.32661,83171.99666667,33.75214286,0.05,0.9,0,TREND_UP,NORMAL,ALIGNED,HEALTHY,ALLOW
2026-09-30T08:17:00Z,83176.7,83222.23,83176.7,83221.13,9.83783,83206.68666667,32.90428571,0.05,0.9,0,TREND_UP,NORMAL,ALIGNED,HEALTHY,ALLOW
2026-09-30T08:18:00Z,83221.14,83284.31,83221.14,83284.31,10.46582,83263.25333333,33.42142857,0.05,0.9,0,TREND_UP,NORMAL,ALIGNED,HEALTHY,ALLOW
2026-09-30T08:19:00Z,83284.31,83288.65,83201.53,83201.54,8.49499,83230.57333333,35.93928571,0.05,0.9,0,TREND_DOWN,NORMAL,NEUTRAL,HEALTHY,ALLOW
2026-09-30T08:20:00Z,83201.53,83246.02,83194.0,83246.01,9.89678,83228.67666667,38.30928571,0.05,0.9,0,TREND_UP,NORMAL,ALIGNED,HEALTHY,ALLOW
2026-09-30T08:21:00Z,83246.02,83271.46,83240.73,83271.46,12.07181,83261.21666667,36.50285714,0.05,0.9,0,TREND_UP,NORMAL,ALIGNED,HEALTHY,ALLOW
2026-09-30T08:22:00Z,83271.45,83272.01,83244.46,83244.47,14.41833,83253.64666667,36.83571429,0.05,0.9,0,TREND_DOWN,NORMAL,NEUTRAL,HEALTHY,ALLOW
2026-09-30T08:23:00Z,83244.46,83253.67,83227.75,83227.76,12.49154,83236.39333333,37.23142857,0.05,0.9,0,TREND_DOWN,NORMAL,NEUTRAL,HEALTHY,ALLOW
2026-09-30T08:24:00Z,83227.76,83227.76,83168.0,83202.84,10.70719,83199.53333333,40.98785714,0.05,0.9,0,TREND_DOWN,NORMAL,NEUTRAL,HEALTHY,ALLOW
2026-09-30T08:25:00Z,83202.85,83202.85,83166.24,83166.24,3.4602,83178.44333333,40.17357143,0.05,0.9,0,TREND_DOWN,NORMAL,NEUTRAL,HEALTHY,ALLOW
2026-09-30T08:26:00Z,83166.24,83166.24,83141.68,83166.01,14.25917,83157.97666667,40.04,0.05,0.9,0,TREND_DOWN,NORMAL,NEUTRAL,HEALTHY,ALLOW
2026-09-30T08:27:00Z,83166.0,83173.54,83144.44,83173.53,7.91223,83163.83666667,41.44785714,0.05,0.9,0,TREND_UP,NORMAL,ALIGNED,HEALTHY,ALLOW
2026-09-30T08:28:00Z,83173.54,83196.5,83151.36,83166.73,7.77467,83171.53,42.46928571,0.05,0.9,0,TREND_DOWN,NORMAL,NEUTRAL,HEALTHY,ALLOW
2026-09-30T08:29:00Z,83166.72,83166.73,83133.99,83133.99,8.2544,83144.90333333,41.45785714,0.05,0.9,0,TREND_DOWN,NORMAL,NEUTRAL,HEALTHY,ALLOW
2026-09-30T08:30:00Z,83134.0,83134.0,83068.12,83069.45,16.11899,83090.52333333,44.70285714,0.05,0.9,0,TREND_DOWN,NORMAL,NEUTRAL,HEALTHY,ALLOW
2026-09-30T08:31:00Z,83069.45,83092.75,83060.0,83060.01,11.76844,83070.92,43.79,0.05,0.9,0,TREND_DOWN,NORMAL,NEUTRAL,HEALTHY,ALLOW
2026-09-30T08:32:00Z,83060.0,83072.01,83037.0,83049.82,38.66442,83052.94333333,41.77785714,0.05,0.9,0,TREND_DOWN,NORMAL,NEUTRAL,HEALTHY,ALLOW
2026-09-30T08:33:00Z,83049.83,83069.51,83037.0,83037.01,14.37139,83047.84,37.87714286,0.05,0.9,0,TREND_DOWN,NORMAL,NEUTRAL,HEALTHY,ALLOW
2026-09-30T08:34:00Z,83037.0,83082.59,83037.0,83070.77,16.56129,83063.45333333,37.41785714,0.05,0.9,0,TREND_UP,NORMAL,ALIGNED,HEALTHY,ALLOW
2026-09-30T08:35:00Z,83070.76,83073.67,83042.56,83064.01,17.45836,83060.08,37.445,0.05,0.9,0,TREND_DOWN,NORMAL,NEUTRAL,HEALTHY,ALLOW
2026-09-30T08:36:00Z,83064.0,83082.01,83046.19,83046.19,11.1739,83058.13,38.03571429,0.05,0.9,0,TREND_DOWN,NORMAL,NEUTRAL,HEALTHY,ALLOW
2026-09-30T08:37:00Z,83046.19,83089.35,83046.19,83089.35,8.50729,83074.96333333,39.26714286,0.05,0.9,0,TREND_UP,NORMAL,ALIGNED,HEALTHY,ALLOW
2026-09-30T08:38:00Z,83089.35,83136.16,83086.0,83136.15,7.82301,83119.43666667,38.58142857,0.05,0.9,0,TREND_UP,NORMAL,ALIGNED,HEALTHY,ALLOW
2026-09-30T08:39:00Z,83136.16,83140.17,83135.0,83140.17,3.89417,83138.44666667,36.33571429,0.05,0.9,0,TREND_UP,NORMAL,ALIGNED,HEALTHY,ALLOW
2026-09-30T08:40:00Z,83140.17,83140.55,83116.18,83138.25,4.22701,83131.66,36.32214286,0.05,0.9,0,TREND_DOWN,NORMAL,NEUTRAL,HEALTHY,ALLOW
2026-09-30T08:41:00Z,83138.24,83138.25,83095.79,83106.0,5.16395,83113.34666667,37.27642857,0.05,0.9,0,TREND_DOWN,NORMAL,NEUTRAL,HEALTHY,ALLOW
2026-09-30T08:42:00Z,83106.0,83106.01,83083.01,83085.06,4.47138,83091.36,35.695,0.05,0.9,0,TREND_DOWN,NORMAL,NEUTRAL,HEALTHY,ALLOW
2026-09-30T08:43:00Z,83085.06,83088.24,83066.0,83066.0,8.52459,83073.41333333,34.945,0.05,0.9,0,TREND_DOWN,NORMAL,NEUTRAL,HEALTHY,ALLOW
2026-09-30T08:44:00Z,83066.0,83085.73,83066.0,83080.01,7.53143,83077.24666667,31.64857143,0.05,0.9,0,TREND_UP,NORMAL,ALIGNED,HEALTHY,ALLOW
2026-09-30T08:45:00Z,83080.0,83086.01,83068.0,83068.0,3.89931,83074.00333333,30.59571429,0.05,0.9,0,TREND_DOWN,NORMAL,NEUTRAL,HEALTHY,ALLOW
2026-09-30T08:46:00Z,83068.01,83102.01,83068.0,83102.0,9.19569,83090.67,30.52428571,0.05,0.9,0,TREND_UP,NORMAL,ALIGNED,HEALTHY,ALLOW
2026-09-30T08:47:00Z,83102.01,83136.09,83102.0,83122.0,4.25916,83120.03,30.63714286,0.05,0.9,0,TREND_UP,NORMAL,ALIGNED,HEALTHY,ALLOW
2026-09-30T08:48:00Z,83122.01,83148.01,83114.0,83148.01,8.16248,83136.67333333,29.81,0.05,0.9,0,TREND_UP,NORMAL,ALIGNED,HEALTHY,ALLOW
2026-09-30T08:49:00Z,83148.0,83172.6,83142.0,83142.24,13.02274,83152.28,29.77357143,0.05,0.9,0,TREND_DOWN,NORMAL,NEUTRAL,HEALTHY,ALLOW
2026-09-30T08:50:00Z,83142.24,83156.42,83117.2,83118.0,9.57626,83130.54,30.01642857,0.05,0.9,0,TREND_DOWN,NORMAL,NEUTRAL,HEALTHY,ALLOW
2026-09-30T08:51:00Z,83118.0,83121.41,83023.69,83061.62,37.49959,83068.90666667,33.91357143,0.05,0.9,0,TREND_DOWN,NORMAL,NEUTRAL,HEALTHY,ALLOW
2026-09-30T08:52:00Z,83061.63,83082.01,83038.25,83052.01,12.39757,83057.42333333,33.45642857,0.05,0.9,0,TREND_DOWN,NORMAL,NEUTRAL,HEALTHY,ALLOW
2026-09-30T08:53:00Z,83052.0,83054.09,83052.0,83054.09,1.476,83053.39333333,33.23642857,0.05,0.9,0,TREND_UP,NORMAL,ALIGNED,HEALTHY,ALLOW
2026-09-30T08:54:00Z,83054.08,83062.95,83038.25,83046.0,7.26782,83049.06666667,33.26,0.05,0.9,0,TREND_DOWN,NORMAL,NEUTRAL,HEALTHY,ALLOW
2026-09-30T08:55:00Z,83046.0,83046.01,83032.37,83042.13,3.37925,83040.17,31.20142857,0.05,0.9,0,TREND_DOWN,NORMAL,NEUTRAL,HEALTHY,ALLOW
2026-09-30T08:56:00Z,83042.14,83059.87,83042.12,83059.87,4.99547,83053.95333333,30.82642857,0.05,0.9,0,TREND_UP,NORMAL,ALIGNED,HEALTHY,ALLOW
2026-09-30T08:57:00Z,83059.87,83068.65,83059.87,83068.65,2.28621,83065.72333333,29.865,0.05,0.9,0,TREND_UP,NORMAL,ALIGNED,HEALTHY,ALLOW
2026-09-30T08:58:00Z,83068.65,83082.01,83068.64,83072.89,3.30259,83074.51333333,29.41071429,0.05,0.9,0,TREND_UP,NORMAL,ALIGNED,HEALTHY,ALLOW
2026-09-30T08:59:00Z,83072.88,83074.0,83062.4,83062.41,3.77216,83066.27,28.95285714,0.05,0.9,0,TREND_DOWN,NORMAL,NEUTRAL,HEALTHY,ALLOW
2026-09-30T09:00:00Z,83062.41,83082.01,83058.0,83082.0,4.17405,83074.00333333,28.23857143,0.05,0.9,0,TREND_UP,NORMAL,ALIGNED,HEALTHY,ALLOW
2026-09-30T09:01:00Z,83082.01,83088.49,83082.0,83088.48,2.22407,83086.32333333,26.26714286,0.05,0.9,0,TREND_UP,NORMAL,ALIGNED,HEALTHY,ALLOW
2026-09-30T09:02:00Z,83088.48,83166.32,83088.44,83166.32,9.14513,83140.36,29.40071429,0.05,0.9,0,TREND_UP,NORMAL,ALIGNED,HEALTHY,ALLOW
2026-09-30T09:03:00Z,83166.32,83172.25,83156.94,83172.24,5.6929,83167.14333333,28.30857143,0.05,0.9,0,TREND_UP,NORMAL,ALIGNED,HEALTHY,ALLOW
2026-09-30T09:04:00Z,83172.25,83190.91,83172.24,83190.91,2.27374,83184.68666667,26.84071429,0.05,0.9,0,TREND_UP,NORMAL,ALIGNED,HEALTHY,ALLOW
2026-09-30T09:05:00Z,83190.97,83245.09,83190.96,83245.09,6.57407,83227.04666667,23.73071429,0.05,0.9,0,TREND_UP,NORMAL,ALIGNED,HEALTHY,ALLOW
2026-09-30T09:06:00Z,83245.08,83264.16,83242.07,83264.16,6.71187,83256.79666667,22.18285714,0.05,0.9,0,TREND_UP,NORMAL,ALIGNED,HEALTHY,ALLOW
2026-09-30T09:07:00Z,83264.15,83264.16,83231.01,83231.02,5.03823,83242.06333333,24.40142857,0.05,0.9,0,TREND_DOWN,NORMAL,NEUTRAL,HEALTHY,ALLOW
2026-09-30T09:08:00Z,83231.01,83290.06,83231.01,83240.0,9.69528,83253.69,26.855,0.05,0.9,0,TREND_UP,NORMAL,ALIGNED,HEALTHY,ALLOW
2026-09-30T09:09:00Z,83240.01,83244.01,83220.13,83244.0,9.43051,83236.04666667,27.58642857,0.05,0.9,0,TREND_UP,NORMAL,ALIGNED,HEALTHY,ALLOW
2026-09-30T09:10:00Z,83244.01,83272.01,83244.0,83260.02,6.67152,83258.67666667,28.31928571,0.05,0.9,0,TREND_UP,NORMAL,ALIGNED,HEALTHY,ALLOW
2026-09-30T09:11:00Z,83260.03,83260.03,83240.89,83256.0,3.99104,83252.30666667,29.05928571,0.05,0.9,0,TREND_DOWN,NORMAL,NEUTRAL,HEALTHY,ALLOW
2026-09-30T09:12:00Z,83256.01,83289.08,83244.0,83249.52,8.60139,83260.86666667,31.32428571,0.05,0.9,0,TREND_DOWN,NORMAL,NEUTRAL,HEALTHY,ALLOW
2026-09-30T09:13:00Z,83249.51,83268.01,83249.51,83268.01,2.51684,83261.84333333,31.81714286,0.05,0.9,0,TREND_UP,NORMAL,ALIGNED,HEALTHY,ALLOW
2026-09-30T09:14:00Z,83268.0,83291.95,83268.0,83291.94,1.95409,83283.96333333,31.81285714,0.05,0.9,0,TREND_UP,NORMAL,ALIGNED,HEALTHY,ALLOW
2026-09-30T09:15:00Z,83291.94,83291.95,83291.94,83291.95,1.42558,83291.94666667,31.35,0.05,0.9,0,TREND_UP,NORMAL,ALIGNED,HEALTHY,ALLOW
2026-09-30T09:16:00Z,83291.94,83291.95,83278.02,83284.01,9.09033,83284.66,26.78214286,0.05,0.9,0,TREND_DOWN,NORMAL,NEUTRAL,HEALTHY,ALLOW
2026-09-30T09:17:00Z,83284.0,83316.0,83284.0,83291.04,12.4011,83297.01333333,27.97428571,0.05,0.9,0,TREND_UP,NORMAL,ALIGNED,HEALTHY,ALLOW
2026-09-30T09:18:00Z,83291.03,83310.02,83277.25,83310.01,8.31624,83299.09333333,28.98142857,0.05,0.9,0,TREND_UP,NORMAL,ALIGNED,HEALTHY,ALLOW
2026-09-30T09:19:00Z,83310.01,83318.54,83307.0,83307.01,21.14169,83310.85,25.93571429,0.05,0.9,0,TREND_DOWN,NORMAL,NEUTRAL,HEALTHY,ALLOW
2026-09-30T09:20:00Z,83307.0,83335.75,83283.19,83335.74,7.42001,83318.22666667,28.11214286,0.05,0.9,0,TREND_UP,NORMAL,ALIGNED,HEALTHY,ALLOW
2026-09-30T09:21:00Z,83335.75,83368.02,83335.74,83358.93,9.58878,83354.23,28.05,0.05,0.9,0,TREND_UP,NORMAL,ALIGNED,HEALTHY,ALLOW
2026-09-30T09:22:00Z,83358.92,83362.01,83325.17,83344.0,12.64929,83343.72666667,26.46357143,0.05,0.9,0,TREND_DOWN,NORMAL,NEUTRAL,HEALTHY,ALLOW
2026-09-30T09:23:00Z,83344.0,83362.67,83344.0,83362.67,4.7181,83356.44666667,26.09142857,0.05,0.9,0,TREND_UP,NORMAL,ALIGNED,HEALTHY,ALLOW
2026-09-30T09:24:00Z,83362.66,83395.18,83348.99,83395.17,4.67684,83379.78,27.39,0.05,0.9,0,TREND_UP,NORMAL,ALIGNED,HEALTHY,ALLOW
2026-09-30T09:25:00Z,83395.18,83420.93,83391.15,83400.0,14.8793,83404.02666667,28.15,0.05,0.9,0,TREND_UP,NORMAL,ALIGNED,HEALTHY,ALLOW
2026-09-30T09:26:00Z,83400.01,83424.01,83400.0,83423.33,5.27857,83415.78,26.645,0.05,0.9,0,TREND_UP,NORMAL,ALIGNED,HEALTHY,ALLOW
2026-09-30T09:27:00Z,83423.33,83440.99,83423.33,83440.98,6.02339,83435.1,26.585,0.05,0.9,0,TREND_UP,NORMAL,ALIGNED,HEALTHY,ALLOW
2026-09-30T09:28:00Z,83440.99,83440.99,83417.61,83417.62,5.50833,83425.40666667,26.54428571,0.05,0.9,0,TREND_DOWN,NORMAL,NEUTRAL,HEALTHY,ALLOW
2026-09-30T09:29:00Z,83417.61,83426.96,83417.61,83426.95,4.27481,83423.84,27.21142857,0.05,0.9,0,TREND_UP,NORMAL,ALIGNED,HEALTHY,ALLOW
2026-09-30T09:30:00Z,83426.96,83524.8,83426.95,83444.0,93.31503,83465.25,33.20571429,0.05,0.9,0,TREND_UP,NORMAL,ALIGNED,HEALTHY,ALLOW
2026-09-30T09:31:00Z,83444.01,83529.0,83444.0,83514.0,16.3368,83495.66666667,36.99142857,0.05,0.9,0,TREND_UP,NORMAL,ALIGNED,HEALTHY,ALLOW
2026-09-30T09:32:00Z,83514.01,83787.0,83514.01,83781.63,79.74896,83694.21333333,54.15071429,0.05,0.9,0,TREND_UP,NORMAL,ALIGNED,HEALTHY,ALLOW
2026-09-30T09:33:00Z,83781.63,83812.41,83718.79,83756.87,37.12237,83762.69,60.01357143,0.05,0.9,0,TREND_DOWN,NORMAL,NEUTRAL,HEALTHY,ALLOW
2026-09-30T09:34:00Z,83756.88,83794.3,83693.08,83695.75,19.57522,83727.71,63.48928571,0.05,0.9,0,TREND_DOWN,NORMAL,NEUTRAL,HEALTHY,ALLOW
2026-09-30T09:35:00Z,83695.74,83723.83,83618.18,83708.25,17.76675,83683.42,68.73,0.05,0.9,0,TREND_UP,NORMAL,ALIGNED,HEALTHY,ALLOW
2026-09-30T09:36:00Z,83708.26,83733.48,83652.0,83652.01,9.96992,83679.16333333,71.91857143,0.05,0.9,0,TREND_DOWN,NORMAL,NEUTRAL,HEALTHY,ALLOW
2026-09-30T09:37:00Z,83652.01,83652.01,83602.26,83606.0,8.87886,83620.09,74.13857143,0.05,0.9,0,TREND_DOWN,NORMAL,NEUTRAL,HEALTHY,ALLOW
2026-09-30T09:38:00Z,83606.0,83622.01,83574.89,83622.0,7.82988,83606.3,74.205,0.05,0.9,0,TREND_UP,NORMAL,ALIGNED,HEALTHY,ALLOW
2026-09-30T09:39:00Z,83622.01,83622.01,83574.28,83574.29,7.35534,83590.19333333,75.48714286,0.05,0.9,0,TREND_DOWN,NORMAL,NEUTRAL,HEALTHY,ALLOW
2026-09-30T09:40:00Z,83574.28,83574.29,83547.73,83555.0,10.10486,83559.00666667,75.66928571,0.05,0.9,0,TREND_DOWN,NORMAL,NEUTRAL,HEALTHY,ALLOW
2026-09-30T09:41:00Z,83555.0,83555.01,83522.65,83543.62,5.92182,83540.42666667,76.71928571,0.05,0.9,0,TREND_DOWN,NORMAL,NEUTRAL,HEALTHY,ALLOW
2026-09-30T09:42:00Z,83543.61,83562.01,83543.61,83548.11,6.66079,83551.24333333,76.36357143,0.05,0.9,0,TREND_UP,NORMAL,ALIGNED,HEALTHY,ALLOW
2026-09-30T09:43:00Z,83548.11,83548.12,83532.16,83532.16,3.65646,83537.48,76.83571429,0.05,0.9,0,TREND_DOWN,NORMAL,NEUTRAL,HEALTHY,ALLOW
2026-09-30T09:44:00Z,83532.17,83574.4,83532.16,83574.4,10.26919,83560.32,72.86357143,0.05,0.9,0,TREND_UP,NORMAL,ALIGNED,HEALTHY,ALLOW
2026-09-30T09:45:00Z,83574.39,83583.0,83537.21,83565.34,11.43187,83561.85,70.06285714,0.05,0.9,0,TREND_DOWN,NORMAL,NEUTRAL,HEALTHY,ALLOW
2026-09-30T09:46:00Z,83565.34,83583.0,83565.34,83582.99,3.22483,83577.11,51.82428571,0.05,0.9,0,TREND_UP,NORMAL,ALIGNED,HEALTHY,ALLOW
2026-09-30T09:47:00Z,83582.99,83583.0,83567.08,83583.0,4.79103,83577.69333333,46.27428571,0.05,0.9,0,TREND_UP,NORMAL,ALIGNED,HEALTHY,ALLOW
2026-09-30T09:48:00Z,83583.0,83596.01,83582.99,83596.01,3.61882,83591.67,39.97428571,0.05,0.9,0,TREND_UP,NORMAL,ALIGNED,HEALTHY,ALLOW
2026-09-30T09:49:00Z,83596.0,83604.01,83580.26,83604.01,2.75911,83596.09333333,34.12428571,0.05,0.9,0,TREND_UP,NORMAL,ALIGNED,HEALTHY,ALLOW
2026-09-30T09:50:00Z,83604.01,83629.05,83604.0,83618.0,5.54948,83617.01666667,30.09357143,0.05,0.9,0,TREND_UP,NORMAL,ALIGNED,HEALTHY,ALLOW
2026-09-30T09:51:00Z,83618.0,83645.0,83617.96,83629.13,4.82719,83630.69666667,28.47142857,0.05,0.9,0,TREND_UP,NORMAL,ALIGNED,HEALTHY,ALLOW
2026-09-30T09:52:00Z,83629.12,83629.12,83578.01,83584.01,11.65905,83597.04666667,28.75714286,0.05,0.9,0,TREND_DOWN,NORMAL,NEUTRAL,HEALTHY,ALLOW
2026-09-30T09:53:00Z,83584.01,83586.01,83569.72,83586.0,13.95519,83580.57666667,26.51142857,0.05,0.9,0,TREND_UP,NORMAL,ALIGNED,HEALTHY,ALLOW
2026-09-30T09:54:00Z,83586.01,83629.35,83572.45,83629.35,5.97327,83610.38333333,28.67857143,0.05,0.9,0,TREND_UP,NORMAL,ALIGNED,HEALTHY,ALLOW
2026-09-30T09:55:00Z,83629.35,83656.01,83629.34,83634.39,10.34067,83639.91333333,28.27214286,0.05,0.9,0,TREND_UP,NORMAL,ALIGNED,HEALTHY,ALLOW
2026-09-30T09:56:00Z,83634.39,83634.4,83604.0,83618.01,6.05629,83618.80333333,29.12928571,0.05,0.9,0,TREND_DOWN,NORMAL,NEUTRAL,HEALTHY,ALLOW
2026-09-30T09:57:00Z,83618.0,83640.81,83618.0,83640.81,5.57305,83633.20666667,29.61857143,0.05,0.9,0,TREND_UP,NORMAL,ALIGNED,HEALTHY,ALLOW
2026-09-30T09:58:00Z,83640.8,83644.01,83640.8,83640.8,2.79412,83641.87,26.83071429,0.05,0.9,0,TREND_UP,NORMAL,ALIGNED,HEALTHY,ALLOW
2026-09-30T09:59:00Z,83640.81,83640.81,83627.48,83632.01,5.60057,83633.43333333,24.51214286,0.05,0.9,0,TREND_DOWN,NORMAL,NEUTRAL,HEALTHY,ALLOW
2026-09-30T10:00:00Z,83632.01,83746.77,83632.01,83731.29,114.34537,83703.35666667,31.44785714,0.05,0.9,0,TREND_UP,NORMAL,ALIGNED,HEALTHY,ALLOW
2026-09-30T10:01:00Z,83731.29,83745.89,83699.4,83699.4,12.02608,83714.89666667,33.63142857,0.05,0.9,0,TREND_DOWN,NORMAL,NEUTRAL,HEALTHY,ALLOW
2026-09-30T10:02:00Z,83699.4,83745.89,83680.29,83745.86,23.4249,83724.01333333,37.38714286,0.05,0.9,0,TREND_UP,NORMAL,ALIGNED,HEALTHY,ALLOW
2026-09-30T10:03:00Z,83745.85,83745.86,83717.65,83726.17,8.60397,83729.89333333,37.70571429,0.05,0.9,0,TREND_DOWN,NORMAL,NEUTRAL,HEALTHY,ALLOW
2026-09-30T10:04:00Z,83726.17,83796.73,83724.2,83772.01,111.58668,83764.31333333,41.09714286,0.05,0.9,0,TREND_UP,NORMAL,ALIGNED,HEALTHY,ALLOW
2026-09-30T10:05:00Z,83772.0,83772.01,83751.65,83752.53,6.19718,83758.73,40.62,0.05,0.9,0,TREND_DOWN,NORMAL,NEUTRAL,HEALTHY,ALLOW
2026-09-30T10:06:00Z,83752.54,83764.35,83752.53,83752.66,11.56566,83756.51333333,37.81285714,0.05,0.9,0,TREND_UP,NORMAL,ALIGNED,HEALTHY,ALLOW
2026-09-30T10:07:00Z,83752.66,83752.67,83736.08,83740.01,7.83496,83742.92,37.83428571,0.05,0.9,0,TREND_DOWN,NORMAL,NEUTRAL,HEALTHY,ALLOW
2026-09-30T10:08:00Z,83740.01,83760.0,83740.0,83760.0,11.19066,83753.33333333,35.19857143,0.05,0.9,0,TREND_UP,NORMAL,ALIGNED,HEALTHY,ALLOW
2026-09-30T10:09:00Z,83759.99,83760.0,83727.74,83729.09,11.01481,83738.94333333,35.59785714,0.05,0.9,0,TREND_DOWN,NORMAL,NEUTRAL,HEALTHY,ALLOW
2026-09-30T10:10:00Z,83729.08,83730.0,83727.74,83729.1,4.46872,83728.94666667,33.58785714,0.05,0.9,0,TREND_UP,NORMAL,ALIGNED,HEALTHY,ALLOW
2026-09-30T10:11:00Z,83729.1,83748.01,83729.1,83747.79,3.9403,83741.63333333,33.30928571,0.05,0.9,0,TREND_UP,NORMAL,ALIGNED,HEALTHY,ALLOW
2026-09-30T10:12:00Z,83747.78,83754.92,83747.78,83754.92,2.08392,83752.54,33.59,0.05,0.9,0,TREND_UP,NORMAL,ALIGNED,HEALTHY,ALLOW
2026-09-30T10:13:00Z,83754.91,83764.01,83754.91,83759.98,3.5789,83759.63333333,33.28785714,0.05,0.9,0,TREND_UP,NORMAL,ALIGNED,HEALTHY,ALLOW
2026-09-30T10:14:00Z,83759.98,83759.99,83706.53,83706.53,12.44682,83724.35,28.90928571,0.05,0.9,0,TREND_DOWN,NORMAL,NEUTRAL,HEALTHY,ALLOW
2026-09-30T10:15:00Z,83706.02,83718.01,83698.0,83704.0,6.95093,83706.67,27.01785714,0.05,0.9,0,TREND_DOWN,NORMAL,NEUTRAL,HEALTHY,ALLOW
2026-09-30T10:16:00Z,83704.0,83708.75,83678.0,83694.0,10.62493,83693.58333333,24.52857143,0.05,0.9,0,TREND_DOWN,NORMAL,NEUTRAL,HEALTHY,ALLOW
2026-09-30T10:17:00Z,83694.01,83722.01,83694.0,83722.01,4.81256,83712.67333333,24.51428571,0.05,0.9,0,TREND_UP,NORMAL,ALIGNED,HEALTHY,ALLOW
2026-09-30T10:18:00Z,83722.01,83722.01,83698.0,83698.01,8.6185,83706.00666667,21.04857143,0.05,0.9,0,TREND_DOWN,NORMAL,NEUTRAL,HEALTHY,ALLOW
2026-09-30T10:19:00Z,83698.01,83740.0,83698.01,83740.0,14.29987,83726.00333333,22.59357143,0.05,0.9,0,TREND_UP,NORMAL,ALIGNED,HEALTHY,ALLOW
2026-09-30T10:20:00Z,83740.0,83796.73,83739.99,83796.72,7.08545,83777.81333333,25.80214286,0.05,0.9,0,TREND_UP,NORMAL,ALIGNED,HEALTHY,ALLOW
2026-09-30T10:21:00Z,83796.72,83845.0,83796.72,83818.24,26.22101,83819.98666667,28.06571429,0.05,0.9,0,TREND_UP,NORMAL,ALIGNED,HEALTHY,ALLOW
2026-09-30T10:22:00Z,83818.24,83822.16,83760.74,83760.75,5.11814,83781.21666667,31.02428571,0.05,0.9,0,TREND_DOWN,NORMAL,NEUTRAL,HEALTHY,ALLOW
2026-09-30T10:23:00Z,83760.74,83779.19,83746.0,83746.01,17.28831,83757.06666667,31.09071429,0.05,0.9,0,TREND_DOWN,NORMAL,NEUTRAL,HEALTHY,ALLOW
2026-09-30T10:24:00Z,83746.0,83804.26,83743.48,83804.26,11.17477,83784.0,35.27071429,0.05,0.9,0,TREND_UP,NORMAL,ALIGNED,HEALTHY,ALLOW
2026-09-30T10:25:00Z,83804.26,83866.33,83804.25,83866.32,15.91763,83845.63333333,38.35428571,0.05,0.9,0,TREND_UP,NORMAL,ALIGNED,HEALTHY,ALLOW
2026-09-30T10:26:00Z,83866.32,83866.33,83855.25,83859.3,7.28069,83860.29333333,38.63571429,0.05,0.9,0,TREND_DOWN,NORMAL,NEUTRAL,HEALTHY,ALLOW
2026-09-30T10:27:00Z,83859.29,83859.3,83798.52,83798.52,14.30327,83818.78,42.32714286,0.05,0.9,0,TREND_DOWN,NORMAL,NEUTRAL,HEALTHY,ALLOW
2026-09-30T10:28:00Z,83798.53,83806.9,83788.0,83806.89,6.94063,83800.59666667,39.85857143,0.05,0.9,0,TREND_UP,NORMAL,ALIGNED,HEALTHY,ALLOW
2026-09-30T10:29:00Z,83806.9,83806.9,83783.48,83787.92,18.63217,83792.76666667,40.10214286,0.05,0.9,0,TREND_DOWN,NORMAL,NEUTRAL,HEALTHY,ALLOW
2026-09-30T10:30:00Z,83787.91,83845.0,83787.91,83844.99,17.99589,83825.96666667,41.98357143,0.05,0.9,0,TREND_UP,NORMAL,ALIGNED,HEALTHY,ALLOW
2026-09-30T10:31:00Z,83845.0,83857.27,83844.99,83857.27,7.58339,83853.17666667,40.86,0.05,0.9,0,TREND_UP,NORMAL,ALIGNED,HEALTHY,ALLOW
2026-09-30T10:32:00Z,83857.26,83872.8,83857.26,83872.8,5.90228,83867.62,40.255,0.05,0.9,0,TREND_UP,NORMAL,ALIGNED,HEALTHY,ALLOW
2026-09-30T10:33:00Z,83872.8,83875.0,83866.0,83872.68,11.79017,83871.22666667,37.89857143,0.05,0.9,0,TREND_DOWN,NORMAL,NEUTRAL,HEALTHY,ALLOW
2026-09-30T10:34:00Z,83872.68,83874.51,83860.96,83874.5,7.94135,83869.99,34.81357143,0.05,0.9,0,TREND_UP,NORMAL,ALIGNED,HEALTHY,ALLOW
2026-09-30T10:35:00Z,83874.5,83875.0,83868.0,83875.0,6.23727,83872.66666667,31.865,0.05,0.9,0,TREND_UP,NORMAL,ALIGNED,HEALTHY,ALLOW
2026-09-30T10:36:00Z,83874.99,83875.0,83871.71,83875.0,2.89205,83873.90333333,27.71285714,0.05,0.9,0,TREND_UP,NORMAL,ALIGNED,HEALTHY,ALLOW
2026-09-30T10:37:00Z,83875.0,83926.33,83874.99,83913.76,15.11867,83905.02666667,29.00928571,0.05,0.9,0,TREND_UP,NORMAL,ALIGNED,HEALTHY,ALLOW
2026-09-30T10:38:00Z,83913.76,83916.94,83913.76,83916.94,4.69294,83915.88,24.895,0.05,0.9,0,TREND_UP,NORMAL,ALIGNED,HEALTHY,ALLOW
2026-09-30T10:39:00Z,83916.94,83926.32,83854.82,83854.82,16.96195,83878.65333333,25.56785714,0.05,0.9,0,TREND_DOWN,NORMAL,NEUTRAL,HEALTHY,ALLOW
2026-09-30T10:40:00Z,83854.82,83858.86,83854.82,83858.85,8.33158,83857.51,25.065,0.05,0.9,0,TREND_UP,NORMAL,ALIGNED,HEALTHY,ALLOW
2026-09-30T10:41:00Z,83858.85,83880.0,83854.82,83880.0,15.01515,83871.60666667,22.52214286,0.05,0.9,0,TREND_UP,NORMAL,ALIGNED,HEALTHY,ALLOW
2026-09-30T10:42:00Z,83880.0,83907.49,83879.99,83896.66,5.59281,83894.71333333,23.13642857,0.05,0.9,0,TREND_UP,NORMAL,ALIGNED,HEALTHY,ALLOW
2026-09-30T10:43:00Z,83896.66,83903.56,83878.78,83903.55,6.78418,83895.29666667,23.23357143,0.05,0.9,0,TREND_UP,NORMAL,ALIGNED,HEALTHY,ALLOW
2026-09-30T10:44:00Z,83903.56,83903.56,83888.58,83888.58,3.6416,83893.57333333,20.22571429,0.05,0.9,0,TREND_DOWN,NORMAL,NEUTRAL,HEALTHY,ALLOW
2026-09-30T10:45:00Z,83888.58,83902.71,83869.13,83869.13,4.57982,83880.32333333,21.74714286,0.05,0.9,0,TREND_DOWN,NORMAL,NEUTRAL,HEALTHY,ALLOW
2026-09-30T10:46:00Z,83869.13,83869.14,83862.13,83862.13,7.66352,83864.46666667,21.13785714,0.05,0.9,0,TREND_DOWN,NORMAL,NEUTRAL,HEALTHY,ALLOW
2026-09-30T10:47:00Z,83862.12,83902.71,83862.12,83902.7,9.92828,83889.17666667,23.39428571,0.05,0.9,0,TREND_UP,NORMAL,ALIGNED,HEALTHY,ALLOW
2026-09-30T10:48:00Z,83902.7,83905.14,83896.33,83905.13,2.86755,83902.2,23.05571429,0.05,0.9,0,TREND_UP,NORMAL,ALIGNED,HEALTHY,ALLOW
2026-09-30T10:49:00Z,83905.14,83938.75,83901.93,83901.95,6.76989,83914.21,25.18571429,0.05,0.9,0,TREND_DOWN,NORMAL,NEUTRAL,HEALTHY,ALLOW
2026-09-30T10:50:00Z,83901.96,83919.32,83901.95,83919.32,4.36169,83913.53,26.19142857,0.05,0.9,0,TREND_UP,NORMAL,ALIGNED,HEALTHY,ALLOW
2026-09-30T10:51:00Z,83919.31,83919.32,83906.36,83912.91,5.32221,83912.86333333,23.45,0.05,0.9,0,TREND_DOWN,NORMAL,NEUTRAL,HEALTHY,ALLOW
2026-09-30T10:52:00Z,83912.91,83937.95,83912.91,83937.94,1.61073,83929.6,25.01142857,0.05,0.9,0,TREND_UP,NORMAL,ALIGNED,HEALTHY,ALLOW
2026-09-30T10:53:00Z,83937.95,83937.95,83935.52,83935.53,5.58832,83936.33333333,20.07785714,0.05,0.9,0,TREND_DOWN,NORMAL,NEUTRAL,HEALTHY,ALLOW
2026-09-30T10:54:00Z,83935.53,83950.0,83935.52,83949.99,6.57522,83945.17,20.82357143,0.05,0.9,0,TREND_UP,NORMAL,ALIGNED,HEALTHY,ALLOW
2026-09-30T10:55:00Z,83949.99,83950.0,83936.0,83936.0,10.07697,83940.66666667,20.025,0.05,0.9,0,TREND_DOWN,NORMAL,NEUTRAL,HEALTHY,ALLOW
2026-09-30T10:56:00Z,83936.01,83936.01,83882.14,83932.17,14.32947,83916.77333333,21.90857143,0.05,0.9,0,TREND_DOWN,NORMAL,NEUTRAL,HEALTHY,ALLOW
2026-09-30T10:57:00Z,83932.17,83932.17,83918.0,83930.83,7.44827,83927.0,21.15071429,0.05,0.9,0,TREND_DOWN,NORMAL,NEUTRAL,HEALTHY,ALLOW
2026-09-30T10:58:00Z,83930.83,83930.83,83918.0,83918.01,14.19882,83922.28,20.99714286,0.05,0.9,0,TREND_DOWN,NORMAL,NEUTRAL,HEALTHY,ALLOW
2026-09-30T10:59:00Z,83918.01,83918.01,83918.0,83918.01,1.08244,83918.00666667,18.59928571,0.05,0.9,0,TREND_UP,NORMAL,ALIGNED,HEALTHY,ALLOW
2026-09-30T11:00:00Z,83918.0,83918.0,83852.0,83852.0,10.99045,83874.0,22.81357143,0.05,0.9,0,TREND_DOWN,NORMAL,NEUTRAL,HEALTHY,ALLOW
2026-09-30T11:01:00Z,83852.0,83852.0,83767.63,83772.0,10.09734,83797.21,25.94071429,0.05,0.9,0,TREND_DOWN,NORMAL,NEUTRAL,HEALTHY,ALLOW
2026-09-30T11:02:00Z,83772.0,83777.94,83767.63,83767.64,3.58573,83771.07,26.04785714,0.05,0.9,0,TREND_DOWN,NORMAL,NEUTRAL,HEALTHY,ALLOW
2026-09-30T11:03:00Z,83767.63,83809.53,83764.0,83805.31,8.56486,83792.94666667,26.67,0.05,0.9,0,TREND_UP,NORMAL,ALIGNED,HEALTHY,ALLOW
2026-09-30T11:04:00Z,83805.31,83805.31,83766.0,83766.0,3.74775,83779.10333333,28.23714286,0.05,0.9,0,TREND_DOWN,NORMAL,NEUTRAL,HEALTHY,ALLOW
2026-09-30T11:05:00Z,83766.0,83776.3,83750.35,83750.36,9.55032,83759.00333333,29.165,0.05,0.9,0,TREND_DOWN,NORMAL,NEUTRAL,HEALTHY,ALLOW
2026-09-30T11:06:00Z,83750.36,83750.36,83720.4,83720.41,13.23269,83730.39,29.51642857,0.05,0.9,0,TREND_DOWN,NORMAL,NEUTRAL,HEALTHY,ALLOW
2026-09-30T11:07:00Z,83720.41,83720.41,83696.0,83703.96,4.24333,83706.79,31.08642857,0.05,0.9,0,TREND_DOWN,NORMAL,NEUTRAL,HEALTHY,ALLOW
2026-09-30T11:08:00Z,83703.96,83765.45,83703.95,83756.89,10.15451,83742.09666667,34.445,0.05,0.9,0,TREND_UP,NORMAL,ALIGNED,HEALTHY,ALLOW
2026-09-30T11:09:00Z,83756.9,83770.0,83712.0,83712.0,7.53332,83731.33333333,37.58785714,0.05,0.9,0,TREND_DOWN,NORMAL,NEUTRAL,HEALTHY,ALLOW
2026-09-30T11:10:00Z,83712.0,83726.01,83708.0,83726.0,5.97759,83720.00333333,35.02642857,0.05,0.9,0,TREND_UP,NORMAL,ALIGNED,HEALTHY,ALLOW
2026-09-30T11:11:00Z,83726.0,83730.01,83714.0,83726.0,4.13013,83723.33666667,35.15785714,0.05,0.9,0,TREND_UP,NORMAL,ALIGNED,HEALTHY,ALLOW
2026-09-30T11:12:00Z,83725.99,83827.38,83725.99,83827.37,8.93583,83793.58,41.48357143,0.05,0.9,0,TREND_UP,NORMAL,ALIGNED,HEALTHY,ALLOW
2026-09-30T11:13:00Z,83827.38,83861.77,83827.37,83832.01,5.476,83840.38333333,43.94,0.05,0.9,0,TREND_UP,NORMAL,ALIGNED,HEALTHY,ALLOW
2026-09-30T11:14:00Z,83832.01,83845.0,83814.75,83844.99,6.54068,83834.91333333,41.38571429,0.05,0.9,0,TREND_UP,NORMAL,ALIGNED,HEALTHY,ALLOW
2026-09-30T11:15:00Z,83844.99,83860.01,83839.5,83839.5,7.71525,83846.33666667,36.82428571,0.05,0.9,0,TREND_DOWN,NORMAL,NEUTRAL,HEALTHY,ALLOW
2026-09-30T11:16:00Z,83839.05,83839.05,83828.29,83830.01,4.11984,83832.45,36.88857143,0.05,0.9,0,TREND_DOWN,NORMAL,NEUTRAL,HEALTHY,ALLOW
2026-09-30T11:17:00Z,83830.0,83830.01,83791.37,83812.01,13.53322,83811.13,36.39642857,0.05,0.9,0,TREND_DOWN,NORMAL,NEUTRAL,HEALTHY,ALLOW
2026-09-30T11:18:00Z,83812.0,83825.16,83810.86,83825.15,3.45178,83820.39,34.61,0.05,0.9,0,TREND_UP,NORMAL,ALIGNED,HEALTHY,ALLOW
2026-09-30T11:19:00Z,83825.16,83830.0,83739.7,83739.7,10.53453,83769.8,39.20642857,0.05,0.9,0,TREND_DOWN,NORMAL,NEUTRAL,HEALTHY,ALLOW
2026-09-30T11:20:00Z,83739.7,83739.71,83716.0,83716.01,3.35449,83723.90666667,38.76,0.05,0.9,0,TREND_DOWN,NORMAL,NEUTRAL,HEALTHY,ALLOW
2026-09-30T11:21:00Z,83716.0,83732.39,83716.0,83732.39,2.9313,83726.92666667,38.18714286,0.05,0.9,0,TREND_UP,NORMAL,ALIGNED,HEALTHY,ALLOW
2026-09-30T11:22:00Z,83732.39,83780.01,83732.38,83780.0,4.06413,83764.13,37.19642857,0.05,0.9,0,TREND_UP,NORMAL,ALIGNED,HEALTHY,ALLOW
2026-09-30T11:23:00Z,83780.0,83870.33,83780.0,83870.32,10.1937,83840.21666667,39.50571429,0.05,0.9,0,TREND_UP,NORMAL,ALIGNED,HEALTHY,ALLOW
2026-09-30T11:24:00Z,83870.32,83879.64,83854.41,83854.41,5.58531,83862.82,40.02142857,0.05,0.9,0,TREND_DOWN,NORMAL,NEUTRAL,HEALTHY,ALLOW
2026-09-30T11:25:00Z,83854.41,83864.01,83846.0,83864.01,2.45871,83858.00666667,40.16428571,0.05,0.9,0,TREND_UP,NORMAL,ALIGNED,HEALTHY,ALLOW
2026-09-30T11:26:00Z,83864.01,83879.02,83862.68,83862.68,3.90309,83868.12666667,34.08928571,0.05,0.9,0,TREND_DOWN,NORMAL,NEUTRAL,HEALTHY,ALLOW
2026-09-30T11:27:00Z,83862.68,83862.69,83848.0,83848.0,4.07813,83852.89666667,32.68142857,0.05,0.9,0,TREND_DOWN,NORMAL,NEUTRAL,HEALTHY,ALLOW
2026-09-30T11:28:00Z,83848.0,83850.01,83848.0,83850.01,5.40784,83849.34,30.66428571,0.05,0.9,0,TREND_UP,NORMAL,ALIGNED,HEALTHY,ALLOW
2026-09-30T11:29:00Z,83850.01,83858.01,83850.0,83858.0,2.40562,83855.33666667,29.77142857,0.05,0.9,0,TREND_UP,NORMAL,ALIGNED,HEALTHY,ALLOW
2026-09-30T11:30:00Z,83858.01,83858.01,83825.37,83828.13,9.42638,83837.17,31.30214286,0.05,0.9,0,TREND_DOWN,NORMAL,NEUTRAL,HEALTHY,ALLOW
2026-09-30T11:31:00Z,83828.14,83828.14,83766.0,83766.01,14.39193,83786.71666667,32.98071429,0.05,0.9,0,TREND_DOWN,NORMAL,NEUTRAL,HEALTHY,ALLOW
2026-09-30T11:32:00Z,83766.0,83766.0,83747.65,83757.99,9.43397,83757.21333333,33.27071429,0.05,0.9,0,TREND_DOWN,NORMAL,NEUTRAL,HEALTHY,ALLOW
2026-09-30T11:33:00Z,83757.99,83782.01,83757.99,83782.01,2.48158,83774.00333333,28.53642857,0.05,0.9,0,TREND_UP,NORMAL,ALIGNED,HEALTHY,ALLOW
2026-09-30T11:34:00Z,83782.0,83813.98,83782.0,83813.98,5.09353,83803.32,29.12714286,0.05,0.9,0,TREND_UP,NORMAL,ALIGNED,HEALTHY,ALLOW
2026-09-30T11:35:00Z,83813.98,83829.35,83813.97,83829.34,1.45067,83824.22,29.055,0.05,0.9,0,TREND_UP,NORMAL,ALIGNED,HEALTHY,ALLOW
2026-09-30T11:36:00Z,83829.34,83829.35,83790.0,83812.01,5.25174,83810.45333333,28.46357143,0.05,0.9,0,TREND_DOWN,NORMAL,NEUTRAL,HEALTHY,ALLOW
2026-09-30T11:37:00Z,83812.01,83838.01,83812.01,83837.75,9.99476,83829.25666667,23.86857143,0.05,0.9,0,TREND_UP,NORMAL,ALIGNED,HEALTHY,ALLOW
2026-09-30T11:38:00Z,83837.75,83874.0,83837.75,83873.99,6.36206,83861.91333333,24.65571429,0.05,0.9,0,TREND_UP,NORMAL,ALIGNED,HEALTHY,ALLOW
2026-09-30T11:39:00Z,83874.0,83900.0,83858.0,83900.0,33.55415,83886.0,26.36928571,0.05,0.9,0,TREND_UP,NORMAL,ALIGNED,HEALTHY,ALLOW
2026-09-30T11:40:00Z,83900.01,83940.0,83900.0,83940.0,22.71682,83926.66666667,28.05928571,0.05,0.9,0,TREND_UP,NORMAL,ALIGNED,HEALTHY,ALLOW
2026-09-30T11:41:00Z,83940.0,83981.11,83929.92,83932.09,18.32635,83947.70666667,30.66642857,0.05,0.9,0,TREND_DOWN,NORMAL,NEUTRAL,HEALTHY,ALLOW
2026-09-30T11:42:00Z,83932.09,83932.09,83908.01,83920.01,5.54893,83920.03666667,32.24285714,0.05,0.9,0,TREND_DOWN,NORMAL,NEUTRAL,HEALTHY,ALLOW
2026-09-30T11:43:00Z,83920.01,83976.01,83920.01,83962.03,16.60166,83952.68333333,35.67071429,0.05,0.9,0,TREND_UP,NORMAL,ALIGNED,HEALTHY,ALLOW
2026-09-30T11:44:00Z,83962.02,83962.03,83932.0,83934.01,6.91377,83942.68,35.48428571,0.05,0.9,0,TREND_DOWN,NORMAL,NEUTRAL,HEALTHY,ALLOW
2026-09-30T11:45:00Z,83934.01,83936.01,83906.42,83910.79,8.05997,83917.74,33.15928571,0.05,0.9,0,TREND_DOWN,NORMAL,NEUTRAL,HEALTHY,ALLOW
2026-09-30T11:46:00Z,83910.78,83976.0,83897.42,83946.0,17.12427,83939.80666667,37.46071429,0.05,0.9,0,TREND_UP,NORMAL,ALIGNED,HEALTHY,ALLOW
2026-09-30T11:47:00Z,83946.0,83946.01,83873.46,83908.01,12.64688,83909.16,40.92714286,0.05,0.9,0,TREND_DOWN,NORMAL,NEUTRAL,HEALTHY,ALLOW
2026-09-30T11:48:00Z,83908.01,83908.01,83882.0,83884.0,3.686,83891.33666667,40.50071429,0.05,0.9,0,TREND_DOWN,NORMAL,NEUTRAL,HEALTHY,ALLOW
2026-09-30T11:49:00Z,83884.01,83900.0,83872.0,83899.68,2.65427,83890.56,41.40214286,0.05,0.9,0,TREND_UP,NORMAL,ALIGNED,HEALTHY,ALLOW
2026-09-30T11:50:00Z,83899.68,83899.69,83868.0,83868.01,3.91984,83878.56666667,40.855,0.05,0.9,0,TREND_DOWN,NORMAL,NEUTRAL,HEALTHY,ALLOW
2026-09-30T11:51:00Z,83868.01,83872.01,83852.0,83852.01,2.4948,83858.67333333,40.42714286,0.05,0.9,0,TREND_DOWN,NORMAL,NEUTRAL,HEALTHY,ALLOW
2026-09-30T11:52:00Z,83852.0,83852.01,83840.62,83840.63,3.31185,83844.42,38.65142857,0.05,0.9,0,TREND_DOWN,NORMAL,NEUTRAL,HEALTHY,ALLOW
2026-09-30T11:53:00Z,83840.62,83856.01,83837.62,83837.62,8.703,83843.75,36.965,0.05,0.9,0,TREND_DOWN,NORMAL,NEUTRAL,HEALTHY,ALLOW
2026-09-30T11:54:00Z,83837.62,83837.62,83820.01,83834.0,2.6154,83830.54333333,35.36571429,0.05,0.9,0,TREND_DOWN,NORMAL,NEUTRAL,HEALTHY,ALLOW
2026-09-30T11:55:00Z,83834.01,83834.01,83832.0,83832.0,2.54883,83832.67,31.85285714,0.05,0.9,0,TREND_DOWN,NORMAL,NEUTRAL,HEALTHY,ALLOW
2026-09-30T11:56:00Z,83832.01,83857.07,83832.0,83852.01,4.24218,83847.02666667,31.92357143,0.05,0.9,0,TREND_UP,NORMAL,ALIGNED,HEALTHY,ALLOW
2026-09-30T11:57:00Z,83852.01,83860.4,83852.0,83860.39,1.24471,83857.59666667,28.52357143,0.05,0.9,0,TREND_UP,NORMAL,ALIGNED,HEALTHY,ALLOW
2026-09-30T11:58:00Z,83860.4,83860.4,83849.91,83860.0,7.3365,83856.77,27.12785714,0.05,0.9,0,TREND_DOWN,NORMAL,NEUTRAL,HEALTHY,ALLOW
2026-09-30T11:59:00Z,83860.01,83915.17,83860.01,83915.16,4.5347,83896.78,28.955,0.05,0.9,0,TREND_UP,NORMAL,ALIGNED,HEALTHY,ALLOW
2026-09-30T12:00:00Z,83915.17,83942.01,83899.99,83942.01,5.15943,83928.00333333,26.34357143,0.05,0.9,0,TREND_UP,NORMAL,ALIGNED,HEALTHY,ALLOW
2026-09-30T12:01:00Z,83942.01,83942.01,83905.57,83905.57,5.11173,83917.71666667,23.76428571,0.05,0.9,0,TREND_DOWN,NORMAL,NEUTRAL,HEALTHY,ALLOW
2026-09-30T12:02:00Z,83905.57,83905.58,83866.0,83866.0,19.41474,83879.19333333,24.73357143,0.05,0.9,0,TREND_DOWN,NORMAL,NEUTRAL,HEALTHY,ALLOW
2026-09-30T12:03:00Z,83866.0,83870.0,83831.83,83831.83,5.26399,83844.55333333,25.46,0.05,0.9,0,TREND_DOWN,NORMAL,NEUTRAL,HEALTHY,ALLOW
2026-09-30T12:04:00Z,83831.83,83858.55,83831.82,83838.0,4.35712,83842.79,25.10571429,0.05,0.9,0,TREND_UP,NORMAL,ALIGNED,HEALTHY,ALLOW
2026-09-30T12:05:00Z,83838.0,83839.36,83819.61,83819.62,4.28697,83826.19666667,25.08714286,0.05,0.9,0,TREND_DOWN,NORMAL,NEUTRAL,HEALTHY,ALLOW
2026-09-30T12:06:00Z,83819.61,83819.62,83788.53,83788.54,4.1518,83798.89666667,26.49428571,0.05,0.9,0,TREND_DOWN,NORMAL,NEUTRAL,HEALTHY,ALLOW
2026-09-30T12:07:00Z,83788.54,83804.01,83768.89,83804.0,4.90242,83792.3,27.68928571,0.05,0.9,0,TREND_UP,NORMAL,ALIGNED,HEALTHY,ALLOW
2026-09-30T12:08:00Z,83804.01,83804.01,83790.06,83796.61,3.4254,83796.89333333,27.42785714,0.05,0.9,0,TREND_DOWN,NORMAL,NEUTRAL,HEALTHY,ALLOW
2026-09-30T12:09:00Z,83796.6,83806.01,83796.0,83796.0,3.48721,83799.33666667,27.99928571,0.05,0.9,0,TREND_DOWN,NORMAL,NEUTRAL,HEALTHY,ALLOW
2026-09-30T12:10:00Z,83796.0,83822.01,83796.0,83822.01,1.95579,83813.34,28.06642857,0.05,0.9,0,TREND_UP,NORMAL,ALIGNED,HEALTHY,ALLOW
2026-09-30T12:11:00Z,83822.0,83832.01,83822.0,83832.01,4.66564,83828.67333333,28.18142857,0.05,0.9,0,TREND_UP,NORMAL,ALIGNED,HEALTHY,ALLOW
2026-09-30T12:12:00Z,83832.01,83846.0,83832.0,83846.0,4.43464,83841.33333333,28.43214286,0.05,0.9,0,TREND_UP,NORMAL,ALIGNED,HEALTHY,ALLOW
2026-09-30T12:13:00Z,83846.0,83868.01,83846.0,83852.0,3.0546,83855.33666667,26.06357143,0.05,0.9,0,TREND_UP,NORMAL,ALIGNED,HEALTHY,ALLOW
2026-09-30T12:14:00Z,83852.01,83883.95,83852.0,83883.94,3.97985,83873.29666667,25.34428571,0.05,0.9,0,TREND_UP,NORMAL,ALIGNED,HEALTHY,ALLOW
2026-09-30T12:15:00Z,83883.95,83883.95,83814.0,83814.0,10.20658,83837.31666667,27.73785714,0.05,0.9,0,TREND_DOWN,NORMAL,NEUTRAL,HEALTHY,ALLOW
2026-09-30T12:16:00Z,83814.01,83814.01,83768.0,83784.0,14.5687,83788.67,28.19714286,0.05,0.9,0,TREND_DOWN,NORMAL,NEUTRAL,HEALTHY,ALLOW
2026-09-30T12:17:00Z,83784.0,83806.81,83768.01,83796.47,29.27346,83790.43,28.24214286,0.05,0.9,0,TREND_UP,NORMAL,ALIGNED,HEALTHY,ALLOW
2026-09-30T12:18:00Z,83796.46,83806.81,83796.46,83806.8,2.68681,83803.35666667,27.07214286,0.05,0.9,0,TREND_UP,NORMAL,ALIGNED,HEALTHY,ALLOW
2026-09-30T12:19:00Z,83806.8,83820.97,83802.77,83804.0,8.91393,83809.24666667,26.96142857,0.05,0.9,0,TREND_DOWN,NORMAL,NEUTRAL,HEALTHY,ALLOW
2026-09-30T12:20:00Z,83804.0,83804.01,83774.44,83774.44,3.90663,83784.29666667,26.85285714,0.05,0.9,0,TREND_DOWN,NORMAL,NEUTRAL,HEALTHY,ALLOW
2026-09-30T12:21:00Z,83774.45,83828.01,83774.45,83828.0,8.32176,83810.15333333,28.17071429,0.05,0.9,0,TREND_UP,NORMAL,ALIGNED,HEALTHY,ALLOW
2026-09-30T12:22:00Z,83828.0,83913.94,83828.0,83913.94,8.35705,83885.29333333,33.31285714,0.05,0.9,0,TREND_UP,NORMAL,ALIGNED,HEALTHY,ALLOW
2026-09-30T12:23:00Z,83913.94,83924.01,83842.49,83842.49,9.26945,83869.66333333,38.42071429,0.05,0.9,0,TREND_DOWN,NORMAL,NEUTRAL,HEALTHY,ALLOW
2026-09-30T12:24:00Z,83842.49,83900.0,83842.49,83890.0,11.64207,83877.49666667,40.67071429,0.05,0.9,0,TREND_UP,NORMAL,ALIGNED,HEALTHY,ALLOW
2026-09-30T12:25:00Z,83890.01,83926.01,83890.0,83902.12,5.83281,83906.04333333,42.52785714,0.05,0.9,0,TREND_UP,NORMAL,ALIGNED,HEALTHY,ALLOW
2026-09-30T12:26:00Z,83902.12,83925.0,83889.63,83889.63,6.96464,83901.42,44.05428571,0.05,0.9,0,TREND_DOWN,NORMAL,NEUTRAL,HEALTHY,ALLOW
2026-09-30T12:27:00Z,83889.64,83902.01,83888.27,83902.01,5.32246,83897.43,43.46357143,0.05,0.9,0,TREND_UP,NORMAL,ALIGNED,HEALTHY,ALLOW
2026-09-30T12:28:00Z,83902.01,83926.01,83888.27,83926.0,5.30673,83913.42666667,43.87714286,0.05,0.9,0,TREND_UP,NORMAL,ALIGNED,HEALTHY,ALLOW
2026-09-30T12:29:00Z,83926.01,83975.0,83890.86,83939.61,20.11953,83935.15666667,44.89071429,0.05,0.9,0,TREND_UP,NORMAL,ALIGNED,HEALTHY,ALLOW
2026-09-30T12:30:00Z,83939.61,84280.33,83874.0,84256.71,234.22932,84137.01333333,70.62785714,0.05,0.9,0,TREND_UP,NORMAL,ALIGNED,HEALTHY,ALLOW
2026-09-30T12:31:00Z,84254.86,84498.0,84250.78,84468.81,85.68416,84405.86333333,85.515,0.05,0.9,0,TREND_UP,NORMAL,ALIGNED,HEALTHY,ALLOW
2026-09-30T12:32:00Z,84468.8,84488.46,84400.0,84426.13,51.91293,84438.19666667,91.09428571,0.05,0.9,0,TREND_DOWN,NORMAL,NEUTRAL,HEALTHY,ALLOW
2026-09-30T12:33:00Z,84426.12,84426.12,84284.14,84291.12,44.49461,84333.79333333,99.93642857,0.05,0.9,0,TREND_DOWN,NORMAL,NEUTRAL,HEALTHY,ALLOW
2026-09-30T12:34:00Z,84291.13,84498.01,84275.75,84494.91,36.14577,84422.89,113.7,0.05,0.9,0,TREND_UP,NORMAL,ALIGNED,HEALTHY,ALLOW
2026-09-30T12:35:00Z,84494.9,84866.0,84482.34,84751.08,345.02271,84699.80666667,137.27785714,0.05,0.9,0,TREND_UP,NORMAL,ALIGNED,HEALTHY,ALLOW
2026-09-30T12:36:00Z,84751.07,84754.01,84593.69,84593.7,36.60688,84647.13333333,142.59071429,0.05,0.9,0,TREND_DOWN,NORMAL,NEUTRAL,HEALTHY,ALLOW
2026-09-30T12:37:00Z,84593.7,84650.01,84550.0,84640.82,33.03243,84613.61,143.91142857,0.05,0.9,0,TREND_UP,NORMAL,ALIGNED,HEALTHY,ALLOW
2026-09-30T12:38:00Z,84640.82,84807.99,84636.62,84745.03,51.58392,84729.88,152.04428571,0.05,0.9,0,TREND_UP,NORMAL,ALIGNED,HEALTHY,ALLOW
2026-09-30T12:39:00Z,84745.03,84870.58,84730.81,84839.07,68.44251,84813.48666667,159.45571429,0.05,0.9,0,TREND_UP,NORMAL,ALIGNED,HEALTHY,ALLOW
2026-09-30T12:40:00Z,84839.06,85072.01,84000.0,85060.92,541.87428,84710.97666667,233.50142857,0.05,0.9,0,TREND_UP,NORMAL,ALIGNED,HEALTHY,ALLOW
2026-09-30T12:41:00Z,85060.92,85060.93,84640.0,84900.9,183.21669,84867.27666667,262.58642857,0.05,0.9,0,TREND_DOWN,NORMAL,NEUTRAL,HEALTHY,ALLOW
2026-09-30T12:42:00Z,84900.9,84942.9,84594.55,84828.32,373.87663,84788.59,284.77285714,0.05,0.9,0,TREND_DOWN,NORMAL,NEUTRAL,HEALTHY,ALLOW
2026-09-30T12:43:00Z,84828.31,84931.5,84819.56,84924.43,47.37509,84891.83,286.75857143,0.05,0.9,0,TREND_UP,NORMAL,ALIGNED,HEALTHY,ALLOW
2026-09-30T12:44:00Z,84924.43,84925.72,84780.65,84828.16,61.71971,84844.84333333,268.09714286,0.05,0.9,0,TREND_DOWN,NORMAL,NEUTRAL,HEALTHY,ALLOW
2026-09-30T12:45:00Z,84828.17,84996.01,84828.15,84979.0,45.04988,84934.38666667,262.42857143,0.05,0.9,0,TREND_UP,NORMAL,ALIGNED,HEALTHY,ALLOW
2026-09-30T12:46:00Z,84979.01,84993.0,84905.68,84905.68,69.58059,84934.78666667,262.34714286,0.05,0.9,0,TREND_DOWN,NORMAL,NEUTRAL,HEALTHY,ALLOW
2026-09-30T12:47:00Z,84905.68,84938.01,84741.25,84904.41,55.66939,84861.22333333,266.25928571,0.05,0.9,0,TREND_DOWN,NORMAL,NEUTRAL,HEALTHY,ALLOW
2026-09-30T12:48:00Z,84904.41,85128.19,84904.41,85104.79,103.25811,85045.79666667,266.36785714,0.05,0.9,0,TREND_UP,NORMAL,ALIGNED,HEALTHY,ALLOW
2026-09-30T12:49:00Z,85104.78,85222.0,85068.0,85139.31,136.62993,85143.10333333,249.96357143,0.05,0.9,0,TREND_UP,NORMAL,ALIGNED,HEALTHY,ALLOW
2026-09-30T12:50:00Z,85139.31,85449.79,85139.31,85442.85,548.77966,85343.98333333,260.68928571,0.05,0.9,0,TREND_UP,NORMAL,ALIGNED,HEALTHY,ALLOW
2026-09-30T12:51:00Z,85442.85,85458.55,85302.77,85452.4,98.93597,85404.57333333,264.67285714,0.05,0.9,0,TREND_UP,NORMAL,ALIGNED,HEALTHY,ALLOW
2026-09-30T12:52:00Z,85452.39,85475.0,85394.28,85442.53,57.65719,85437.27,258.19785714,0.05,0.9,0,TREND_DOWN,NORMAL,NEUTRAL,HEALTHY,ALLOW
2026-09-30T12:53:00Z,85442.52,85462.0,85379.64,85396.35,32.22421,85412.66333333,254.09714286,0.05,0.9,0,TREND_DOWN,NORMAL,NEUTRAL,HEALTHY,ALLOW
2026-09-30T12:54:00Z,85396.34,85500.0,85396.34,85483.75,44.26373,85460.03,184.92928571,0.05,0.9,0,TREND_UP,NORMAL,ALIGNED,HEALTHY,ALLOW
2026-09-30T12:55:00Z,85483.75,85514.0,85443.32,85509.59,59.90718,85488.97,159.91142857,0.05,0.9,0,TREND_UP,NORMAL,ALIGNED,HEALTHY,ALLOW
2026-09-30T12:56:00Z,85509.59,85513.99,85386.34,85446.0,60.26244,85448.77666667,144.14714286,0.05,0.9,0,TREND_DOWN,NORMAL,NEUTRAL,HEALTHY,ALLOW
2026-09-30T12:57:00Z,85446.0,85493.97,85446.0,85462.41,36.97786,85467.46,139.57785714,0.05,0.9,0,TREND_UP,NORMAL,ALIGNED,HEALTHY,ALLOW
2026-09-30T12:58:00Z,85462.4,85462.41,85310.17,85310.17,39.55854,85360.91666667,140.09,0.05,0.9,0,TREND_DOWN,NORMAL,NEUTRAL,HEALTHY,ALLOW
2026-09-30T12:59:00Z,85310.18,85342.01,85290.32,85290.32,37.78535,85307.55,131.79214286,0.05,0.9,0,TREND_DOWN,NORMAL,NEUTRAL,HEALTHY,ALLOW
2026-09-30T13:00:00Z,85290.32,85336.42,85244.28,85264.79,46.76812,85281.83,132.13642857,0.05,0.9,0,TREND_DOWN,NORMAL,NEUTRAL,HEALTHY,ALLOW
2026-09-30T13:01:00Z,85264.79,85268.89,85135.36,85154.06,44.08848,85186.10333333,127.62,0.05,0.9,0,TREND_DOWN,NORMAL,NEUTRAL,HEALTHY,ALLOW
2026-09-30T13:02:00Z,85154.05,85192.01,85104.65,85173.43,47.20889,85156.69666667,117.87571429,0.05,0.9,0,TREND_UP,NORMAL,ALIGNED,HEALTHY,ALLOW
2026-09-30T13:03:00Z,85173.43,85242.73,85118.84,85242.25,25.54598,85201.27333333,115.725,0.05,0.9,0,TREND_UP,NORMAL,ALIGNED,HEALTHY,ALLOW
2026-09-30T13:04:00Z,85242.24,85246.53,85206.88,85238.39,22.32754,85230.6,96.38,0.05,0.9,0,TREND_DOWN,NORMAL,NEUTRAL,HEALTHY,ALLOW
2026-09-30T13:05:00Z,85238.39,85272.03,85205.81,85252.0,24.6257,85243.28,89.98285714,0.05,0.9,0,TREND_UP,NORMAL,ALIGNED,HEALTHY,ALLOW
2026-09-30T13:06:00Z,85252.0,85400.0,85250.06,85335.35,94.87794,85328.47,94.92714286,0.05,0.9,0,TREND_UP,NORMAL,ALIGNED,HEALTHY,ALLOW
2026-09-30T13:07:00Z,85335.36,85362.16,85279.18,85281.91,30.09845,85307.75,94.97142857,0.05,0.9,0,TREND_DOWN,NORMAL,NEUTRAL,HEALTHY,ALLOW
2026-09-30T13:08:00Z,85281.92,85394.24,85281.91,85357.28,26.12143,85344.47666667,95.59071429,0.05,0.9,0,TREND_UP,NORMAL,ALIGNED,HEALTHY,ALLOW
2026-09-30T13:09:00Z,85357.28,85649.95,85357.28,85596.17,141.46975,85534.46666667,111.44714286,0.05,0.9,0,TREND_UP,NORMAL,ALIGNED,HEALTHY,ALLOW
2026-09-30T13:10:00Z,85596.0,85596.01,85472.0,85503.99,37.20116,85524.0,111.19857143,0.05,0.9,0,TREND_DOWN,NORMAL,NEUTRAL,HEALTHY,ALLOW
2026-09-30T13:11:00Z,85504.0,85612.86,85485.63,85583.31,50.65508,85560.6,116.86,0.05,0.9,0,TREND_UP,NORMAL,ALIGNED,HEALTHY,ALLOW
2026-09-30T13:12:00Z,85583.3,85586.69,85498.0,85501.03,18.49833,85528.57333333,112.32071429,0.05,0.9,0,TREND_DOWN,NORMAL,NEUTRAL,HEALTHY,ALLOW
2026-09-30T13:13:00Z,85501.03,85501.03,85412.3,85412.31,26.72059,85441.88,114.96642857,0.05,0.9,0,TREND_DOWN,NORMAL,NEUTRAL,HEALTHY,ALLOW
2026-09-30T13:14:00Z,85412.31,85414.01,85373.52,85394.57,18.04178,85394.03333333,111.27714286,0.05,0.9,0,TREND_DOWN,NORMAL,NEUTRAL,HEALTHY,ALLOW
2026-09-30T13:15:00Z,85394.57,85454.01,85394.57,85434.97,27.61524,85427.85,105.985,0.05,0.9,0,TREND_UP,NORMAL,ALIGNED,HEALTHY,ALLOW
2026-09-30T13:16:00Z,85434.96,85483.86,85410.48,85483.85,19.05287,85459.39666667,104.98642857,0.05,0.9,0,TREND_UP,NORMAL,ALIGNED,HEALTHY,ALLOW
2026-09-30T13:17:00Z,85483.86,85500.01,85412.11,85442.49,30.49089,85451.53666667,102.41571429,0.05,0.9,0,TREND_DOWN,NORMAL,NEUTRAL,HEALTHY,ALLOW
2026-09-30T13:18:00Z,85442.49,85446.01,85412.71,85412.72,16.05879,85423.81333333,101.96214286,0.05,0.9,0,TREND_DOWN,NORMAL,NEUTRAL,HEALTHY,ALLOW
2026-09-30T13:19:00Z,85412.72,85412.72,85310.25,85312.01,132.16396,85344.99333333,104.55142857,0.05,0.9,0,TREND_DOWN,NORMAL,NEUTRAL,HEALTHY,ALLOW
2026-09-30T13:20:00Z,85312.01,85355.63,85300.0,85355.63,24.01287,85337.08666667,97.815,0.05,0.9,0,TREND_UP,NORMAL,ALIGNED,HEALTHY,ALLOW
2026-09-30T13:21:00Z,85355.64,85370.07,85304.59,85335.73,15.89433,85336.79666667,96.565,0.05,0.9,0,TREND_DOWN,NORMAL,NEUTRAL,HEALTHY,ALLOW
2026-09-30T13:22:00Z,85335.73,85372.01,85313.91,85313.92,11.44434,85333.28,92.69142857,0.05,0.9,0,TREND_DOWN,NORMAL,NEUTRAL,HEALTHY,ALLOW
2026-09-30T13:23:00Z,85313.91,85334.01,85304.59,85312.37,21.02341,85316.99,73.88785714,0.05,0.9,0,TREND_DOWN,NORMAL,NEUTRAL,HEALTHY,ALLOW
2026-09-30T13:24:00Z,85312.35,85327.73,85304.59,85327.73,11.67566,85320.01666667,66.67142857,0.05,0.9,0,TREND_UP,NORMAL,ALIGNED,HEALTHY,ALLOW
2026-09-30T13:25:00Z,85327.72,85337.24,85300.01,85300.02,25.67515,85312.42333333,60.24285714,0.05,0.9,0,TREND_DOWN,NORMAL,NEUTRAL,HEALTHY,ALLOW
2026-09-30T13:26:00Z,85300.03,85349.32,85300.03,85349.32,10.94549,85332.89,57.42928571,0.05,0.9,0,TREND_UP,NORMAL,ALIGNED,HEALTHY,ALLOW
2026-09-30T13:27:00Z,85349.31,85353.93,85300.0,85304.0,32.89445,85319.31,54.94357143,0.05,0.9,0,TREND_DOWN,NORMAL,NEUTRAL,HEALTHY,ALLOW
2026-09-30T13:28:00Z,85304.01,85304.01,85170.0,85170.01,122.29991,85214.67333333,61.62357143,0.05,0.9,0,TREND_DOWN,NORMAL,NEUTRAL,HEALTHY,ALLOW
2026-09-30T13:29:00Z,85170.0,85188.01,85168.0,85188.0,15.54612,85181.33666667,58.80714286,0.05,0.9,0,TREND_UP,NORMAL,ALIGNED,HEALTHY,ALLOW
2026-09-30T13:30:00Z,85188.01,85342.01,85159.14,85342.0,28.38767,85281.05,66.62785714,0.05,0.9,0,TREND_UP,NORMAL,ALIGNED,HEALTHY,ALLOW
2026-09-30T13:31:00Z,85342.01,85544.66,85342.01,85541.97,48.81558,85476.21333333,74.825,0.05,0.9,0,TREND_UP,NORMAL,ALIGNED,HEALTHY,ALLOW
2026-09-30T13:32:00Z,85541.97,85563.0,85356.54,85378.53,27.86928,85432.69,87.19357143,0.05,0.9,0,TREND_DOWN,NORMAL,NEUTRAL,HEALTHY,ALLOW
2026-09-30T13:33:00Z,85378.53,85378.54,85260.0,85268.71,29.00181,85302.41666667,88.34142857,0.05,0.9,0,TREND_DOWN,NORMAL,NEUTRAL,HEALTHY,ALLOW
2026-09-30T13:34:00Z,85268.71,85319.2,85230.0,85230.0,14.10483,85259.73333333,90.73928571,0.05,0.9,0,TREND_DOWN,NORMAL,NEUTRAL,HEALTHY,ALLOW
2026-09-30T13:35:00Z,85230.0,85230.0,84772.34,84822.92,76.95772,84941.75333333,118.75214286,0.05,0.9,0,TREND_DOWN,NORMAL,NEUTRAL,HEALTHY,ALLOW
2026-09-30T13:36:00Z,84822.92,84829.06,84619.39,84780.19,115.80245,84742.88,129.57857143,0.05,0.9,0,TREND_DOWN,NORMAL,NEUTRAL,HEALTHY,ALLOW
2026-09-30T13:37:00Z,84780.2,84808.5,84587.88,84630.16,56.83117,84675.51333333,143.23571429,0.05,0.9,0,TREND_DOWN,NORMAL,NEUTRAL,HEALTHY,ALLOW
2026-09-30T13:38:00Z,84630.15,84642.66,84301.12,84396.62,91.38202,84446.8,165.97857143,0.05,0.9,0,TREND_DOWN,NORMAL,NEUTRAL,HEALTHY,ALLOW
2026-09-30T13:39:00Z,84396.38,84431.71,84200.0,84234.73,135.56827,84288.81333333,179.87,0.05,0.9,0,TREND_DOWN,NORMAL,NEUTRAL,HEALTHY,ALLOW
2026-09-30T13:40:00Z,84234.72,84375.78,84019.39,84063.19,84.21968,84152.78666667,201.805,0.05,0.9,0,TREND_DOWN,NORMAL,NEUTRAL,HEALTHY,ALLOW
2026-09-30T13:41:00Z,84063.18,84268.69,84043.4,84262.0,67.01702,84191.36333333,214.045,0.05,0.9,0,TREND_UP,NORMAL,ALIGNED,HEALTHY,ALLOW
2026-09-30T13:42:00Z,84261.99,84567.04,84241.23,84535.39,64.23354,84447.88666667,227.745,0.05,0.9,0,TREND_UP,NORMAL,ALIGNED,HEALTHY,ALLOW
2026-09-30T13:43:00Z,84535.38,84588.23,84435.74,84435.74,40.62119,84486.57,237.20785714,0.05,0.9,0,TREND_DOWN,NORMAL,NEUTRAL,HEALTHY,ALLOW
2026-09-30T13:44:00Z,84435.48,84517.84,84411.71,84515.45,33.95811,84481.66666667,231.72642857,0.05,0.9,0,TREND_UP,NORMAL,ALIGNED,HEALTHY,ALLOW
2026-09-30T13:45:00Z,84515.46,84565.27,84400.0,84413.8,28.64262,84459.69,229.05571429,0.05,0.9,0,TREND_DOWN,NORMAL,NEUTRAL,HEALTHY,ALLOW
2026-09-30T13:46:00Z,84413.81,84600.0,84400.0,84600.0,18.91161,84533.33333333,228.59428571,0.05,0.9,0,TREND_UP,NORMAL,ALIGNED,HEALTHY,ALLOW
2026-09-30T13:47:00Z,84599.99,84677.52,84552.64,84656.03,29.12474,84628.73,229.04714286,0.05,0.9,0,TREND_UP,NORMAL,ALIGNED,HEALTHY,ALLOW
2026-09-30T13:48:00Z,84656.02,84665.3,84500.0,84511.87,22.64919,84559.05666667,234.48285714,0.05,0.9,0,TREND_DOWN,NORMAL,NEUTRAL,HEALTHY,ALLOW
2026-09-30T13:49:00Z,84511.99,84673.46,84476.8,84615.67,19.68601,84588.64333333,215.84,0.05,0.9,0,TREND_UP,NORMAL,ALIGNED,HEALTHY,ALLOW
2026-09-30T13:50:00Z,84615.68,84648.01,84544.28,84580.01,20.97259,84590.76666667,208.27285714,0.05,0.9,0,TREND_DOWN,NORMAL,NEUTRAL,HEALTHY,ALLOW
2026-09-30T13:51:00Z,84580.0,84757.07,84580.0,84690.01,56.84647,84675.69333333,205.16214286,0.05,0.9,0,TREND_UP,NORMAL,ALIGNED,HEALTHY,ALLOW
2026-09-30T13:52:00Z,84690.01,84690.01,84582.08,84584.64,13.25129,84618.91,188.47571429,0.05,0.9,0,TREND_DOWN,NORMAL,NEUTRAL,HEALTHY,ALLOW
2026-09-30T13:53:00Z,84584.65,84670.01,84522.05,84670.01,11.99845,84620.69,182.49357143,0.05,0.9,0,TREND_UP,NORMAL,ALIGNED,HEALTHY,ALLOW
2026-09-30T13:54:00Z,84670.01,84670.01,84578.0,84581.78,9.78255,84609.93,163.60928571,0.05,0.9,0,TREND_DOWN,NORMAL,NEUTRAL,HEALTHY,ALLOW
2026-09-30T13:55:00Z,84581.78,84670.0,84562.0,84579.04,16.33529,84603.68,155.23142857,0.05,0.9,0,TREND_DOWN,NORMAL,NEUTRAL,HEALTHY,ALLOW
2026-09-30T13:56:00Z,84578.35,84612.01,84526.01,84554.25,13.38433,84564.09,138.10214286,0.05,0.9,0,TREND_DOWN,NORMAL,NEUTRAL,HEALTHY,ALLOW
2026-09-30T13:57:00Z,84554.26,84596.01,84476.8,84522.15,8.92103,84531.65333333,135.725,0.05,0.9,0,TREND_DOWN,NORMAL,NEUTRAL,HEALTHY,ALLOW
2026-09-30T13:58:00Z,84522.02,84533.05,84476.8,84530.01,12.71812,84513.28666667,132.16214286,0.05,0.9,0,TREND_UP,NORMAL,ALIGNED,HEALTHY,ALLOW
2026-09-30T13:59:00Z,84530.0,84637.74,84530.0,84637.74,14.52366,84601.82666667,128.05285714,0.05,0.9,0,TREND_UP,NORMAL,ALIGNED,HEALTHY,ALLOW
2026-09-30T14:00:00Z,84637.74,84644.83,84460.17,84470.52,36.97381,84525.17333333,126.95714286,0.05,0.9,0,TREND_DOWN,NORMAL,NEUTRAL,HEALTHY,ALLOW
2026-09-30T14:01:00Z,84470.52,84560.01,84354.01,84354.01,26.1006,84422.67666667,132.75142857,0.05,0.9,0,TREND_DOWN,NORMAL,NEUTRAL,HEALTHY,ALLOW
2026-09-30T14:02:00Z,84354.0,84440.01,84286.12,84404.97,29.02778,84377.03333333,131.93642857,0.05,0.9,0,TREND_UP,NORMAL,ALIGNED,HEALTHY,ALLOW
2026-09-30T14:03:00Z,84404.97,84456.01,84386.0,84456.0,10.76499,84432.67,122.89,0.05,0.9,0,TREND_UP,NORMAL,ALIGNED,HEALTHY,ALLOW
2026-09-30T14:04:00Z,84456.01,84616.01,84456.0,84553.52,24.27968,84541.84333333,126.91,0.05,0.9,0,TREND_UP,NORMAL,ALIGNED,HEALTHY,ALLOW
2026-09-30T14:05:00Z,84552.01,84572.0,84516.0,84572.0,9.06971,84553.33333333,118.26214286,0.05,0.9,0,TREND_UP,NORMAL,ALIGNED,HEALTHY,ALLOW
2026-09-30T14:06:00Z,84572.01,84637.74,84544.0,84544.01,28.16265,84575.25,117.24857143,0.05,0.9,0,TREND_DOWN,NORMAL,NEUTRAL,HEALTHY,ALLOW
2026-09-30T14:07:00Z,84544.01,84544.01,84342.0,84350.99,42.73324,84412.33333333,121.10928571,0.05,0.9,0,TREND_DOWN,NORMAL,NEUTRAL,HEALTHY,ALLOW
2026-09-30T14:08:00Z,84350.99,84380.01,84275.35,84377.99,24.55139,84344.45,122.01285714,0.05,0.9,0,TREND_UP,NORMAL,ALIGNED,HEALTHY,ALLOW
2026-09-30T14:09:00Z,84378.0,84406.01,84322.0,84394.01,10.57209,84374.00666667,120.29928571,0.05,0.9,0,TREND_UP,NORMAL,ALIGNED,HEALTHY,ALLOW
2026-09-30T14:10:00Z,84394.0,84404.01,84272.0,84289.6,23.00215,84321.87,123.58571429,0.05,0.9,0,TREND_DOWN,NORMAL,NEUTRAL,HEALTHY,ALLOW
2026-09-30T14:11:00Z,84289.61,84289.61,84138.59,84258.01,33.3717,84228.73666667,125.85785714,0.05,0.9,0,TREND_DOWN,NORMAL,NEUTRAL,HEALTHY,ALLOW
2026-09-30T14:12:00Z,84258.0,84434.01,84256.0,84388.01,30.43741,84359.34,134.555,0.05,0.9,0,TREND_UP,NORMAL,ALIGNED,HEALTHY,ALLOW
2026-09-30T14:13:00Z,84388.0,84519.16,84356.0,84368.97,40.70756,84414.71,138.51357143,0.05,0.9,0,TREND_DOWN,NORMAL,NEUTRAL,HEALTHY,ALLOW
2026-09-30T14:14:00Z,84368.97,84390.01,84329.7,84354.01,29.8901,84357.90666667,129.63142857,0.05,0.9,0,TREND_DOWN,NORMAL,NEUTRAL,HEALTHY,ALLOW
2026-09-30T14:15:00Z,84354.01,84358.01,84255.0,84298.01,35.76079,84303.67333333,122.275,0.05,0.9,0,TREND_DOWN,NORMAL,NEUTRAL,HEALTHY,ALLOW
2026-09-30T14:16:00Z,84298.01,84301.36,84169.86,84215.15,24.07787,84228.79,120.67571429,0.05,0.9,0,TREND_DOWN,NORMAL,NEUTRAL,HEALTHY,ALLOW
2026-09-30T14:17:00Z,84214.88,84249.28,84107.68,84107.68,38.51463,84154.88,125.78928571,0.05,0.9,0,TREND_DOWN,NORMAL,NEUTRAL,HEALTHY,ALLOW
2026-09-30T14:18:00Z,84107.68,84152.71,84009.0,84074.14,32.29603,84078.61666667,124.625,0.05,0.9,0,TREND_DOWN,NORMAL,NEUTRAL,HEALTHY,ALLOW
2026-09-30T14:19:00Z,84074.14,84130.86,84022.21,84130.86,34.9192,84094.64333333,128.38571429,0.05,0.9,0,TREND_UP,NORMAL,ALIGNED,HEALTHY,ALLOW
2026-09-30T14:20:00Z,84130.86,84133.64,84063.18,84133.64,23.06694,84110.15333333,126.72285714,0.05,0.9,0,TREND_UP,NORMAL,ALIGNED,HEALTHY,ALLOW
2026-09-30T14:21:00Z,84133.64,84178.01,84078.01,84078.01,26.91909,84111.34333333,119.43642857,0.05,0.9,0,TREND_DOWN,NORMAL,NEUTRAL,HEALTHY,ALLOW
2026-09-30T14:22:00Z,84078.01,84078.02,83850.01,83850.02,73.8802,83926.01666667,128.24714286,0.05,0.9,0,TREND_DOWN,NORMAL,NEUTRAL,HEALTHY,ALLOW
2026-09-30T14:23:00Z,83850.02,83876.38,83647.28,83873.07,111.1502,83798.91,138.61071429,0.05,0.9,0,TREND_UP,NORMAL,ALIGNED,HEALTHY,ALLOW
2026-09-30T14:24:00Z,83873.08,83887.25,83827.86,83886.47,39.92642,83867.19333333,133.42357143,0.05,0.9,0,TREND_UP,NORMAL,ALIGNED,HEALTHY,ALLOW
2026-09-30T14:25:00Z,83886.47,83965.51,83886.47,83957.08,18.05772,83936.35333333,128.28214286,0.05,0.9,0,TREND_UP,NORMAL,ALIGNED,HEALTHY,ALLOW
2026-09-30T14:26:00Z,83957.07,83999.39,83902.74,83940.01,29.51327,83947.38,122.47071429,0.05,0.9,0,TREND_DOWN,NORMAL,NEUTRAL,HEALTHY,ALLOW
2026-09-30T14:27:00Z,83940.0,83940.01,83735.18,83758.56,61.50345,83811.25,125.44714286,0.05,0.9,0,TREND_DOWN,NORMAL,NEUTRAL,HEALTHY,ALLOW
2026-09-30T14:28:00Z,83758.57,83800.0,83669.6,83713.49,24.35484,83727.69666667,130.45357143,0.05,0.9,0,TREND_DOWN,NORMAL,NEUTRAL,HEALTHY,ALLOW
2026-09-30T14:29:00Z,83713.48,83773.61,83656.07,83768.38,18.96161,83732.68666667,131.49142857,0.05,0.9,0,TREND_UP,NORMAL,ALIGNED,HEALTHY,ALLOW
2026-09-30T14:30:00Z,83768.38,83831.96,83711.61,83802.54,28.87344,83782.03666667,130.695,0.05,0.9,0,TREND_UP,NORMAL,ALIGNED,HEALTHY,ALLOW
2026-09-30T14:31:00Z,83802.55,83829.5,83732.0,83732.01,35.52398,83764.50333333,127.545,0.05,0.9,0,TREND_DOWN,NORMAL,NEUTRAL,HEALTHY,ALLOW
2026-09-30T14:32:00Z,83732.01,83738.01,83373.0,83460.51,120.6092,83523.84,143.35214286,0.05,0.9,0,TREND_DOWN,NORMAL,NEUTRAL,HEALTHY,ALLOW
2026-09-30T14:33:00Z,83460.5,83552.27,83373.76,83552.26,45.64162,83492.76333333,148.34214286,0.05,0.9,0,TREND_UP,NORMAL,ALIGNED,HEALTHY,ALLOW
2026-09-30T14:34:00Z,83552.27,83588.48,83437.57,83442.56,51.71748,83489.53666667,154.08857143,0.05,0.9,0,TREND_DOWN,NORMAL,NEUTRAL,HEALTHY,ALLOW
2026-09-30T14:35:00Z,83442.55,83512.01,83379.62,83456.01,44.81059,83449.21333333,156.40214286,0.05,0.9,0,TREND_UP,NORMAL,ALIGNED,HEALTHY,ALLOW
2026-09-30T14:36:00Z,83456.01,83570.01,83446.28,83455.7,44.98662,83490.66333333,148.95357143,0.05,0.9,0,TREND_DOWN,NORMAL,NEUTRAL,HEALTHY,ALLOW
2026-09-30T14:37:00Z,83455.7,83676.01,83455.7,83650.01,54.31378,83593.90666667,148.32571429,0.05,0.9,0,TREND_UP,NORMAL,ALIGNED,HEALTHY,ALLOW
2026-09-30T14:38:00Z,83650.01,83725.51,83624.4,83725.5,33.26953,83691.80333333,151.30571429,0.05,0.9,0,TREND_UP,NORMAL,ALIGNED,HEALTHY,ALLOW
2026-09-30T14:39:00Z,83725.5,83725.51,83620.0,83620.72,20.51796,83655.41,153.19642857,0.05,0.9,0,TREND_DOWN,NORMAL,NEUTRAL,HEALTHY,ALLOW
2026-09-30T14:40:00Z,83620.72,83620.72,83500.0,83600.42,30.12065,83573.71333333,154.91571429,0.05,0.9,0,TREND_DOWN,NORMAL,NEUTRAL,HEALTHY,ALLOW
2026-09-30T14:41:00Z,83600.41,83652.79,83512.81,83652.78,23.02655,83606.12666667,150.28357143,0.05,0.9,0,TREND_UP,NORMAL,ALIGNED,HEALTHY,ALLOW
2026-09-30T14:42:00Z,83652.79,83722.59,83640.01,83688.01,9.86219,83683.53666667,146.86785714,0.05,0.9,0,TREND_UP,NORMAL,ALIGNED,HEALTHY,ALLOW
2026-09-30T14:43:00Z,83688.01,83749.7,83586.01,83609.87,22.39278,83648.52666667,150.16428571,0.05,0.9,0,TREND_DOWN,NORMAL,NEUTRAL,HEALTHY,ALLOW
2026-09-30T14:44:00Z,83609.87,83609.87,83544.61,83553.98,12.75316,83569.48666667,146.22928571,0.05,0.9,0,TREND_DOWN,NORMAL,NEUTRAL,HEALTHY,ALLOW
2026-09-30T14:45:00Z,83553.98,83634.4,83544.61,83601.68,13.60541,83593.56333333,145.67857143,0.05,0.9,0,TREND_UP,NORMAL,ALIGNED,HEALTHY,ALLOW
2026-09-30T14:46:00Z,83601.68,83638.01,83580.0,83638.01,15.50207,83618.67333333,123.75,0.05,0.9,0,TREND_UP,NORMAL,ALIGNED,HEALTHY,ALLOW
2026-09-30T14:47:00Z,83638.01,83720.0,83615.28,83717.09,17.84586,83684.12333333,118.47928571,0.05,0.9,0,TREND_UP,NORMAL,ALIGNED,HEALTHY,ALLOW
2026-09-30T14:48:00Z,83717.08,83807.8,83710.0,83713.36,32.50757,83743.72,114.68571429,0.05,0.9,0,TREND_DOWN,NORMAL,NEUTRAL,HEALTHY,ALLOW
2026-09-30T14:49:00Z,83713.36,83738.01,83680.0,83730.01,8.09858,83716.00666667,109.37285714,0.05,0.9,0,TREND_UP,NORMAL,ALIGNED,HEALTHY,ALLOW
2026-09-30T14:50:00Z,83730.01,83760.0,83686.01,83730.02,23.497,83725.34333333,105.82,0.05,0.9,0,TREND_UP,NORMAL,ALIGNED,HEALTHY,ALLOW
2026-09-30T14:51:00Z,83730.02,83795.17,83710.01,83730.78,26.01133,83745.32,96.16642857,0.05,0.9,0,TREND_UP,NORMAL,ALIGNED,HEALTHY,ALLOW
2026-09-30T14:52:00Z,83730.79,83884.01,83730.78,83806.0,36.42142,83806.93,99.88928571,0.05,0.9,0,TREND_UP,NORMAL,ALIGNED,HEALTHY,ALLOW
2026-09-30T14:53:00Z,83805.51,83880.01,83802.63,83820.73,13.80279,83834.45666667,97.88,0.05,0.9,0,TREND_UP,NORMAL,ALIGNED,HEALTHY,ALLOW
2026-09-30T14:54:00Z,83820.73,83887.25,83770.57,83868.07,35.15497,83841.96333333,97.59142857,0.05,0.9,0,TREND_UP,NORMAL,ALIGNED,HEALTHY,ALLOW
2026-09-30T14:55:00Z,83868.06,83974.01,83868.01,83974.0,34.42474,83938.67333333,95.16428571,0.05,0.9,0,TREND_UP,NORMAL,ALIGNED,HEALTHY,ALLOW
2026-09-30T14:56:00Z,83974.01,83987.78,83896.0,83896.0,28.43376,83926.59333333,95.82142857,0.05,0.9,0,TREND_DOWN,NORMAL,NEUTRAL,HEALTHY,ALLOW
2026-09-30T14:57:00Z,83896.01,83925.99,83878.0,83879.09,15.05238,83894.36,87.55714286,0.05,0.9,0,TREND_DOWN,NORMAL,NEUTRAL,HEALTHY,ALLOW
2026-09-30T14:58:00Z,83879.09,83879.09,83811.61,83814.3,13.64741,83835.0,87.71571429,0.05,0.9,0,TREND_DOWN,NORMAL,NEUTRAL,HEALTHY,ALLOW
2026-09-30T14:59:00Z,83814.29,83832.99,83800.0,83800.01,12.99391,83811.0,83.65857143,0.05,0.9,0,TREND_DOWN,NORMAL,NEUTRAL,HEALTHY,ALLOW
2026-09-30T15:00:00Z,83800.01,83841.64,83748.01,83823.29,31.49065,83804.31333333,86.20285714,0.05,0.9,0,TREND_UP,NORMAL,ALIGNED,HEALTHY,ALLOW
2026-09-30T15:01:00Z,83823.29,83838.0,83724.0,83838.0,16.82613,83800.0,86.86571429,0.05,0.9,0,TREND_UP,NORMAL,ALIGNED,HEALTHY,ALLOW
2026-09-30T15:02:00Z,83837.99,83838.0,83749.63,83764.0,15.09182,83783.87666667,86.19214286,0.05,0.9,0,TREND_DOWN,NORMAL,NEUTRAL,HEALTHY,ALLOW
2026-09-30T15:03:00Z,83763.99,83928.01,83749.99,83928.0,28.29109,83868.66666667,94.76428571,0.05,0.9,0,TREND_UP,NORMAL,ALIGNED,HEALTHY,ALLOW
2026-09-30T15:04:00Z,83928.0,83928.0,83846.0,83898.01,13.32812,83890.67,95.33642857,0.05,0.9,0,TREND_DOWN,NORMAL,NEUTRAL,HEALTHY,ALLOW
2026-09-30T15:05:00Z,83898.0,83945.76,83885.6,83912.3,8.99517,83914.55333333,93.55071429,0.05,0.9,0,TREND_UP,NORMAL,ALIGNED,HEALTHY,ALLOW
2026-09-30T15:06:00Z,83912.31,83912.31,83840.0,83908.0,25.07645,83886.77,87.77071429,0.05,0.9,0,TREND_DOWN,NORMAL,NEUTRAL,HEALTHY,ALLOW
2026-09-30T15:07:00Z,83908.01,83922.01,83887.52,83890.84,4.93,83900.12333333,84.70714286,0.05,0.9,0,TREND_DOWN,NORMAL,NEUTRAL,HEALTHY,ALLOW
2026-09-30T15:08:00Z,83890.85,83894.01,83868.0,83890.01,7.8536,83884.00666667,78.23071429,0.05,0.9,0,TREND_DOWN,NORMAL,NEUTRAL,HEALTHY,ALLOW
2026-09-30T15:09:00Z,83890.0,83942.01,83888.0,83926.7,11.11443,83918.90333333,74.51714286,0.05,0.9,0,TREND_UP,NORMAL,ALIGNED,HEALTHY,ALLOW
2026-09-30T15:10:00Z,83926.71,83981.11,83926.7,83938.0,13.03917,83948.60333333,71.84785714,0.05,0.9,0,TREND_UP,NORMAL,ALIGNED,HEALTHY,ALLOW
2026-09-30T15:11:00Z,83938.01,84000.0,83938.0,83938.0,11.45331,83958.66666667,72.84857143,0.05,0.9,0,TREND_DOWN,NORMAL,NEUTRAL,HEALTHY,ALLOW
2026-09-30T15:12:00Z,83938.0,83950.3,83856.0,83923.44,24.44861,83909.91333333,74.76428571,0.05,0.9,0,TREND_DOWN,NORMAL,NEUTRAL,HEALTHY,ALLOW
2026-09-30T15:13:00Z,83923.44,83989.46,83923.44,83952.01,9.62491,83954.97,77.12357143,0.05,0.9,0,TREND_UP,NORMAL,ALIGNED,HEALTHY,ALLOW
2026-09-30T15:14:00Z,83952.0,84000.0,83943.6,83952.98,9.11345,83965.52666667,74.46428571,0.05,0.9,0,TREND_UP,NORMAL,ALIGNED,HEALTHY,ALLOW
2026-09-30T15:15:00Z,83952.98,83992.75,83936.0,83980.0,6.33731,83969.58333333,70.375,0.05,0.9,0,TREND_UP,NORMAL,ALIGNED,HEALTHY,ALLOW
2026-09-30T15:16:00Z,83980.0,84021.58,83958.0,84014.01,28.14893,83997.86333333,68.60428571,0.05,0.9,0,TREND_UP,NORMAL,ALIGNED,HEALTHY,ALLOW
2026-09-30T15:17:00Z,84014.0,84014.01,83894.01,83894.01,11.52699,83934.01,64.46,0.05,0.9,0,TREND_DOWN,NORMAL,NEUTRAL,HEALTHY,ALLOW
2026-09-30T15:18:00Z,83894.02,83894.02,83794.0,83796.0,10.26205,83828.00666667,65.74714286,0.05,0.9,0,TREND_DOWN,NORMAL,NEUTRAL,HEALTHY,ALLOW
2026-09-30T15:19:00Z,83796.0,83841.42,83760.0,83812.02,28.19435,83804.48,67.26571429,0.05,0.9,0,TREND_UP,NORMAL,ALIGNED,HEALTHY,ALLOW
2026-09-30T15:20:00Z,83812.03,83882.92,83786.97,83882.91,12.75107,83850.93333333,68.95428571,0.05,0.9,0,TREND_UP,NORMAL,ALIGNED,HEALTHY,ALLOW
2026-09-30T15:21:00Z,83882.91,83911.89,83856.83,83911.89,9.68457,83893.53666667,70.42357143,0.05,0.9,0,TREND_UP,NORMAL,ALIGNED,HEALTHY,ALLOW
2026-09-30T15:22:00Z,83911.89,83992.01,83888.0,83888.01,11.36086,83922.67333333,75.995,0.05,0.9,0,TREND_DOWN,NORMAL,NEUTRAL,HEALTHY,ALLOW
2026-09-30T15:23:00Z,83888.0,83915.65,83846.0,83846.01,25.07447,83869.22,77.11214286,0.05,0.9,0,TREND_DOWN,NORMAL,NEUTRAL,HEALTHY,ALLOW
2026-09-30T15:24:00Z,83846.0,83847.94,83720.01,83720.01,15.42749,83762.65333333,82.36357143,0.05,0.9,0,TREND_DOWN,NORMAL,NEUTRAL,HEALTHY,ALLOW
2026-09-30T15:25:00Z,83720.0,83752.01,83696.0,83696.01,6.86594,83714.67333333,81.93571429,0.05,0.9,0,TREND_DOWN,NORMAL,NEUTRAL,HEALTHY,ALLOW
2026-09-30T15:26:00Z,83696.0,83750.58,83694.0,83740.01,12.4515,83728.19666667,79.24142857,0.05,0.9,0,TREND_UP,NORMAL,ALIGNED,HEALTHY,ALLOW
2026-09-30T15:27:00Z,83740.01,83765.41,83694.0,83765.41,9.54053,83741.60666667,79.62642857,0.05,0.9,0,TREND_UP,NORMAL,ALIGNED,HEALTHY,ALLOW
2026-09-30T15:28:00Z,83765.41,83832.02,83752.0,83830.65,15.76522,83804.89,81.31357143,0.05,0.9,0,TREND_UP,NORMAL,ALIGNED,HEALTHY,ALLOW
2026-09-30T15:29:00Z,83830.65,83895.49,83830.65,83895.48,7.74459,83873.87333333,81.89142857,0.05,0.9,0,TREND_UP,NORMAL,ALIGNED,HEALTHY,ALLOW
2026-09-30T15:30:00Z,83895.49,84012.98,83895.48,84012.97,11.45271,83973.81,85.74285714,0.05,0.9,0,TREND_UP,NORMAL,ALIGNED,HEALTHY,ALLOW
2026-09-30T15:31:00Z,84012.98,84275.69,84012.97,84260.55,37.08545,84183.07,95.93714286,0.05,0.9,0,TREND_UP,NORMAL,ALIGNED,HEALTHY,ALLOW
2026-09-30T15:32:00Z,84260.56,84295.71,84160.9,84178.0,38.84487,84211.53666667,98.42214286,0.05,0.9,0,TREND_DOWN,NORMAL,NEUTRAL,HEALTHY,ALLOW
2026-09-30T15:33:00Z,84178.0,84178.01,84112.01,84134.78,14.23796,84141.6,97.32071429,0.05,0.9,0,TREND_DOWN,NORMAL,NEUTRAL,HEALTHY,ALLOW
2026-09-30T15:34:00Z,84134.79,84160.35,84109.35,84127.52,13.56139,84132.40666667,94.11,0.05,0.9,0,TREND_DOWN,NORMAL,NEUTRAL,HEALTHY,ALLOW
2026-09-30T15:35:00Z,84127.52,84145.96,84114.25,84130.0,10.28971,84130.07,92.44214286,0.05,0.9,0,TREND_UP,NORMAL,ALIGNED,HEALTHY,ALLOW
2026-09-30T15:36:00Z,84130.0,84138.61,84112.0,84112.0,4.46374,84120.87,86.91357143,0.05,0.9,0,TREND_DOWN,NORMAL,NEUTRAL,HEALTHY,ALLOW
2026-09-30T15:37:00Z,84112.0,84214.61,84064.04,84213.26,18.71246,84163.97,92.69357143,0.05,0.9,0,TREND_UP,NORMAL,ALIGNED,HEALTHY,ALLOW
2026-09-30T15:38:00Z,84213.26,84238.01,84174.0,84174.0,24.04956,84195.33666667,88.12785714,0.05,0.9,0,TREND_DOWN,NORMAL,NEUTRAL,HEALTHY,ALLOW
2026-09-30T15:39:00Z,84174.0,84236.51,84161.59,84236.5,12.32875,84211.53333333,89.47857143,0.05,0.9,0,TREND_UP,NORMAL,ALIGNED,HEALTHY,ALLOW
2026-09-30T15:40:00Z,84236.51,84282.89,84204.17,84204.17,22.15684,84230.41,91.06,0.05,0.9,0,TREND_DOWN,NORMAL,NEUTRAL,HEALTHY,ALLOW
2026-09-30T15:41:00Z,84204.18,84236.01,84169.58,84169.59,6.96059,84191.72666667,90.70428571,0.05,0.9,0,TREND_DOWN,NORMAL,NEUTRAL,HEALTHY,ALLOW
2026-09-30T15:42:00Z,84169.59,84229.61,84169.59,84204.18,12.838,84201.12666667,89.27571429,0.05,0.9,0,TREND_UP,NORMAL,ALIGNED,HEALTHY,ALLOW
2026-09-30T15:43:00Z,84204.17,84204.18,84145.26,84170.01,13.29687,84173.15,88.85285714,0.05,0.9,0,TREND_DOWN,NORMAL,NEUTRAL,HEALTHY,ALLOW
2026-09-30T15:44:00Z,84170.01,84170.01,84098.0,84114.01,8.75736,84127.34,85.60357143,0.05,0.9,0,TREND_DOWN,NORMAL,NEUTRAL,HEALTHY,ALLOW
2026-09-30T15:45:00Z,84114.01,84156.7,84105.59,84140.71,6.56067,84134.33333333,70.48857143,0.05,0.9,0,TREND_UP,NORMAL,ALIGNED,HEALTHY,ALLOW
2026-09-30T15:46:00Z,84140.7,84182.01,84140.7,84182.01,12.56216,84168.24,63.81,0.05,0.9,0,TREND_UP,NORMAL,ALIGNED,HEALTHY,ALLOW
2026-09-30T15:47:00Z,84182.01,84214.52,84180.0,84211.97,11.57016,84202.16333333,61.56142857,0.05,0.9,0,TREND_UP,NORMAL,ALIGNED,HEALTHY,ALLOW
2026-09-30T15:48:00Z,84211.97,84286.01,84211.96,84278.96,18.5804,84258.97666667,63.20785714,0.05,0.9,0,TREND_UP,NORMAL,ALIGNED,HEALTHY,ALLOW
2026-09-30T15:49:00Z,84278.95,84278.96,84245.11,84274.49,7.1646,84266.18666667,63.36071429,0.05,0.9,0,TREND_DOWN,NORMAL,NEUTRAL,HEALTHY,ALLOW
2026-09-30T15:50:00Z,84274.48,84285.27,84254.04,84264.14,7.60476,84267.81666667,63.69071429,0.05,0.9,0,TREND_DOWN,NORMAL,NEUTRAL,HEALTHY,ALLOW
2026-09-30T15:51:00Z,84264.13,84289.29,84245.11,84245.12,6.88431,84259.84,56.09142857,0.05,0.9,0,TREND_DOWN,NORMAL,NEUTRAL,HEALTHY,ALLOW
2026-09-30T15:52:00Z,84245.12,84263.29,84227.34,84234.01,6.42211,84241.54666667,54.08714286,0.05,0.9,0,TREND_DOWN,NORMAL,NEUTRAL,HEALTHY,ALLOW
2026-09-30T15:53:00Z,84234.01,84250.84,84227.34,84250.83,7.28454,84243.00333333,50.41428571,0.05,0.9,0,TREND_UP,NORMAL,ALIGNED,HEALTHY,ALLOW
2026-09-30T15:54:00Z,84250.83,84260.97,84200.01,84200.01,8.58581,84220.33,49.14571429,0.05,0.9,0,TREND_DOWN,NORMAL,NEUTRAL,HEALTHY,ALLOW
2026-09-30T15:55:00Z,84200.0,84200.01,84130.02,84130.03,6.64964,84153.35333333,49.4,0.05,0.9,0,TREND_DOWN,NORMAL,NEUTRAL,HEALTHY,ALLOW
2026-09-30T15:56:00Z,84130.03,84166.01,84130.02,84166.0,3.46401,84154.01,47.68357143,0.05,0.9,0,TREND_UP,NORMAL,ALIGNED,HEALTHY,ALLOW
2026-09-30T15:57:00Z,84166.0,84166.0,84131.61,84131.61,8.90382,84143.07333333,45.93142857,0.05,0.9,0,TREND_DOWN,NORMAL,NEUTRAL,HEALTHY,ALLOW
2026-09-30T15:58:00Z,84131.61,84144.52,84131.61,84144.51,3.7469,84140.21333333,41.71,0.05,0.9,0,TREND_UP,NORMAL,ALIGNED,HEALTHY,ALLOW
2026-09-30T15:59:00Z,84144.51,84144.52,84133.44,84134.43,4.15837,84137.46333333,38.85071429,0.05,0.9,0,TREND_DOWN,NORMAL,NEUTRAL,HEALTHY,ALLOW
2026-09-30T16:00:00Z,84134.43,84160.25,84134.43,84160.25,8.71656,84151.64333333,37.74428571,0.05,0.9,0,TREND_UP,NORMAL,ALIGNED,HEALTHY,ALLOW
2026-09-30T16:01:00Z,84160.26,84167.16,84144.0,84167.16,5.36948,84159.44,36.93285714,0.05,0.9,0,TREND_UP,NORMAL,ALIGNED,HEALTHY,ALLOW
2026-09-30T16:02:00Z,84167.16,84260.01,84167.16,84246.01,18.09535,84224.39333333,38.27571429,0.05,0.9,0,TREND_UP,NORMAL,ALIGNED,HEALTHY,ALLOW
2026-09-30T16:03:00Z,84246.01,84274.01,84219.67,84274.0,9.17463,84255.89333333,39.73928571,0.05,0.9,0,TREND_UP,NORMAL,ALIGNED,HEALTHY,ALLOW
2026-09-30T16:04:00Z,84274.01,84291.24,84262.0,84281.72,13.16804,84278.32,39.59714286,0.05,0.9,0,TREND_UP,NORMAL,ALIGNED,HEALTHY,ALLOW
2026-09-30T16:05:00Z,84281.73,84326.01,84274.31,84326.01,13.55044,84308.77666667,40.13428571,0.05,0.9,0,TREND_UP,NORMAL,ALIGNED,HEALTHY,ALLOW
2026-09-30T16:06:00Z,84326.0,84341.44,84326.0,84341.44,17.79985,84336.29333333,38.66928571,0.05,0.9,0,TREND_UP,NORMAL,ALIGNED,HEALTHY,ALLOW
2026-09-30T16:07:00Z,84341.43,84345.43,84314.39,84314.39,10.75902,84324.73666667,39.20785714,0.05,0.9,0,TREND_DOWN,NORMAL,NEUTRAL,HEALTHY,ALLOW
2026-09-30T16:08:00Z,84314.39,84331.66,84306.0,84331.65,3.21233,84323.10333333,36.68642857,0.05,0.9,0,TREND_UP,NORMAL,ALIGNED,HEALTHY,ALLOW
2026-09-30T16:09:00Z,84331.65,84385.32,84331.65,84385.31,14.47893,84367.42666667,35.52071429,0.05,0.9,0,TREND_UP,NORMAL,ALIGNED,HEALTHY,ALLOW
2026-09-30T16:10:00Z,84385.31,84385.31,84326.0,84326.0,3.98118,84345.77,37.18642857,0.05,0.9,0,TREND_DOWN,NORMAL,NEUTRAL,HEALTHY,ALLOW
2026-09-30T16:11:00Z,84326.01,84342.01,84297.41,84329.92,24.43959,84323.11333333,37.91571429,0.05,0.9,0,TREND_UP,NORMAL,ALIGNED,HEALTHY,ALLOW
2026-09-30T16:12:00Z,84329.92,84333.15,84266.2,84266.2,11.58745,84288.51666667,41.77571429,0.05,0.9,0,TREND_DOWN,NORMAL,NEUTRAL,HEALTHY,ALLOW
2026-09-30T16:13:00Z,84266.21,84337.07,84266.2,84337.07,5.93428,84313.44666667,46.04642857,0.05,0.9,0,TREND_UP,NORMAL,ALIGNED,HEALTHY,ALLOW
2026-09-30T16:14:00Z,84337.06,84361.99,84337.06,84361.98,5.0634,84353.67666667,45.98285714,0.05,0.9,0,TREND_UP,NORMAL,ALIGNED,HEALTHY,ALLOW
2026-09-30T16:15:00Z,84361.97,84391.5,84294.4,84341.08,14.05959,84342.32666667,51.26428571,0.05,0.9,0,TREND_DOWN,NORMAL,NEUTRAL,HEALTHY,ALLOW
2026-09-30T16:16:00Z,84341.08,84358.01,84341.08,84354.46,3.57955,84351.18333333,45.84142857,0.05,0.9,0,TREND_UP,NORMAL,ALIGNED,HEALTHY,ALLOW
2026-09-30T16:17:00Z,84354.47,84354.47,84310.4,84321.7,18.75275,84328.85666667,45.10785714,0.05,0.9,0,TREND_DOWN,NORMAL,NEUTRAL,HEALTHY,ALLOW
2026-09-30T16:18:00Z,84321.69,84379.15,84300.86,84379.14,9.28875,84353.05,48.61142857,0.05,0.9,0,TREND_UP,NORMAL,ALIGNED,HEALTHY,ALLOW
2026-09-30T16:19:00Z,84379.14,84414.7,84379.14,84391.5,14.26348,84395.11333333,47.45857143,0.05,0.9,0,TREND_UP,NORMAL,ALIGNED,HEALTHY,ALLOW
2026-09-30T16:20:00Z,84391.49,84399.99,84364.52,84399.99,6.78886,84388.16666667,48.88928571,0.05,0.9,0,TREND_UP,NORMAL,ALIGNED,HEALTHY,ALLOW
2026-09-30T16:21:00Z,84399.99,84422.11,84398.01,84415.35,11.09364,84411.82333333,48.39357143,0.05,0.9,0,TREND_UP,NORMAL,ALIGNED,HEALTHY,ALLOW
2026-09-30T16:22:00Z,84415.35,84460.0,84415.35,84438.0,8.77019,84437.78333333,49.75,0.05,0.9,0,TREND_UP,NORMAL,ALIGNED,HEALTHY,ALLOW
2026-09-30T16:23:00Z,84438.0,84462.01,84424.1,84455.87,15.54483,84447.32666667,48.62428571,0.05,0.9,0,TREND_UP,NORMAL,ALIGNED,HEALTHY,ALLOW
2026-09-30T16:24:00Z,84455.87,84490.01,84455.55,84466.14,18.43718,84470.56666667,46.84928571,0.05,0.9,0,TREND_UP,NORMAL,ALIGNED,HEALTHY,ALLOW
2026-09-30T16:25:00Z,84466.13,84479.7,84455.56,84472.01,2.40332,84469.09,45.38785714,0.05,0.9,0,TREND_UP,NORMAL,ALIGNED,HEALTHY,ALLOW
2026-09-30T16:26:00Z,84472.0,84472.0,84386.29,84401.37,15.73813,84419.88666667,46.72857143,0.05,0.9,0,TREND_DOWN,NORMAL,NEUTRAL,HEALTHY,ALLOW
2026-09-30T16:27:00Z,84401.37,84401.37,84360.0,84370.01,15.94431,84377.12666667,44.62142857,0.05,0.9,0,TREND_DOWN,NORMAL,NEUTRAL,HEALTHY,ALLOW
2026-09-30T16:28:00Z,84370.01,84400.24,84370.0,84374.01,5.75432,84381.41666667,45.00071429,0.05,0.9,0,TREND_UP,NORMAL,ALIGNED,HEALTHY,ALLOW
2026-09-30T16:29:00Z,84374.01,84374.01,84294.0,84294.0,23.622,84320.67,43.78,0.05,0.9,0,TREND_DOWN,NORMAL,NEUTRAL,HEALTHY,ALLOW
2026-09-30T16:30:00Z,84294.01,84304.77,84259.84,84259.84,7.8838,84274.81666667,45.78,0.05,0.9,0,TREND_DOWN,NORMAL,NEUTRAL,HEALTHY,ALLOW
2026-09-30T16:31:00Z,84259.85,84298.76,84259.84,84272.0,7.63801,84276.86666667,45.41214286,0.05,0.9,0,TREND_UP,NORMAL,ALIGNED,HEALTHY,ALLOW
2026-09-30T16:32:00Z,84272.0,84292.01,84268.0,84279.52,14.77072,84279.84333333,41.535,0.05,0.9,0,TREND_UP,NORMAL,ALIGNED,HEALTHY,ALLOW
2026-09-30T16:33:00Z,84279.51,84342.36,84279.51,84322.0,10.64621,84314.62333333,43.48428571,0.05,0.9,0,TREND_UP,NORMAL,ALIGNED,HEALTHY,ALLOW
2026-09-30T16:34:00Z,84322.01,84362.55,84322.0,84336.82,3.85631,84340.45666667,43.84714286,0.05,0.9,0,TREND_UP,NORMAL,ALIGNED,HEALTHY,ALLOW
2026-09-30T16:35:00Z,84336.82,84336.82,84269.68,84269.68,3.78188,84292.06,46.92142857,0.05,0.9,0,TREND_DOWN,NORMAL,NEUTRAL,HEALTHY,ALLOW
2026-09-30T16:36:00Z,84269.68,84269.69,84217.78,84217.78,6.67349,84235.08333333,47.44,0.05,0.9,0,TREND_DOWN,NORMAL,NEUTRAL,HEALTHY,ALLOW
2026-09-30T16:37:00Z,84217.79,84285.96,84217.78,84257.62,9.95266,84253.78666667,49.60214286,0.05,0.9,0,TREND_UP,NORMAL,ALIGNED,HEALTHY,ALLOW
2026-09-30T16:38:00Z,84257.63,84287.0,84251.19,84286.99,5.87719,84275.06,49.69857143,0.05,0.9,0,TREND_UP,NORMAL,ALIGNED,HEALTHY,ALLOW
2026-09-30T16:39:00Z,84286.99,84301.24,84274.0,84294.0,8.36401,84289.74666667,49.92,0.05,0.9,0,TREND_UP,NORMAL,ALIGNED,HEALTHY,ALLOW
2026-09-30T16:40:00Z,84294.01,84298.01,84270.99,84292.39,7.53261,84287.13,45.72714286,0.05,0.9,0,TREND_DOWN,NORMAL,NEUTRAL,HEALTHY,ALLOW
2026-09-30T16:41:00Z,84292.4,84305.88,84270.25,84270.25,8.36377,84282.12666667,45.31714286,0.05,0.9,0,TREND_DOWN,NORMAL,NEUTRAL,HEALTHY,ALLOW
2026-09-30T16:42:00Z,84270.25,84298.01,84266.72,84298.0,5.62799,84287.57666667,45.39214286,0.05,0.9,0,TREND_UP,NORMAL,ALIGNED,HEALTHY,ALLOW
2026-09-30T16:43:00Z,84298.01,84344.71,84298.0,84344.7,3.70333,84329.13666667,43.01357143,0.05,0.9,0,TREND_UP,NORMAL,ALIGNED,HEALTHY,ALLOW
2026-09-30T16:44:00Z,84344.7,84362.01,84344.0,84356.01,6.89148,84354.00666667,41.09071429,0.05,0.9,0,TREND_UP,NORMAL,ALIGNED,HEALTHY,ALLOW
2026-09-30T16:45:00Z,84356.01,84368.01,84334.62,84363.33,3.00737,84355.32,40.69571429,0.05,0.9,0,TREND_UP,NORMAL,ALIGNED,HEALTHY,ALLOW
2026-09-30T16:46:00Z,84363.34,84418.01,84357.56,84418.01,14.33824,84397.86,43.29857143,0.05,0.9,0,TREND_UP,NORMAL,ALIGNED,HEALTHY,ALLOW
2026-09-30T16:47:00Z,84418.0,84473.58,84418.0,84450.01,10.51546,84447.19666667,42.77928571,0.05,0.9,0,TREND_UP,NORMAL,ALIGNED,HEALTHY,ALLOW
2026-09-30T16:48:00Z,84450.0,84450.0,84370.09,84381.61,5.65862,84400.56666667,45.59142857,0.05,0.9,0,TREND_DOWN,NORMAL,NEUTRAL,HEALTHY,ALLOW
2026-09-30T16:49:00Z,84381.6,84385.64,84360.0,84371.49,4.96615,84372.37666667,42.62714286,0.05,0.9,0,TREND_DOWN,NORMAL,NEUTRAL,HEALTHY,ALLOW
2026-09-30T16:50:00Z,84371.49,84410.33,84371.49,84386.64,8.52346,84389.48666667,41.69357143,0.05,0.9,0,TREND_UP,NORMAL,ALIGNED,HEALTHY,ALLOW
2026-09-30T16:51:00Z,84386.63,84386.64,84351.79,84351.8,8.98936,84363.41,39.31285714,0.05,0.9,0,TREND_DOWN,NORMAL,NEUTRAL,HEALTHY,ALLOW
2026-09-30T16:52:00Z,84351.8,84386.64,84340.29,84361.59,5.32785,84362.84,40.06571429,0.05,0.9,0,TREND_UP,NORMAL,ALIGNED,HEALTHY,ALLOW
2026-09-30T16:53:00Z,84361.6,84364.01,84348.33,84357.98,3.33973,84356.77333333,39.24,0.05,0.9,0,TREND_DOWN,NORMAL,NEUTRAL,HEALTHY,ALLOW
2026-09-30T16:54:00Z,84357.99,84371.5,84351.27,84351.28,6.0204,84358.01666667,38.755,0.05,0.9,0,TREND_DOWN,NORMAL,NEUTRAL,HEALTHY,ALLOW
2026-09-30T16:55:00Z,84351.28,84360.01,84325.75,84327.11,6.56592,84337.62333333,38.65714286,0.05,0.9,0,TREND_DOWN,NORMAL,NEUTRAL,HEALTHY,ALLOW
2026-09-30T16:56:00Z,84327.11,84348.01,84309.42,84309.43,7.3802,84322.28666667,39.17857143,0.05,0.9,0,TREND_DOWN,NORMAL,NEUTRAL,HEALTHY,ALLOW
2026-09-30T16:57:00Z,84309.42,84323.6,84309.42,84323.6,3.29429,84318.87333333,36.855,0.05,0.9,0,TREND_UP,NORMAL,ALIGNED,HEALTHY,ALLOW
2026-09-30T16:58:00Z,84323.59,84348.01,84322.0,84322.01,10.62577,84330.67333333,37.42642857,0.05,0.9,0,TREND_DOWN,NORMAL,NEUTRAL,HEALTHY,ALLOW
2026-09-30T16:59:00Z,84322.01,84349.44,84322.0,84349.44,12.33632,84340.29333333,37.00142857,0.05,0.9,0,TREND_UP,NORMAL,ALIGNED,HEALTHY,ALLOW
2026-09-30T17:00:00Z,84349.44,84356.02,84320.29,84324.01,8.53399,84333.44,35.23571429,0.05,0.9,0,TREND_DOWN,NORMAL,NEUTRAL,HEALTHY,ALLOW
2026-09-30T17:01:00Z,84324.01,84330.0,84320.3,84329.99,14.63261,84326.76333333,31.95857143,0.05,0.9,0,TREND_UP,NORMAL,ALIGNED,HEALTHY,ALLOW
2026-09-30T17:02:00Z,84329.99,84330.0,84308.01,84308.01,13.51163,84315.34,27.82071429,0.05,0.9,0,TREND_DOWN,NORMAL,NEUTRAL,HEALTHY,ALLOW
2026-09-30T17:03:00Z,84308.0,84334.01,84294.11,84334.0,6.31002,84320.70666667,28.83928571,0.05,0.9,0,TREND_UP,NORMAL,ALIGNED,HEALTHY,ALLOW
2026-09-30T17:04:00Z,84334.01,84353.9,84283.57,84283.57,16.13818,84307.01333333,31.08857143,0.05,0.9,0,TREND_DOWN,NORMAL,NEUTRAL,HEALTHY,ALLOW
2026-09-30T17:05:00Z,84283.58,84335.87,84283.57,84316.46,10.3385,84311.96666667,32.335,0.05,0.9,0,TREND_UP,NORMAL,ALIGNED,HEALTHY,ALLOW
2026-09-30T17:06:00Z,84316.47,84336.36,84300.0,84325.94,15.00925,84320.76666667,31.62142857,0.05,0.9,0,TREND_UP,NORMAL,ALIGNED,HEALTHY,ALLOW
2026-09-30T17:07:00Z,84325.94,84363.4,84325.94,84350.01,14.12929,84346.45,33.17714286,0.05,0.9,0,TREND_UP,NORMAL,ALIGNED,HEALTHY,ALLOW
2026-09-30T17:08:00Z,84350.0,84435.26,84350.0,84411.74,11.52655,84399.0,37.82214286,0.05,0.9,0,TREND_UP,NORMAL,ALIGNED,HEALTHY,ALLOW
2026-09-30T17:09:00Z,84411.75,84425.95,84310.0,84334.0,18.01326,84356.65,43.65714286,0.05,0.9,0,TREND_DOWN,NORMAL,NEUTRAL,HEALTHY,ALLOW
2026-09-30T17:10:00Z,84334.01,84358.01,84334.0,84347.29,2.87296,84346.43333333,42.61571429,0.05,0.9,0,TREND_UP,NORMAL,ALIGNED,HEALTHY,ALLOW
2026-09-30T17:11:00Z,84347.29,84354.01,84293.97,84293.98,4.91325,84313.98666667,45.89142857,0.05,0.9,0,TREND_DOWN,NORMAL,NEUTRAL,HEALTHY,ALLOW
2026-09-30T17:12:00Z,84293.97,84311.57,84293.97,84301.5,2.58965,84302.34666667,45.29071429,0.05,0.9,0,TREND_UP,NORMAL,ALIGNED,HEALTHY,ALLOW
2026-09-30T17:13:00Z,84301.5,84342.42,84281.99,84306.0,14.35958,84310.13666667,47.64714286,0.05,0.9,0,TREND_UP,NORMAL,ALIGNED,HEALTHY,ALLOW
2026-09-30T17:14:00Z,84306.0,84340.08,84298.0,84298.01,5.1479,84312.03,48.10071429,0.05,0.9,0,TREND_DOWN,NORMAL,NEUTRAL,HEALTHY,ALLOW
2026-09-30T17:15:00Z,84298.0,84298.01,84185.36,84185.37,13.1271,84222.91333333,55.45428571,0.05,0.9,0,TREND_DOWN,NORMAL,NEUTRAL,HEALTHY,ALLOW
2026-09-30T17:16:00Z,84185.36,84192.01,84174.0,84183.72,7.32517,84183.24333333,55.17,0.05,0.9,0,TREND_DOWN,NORMAL,NEUTRAL,HEALTHY,ALLOW
2026-09-30T17:17:00Z,84183.72,84196.0,84161.58,84188.0,9.608,84181.86,54.77857143,0.05,0.9,0,TREND_UP,NORMAL,ALIGNED,HEALTHY,ALLOW
2026-09-30T17:18:00Z,84188.01,84256.0,84186.01,84236.8,21.97553,84226.27,54.75428571,0.05,0.9,0,TREND_UP,NORMAL,ALIGNED,HEALTHY,ALLOW
2026-09-30T17:19:00Z,84236.79,84236.8,84160.9,84160.91,4.80724,84186.20333333,56.44,0.05,0.9,0,TREND_DOWN,NORMAL,NEUTRAL,HEALTHY,ALLOW
2026-09-30T17:20:00Z,84160.91,84166.01,84124.0,84138.0,9.87292,84142.67,56.84357143,0.05,0.9,0,TREND_DOWN,NORMAL,NEUTRAL,HEALTHY,ALLOW
2026-09-30T17:21:00Z,84138.0,84200.0,84138.0,84190.01,4.82928,84176.00333333,58.59642857,0.05,0.9,0,TREND_UP,NORMAL,ALIGNED,HEALTHY,ALLOW
2026-09-30T17:22:00Z,84190.01,84190.01,84120.0,84120.0,4.48878,84143.33666667,57.50714286,0.05,0.9,0,TREND_DOWN,NORMAL,NEUTRAL,HEALTHY,ALLOW
2026-09-30T17:23:00Z,84120.0,84120.01,84096.1,84112.01,6.22496,84109.37333333,50.93285714,0.05,0.9,0,TREND_DOWN,NORMAL,NEUTRAL,HEALTHY,ALLOW
2026-09-30T17:24:00Z,84112.0,84136.45,84112.0,84130.0,4.50514,84126.15,50.96428571,0.05,0.9,0,TREND_UP,NORMAL,ALIGNED,HEALTHY,ALLOW
2026-09-30T17:25:00Z,84130.0,84130.01,84090.0,84090.0,5.44236,84103.33666667,49.53357143,0.05,0.9,0,TREND_DOWN,NORMAL,NEUTRAL,HEALTHY,ALLOW
2026-09-30T17:26:00Z,84090.01,84090.01,84016.0,84016.01,15.87813,84040.67333333,53.56285714,0.05,0.9,0,TREND_DOWN,NORMAL,NEUTRAL,HEALTHY,ALLOW
2026-09-30T17:27:00Z,84016.01,84128.01,84016.0,84128.01,9.37692,84090.67333333,57.24714286,0.05,0.9,0,TREND_UP,NORMAL,ALIGNED,HEALTHY,ALLOW
2026-09-30T17:28:00Z,84128.01,84146.75,84114.0,84138.68,7.80491,84133.14333333,56.58071429,0.05,0.9,0,TREND_UP,NORMAL,ALIGNED,HEALTHY,ALLOW
2026-09-30T17:29:00Z,84138.67,84217.37,84138.67,84217.37,8.82405,84191.13666667,54.15571429,0.05,0.9,0,TREND_UP,NORMAL,ALIGNED,HEALTHY,ALLOW
2026-09-30T17:30:00Z,84217.36,84217.36,84162.0,84164.01,3.90199,84181.12333333,56.82428571,0.05,0.9,0,TREND_DOWN,NORMAL,NEUTRAL,HEALTHY,ALLOW
2026-09-30T17:31:00Z,84164.01,84166.01,84095.98,84106.01,9.40242,84122.66666667,59.36785714,0.05,0.9,0,TREND_DOWN,NORMAL,NEUTRAL,HEALTHY,ALLOW
2026-09-30T17:32:00Z,84106.01,84140.0,84095.59,84102.01,12.21361,84112.53333333,57.54071429,0.05,0.9,0,TREND_DOWN,NORMAL,NEUTRAL,HEALTHY,ALLOW
2026-09-30T17:33:00Z,84102.01,84104.01,84085.05,84092.35,16.70012,84093.80333333,53.47357143,0.05,0.9,0,TREND_DOWN,NORMAL,NEUTRAL,HEALTHY,ALLOW
2026-09-30T17:34:00Z,84092.35,84092.36,84048.0,84048.01,16.22711,84062.79,53.64142857,0.05,0.9,0,TREND_DOWN,NORMAL,NEUTRAL,HEALTHY,ALLOW
2026-09-30T17:35:00Z,84048.0,84066.01,84028.0,84037.32,7.10555,84043.77666667,51.92785714,0.05,0.9,0,TREND_DOWN,NORMAL,NEUTRAL,HEALTHY,ALLOW
2026-09-30T17:36:00Z,84037.33,84085.03,84030.0,84034.01,17.16988,84049.68,50.85785714,0.05,0.9,0,TREND_DOWN,NORMAL,NEUTRAL,HEALTHY,ALLOW
2026-09-30T17:37:00Z,84034.0,84034.01,83923.71,83923.72,45.03112,83960.48,57.02857143,0.05,0.9,0,TREND_DOWN,NORMAL,NEUTRAL,HEALTHY,ALLOW
2026-09-30T17:38:00Z,83923.72,84017.16,83923.72,84017.16,10.18194,83986.01333333,61.95642857,0.05,0.9,0,TREND_UP,NORMAL,ALIGNED,HEALTHY,ALLOW
2026-09-30T17:39:00Z,84017.15,84042.01,84008.0,84008.01,4.76469,84019.34,61.52785714,0.05,0.9,0,TREND_DOWN,NORMAL,NEUTRAL,HEALTHY,ALLOW
2026-09-30T17:40:00Z,84008.01,84014.87,83982.0,84014.86,4.68404,84003.91,58.58928571,0.05,0.9,0,TREND_UP,NORMAL,ALIGNED,HEALTHY,ALLOW
2026-09-30T17:41:00Z,84014.86,84022.25,84004.0,84022.25,3.7735,84016.16666667,51.89214286,0.05,0.9,0,TREND_UP,NORMAL,ALIGNED,HEALTHY,ALLOW
2026-09-30T17:42:00Z,84022.24,84038.01,84010.0,84038.0,13.17647,84028.67,51.55357143,0.05,0.9,0,TREND_UP,NORMAL,ALIGNED,HEALTHY,ALLOW
2026-09-30T17:43:00Z,84038.01,84055.6,84038.01,84046.01,2.8277,84046.54,47.18928571,0.05,0.9,0,TREND_UP,NORMAL,ALIGNED,HEALTHY,ALLOW
2026-09-30T17:44:00Z,84046.01,84046.01,84008.0,84008.0,7.6961,84020.67,45.94928571,0.05,0.9,0,TREND_DOWN,NORMAL,NEUTRAL,HEALTHY,ALLOW
2026-09-30T17:45:00Z,84008.0,84014.01,83980.0,84014.0,4.69879,84002.67,43.37642857,0.05,0.9,0,TREND_UP,NORMAL,ALIGNED,HEALTHY,ALLOW
2026-09-30T17:46:00Z,84014.0,84053.11,84014.0,84053.11,5.71976,84040.07333333,42.99785714,0.05,0.9,0,TREND_UP,NORMAL,ALIGNED,HEALTHY,ALLOW
2026-09-30T17:47:00Z,84053.11,84158.01,84053.11,84056.01,21.55654,84089.04333333,49.13642857,0.05,0.9,0,TREND_UP,NORMAL,ALIGNED,HEALTHY,ALLOW
2026-09-30T17:48:00Z,84056.0,84115.66,84053.74,84115.65,4.88451,84095.01666667,50.39071429,0.05,0.9,0,TREND_UP,NORMAL,ALIGNED,HEALTHY,ALLOW
2026-09-30T17:49:00Z,84115.65,84115.66,84086.0,84104.99,5.38055,84102.21666667,49.79428571,0.05,0.9,0,TREND_DOWN,NORMAL,NEUTRAL,HEALTHY,ALLOW
2026-09-30T17:50:00Z,84104.99,84138.16,84104.98,84119.83,7.18181,84120.99,48.23357143,0.05,0.9,0,TREND_UP,NORMAL,ALIGNED,HEALTHY,ALLOW
2026-09-30T17:51:00Z,84119.08,84119.08,84094.0,84094.01,3.99165,84102.36333333,42.2,0.05,0.9,0,TREND_DOWN,NORMAL,NEUTRAL,HEALTHY,ALLOW
2026-09-30T17:52:00Z,84094.0,84094.0,84046.0,84046.0,4.32421,84062.0,38.955,0.05,0.9,0,TREND_DOWN,NORMAL,NEUTRAL,HEALTHY,ALLOW
2026-09-30T17:53:00Z,84046.0,84046.0,84032.11,84032.12,1.36739,84036.74333333,37.51785714,0.05,0.9,0,TREND_DOWN,NORMAL,NEUTRAL,HEALTHY,ALLOW
2026-09-30T17:54:00Z,84032.11,84043.22,84031.48,84031.49,3.21241,84035.39666667,36.00857143,0.05,0.9,0,TREND_DOWN,NORMAL,NEUTRAL,HEALTHY,ALLOW
2026-09-30T17:55:00Z,84031.48,84031.49,84000.7,84026.01,8.25023,84019.4,36.90428571,0.05,0.9,0,TREND_DOWN,NORMAL,NEUTRAL,HEALTHY,ALLOW
2026-09-30T17:56:00Z,84026.01,84026.01,84015.62,84015.62,7.32899,84019.08333333,35.64571429,0.05,0.9,0,TREND_DOWN,NORMAL,NEUTRAL,HEALTHY,ALLOW
2026-09-30T17:57:00Z,84015.63,84015.63,84006.72,84006.73,3.9502,84009.69333333,35.025,0.05,0.9,0,TREND_DOWN,NORMAL,NEUTRAL,HEALTHY,ALLOW
2026-09-30T17:58:00Z,84006.73,84035.36,84006.72,84035.35,10.09226,84025.81,34.35571429,0.05,0.9,0,TREND_UP,NORMAL,ALIGNED,HEALTHY,ALLOW
2026-09-30T17:59:00Z,84035.36,84050.15,84031.46,84031.46,33.76306,84037.69,33.26142857,0.05,0.9,0,TREND_DOWN,NORMAL,NEUTRAL,HEALTHY,ALLOW
2026-09-30T18:00:00Z,84031.47,84078.55,84016.0,84040.01,13.81767,84044.85333333,34.93571429,0.05,0.9,0,TREND_UP,NORMAL,ALIGNED,HEALTHY,ALLOW
2026-09-30T18:01:00Z,84040.01,84043.1,83991.77,83991.78,4.76301,84008.88333333,31.10928571,0.05,0.9,0,TREND_DOWN,NORMAL,NEUTRAL,HEALTHY,ALLOW
2026-09-30T18:02:00Z,83991.77,83991.8,83950.3,83952.0,8.24206,83964.7,29.65071429,0.05,0.9,0,TREND_DOWN,NORMAL,NEUTRAL,HEALTHY,ALLOW
2026-09-30T18:03:00Z,83952.0,84014.01,83952.0,83978.36,10.22246,83981.45666667,31.96142857,0.05,0.9,0,TREND_UP,NORMAL,ALIGNED,HEALTHY,ALLOW
2026-09-30T18:04:00Z,83978.36,84042.71,83967.38,84040.04,16.59578,84016.71,34.97214286,0.05,0.9,0,TREND_UP,NORMAL,ALIGNED,HEALTHY,ALLOW
2026-09-30T18:05:00Z,84040.04,84040.04,83986.0,83986.0,4.07792,84004.01333333,36.98714286,0.05,0.9,0,TREND_DOWN,NORMAL,NEUTRAL,HEALTHY,ALLOW
2026-09-30T18:06:00Z,83986.0,83986.0,83930.15,83952.8,9.15567,83956.31666667,37.54714286,0.05,0.9,0,TREND_DOWN,NORMAL,NEUTRAL,HEALTHY,ALLOW
2026-09-30T18:07:00Z,83952.81,83994.01,83952.0,83994.01,4.58796,83980.00666667,39.55571429,0.05,0.9,0,TREND_UP,NORMAL,ALIGNED,HEALTHY,ALLOW
2026-09-30T18:08:00Z,83994.01,84026.01,83968.0,84026.0,8.2822,84006.67,42.86071429,0.05,0.9,0,TREND_UP,NORMAL,ALIGNED,HEALTHY,ALLOW
2026-09-30T18:09:00Z,84026.01,84066.01,84012.0,84066.0,6.64189,84048.00333333,44.51928571,0.05,0.9,0,TREND_UP,NORMAL,ALIGNED,HEALTHY,ALLOW
2026-09-30T18:10:00Z,84066.01,84066.01,84026.0,84026.01,5.06422,84039.34,46.635,0.05,0.9,0,TREND_DOWN,NORMAL,NEUTRAL,HEALTHY,ALLOW
2026-09-30T18:11:00Z,84026.0,84066.01,84026.0,84066.01,4.7001,84052.67333333,48.85642857,0.05,0.9,0,TREND_UP,NORMAL,ALIGNED,HEALTHY,ALLOW
2026-09-30T18:12:00Z,84066.01,84070.01,84048.0,84070.0,3.41823,84062.67,48.38285714,0.05,0.9,0,TREND_UP,NORMAL,ALIGNED,HEALTHY,ALLOW
2026-09-30T18:13:00Z,84070.0,84070.01,84045.01,84045.02,1.81005,84053.34666667,48.83357143,0.05,0.9,0,TREND_DOWN,NORMAL,NEUTRAL,HEALTHY,ALLOW
2026-09-30T18:14:00Z,84045.01,84062.25,84006.0,84006.0,18.68915,84024.75,48.38357143,0.05,0.9,0,TREND_DOWN,NORMAL,NEUTRAL,HEALTHY,ALLOW
2026-09-30T18:15:00Z,84006.0,84024.65,83990.0,84000.01,10.6207,84004.88666667,47.19214286,0.05,0.9,0,TREND_DOWN,NORMAL,NEUTRAL,HEALTHY,ALLOW
2026-09-30T18:16:00Z,84000.0,84020.46,84000.0,84000.0,5.74519,84006.82,45.68928571,0.05,0.9,0,TREND_UP,NORMAL,ALIGNED,HEALTHY,ALLOW
2026-09-30T18:17:00Z,84000.0,84000.0,83978.0,83978.01,2.76269,83985.33666667,42.83142857,0.05,0.9,0,TREND_DOWN,NORMAL,NEUTRAL,HEALTHY,ALLOW
2026-09-30T18:18:00Z,83978.01,84000.01,83946.0,84000.0,5.88028,83982.00333333,41.30857143,0.05,0.9,0,TREND_UP,NORMAL,ALIGNED,HEALTHY,ALLOW
2026-09-30T18:19:00Z,84000.01,84000.01,83968.0,83982.15,12.66664,83983.38666667,39.735,0.05,0.9,0,TREND_DOWN,NORMAL,NEUTRAL,HEALTHY,ALLOW
2026-09-30T18:20:00Z,83982.16,83998.01,83982.16,83996.51,4.57297,83992.22666667,36.87857143,0.05,0.9,0,TREND_UP,NORMAL,ALIGNED,HEALTHY,ALLOW
2026-09-30T18:21:00Z,83996.5,83996.51,83939.04,83946.02,8.34707,83960.52333333,37.98285714,0.05,0.9,0,TREND_DOWN,NORMAL,NEUTRAL,HEALTHY,ALLOW
2026-09-30T18:22:00Z,83946.02,83962.02,83946.02,83958.01,1.5599,83955.35,34.98214286,0.05,0.9,0,TREND_UP,NORMAL,ALIGNED,HEALTHY,ALLOW
2026-09-30T18:23:00Z,83958.01,83958.01,83914.0,83914.0,6.40672,83928.67,34.26785714,0.05,0.9,0,TREND_DOWN,NORMAL,NEUTRAL,HEALTHY,ALLOW
2026-09-30T18:24:00Z,83914.01,83928.01,83896.0,83900.37,5.04694,83908.12666667,33.69642857,0.05,0.9,0,TREND_DOWN,NORMAL,NEUTRAL,HEALTHY,ALLOW
2026-09-30T18:25:00Z,83900.38,83900.38,83876.0,83880.99,7.1976,83885.79,32.58,0.05,0.9,0,TREND_DOWN,NORMAL,NEUTRAL,HEALTHY,ALLOW
2026-09-30T18:26:00Z,83880.99,83908.92,83880.99,83907.56,19.60055,83899.15666667,33.00285714,0.05,0.9,0,TREND_UP,NORMAL,ALIGNED,HEALTHY,ALLOW
2026-09-30T18:27:00Z,83907.57,83907.57,83897.99,83897.99,8.25341,83901.18333333,31.90142857,0.05,0.9,0,TREND_DOWN,NORMAL,NEUTRAL,HEALTHY,ALLOW
2026-09-30T18:28:00Z,83897.99,83914.01,83897.99,83904.69,10.81432,83905.56333333,29.02785714,0.05,0.9,0,TREND_UP,NORMAL,ALIGNED,HEALTHY,ALLOW
2026-09-30T18:29:00Z,83904.69,83919.82,83900.76,83919.81,4.90064,83913.46333333,27.91428571,0.05,0.9,0,TREND_UP,NORMAL,ALIGNED,HEALTHY,ALLOW
2026-09-30T18:30:00Z,83919.81,83945.46,83904.0,83945.46,9.56853,83931.64,29.41428571,0.05,0.9,0,TREND_UP,NORMAL,ALIGNED,HEALTHY,ALLOW
2026-09-30T18:31:00Z,83945.46,83945.46,83886.56,83886.57,4.22937,83906.19666667,32.05,0.05,0.9,0,TREND_DOWN,NORMAL,NEUTRAL,HEALTHY,ALLOW
2026-09-30T18:32:00Z,83886.56,83886.56,83868.78,83868.79,9.67257,83874.71,29.46285714,0.05,0.9,0,TREND_DOWN,NORMAL,NEUTRAL,HEALTHY,ALLOW
2026-09-30T18:33:00Z,83868.79,83883.65,83850.0,83880.0,9.20195,83871.21666667,29.58,0.05,0.9,0,TREND_UP,NORMAL,ALIGNED,HEALTHY,ALLOW
2026-09-30T18:34:00Z,83879.99,83879.99,83850.0,83864.0,4.46509,83864.66333333,30.59,0.05,0.9,0,TREND_DOWN,NORMAL,NEUTRAL,HEALTHY,ALLOW
2026-09-30T18:35:00Z,83864.01,83864.01,83828.12,83828.12,5.18314,83840.08333333,29.04857143,0.05,0.9,0,TREND_DOWN,NORMAL,NEUTRAL,HEALTHY,ALLOW
2026-09-30T18:36:00Z,83828.12,83834.27,83816.94,83816.94,4.85068,83822.71666667,29.14357143,0.05,0.9,0,TREND_DOWN,NORMAL,NEUTRAL,HEALTHY,ALLOW
2026-09-30T18:37:00Z,83816.95,83816.95,83811.95,83811.96,4.83915,83813.62,26.35714286,0.05,0.9,0,TREND_DOWN,NORMAL,NEUTRAL,HEALTHY,ALLOW
2026-09-30T18:38:00Z,83811.95,83827.8,83810.93,83827.8,3.9029,83822.17666667,25.27571429,0.05,0.9,0,TREND_UP,NORMAL,ALIGNED,HEALTHY,ALLOW
2026-09-30T18:39:00Z,83827.8,83829.29,83817.03,83817.04,9.8042,83821.12,24.41,0.05,0.9,0,TREND_DOWN,NORMAL,NEUTRAL,HEALTHY,ALLOW
2026-09-30T18:40:00Z,83817.04,83862.87,83814.73,83862.01,14.22894,83846.53666667,25.85357143,0.05,0.9,0,TREND_UP,NORMAL,ALIGNED,HEALTHY,ALLOW
2026-09-30T18:41:00Z,83862.01,83862.01,83832.2,83847.98,4.79692,83847.39666667,27.29857143,0.05,0.9,0,TREND_DOWN,NORMAL,NEUTRAL,HEALTHY,ALLOW
2026-09-30T18:42:00Z,83847.98,83849.03,83837.57,83849.03,1.57117,83845.21,26.97285714,0.05,0.9,0,TREND_UP,NORMAL,ALIGNED,HEALTHY,ALLOW
2026-09-30T18:43:00Z,83849.02,83876.01,83849.02,83870.01,7.0147,83865.01333333,27.53928571,0.05,0.9,0,TREND_UP,NORMAL,ALIGNED,HEALTHY,ALLOW
2026-09-30T18:44:00Z,83870.01,83877.21,83854.46,83854.46,2.09094,83862.04333333,26.20285714,0.05,0.9,0,TREND_DOWN,NORMAL,NEUTRAL,HEALTHY,ALLOW
2026-09-30T18:45:00Z,83854.46,83854.47,83821.42,83829.21,2.79848,83835.03333333,24.35642857,0.05,0.9,0,TREND_DOWN,NORMAL,NEUTRAL,HEALTHY,ALLOW
2026-09-30T18:46:00Z,83829.2,83843.0,83825.08,83827.0,2.7275,83831.69333333,24.36571429,0.05,0.9,0,TREND_DOWN,NORMAL,NEUTRAL,HEALTHY,ALLOW
2026-09-30T18:47:00Z,83826.99,83827.0,83821.42,83821.42,4.24707,83823.28,22.36071429,0.05,0.9,0,TREND_DOWN,NORMAL,NEUTRAL,HEALTHY,ALLOW
2026-09-30T18:48:00Z,83821.42,83821.42,83792.98,83792.99,3.71099,83802.46333333,22.24928571,0.05,0.9,0,TREND_DOWN,NORMAL,NEUTRAL,HEALTHY,ALLOW
2026-09-30T18:49:00Z,83792.98,83866.88,83792.98,83866.88,30.798,83842.24666667,24.96428571,0.05,0.9,0,TREND_UP,NORMAL,ALIGNED,HEALTHY,ALLOW
2026-09-30T18:50:00Z,83866.87,83937.6,83866.87,83907.16,10.99918,83903.87666667,28.77857143,0.05,0.9,0,TREND_UP,NORMAL,ALIGNED,HEALTHY,ALLOW
2026-09-30T18:51:00Z,83907.15,83920.52,83898.0,83919.26,5.13149,83912.59333333,30.03,0.05,0.9,0,TREND_UP,NORMAL,ALIGNED,HEALTHY,ALLOW
2026-09-30T18:52:00Z,83919.26,83933.97,83884.0,83933.97,12.28111,83917.31333333,32.39428571,0.05,0.9,0,TREND_UP,NORMAL,ALIGNED,HEALTHY,ALLOW
2026-09-30T18:53:00Z,83933.96,83950.3,83904.85,83904.86,8.90295,83920.00333333,34.765,0.05,0.9,0,TREND_DOWN,NORMAL,NEUTRAL,HEALTHY,ALLOW
2026-09-30T18:54:00Z,83904.85,83928.99,83899.02,83928.98,2.99536,83918.99666667,33.46714286,0.05,0.9,0,TREND_UP,NORMAL,ALIGNED,HEALTHY,ALLOW
2026-09-30T18:55:00Z,83928.99,83938.89,83922.0,83938.88,1.92443,83933.25666667,32.54428571,0.05,0.9,0,TREND_UP,NORMAL,ALIGNED,HEALTHY,ALLOW
2026-09-30T18:56:00Z,83938.88,83964.0,83936.0,83963.98,3.23547,83954.66,33.72571429,0.05,0.9,0,TREND_UP,NORMAL,ALIGNED,HEALTHY,ALLOW
2026-09-30T18:57:00Z,83963.97,83963.98,83939.95,83958.61,3.13457,83954.18,33.51428571,0.05,0.9,0,TREND_DOWN,NORMAL,NEUTRAL,HEALTHY,ALLOW
2026-09-30T18:58:00Z,83958.61,83986.01,83954.57,83986.0,6.61251,83975.52666667,34.135,0.05,0.9,0,TREND_UP,NORMAL,ALIGNED,HEALTHY,ALLOW
2026-09-30T18:59:00Z,83986.0,83986.01,83950.0,83950.0,2.76698,83962.00333333,34.34642857,0.05,0.9,0,TREND_DOWN,NORMAL,NEUTRAL,HEALTHY,ALLOW
2026-09-30T19:00:00Z,83950.01,83958.01,83903.7,83903.71,3.85642,83921.80666667,36.94571429,0.05,0.9,0,TREND_DOWN,NORMAL,NEUTRAL,HEALTHY,ALLOW
2026-09-30T19:01:00Z,83903.7,83926.01,83886.21,83890.0,8.65378,83900.74,39.39,0.05,0.9,0,TREND_DOWN,NORMAL,NEUTRAL,HEALTHY,ALLOW
2026-09-30T19:02:00Z,83890.0,83921.24,83878.0,83921.23,4.3232,83906.82333333,40.44714286,0.05,0.9,0,TREND_UP,NORMAL,ALIGNED,HEALTHY,ALLOW
2026-09-30T19:03:00Z,83921.24,83935.01,83916.28,83920.01,4.83728,83923.76666667,36.50642857,0.05,0.9,0,TREND_DOWN,NORMAL,NEUTRAL,HEALTHY,ALLOW
2026-09-30T19:04:00Z,83920.0,83923.71,83908.0,83922.0,4.47628,83917.90333333,32.57642857,0.05,0.9,0,TREND_UP,NORMAL,ALIGNED,HEALTHY,ALLOW
2026-09-30T19:05:00Z,83922.0,83943.11,83892.0,83892.0,9.22722,83909.03666667,34.61857143,0.05,0.9,0,TREND_DOWN,NORMAL,NEUTRAL,HEALTHY,ALLOW
2026-09-30T19:06:00Z,83892.0,83893.36,83876.03,83878.0,3.29513,83882.46333333,32.28714286,0.05,0.9,0,TREND_DOWN,NORMAL,NEUTRAL,HEALTHY,ALLOW
2026-09-30T19:07:00Z,83878.0,83890.01,83878.0,83890.01,2.86214,83886.00666667,29.89857143,0.05,0.9,0,TREND_UP,NORMAL,ALIGNED,HEALTHY,ALLOW
2026-09-30T19:08:00Z,83890.0,83890.01,83838.0,83838.0,6.36018,83855.33666667,31.47285714,0.05,0.9,0,TREND_DOWN,NORMAL,NEUTRAL,HEALTHY,ALLOW
2026-09-30T19:09:00Z,83838.0,83838.0,83824.0,83824.0,2.07575,83828.66666667,31.26642857,0.05,0.9,0,TREND_DOWN,NORMAL,NEUTRAL,HEALTHY,ALLOW
2026-09-30T19:10:00Z,83824.0,83824.0,83792.98,83792.98,3.35221,83803.32,31.48214286,0.05,0.9,0,TREND_DOWN,NORMAL,NEUTRAL,HEALTHY,ALLOW
2026-09-30T19:11:00Z,83792.98,83792.99,83776.0,83778.49,2.23963,83782.49333333,30.97928571,0.05,0.9,0,TREND_DOWN,NORMAL,NEUTRAL,HEALTHY,ALLOW
2026-09-30T19:12:00Z,83778.5,83778.5,83728.65,83759.97,9.74135,83755.70666667,32.29428571,0.05,0.9,0,TREND_DOWN,NORMAL,NEUTRAL,HEALTHY,ALLOW
2026-09-30T19:13:00Z,83759.97,83773.37,83749.99,83767.14,3.55932,83763.5,31.39214286,0.05,0.9,0,TREND_UP,NORMAL,ALIGNED,HEALTHY,ALLOW
2026-09-30T19:14:00Z,83767.15,83784.01,83756.0,83760.0,7.49242,83766.67,29.51357143,0.05,0.9,0,TREND_DOWN,NORMAL,NEUTRAL,HEALTHY,ALLOW
2026-09-30T19:15:00Z,83760.0,83760.0,83721.0,83721.0,11.00766,83734.0,29.45642857,0.05,0.9,0,TREND_DOWN,NORMAL,NEUTRAL,HEALTHY,ALLOW
2026-09-30T19:16:00Z,83721.01,83721.01,83708.0,83708.01,15.64237,83712.34,27.29714286,0.05,0.9,0,TREND_DOWN,NORMAL,NEUTRAL,HEALTHY,ALLOW
2026-09-30T19:17:00Z,83708.0,83708.0,83613.8,83660.0,16.54027,83660.6,32.68857143,0.05,0.9,0,TREND_DOWN,NORMAL,NEUTRAL,HEALTHY,ALLOW
2026-09-30T19:18:00Z,83660.0,83698.01,83644.0,83698.0,23.42891,83680.00333333,35.42428571,0.05,0.9,0,TREND_UP,NORMAL,ALIGNED,HEALTHY,ALLOW
2026-09-30T19:19:00Z,83698.0,83760.45,83698.0,83760.45,24.29181,83739.63333333,36.23428571,0.05,0.9,0,TREND_UP,NORMAL,ALIGNED,HEALTHY,ALLOW
2026-09-30T19:20:00Z,83760.45,83760.45,83732.0,83732.67,2.93108,83741.70666667,37.02857143,0.05,0.9,0,TREND_DOWN,NORMAL,NEUTRAL,HEALTHY,ALLOW
2026-09-30T19:21:00Z,83732.66,83779.91,83732.66,83749.34,6.25077,83753.97,39.54571429,0.05,0.9,0,TREND_UP,NORMAL,ALIGNED,HEALTHY,ALLOW
2026-09-30T19:22:00Z,83749.34,83749.34,83730.0,83733.97,4.88257,83737.77,37.21214286,0.05,0.9,0,TREND_DOWN,NORMAL,NEUTRAL,HEALTHY,ALLOW
2026-09-30T19:23:00Z,83733.98,83733.98,83710.0,83710.0,4.44526,83717.99333333,37.925,0.05,0.9,0,TREND_DOWN,NORMAL,NEUTRAL,HEALTHY,ALLOW
2026-09-30T19:24:00Z,83710.01,83711.1,83696.1,83711.08,8.72434,83706.09333333,36.78071429,0.05,0.9,0,TREND_UP,NORMAL,ALIGNED,HEALTHY,ALLOW
2026-09-30T19:25:00Z,83711.09,83739.7,83708.0,83739.7,5.53974,83729.13333333,37.83142857,0.05,0.9,0,TREND_UP,NORMAL,ALIGNED,HEALTHY,ALLOW
2026-09-30T19:26:00Z,83739.7,83786.01,83739.7,83740.0,5.65063,83755.23666667,37.57857143,0.05,0.9,0,TREND_UP,NORMAL,ALIGNED,HEALTHY,ALLOW
2026-09-30T19:27:00Z,83740.0,83754.71,83740.0,83754.71,6.16834,83749.80666667,36.95928571,0.05,0.9,0,TREND_UP,NORMAL,ALIGNED,HEALTHY,ALLOW
2026-09-30T19:28:00Z,83754.7,83784.02,83754.7,83783.97,4.45189,83774.23,37.05285714,0.05,0.9,0,TREND_UP,NORMAL,ALIGNED,HEALTHY,ALLOW
2026-09-30T19:29:00Z,83783.97,83785.89,83749.24,83749.24,4.24349,83761.45666667,36.885,0.05,0.9,0,TREND_DOWN,NORMAL,NEUTRAL,HEALTHY,ALLOW
2026-09-30T19:30:00Z,83749.24,83799.54,83749.24,83799.54,6.10586,83782.77333333,39.54857143,0.05,0.9,0,TREND_UP,NORMAL,ALIGNED,HEALTHY,ALLOW
2026-09-30T19:31:00Z,83799.54,83834.01,83799.53,83825.95,8.03928,83819.83,35.28214286,0.05,0.9,0,TREND_UP,NORMAL,ALIGNED,HEALTHY,ALLOW
2026-09-30T19:32:00Z,83825.95,83835.62,83822.0,83835.61,2.08838,83831.07666667,32.39714286,0.05,0.9,0,TREND_UP,NORMAL,ALIGNED,HEALTHY,ALLOW
2026-09-30T19:33:00Z,83835.62,83864.01,83835.61,83864.01,5.88788,83854.54333333,29.965,0.05,0.9,0,TREND_UP,NORMAL,ALIGNED,HEALTHY,ALLOW
2026-09-30T19:34:00Z,83864.01,83876.49,83832.02,83858.01,12.20256,83855.50666667,31.10928571,0.05,0.9,0,TREND_DOWN,NORMAL,NEUTRAL,HEALTHY,ALLOW
2026-09-30T19:35:00Z,83858.02,83887.17,83852.76,83866.82,5.47081,83868.91666667,30.19214286,0.05,0.9,0,TREND_UP,NORMAL,ALIGNED,HEALTHY,ALLOW
2026-09-30T19:36:00Z,83866.83,83866.83,83864.67,83864.68,0.59803,83865.39333333,28.965,0.05,0.9,0,TREND_DOWN,NORMAL,NEUTRAL,HEALTHY,ALLOW
2026-09-30T19:37:00Z,83864.68,83903.55,83864.67,83901.94,7.06945,83890.05333333,30.02928571,0.05,0.9,0,TREND_UP,NORMAL,ALIGNED,HEALTHY,ALLOW
2026-09-30T19:38:00Z,83901.94,83940.6,83901.93,83938.01,5.52338,83926.84666667,31.72,0.05,0.9,0,TREND_UP,NORMAL,ALIGNED,HEALTHY,ALLOW
2026-09-30T19:39:00Z,83938.0,83938.01,83888.22,83915.32,7.38831,83913.85,33.01214286,0.05,0.9,0,TREND_DOWN,NORMAL,NEUTRAL,HEALTHY,ALLOW
2026-09-30T19:40:00Z,83915.31,83915.32,83858.0,83858.0,3.45656,83877.10666667,33.79857143,0.05,0.9,0,TREND_DOWN,NORMAL,NEUTRAL,HEALTHY,ALLOW
2026-09-30T19:41:00Z,83858.0,83882.26,83848.0,83858.01,5.09411,83862.75666667,35.195,0.05,0.9,0,TREND_UP,NORMAL,ALIGNED,HEALTHY,ALLOW
2026-09-30T19:42:00Z,83858.01,83870.5,83833.21,83833.21,2.68345,83845.64,35.76428571,0.05,0.9,0,TREND_DOWN,NORMAL,NEUTRAL,HEALTHY,ALLOW
2026-09-30T19:43:00Z,83833.22,83839.88,83824.0,83824.0,2.82412,83829.29333333,34.28071429,0.05,0.9,0,TREND_DOWN,NORMAL,NEUTRAL,HEALTHY,ALLOW
2026-09-30T19:44:00Z,83824.01,83825.85,83824.0,83824.02,1.19593,83824.62333333,30.82,0.05,0.9,0,TREND_UP,NORMAL,ALIGNED,HEALTHY,ALLOW
2026-09-30T19:45:00Z,83824.01,83824.02,83816.94,83816.95,0.9861,83819.30333333,28.86285714,0.05,0.9,0,TREND_DOWN,NORMAL,NEUTRAL,HEALTHY,ALLOW
2026-09-30T19:46:00Z,83816.94,83824.01,83816.94,83816.95,3.1157,83819.3,28.395,0.05,0.9,0,TREND_UP,NORMAL,ALIGNED,HEALTHY,ALLOW
2026-09-30T19:47:00Z,83816.94,83834.23,83721.62,83721.63,29.91511,83759.16,34.41,0.05,0.9,0,TREND_DOWN,NORMAL,NEUTRAL,HEALTHY,ALLOW
2026-09-30T19:48:00Z,83721.62,83784.41,83688.0,83688.01,27.34737,83720.14,38.12,0.05,0.9,0,TREND_DOWN,NORMAL,NEUTRAL,HEALTHY,ALLOW
2026-09-30T19:49:00Z,83688.01,83700.0,83686.0,83699.99,3.47559,83695.33,36.66214286,0.05,0.9,0,TREND_UP,NORMAL,ALIGNED,HEALTHY,ALLOW
2026-09-30T19:50:00Z,83699.99,83718.01,83646.82,83646.82,13.58245,83670.55,41.59285714,0.05,0.9,0,TREND_DOWN,NORMAL,NEUTRAL,HEALTHY,ALLOW
2026-09-30T19:51:00Z,83646.82,83646.83,83541.32,83552.29,27.57934,83580.14666667,46.35214286,0.05,0.9,0,TREND_DOWN,NORMAL,NEUTRAL,HEALTHY,ALLOW
2026-09-30T19:52:00Z,83552.28,83598.62,83529.41,83539.87,14.80001,83555.96666667,48.53357143,0.05,0.9,0,TREND_DOWN,NORMAL,NEUTRAL,HEALTHY,ALLOW
2026-09-30T19:53:00Z,83539.87,83600.34,83510.0,83512.53,16.64179,83540.95666667,51.43,0.05,0.9,0,TREND_DOWN,NORMAL,NEUTRAL,HEALTHY,ALLOW
2026-09-30T19:54:00Z,83512.53,83552.01,83508.61,83516.01,11.45258,83525.54333333,50.43571429,0.05,0.9,0,TREND_UP,NORMAL,ALIGNED,HEALTHY,ALLOW
2026-09-30T19:55:00Z,83516.0,83598.01,83503.18,83598.01,10.65382,83566.4,54.76214286,0.05,0.9,0,TREND_UP,NORMAL,ALIGNED,HEALTHY,ALLOW
2026-09-30T19:56:00Z,83598.0,83610.01,83560.91,83569.93,25.01128,83580.28333333,55.60571429,0.05,0.9,0,TREND_DOWN,NORMAL,NEUTRAL,HEALTHY,ALLOW
2026-09-30T19:57:00Z,83569.92,83569.93,83556.0,83569.89,4.55706,83565.27333333,55.46642857,0.05,0.9,0,TREND_DOWN,NORMAL,NEUTRAL,HEALTHY,ALLOW
2026-09-30T19:58:00Z,83569.9,83583.85,83564.0,83583.84,2.56061,83577.23,56.75214286,0.05,0.9,0,TREND_UP,NORMAL,ALIGNED,HEALTHY,ALLOW
2026-09-30T19:59:00Z,83583.84,83618.01,83583.84,83603.16,14.51094,83601.67,58.68714286,0.05,0.9,0,TREND_UP,NORMAL,ALIGNED,HEALTHY,ALLOW
2026-09-30T20:00:00Z,83603.16,83670.0,83592.24,83620.95,25.27888,83627.73,63.73642857,0.05,0.9,0,TREND_UP,NORMAL,ALIGNED,HEALTHY,ALLOW
2026-09-30T20:01:00Z,83620.94,83620.94,83548.0,83598.0,13.2925,83588.98,60.90357143,0.05,0.9,0,TREND_DOWN,NORMAL,NEUTRAL,HEALTHY,ALLOW
2026-09-30T20:02:00Z,83598.0,83608.01,83550.0,83565.81,11.93757,83574.60666667,58.16071429,0.05,0.9,0,TREND_DOWN,NORMAL,NEUTRAL,HEALTHY,ALLOW
2026-09-30T20:03:00Z,83565.81,83596.01,83560.0,83596.01,6.97304,83584.00666667,59.73285714,0.05,0.9,0,TREND_UP,NORMAL,ALIGNED,HEALTHY,ALLOW
2026-09-30T20:04:00Z,83596.01,83619.34,83560.03,83592.0,8.54211,83590.45666667,58.88428571,0.05,0.9,0,TREND_DOWN,NORMAL,NEUTRAL,HEALTHY,ALLOW
2026-09-30T20:05:00Z,83592.0,83613.98,83586.0,83600.93,5.52367,83600.30333333,53.34642857,0.05,0.9,0,TREND_UP,NORMAL,ALIGNED,HEALTHY,ALLOW
2026-09-30T20:06:00Z,83600.94,83620.01,83530.11,83588.0,24.11581,83579.37333333,54.82428571,0.05,0.9,0,TREND_DOWN,NORMAL,NEUTRAL,HEALTHY,ALLOW
2026-09-30T20:07:00Z,83588.0,83614.01,83588.0,83614.01,9.11227,83605.34,50.22928571,0.05,0.9,0,TREND_UP,NORMAL,ALIGNED,HEALTHY,ALLOW
2026-09-30T20:08:00Z,83614.01,83614.01,83598.0,83598.01,2.90252,83603.34,48.27285714,0.05,0.9,0,TREND_DOWN,NORMAL,NEUTRAL,HEALTHY,ALLOW
2026-09-30T20:09:00Z,83598.01,83621.67,83590.99,83590.99,40.5909,83601.21666667,43.69071429,0.05,0.9,0,TREND_DOWN,NORMAL,NEUTRAL,HEALTHY,ALLOW
2026-09-30T20:10:00Z,83590.99,83630.9,83590.99,83630.9,4.97007,83617.59666667,43.03428571,0.05,0.9,0,TREND_UP,NORMAL,ALIGNED,HEALTHY,ALLOW
2026-09-30T20:11:00Z,83630.9,83664.01,83625.44,83625.45,8.33633,83638.3,44.79428571,0.05,0.9,0,TREND_DOWN,NORMAL,NEUTRAL,HEALTHY,ALLOW
2026-09-30T20:12:00Z,83625.44,83625.45,83625.44,83625.44,1.65531,83625.44333333,43.37714286,0.05,0.9,0,TREND_UP,NORMAL,ALIGNED,HEALTHY,ALLOW
2026-09-30T20:13:00Z,83625.44,83625.45,83612.06,83624.02,4.38433,83620.51,41.89285714,0.05,0.9,0,TREND_DOWN,NORMAL,NEUTRAL,HEALTHY,ALLOW
2026-09-30T20:14:00Z,83624.01,83655.75,83624.01,83655.74,8.49905,83645.16666667,38.60571429,0.05,0.9,0,TREND_UP,NORMAL,ALIGNED,HEALTHY,ALLOW
2026-09-30T20:15:00Z,83655.75,83655.75,83639.45,83639.45,1.59359,83644.88333333,34.55928571,0.05,0.9,0,TREND_DOWN,NORMAL,NEUTRAL,HEALTHY,ALLOW
2026-09-30T20:16:00Z,83639.45,83639.46,83617.04,83617.05,3.76853,83624.51666667,32.01714286,0.05,0.9,0,TREND_DOWN,NORMAL,NEUTRAL,HEALTHY,ALLOW
2026-09-30T20:17:00Z,83617.05,83617.05,83608.0,83608.0,1.06972,83611.01666667,30.09142857,0.05,0.9,0,TREND_DOWN,NORMAL,NEUTRAL,HEALTHY,ALLOW
2026-09-30T20:18:00Z,83608.0,83616.01,83601.64,83609.15,13.68973,83608.93333333,26.88142857,0.05,0.9,0,TREND_UP,NORMAL,ALIGNED,HEALTHY,ALLOW
2026-09-30T20:19:00Z,83609.14,83657.76,83609.14,83657.76,48.58998,83641.55333333,28.35571429,0.05,0.9,0,TREND_UP,NORMAL,ALIGNED,HEALTHY,ALLOW
2026-09-30T20:20:00Z,83657.76,83675.32,83657.75,83663.6,19.54615,83665.55666667,23.18928571,0.05,0.9,0,TREND_UP,NORMAL,ALIGNED,HEALTHY,ALLOW
2026-09-30T20:21:00Z,83663.59,83684.01,83660.01,83684.01,2.6859,83676.01,23.04571429,0.05,0.9,0,TREND_UP,NORMAL,ALIGNED,HEALTHY,ALLOW
2026-09-30T20:22:00Z,83684.01,83712.93,83684.01,83712.93,6.46114,83703.29,23.96785714,0.05,0.9,0,TREND_UP,NORMAL,ALIGNED,HEALTHY,ALLOW
2026-09-30T20:23:00Z,83712.93,83731.15,83712.93,83731.15,1.77743,83725.07666667,23.07785714,0.05,0.9,0,TREND_UP,NORMAL,ALIGNED,HEALTHY,ALLOW
2026-09-30T20:24:00Z,83731.15,83746.01,83717.02,83726.01,5.25233,83729.68,22.29785714,0.05,0.9,0,TREND_DOWN,NORMAL,NEUTRAL,HEALTHY,ALLOW
2026-09-30T20:25:00Z,83726.01,83746.01,83726.01,83746.01,3.0182,83739.34333333,20.97142857,0.05,0.9,0,TREND_UP,NORMAL,ALIGNED,HEALTHY,ALLOW
2026-09-30T20:26:00Z,83746.01,83746.83,83746.0,83746.82,1.44911,83746.55,21.03,0.05,0.9,0,TREND_UP,NORMAL,ALIGNED,HEALTHY,ALLOW
2026-09-30T20:27:00Z,83746.82,83768.0,83746.82,83767.62,4.75516,83760.81333333,21.58642857,0.05,0.9,0,TREND_UP,NORMAL,ALIGNED,HEALTHY,ALLOW
2026-09-30T20:28:00Z,83767.63,83767.63,83748.0,83750.0,1.86221,83755.21,20.72142857,0.05,0.9,0,TREND_DOWN,NORMAL,NEUTRAL,HEALTHY,ALLOW
2026-09-30T20:29:00Z,83750.0,83771.16,83725.98,83725.99,17.15959,83741.04333333,22.78428571,0.05,0.9,0,TREND_DOWN,NORMAL,NEUTRAL,HEALTHY,ALLOW
2026-09-30T20:30:00Z,83725.99,83725.99,83707.3,83707.3,2.1582,83713.53,22.51785714,0.05,0.9,0,TREND_DOWN,NORMAL,NEUTRAL,HEALTHY,ALLOW
2026-09-30T20:31:00Z,83707.3,83707.3,83664.0,83664.01,3.38103,83678.43666667,24.96428571,0.05,0.9,0,TREND_DOWN,NORMAL,NEUTRAL,HEALTHY,ALLOW
2026-09-30T20:32:00Z,83664.01,83664.01,83649.82,83658.13,11.84916,83657.32,24.95142857,0.05,0.9,0,TREND_DOWN,NORMAL,NEUTRAL,HEALTHY,ALLOW
2026-09-30T20:33:00Z,83658.14,83670.01,83651.36,83659.73,8.42102,83660.36666667,22.81071429,0.05,0.9,0,TREND_UP,NORMAL,ALIGNED,HEALTHY,ALLOW
2026-09-30T20:34:00Z,83659.73,83675.02,83636.59,83648.01,12.55823,83653.20666667,24.30071429,0.05,0.9,0,TREND_DOWN,NORMAL,NEUTRAL,HEALTHY,ALLOW
2026-09-30T20:35:00Z,83648.01,83695.53,83648.01,83676.01,6.79958,83673.18333333,25.98071429,0.05,0.9,0,TREND_UP,NORMAL,ALIGNED,HEALTHY,ALLOW
2026-09-30T20:36:00Z,83676.01,83676.01,83664.32,83664.33,2.63582,83668.22,24.75,0.05,0.9,0,TREND_DOWN,NORMAL,NEUTRAL,HEALTHY,ALLOW
2026-09-30T20:37:00Z,83664.32,83688.01,83648.04,83688.01,4.44497,83674.68666667,26.30357143,0.05,0.9,0,TREND_UP,NORMAL,ALIGNED,HEALTHY,ALLOW
2026-09-30T20:38:00Z,83688.0,83703.75,83688.0,83700.0,1.86819,83697.25,25.35785714,0.05,0.9,0,TREND_UP,NORMAL,ALIGNED,HEALTHY,ALLOW
2026-09-30T20:39:00Z,83700.0,83732.47,83700.0,83723.63,7.42515,83718.7,26.24857143,0.05,0.9,0,TREND_UP,NORMAL,ALIGNED,HEALTHY,ALLOW
2026-09-30T20:40:00Z,83723.64,83730.78,83723.63,83730.77,1.29175,83728.39333333,26.7,0.05,0.9,0,TREND_UP,NORMAL,ALIGNED,HEALTHY,ALLOW
2026-09-30T20:41:00Z,83730.77,83730.78,83717.94,83728.91,2.77182,83725.87666667,26.10428571,0.05,0.9,0,TREND_DOWN,NORMAL,NEUTRAL,HEALTHY,ALLOW
2026-09-30T20:42:00Z,83728.92,83728.92,83695.0,83695.0,3.27679,83706.30666667,27.125,0.05,0.9,0,TREND_DOWN,NORMAL,NEUTRAL,HEALTHY,ALLOW
2026-09-30T20:43:00Z,83695.0,83695.01,83686.0,83689.41,2.29572,83690.14,24.54142857,0.05,0.9,0,TREND_DOWN,NORMAL,NEUTRAL,HEALTHY,ALLOW
2026-09-30T20:44:00Z,83689.41,83689.41,83689.4,83689.4,0.61915,83689.40333333,23.20714286,0.05,0.9,0,TREND_DOWN,NORMAL,NEUTRAL,HEALTHY,ALLOW
2026-09-30T20:45:00Z,83689.4,83695.01,83686.0,83695.01,1.0775,83692.00666667,20.75785714,0.05,0.9,0,TREND_UP,NORMAL,ALIGNED,HEALTHY,ALLOW
2026-09-30T20:46:00Z,83695.01,83695.01,83681.21,83681.21,1.27738,83685.81,20.73,0.05,0.9,0,TREND_DOWN,NORMAL,NEUTRAL,HEALTHY,ALLOW
2026-09-30T20:47:00Z,83681.22,83684.46,83678.25,83684.45,1.5421,83682.38666667,19.84142857,0.05,0.9,0,TREND_UP,NORMAL,ALIGNED,HEALTHY,ALLOW
2026-09-30T20:48:00Z,83684.46,83684.46,83672.07,83672.08,1.5717,83676.20333333,17.98142857,0.05,0.9,0,TREND_DOWN,NORMAL,NEUTRAL,HEALTHY,ALLOW
2026-09-30T20:49:00Z,83672.07,83672.08,83640.02,83658.01,2.80437,83656.70333333,16.87714286,0.05,0.9,0,TREND_DOWN,NORMAL,NEUTRAL,HEALTHY,ALLOW
2026-09-30T20:50:00Z,83658.01,83666.01,83650.0,83666.0,1.43015,83660.67,17.18571429,0.05,0.9,0,TREND_UP,NORMAL,ALIGNED,HEALTHY,ALLOW
2026-09-30T20:51:00Z,83666.01,83694.01,83666.0,83694.01,1.4194,83684.67333333,16.33142857,0.05,0.9,0,TREND_UP,NORMAL,ALIGNED,HEALTHY,ALLOW
2026-09-30T20:52:00Z,83694.01,83719.81,83694.0,83719.8,2.23319,83711.20333333,17.05,0.05,0.9,0,TREND_UP,NORMAL,ALIGNED,HEALTHY,ALLOW
2026-09-30T20:53:00Z,83719.81,83719.81,83716.0,83716.0,1.88705,83717.27,15.00285714,0.05,0.9,0,TREND_DOWN,NORMAL,NEUTRAL,HEALTHY,ALLOW
2026-09-30T20:54:00Z,83716.0,83716.01,83702.38,83702.38,2.31898,83706.92333333,15.46571429,0.05,0.9,0,TREND_DOWN,NORMAL,NEUTRAL,HEALTHY,ALLOW
2026-09-30T20:55:00Z,83702.39,83702.39,83672.0,83672.0,2.66721,83682.13,16.71928571,0.05,0.9,0,TREND_DOWN,NORMAL,NEUTRAL,HEALTHY,ALLOW
2026-09-30T20:56:00Z,83672.01,83672.01,83652.8,83652.81,1.21249,83659.20666667,15.66857143,0.05,0.9,0,TREND_DOWN,NORMAL,NEUTRAL,HEALTHY,ALLOW
2026-09-30T20:57:00Z,83652.81,83652.81,83638.38,83641.06,4.77229,83644.08333333,16.05571429,0.05,0.9,0,TREND_DOWN,NORMAL,NEUTRAL,HEALTHY,ALLOW
2026-09-30T20:58:00Z,83641.06,83651.47,83641.06,83651.4,5.95935,83647.97666667,16.79857143,0.05,0.9,0,TREND_UP,NORMAL,ALIGNED,HEALTHY,ALLOW
2026-09-30T20:59:00Z,83651.39,83674.01,83651.39,83673.99,7.32633,83666.46333333,17.77071429,0.05,0.9,0,TREND_UP,NORMAL,ALIGNED,HEALTHY,ALLOW
2026-09-30T21:00:00Z,83673.99,83715.64,83673.99,83715.63,3.00539,83701.75333333,19.76,0.05,0.9,0,TREND_UP,NORMAL,ALIGNED,HEALTHY,ALLOW
2026-09-30T21:01:00Z,83715.64,83739.7,83707.66,83707.66,7.78182,83718.34,21.605,0.05,0.9,0,TREND_DOWN,NORMAL,NEUTRAL,HEALTHY,ALLOW
2026-09-30T21:02:00Z,83707.66,83711.9,83696.01,83708.8,4.08845,83705.57,21.855,0.05,0.9,0,TREND_UP,NORMAL,ALIGNED,HEALTHY,ALLOW
2026-09-30T21:03:00Z,83708.81,83754.01,83708.8,83752.87,4.00598,83738.56,22.79428571,0.05,0.9,0,TREND_UP,NORMAL,ALIGNED,HEALTHY,ALLOW
2026-09-30T21:04:00Z,83752.87,83759.72,83752.87,83759.71,2.36873,83757.43333333,22.14,0.05,0.9,0,TREND_UP,NORMAL,ALIGNED,HEALTHY,ALLOW
2026-09-30T21:05:00Z,83759.71,83759.72,83744.0,83744.0,1.46616,83749.24,21.26214286,0.05,0.9,0,TREND_DOWN,NORMAL,NEUTRAL,HEALTHY,ALLOW
2026-09-30T21:06:00Z,83744.0,83744.01,83735.08,83744.0,2.10753,83741.03,20.05642857,0.05,0.9,0,TREND_UP,NORMAL,ALIGNED,HEALTHY,ALLOW
2026-09-30T21:07:00Z,83744.01,83747.47,83740.0,83740.01,4.59781,83742.49333333,20.31785714,0.05,0.9,0,TREND_DOWN,NORMAL,NEUTRAL,HEALTHY,ALLOW
2026-09-30T21:08:00Z,83740.0,83740.01,83728.94,83732.69,1.88041,83733.88,20.135,0.05,0.9,0,TREND_DOWN,NORMAL,NEUTRAL,HEALTHY,ALLOW
2026-09-30T21:09:00Z,83732.69,83746.67,83730.42,83746.67,6.93398,83741.25333333,19.125,0.05,0.9,0,TREND_UP,NORMAL,ALIGNED,HEALTHY,ALLOW
2026-09-30T21:10:00Z,83746.67,83775.04,83746.67,83749.99,19.06153,83757.23333333,19.77928571,0.05,0.9,0,TREND_UP,NORMAL,ALIGNED,HEALTHY,ALLOW
2026-09-30T21:11:00Z,83749.99,83764.3,83734.05,83764.3,9.14091,83754.21666667,20.90928571,0.05,0.9,0,TREND_UP,NORMAL,ALIGNED,HEALTHY,ALLOW
2026-09-30T21:12:00Z,83764.3,83808.82,83764.29,83786.01,13.46963,83786.37333333,23.34642857,0.05,0.9,0,TREND_UP,NORMAL,ALIGNED,HEALTHY,ALLOW
2026-09-30T21:13:00Z,83786.01,83786.01,83756.0,83756.0,13.31648,83766.00333333,23.87428571,0.05,0.9,0,TREND_DOWN,NORMAL,NEUTRAL,HEALTHY,ALLOW
2026-09-30T21:14:00Z,83756.01,83774.48,83756.0,83766.01,11.89722,83765.49666667,22.21928571,0.05,0.9,0,TREND_UP,NORMAL,ALIGNED,HEALTHY,ALLOW
2026-09-30T21:15:00Z,83766.01,83766.02,83744.0,83744.0,5.51675,83751.34,21.50357143,0.05,0.9,0,TREND_DOWN,NORMAL,NEUTRAL,HEALTHY,ALLOW
2026-09-30T21:16:00Z,83744.0,83777.99,83734.87,83777.98,10.7076,83763.61333333,23.44857143,0.05,0.9,0,TREND_UP,NORMAL,ALIGNED,HEALTHY,ALLOW
2026-09-30T21:17:00Z,83777.99,83786.0,83777.98,83785.99,3.23617,83783.32333333,20.79214286,0.05,0.9,0,TREND_UP,NORMAL,ALIGNED,HEALTHY,ALLOW
2026-09-30T21:18:00Z,83785.99,83818.83,83785.99,83810.74,7.06767,83805.18666667,22.64857143,0.05,0.9,0,TREND_UP,NORMAL,ALIGNED,HEALTHY,ALLOW
2026-09-30T21:19:00Z,83810.74,83813.06,83790.0,83790.0,2.25127,83797.68666667,23.17285714,0.05,0.9,0,TREND_DOWN,NORMAL,NEUTRAL,HEALTHY,ALLOW
2026-09-30T21:20:00Z,83790.01,83790.57,83790.0,83790.57,1.92933,83790.38,22.57571429,0.05,0.9,0,TREND_UP,NORMAL,ALIGNED,HEALTHY,ALLOW
2026-09-30T21:21:00Z,83790.58,83791.92,83786.7,83786.71,1.90192,83788.44333333,22.415,0.05,0.9,0,TREND_DOWN,NORMAL,NEUTRAL,HEALTHY,ALLOW
2026-09-30T21:22:00Z,83786.7,83786.7,83780.0,83780.01,1.66838,83782.23666667,22.10357143,0.05,0.9,0,TREND_DOWN,NORMAL,NEUTRAL,HEALTHY,ALLOW
2026-09-30T21:23:00Z,83780.0,83780.01,83780.0,83780.01,2.12686,83780.00666667,20.94357143,0.05,0.9,0,TREND_UP,NORMAL,ALIGNED,HEALTHY,ALLOW
2026-09-30T21:24:00Z,83780.0,83780.01,83727.02,83727.03,18.29807,83744.68666667,22.70214286,0.05,0.9,0,TREND_DOWN,NORMAL,NEUTRAL,HEALTHY,ALLOW
2026-09-30T21:25:00Z,83727.03,83741.29,83727.02,83727.82,4.06881,83732.04333333,21.56071429,0.05,0.9,0,TREND_UP,NORMAL,ALIGNED,HEALTHY,ALLOW
2026-09-30T21:26:00Z,83727.82,83749.47,83727.81,83749.46,2.06024,83742.24666667,19.92714286,0.05,0.9,0,TREND_UP,NORMAL,ALIGNED,HEALTHY,ALLOW
2026-09-30T21:27:00Z,83749.47,83752.01,83749.46,83752.0,0.70865,83751.15666667,17.96571429,0.05,0.9,0,TREND_UP,NORMAL,ALIGNED,HEALTHY,ALLOW
2026-09-30T21:28:00Z,83752.01,83752.01,83749.46,83749.46,4.71511,83750.31,16.82785714,0.05,0.9,0,TREND_DOWN,NORMAL,NEUTRAL,HEALTHY,ALLOW
2026-09-30T21:29:00Z,83749.47,83749.47,83725.99,83726.0,18.52112,83733.82,16.93214286,0.05,0.9,0,TREND_DOWN,NORMAL,NEUTRAL,HEALTHY,ALLOW
2026-09-30T21:30:00Z,83726.0,83726.0,83720.0,83725.99,22.79894,83723.99666667,14.28071429,0.05,0.9,0,TREND_DOWN,NORMAL,NEUTRAL,HEALTHY,ALLOW
2026-09-30T21:31:00Z,83725.99,83750.0,83725.99,83750.0,3.52196,83741.99666667,15.42285714,0.05,0.9,0,TREND_UP,NORMAL,ALIGNED,HEALTHY,ALLOW
2026-09-30T21:32:00Z,83750.0,83784.01,83749.99,83757.15,10.27982,83763.71666667,15.50714286,0.05,0.9,0,TREND_UP,NORMAL,ALIGNED,HEALTHY,ALLOW
2026-09-30T21:33:00Z,83757.16,83768.01,83757.15,83768.0,2.26096,83764.38666667,14.63571429,0.05,0.9,0,TREND_UP,NORMAL,ALIGNED,HEALTHY,ALLOW
2026-09-30T21:34:00Z,83768.01,83785.89,83768.0,83785.88,2.66416,83779.92333333,15.87285714,0.05,0.9,0,TREND_UP,NORMAL,ALIGNED,HEALTHY,ALLOW
2026-09-30T21:35:00Z,83785.88,83798.89,83785.88,83798.89,1.55826,83794.55333333,16.42928571,0.05,0.9,0,TREND_UP,NORMAL,ALIGNED,HEALTHY,ALLOW
2026-09-30T21:36:00Z,83798.88,83816.05,83798.88,83816.04,2.65832,83810.32333333,17.17642857,0.05,0.9,0,TREND_UP,NORMAL,ALIGNED,HEALTHY,ALLOW
2026-09-30T21:37:00Z,83816.04,83816.04,83788.0,83788.0,4.24931,83797.34666667,19.17857143,0.05,0.9,0,TREND_DOWN,NORMAL,NEUTRAL,HEALTHY,ALLOW
2026-09-30T21:38:00Z,83788.01,83790.01,83788.0,83789.99,4.90903,83789.33333333,15.53714286,0.05,0.9,0,TREND_UP,NORMAL,ALIGNED,HEALTHY,ALLOW
2026-09-30T21:39:00Z,83790.0,83790.0,83759.74,83759.74,3.8346,83769.82666667,16.67928571,0.05,0.9,0,TREND_DOWN,NORMAL,NEUTRAL,HEALTHY,ALLOW
2026-09-30T21:40:00Z,83759.74,83759.75,83744.0,83759.74,2.89838,83754.49666667,16.25714286,0.05,0.9,0,TREND_UP,NORMAL,ALIGNED,HEALTHY,ALLOW
2026-09-30T21:41:00Z,83759.74,83759.75,83748.5,83748.5,2.67125,83752.25,16.87857143,0.05,0.9,0,TREND_DOWN,NORMAL,NEUTRAL,HEALTHY,ALLOW
2026-09-30T21:42:00Z,83748.51,83756.89,83744.0,83744.0,1.76016,83748.29666667,17.61714286,0.05,0.9,0,TREND_DOWN,NORMAL,NEUTRAL,HEALTHY,ALLOW
2026-09-30T21:43:00Z,83744.0,83747.81,83740.45,83740.45,1.1394,83742.90333333,16.46571429,0.05,0.9,0,TREND_DOWN,NORMAL,NEUTRAL,HEALTHY,ALLOW
2026-09-30T21:44:00Z,83740.46,83740.46,83707.76,83708.25,7.44525,83718.82333333,18.37285714,0.05,0.9,0,TREND_DOWN,NORMAL,NEUTRAL,HEALTHY,ALLOW
2026-09-30T21:45:00Z,83708.26,83717.38,83708.25,83717.37,1.70506,83714.33333333,17.31,0.05,0.9,0,TREND_UP,NORMAL,ALIGNED,HEALTHY,ALLOW
2026-09-30T21:46:00Z,83717.38,83746.08,83717.37,83746.08,1.66938,83736.51,16.93071429,0.05,0.9,0,TREND_UP,NORMAL,ALIGNED,HEALTHY,ALLOW
2026-09-30T21:47:00Z,83746.08,83749.37,83746.07,83749.36,0.60655,83748.26666667,16.39071429,0.05,0.9,0,TREND_UP,NORMAL,ALIGNED,HEALTHY,ALLOW
2026-09-30T21:48:00Z,83749.37,83760.01,83744.0,83744.01,2.47116,83749.34,16.25642857,0.05,0.9,0,TREND_DOWN,NORMAL,NEUTRAL,HEALTHY,ALLOW
2026-09-30T21:49:00Z,83744.0,83748.01,83735.0,83735.0,1.20223,83739.33666667,16.25642857,0.05,0.9,0,TREND_DOWN,NORMAL,NEUTRAL,HEALTHY,ALLOW
2026-09-30T21:50:00Z,83735.0,83755.96,83734.86,83750.01,2.59555,83746.94333333,16.53714286,0.05,0.9,0,TREND_UP,NORMAL,ALIGNED,HEALTHY,ALLOW
2026-09-30T21:51:00Z,83750.01,83750.01,83726.41,83726.42,2.19381,83734.28,16.22,0.05,0.9,0,TREND_DOWN,NORMAL,NEUTRAL,HEALTHY,ALLOW
2026-09-30T21:52:00Z,83726.42,83749.22,83722.01,83741.04,7.69853,83737.42333333,18.02,0.05,0.9,0,TREND_UP,NORMAL,ALIGNED,HEALTHY,ALLOW
2026-09-30T21:53:00Z,83741.04,83755.24,83738.0,83738.0,6.69296,83743.74666667,17.09,0.05,0.9,0,TREND_DOWN,NORMAL,NEUTRAL,HEALTHY,ALLOW
2026-09-30T21:54:00Z,83738.01,83750.01,83738.0,83750.0,3.52878,83746.00333333,16.82285714,0.05,0.9,0,TREND_UP,NORMAL,ALIGNED,HEALTHY,ALLOW
2026-09-30T21:55:00Z,83750.0,83750.01,83749.6,83749.6,0.81253,83749.73666667,16.04857143,0.05,0.9,0,TREND_DOWN,NORMAL,NEUTRAL,HEALTHY,ALLOW
2026-09-30T21:56:00Z,83749.61,83750.01,83742.78,83750.01,1.24682,83747.6,15.64428571,0.05,0.9,0,TREND_UP,NORMAL,ALIGNED,HEALTHY,ALLOW
2026-09-30T21:57:00Z,83750.0,83757.63,83750.0,83757.62,1.37101,83755.08333333,15.66357143,0.05,0.9,0,TREND_UP,NORMAL,ALIGNED,HEALTHY,ALLOW
2026-09-30T21:58:00Z,83757.63,83757.73,83757.63,83757.73,0.91342,83757.69666667,13.33571429,0.05,0.9,0,TREND_UP,NORMAL,ALIGNED,HEALTHY,ALLOW
2026-09-30T21:59:00Z,83757.72,83757.73,83757.72,83757.72,2.8311,83757.72333333,12.68428571,0.05,0.9,0,TREND_UP,NORMAL,ALIGNED,HEALTHY,ALLOW
2026-09-30T22:00:00Z,83757.73,83781.79,83757.73,83772.0,2.33692,83770.50666667,12.35285714,0.05,0.9,0,TREND_UP,NORMAL,ALIGNED,HEALTHY,ALLOW
2026-09-30T22:01:00Z,83772.01,83772.01,83752.0,83752.36,3.31346,83758.79,13.54642857,0.05,0.9,0,TREND_DOWN,NORMAL,NEUTRAL,HEALTHY,ALLOW
2026-09-30T22:02:00Z,83752.36,83752.37,83752.36,83752.37,2.16618,83752.36666667,12.40357143,0.05,0.9,0,TREND_UP,NORMAL,ALIGNED,HEALTHY,ALLOW
2026-09-30T22:03:00Z,83752.36,83752.37,83708.0,83709.01,8.08444,83723.12666667,14.64357143,0.05,0.9,0,TREND_DOWN,NORMAL,NEUTRAL,HEALTHY,ALLOW
2026-09-30T22:04:00Z,83709.01,83724.01,83709.01,83711.51,6.04871,83714.84333333,14.20785714,0.05,0.9,0,TREND_UP,NORMAL,ALIGNED,HEALTHY,ALLOW
2026-09-30T22:05:00Z,83711.52,83718.95,83711.51,83718.94,4.37296,83716.46666667,13.05357143,0.05,0.9,0,TREND_UP,NORMAL,ALIGNED,HEALTHY,ALLOW
2026-09-30T22:06:00Z,83718.94,83718.94,83652.84,83652.84,13.9634,83674.87333333,15.83142857,0.05,0.9,0,TREND_DOWN,NORMAL,NEUTRAL,HEALTHY,ALLOW
2026-09-30T22:07:00Z,83652.85,83652.85,83580.29,83594.01,15.62846,83609.05,19.78285714,0.05,0.9,0,TREND_DOWN,NORMAL,NEUTRAL,HEALTHY,ALLOW
2026-09-30T22:08:00Z,83594.01,83619.99,83590.92,83607.82,6.80725,83606.24333333,21.00142857,0.05,0.9,0,TREND_UP,NORMAL,ALIGNED,HEALTHY,ALLOW
2026-09-30T22:09:00Z,83607.83,83607.83,83600.52,83606.0,3.67608,83604.78333333,21.49428571,0.05,0.9,0,TREND_DOWN,NORMAL,NEUTRAL,HEALTHY,ALLOW
2026-09-30T22:10:00Z,83606.0,83641.91,83606.0,83641.9,4.13875,83629.93666667,23.54285714,0.05,0.9,0,TREND_UP,NORMAL,ALIGNED,HEALTHY,ALLOW
2026-09-30T22:11:00Z,83641.91,83654.62,83641.9,83654.61,0.93038,83650.37666667,23.90642857,0.05,0.9,0,TREND_UP,NORMAL,ALIGNED,HEALTHY,ALLOW
2026-09-30T22:12:00Z,83654.61,83669.11,83654.61,83669.11,1.96815,83664.27666667,24.93428571,0.05,0.9,0,TREND_UP,NORMAL,ALIGNED,HEALTHY,ALLOW
2026-09-30T22:13:00Z,83669.11,83697.39,83669.1,83697.38,1.18173,83687.95666667,26.95428571,0.05,0.9,0,TREND_UP,NORMAL,ALIGNED,HEALTHY,ALLOW
2026-09-30T22:14:00Z,83697.38,83728.69,83697.38,83728.69,1.94967,83718.25333333,27.47142857,0.05,0.9,0,TREND_UP,NORMAL,ALIGNED,HEALTHY,ALLOW
2026-09-30T22:15:00Z,83728.69,83739.7,83728.68,83739.7,1.46569,83736.02666667,26.82928571,0.05,0.9,0,TREND_UP,NORMAL,ALIGNED,HEALTHY,ALLOW
2026-09-30T22:16:00Z,83739.7,83744.01,83739.69,83744.0,0.78396,83742.56666667,27.13714286,0.05,0.9,0,TREND_UP,NORMAL,ALIGNED,HEALTHY,ALLOW
2026-09-30T22:17:00Z,83744.01,83751.72,83744.0,83751.72,2.22619,83749.14666667,24.51928571,0.05,0.9,0,TREND_UP,NORMAL,ALIGNED,HEALTHY,ALLOW
2026-09-30T22:18:00Z,83751.72,83759.75,83714.71,83735.72,13.08292,83736.72666667,26.665,0.05,0.9,0,TREND_DOWN,NORMAL,NEUTRAL,HEALTHY,ALLOW
2026-09-30T22:19:00Z,83735.72,83739.7,83735.71,83739.69,0.42474,83738.36666667,26.41857143,0.05,0.9,0,TREND_UP,NORMAL,ALIGNED,HEALTHY,ALLOW
2026-09-30T22:20:00Z,83739.7,83739.7,83736.66,83736.67,1.10519,83737.67666667,21.91428571,0.05,0.9,0,TREND_DOWN,NORMAL,NEUTRAL,HEALTHY,ALLOW
2026-09-30T22:21:00Z,83736.67,83736.67,83736.0,83736.0,0.56593,83736.22333333,16.77928571,0.05,0.9,0,TREND_DOWN,NORMAL,NEUTRAL,HEALTHY,ALLOW
2026-09-30T22:22:00Z,83736.0,83744.92,83735.75,83744.91,3.25511,83741.86,15.35785714,0.05,0.9,0,TREND_UP,NORMAL,ALIGNED,HEALTHY,ALLOW
2026-09-30T22:23:00Z,83744.91,83767.87,83744.91,83767.86,1.92292,83760.21333333,16.47571429,0.05,0.9,0,TREND_UP,NORMAL,ALIGNED,HEALTHY,ALLOW
2026-09-30T22:24:00Z,83767.87,83767.87,83767.86,83767.87,0.36838,83767.86666667,13.91142857,0.05,0.9,0,TREND_UP,NORMAL,ALIGNED,HEALTHY,ALLOW
2026-09-30T22:25:00Z,83767.87,83800.0,83767.86,83800.0,11.48706,83789.28666667,15.29857143,0.05,0.9,0,TREND_UP,NORMAL,ALIGNED,HEALTHY,ALLOW
2026-09-30T22:26:00Z,83800.0,83810.26,83799.99,83810.01,1.9702,83806.75333333,14.99642857,0.05,0.9,0,TREND_UP,NORMAL,ALIGNED,HEALTHY,ALLOW
2026-09-30T22:27:00Z,83810.0,83810.01,83808.38,83808.39,4.4868,83808.92666667,13.09214286,0.05,0.9,0,TREND_DOWN,NORMAL,NEUTRAL,HEALTHY,ALLOW
2026-09-30T22:28:00Z,83808.38,83809.44,83808.38,83809.44,0.86872,83809.08666667,10.93142857,0.05,0.9,0,TREND_UP,NORMAL,ALIGNED,HEALTHY,ALLOW
2026-09-30T22:29:00Z,83809.44,83824.01,83809.43,83824.01,7.04151,83819.15,11.18571429,0.05,0.9,0,TREND_UP,NORMAL,ALIGNED,HEALTHY,ALLOW
2026-09-30T22:30:00Z,83824.0,83825.0,83816.5,83822.01,1.39218,83821.17,11.48428571,0.05,0.9,0,TREND_DOWN,NORMAL,NEUTRAL,HEALTHY,ALLOW
2026-09-30T22:31:00Z,83822.01,83845.0,83822.01,83840.97,2.27395,83835.99333333,12.575,0.05,0.9,0,TREND_UP,NORMAL,ALIGNED,HEALTHY,ALLOW
2026-09-30T22:32:00Z,83840.98,83840.98,83827.57,83827.57,1.55674,83832.04,10.31571429,0.05,0.9,0,TREND_DOWN,NORMAL,NEUTRAL,HEALTHY,ALLOW
2026-09-30T22:33:00Z,83827.57,83830.54,83816.0,83830.53,1.55763,83825.69,11.06928571,0.05,0.9,0,TREND_UP,NORMAL,ALIGNED,HEALTHY,ALLOW
2026-09-30T22:34:00Z,83830.53,83835.42,83830.53,83835.42,1.76522,83833.79,11.20142857,0.05,0.9,0,TREND_UP,NORMAL,ALIGNED,HEALTHY,ALLOW
2026-09-30T22:35:00Z,83835.41,83835.42,83835.41,83835.41,0.76887,83835.41333333,11.15428571,0.05,0.9,0,TREND_UP,NORMAL,ALIGNED,HEALTHY,ALLOW
2026-09-30T22:36:00Z,83835.42,83835.42,83833.18,83833.99,1.86799,83834.19666667,10.65928571,0.05,0.9,0,TREND_DOWN,NORMAL,NEUTRAL,HEALTHY,ALLOW
2026-09-30T22:37:00Z,83833.98,83834.4,83829.94,83834.4,1.50526,83832.91333333,9.33785714,0.05,0.9,0,TREND_UP,NORMAL,ALIGNED,HEALTHY,ALLOW
2026-09-30T22:38:00Z,83834.4,83836.33,83834.39,83836.32,2.09797,83835.68,9.47571429,0.05,0.9,0,TREND_UP,NORMAL,ALIGNED,HEALTHY,ALLOW
2026-09-30T22:39:00Z,83836.33,83836.33,83818.0,83818.0,4.35639,83824.11,8.48928571,0.05,0.9,0,TREND_DOWN,NORMAL,NEUTRAL,HEALTHY,ALLOW
2026-09-30T22:40:00Z,83818.0,83831.39,83818.0,83831.39,2.20282,83826.92666667,8.71214286,0.05,0.9,0,TREND_UP,NORMAL,ALIGNED,HEALTHY,ALLOW
2026-09-30T22:41:00Z,83831.4,83835.46,83831.39,83834.52,0.80192,83833.79,8.88642857,0.05,0.9,0,TREND_UP,NORMAL,ALIGNED,HEALTHY,ALLOW
2026-09-30T22:42:00Z,83834.52,83835.46,83834.52,83835.46,0.3006,83835.14666667,8.87785714,0.05,0.9,0,TREND_UP,NORMAL,ALIGNED,HEALTHY,ALLOW
2026-09-30T22:43:00Z,83835.46,83835.46,83802.0,83802.0,4.03849,83813.15333333,10.22642857,0.05,0.9,0,TREND_DOWN,NORMAL,NEUTRAL,HEALTHY,ALLOW
2026-09-30T22:44:00Z,83802.01,83814.01,83802.0,83810.16,11.52883,83808.72333333,10.47714286,0.05,0.9,0,TREND_UP,NORMAL,ALIGNED,HEALTHY,ALLOW
2026-09-30T22:45:00Z,83810.17,83822.13,83810.16,83810.66,10.52536,83814.31666667,9.69,0.05,0.9,0,TREND_UP,NORMAL,ALIGNED,HEALTHY,ALLOW
2026-09-30T22:46:00Z,83810.65,83810.65,83804.0,83804.0,1.1138,83806.21666667,9.20785714,0.05,0.9,0,TREND_DOWN,NORMAL,NEUTRAL,HEALTHY,ALLOW
2026-09-30T22:47:00Z,83804.0,83804.01,83798.0,83798.01,0.30867,83800.00666667,8.59857143,0.05,0.9,0,TREND_DOWN,NORMAL,NEUTRAL,HEALTHY,ALLOW
2026-09-30T22:48:00Z,83798.01,83798.01,83773.98,83775.07,10.00887,83782.35333333,9.96571429,0.05,0.9,0,TREND_DOWN,NORMAL,NEUTRAL,HEALTHY,ALLOW
2026-09-30T22:49:00Z,83775.08,83775.08,83754.0,83763.05,2.93781,83764.04333333,11.47071429,0.05,0.9,0,TREND_DOWN,NORMAL,NEUTRAL,HEALTHY,ALLOW
2026-09-30T22:50:00Z,83763.04,83775.56,83753.38,83753.38,1.30233,83760.77333333,12.895,0.05,0.9,0,TREND_DOWN,NORMAL,NEUTRAL,HEALTHY,ALLOW
2026-09-30T22:51:00Z,83753.38,83753.38,83715.22,83715.23,3.72511,83727.94333333,15.30214286,0.05,0.9,0,TREND_DOWN,NORMAL,NEUTRAL,HEALTHY,ALLOW
2026-09-30T22:52:00Z,83715.22,83746.01,83715.22,83746.01,2.78084,83735.74666667,17.36285714,0.05,0.9,0,TREND_UP,NORMAL,ALIGNED,HEALTHY,ALLOW
2026-09-30T22:53:00Z,83746.0,83746.01,83724.36,83724.36,1.38463,83731.57666667,17.6,0.05,0.9,0,TREND_DOWN,NORMAL,NEUTRAL,HEALTHY,ALLOW
2026-09-30T22:54:00Z,83724.37,83742.01,83724.36,83730.0,1.61897,83732.12333333,17.90428571,0.05,0.9,0,TREND_UP,NORMAL,ALIGNED,HEALTHY,ALLOW
2026-09-30T22:55:00Z,83730.0,83754.0,83710.0,83710.01,4.0051,83724.67,20.75642857,0.05,0.9,0,TREND_DOWN,NORMAL,NEUTRAL,HEALTHY,ALLOW
2026-09-30T22:56:00Z,83710.01,83728.01,83710.0,83728.0,2.06286,83722.00333333,21.97571429,0.05,0.9,0,TREND_UP,NORMAL,ALIGNED,HEALTHY,ALLOW
2026-09-30T22:57:00Z,83728.01,83739.69,83704.0,83704.01,3.15279,83715.9,22.135,0.05,0.9,0,TREND_DOWN,NORMAL,NEUTRAL,HEALTHY,ALLOW
2026-09-30T22:58:00Z,83704.01,83712.01,83700.0,83706.0,1.17899,83706.00333333,22.135,0.05,0.9,0,TREND_UP,NORMAL,ALIGNED,HEALTHY,ALLOW
2026-09-30T22:59:00Z,83706.01,83706.01,83685.85,83685.85,3.15135,83692.57,22.72,0.05,0.9,0,TREND_DOWN,NORMAL,NEUTRAL,HEALTHY,ALLOW
2026-09-30T23:00:00Z,83685.86,83712.56,83677.13,83712.56,3.44198,83700.75,24.775,0.05,0.9,0,TREND_UP,NORMAL,ALIGNED,HEALTHY,ALLOW
2026-09-30T23:01:00Z,83712.56,83738.07,83712.56,83716.0,5.17045,83722.21,26.16785714,0.05,0.9,0,TREND_UP,NORMAL,ALIGNED,HEALTHY,ALLOW
2026-09-30T23:02:00Z,83716.01,83746.01,83716.0,83746.0,3.7319,83736.00333333,26.595,0.05,0.9,0,TREND_UP,NORMAL,ALIGNED,HEALTHY,ALLOW
2026-09-30T23:03:00Z,83746.01,83774.86,83720.0,83756.01,6.58016,83750.29,29.00785714,0.05,0.9,0,TREND_UP,NORMAL,ALIGNED,HEALTHY,ALLOW
2026-09-30T23:04:00Z,83756.0,83756.01,83734.0,83734.0,1.26825,83741.33666667,28.99571429,0.05,0.9,0,TREND_DOWN,NORMAL,NEUTRAL,HEALTHY,ALLOW
2026-09-30T23:05:00Z,83734.0,83744.01,83716.0,83716.0,3.09949,83725.33666667,28.27071429,0.05,0.9,0,TREND_DOWN,NORMAL,NEUTRAL,HEALTHY,ALLOW
2026-09-30T23:06:00Z,83716.01,83728.01,83700.0,83700.0,1.98594,83709.33666667,28.07214286,0.05,0.9,0,TREND_DOWN,NORMAL,NEUTRAL,HEALTHY,ALLOW
2026-09-30T23:07:00Z,83700.01,83706.01,83682.0,83692.01,3.43271,83693.34,28.24071429,0.05,0.9,0,TREND_DOWN,NORMAL,NEUTRAL,HEALTHY,ALLOW
2026-09-30T23:08:00Z,83692.0,83692.0,83646.0,83646.78,5.83272,83661.59333333,30.26642857,0.05,0.9,0,TREND_DOWN,NORMAL,NEUTRAL,HEALTHY,ALLOW
2026-09-30T23:09:00Z,83646.77,83668.01,83646.77,83668.01,1.666,83660.93,28.64071429,0.05,0.9,0,TREND_UP,NORMAL,ALIGNED,HEALTHY,ALLOW
2026-09-30T23:10:00Z,83668.0,83668.0,83660.0,83660.0,1.04687,83662.66666667,27.92642857,0.05,0.9,0,TREND_DOWN,NORMAL,NEUTRAL,HEALTHY,ALLOW
2026-09-30T23:11:00Z,83660.0,83660.01,83636.0,83636.0,2.50488,83644.00333333,27.09214286,0.05,0.9,0,TREND_DOWN,NORMAL,NEUTRAL,HEALTHY,ALLOW
2026-09-30T23:12:00Z,83636.01,83660.0,83636.0,83659.99,3.41663,83651.99666667,27.94857143,0.05,0.9,0,TREND_UP,NORMAL,ALIGNED,HEALTHY,ALLOW
2026-09-30T23:13:00Z,83659.99,83709.0,83659.99,83709.0,88.45475,83692.66333333,30.00928571,0.05,0.9,0,TREND_UP,NORMAL,ALIGNED,HEALTHY,ALLOW
2026-09-30T23:14:00Z,83709.0,83726.01,83700.63,83700.63,26.06137,83709.09,29.29142857,0.05,0.9,0,TREND_DOWN,NORMAL,NEUTRAL,HEALTHY,ALLOW
2026-09-30T23:15:00Z,83700.64,83711.43,83682.0,83682.0,9.05771,83691.81,29.57142857,0.05,0.9,0,TREND_DOWN,NORMAL,NEUTRAL,HEALTHY,ALLOW
2026-09-30T23:16:00Z,83682.0,83749.04,83671.02,83729.64,11.54637,83716.56666667,33.00071429,0.05,0.9,0,TREND_UP,NORMAL,ALIGNED,HEALTHY,ALLOW
2026-09-30T23:17:00Z,83729.63,83739.7,83716.0,83716.02,4.63567,83723.90666667,30.775,0.05,0.9,0,TREND_DOWN,NORMAL,NEUTRAL,HEALTHY,ALLOW
2026-09-30T23:18:00Z,83716.02,83733.86,83708.01,83718.57,6.71738,83720.14666667,31.04928571,0.05,0.9,0,TREND_UP,NORMAL,ALIGNED,HEALTHY,ALLOW
2026-09-30T23:19:00Z,83718.57,83728.46,83718.56,83728.46,0.96045,83725.16,29.75571429,0.05,0.9,0,TREND_UP,NORMAL,ALIGNED,HEALTHY,ALLOW
2026-09-30T23:20:00Z,83728.45,83728.46,83713.35,83720.46,1.44791,83720.75666667,28.83428571,0.05,0.9,0,TREND_DOWN,NORMAL,NEUTRAL,HEALTHY,ALLOW
2026-09-30T23:21:00Z,83720.47,83836.07,83720.46,83756.01,20.9653,83770.84666667,35.37714286,0.05,0.9,0,TREND_UP,NORMAL,ALIGNED,HEALTHY,ALLOW
2026-09-30T23:22:00Z,83756.01,83756.01,83748.0,83748.01,0.83039,83750.67333333,32.66285714,0.05,0.9,0,TREND_DOWN,NORMAL,NEUTRAL,HEALTHY,ALLOW
2026-09-30T23:23:00Z,83748.01,83766.01,83743.14,83766.0,4.06274,83758.38333333,32.77928571,0.05,0.9,0,TREND_UP,NORMAL,ALIGNED,HEALTHY,ALLOW
2026-09-30T23:24:00Z,83766.0,83766.01,83750.44,83759.23,3.37854,83758.56,33.31928571,0.05,0.9,0,TREND_DOWN,NORMAL,NEUTRAL,HEALTHY,ALLOW
2026-09-30T23:25:00Z,83759.22,83771.61,83759.22,83764.0,1.01251,83764.94333333,32.48928571,0.05,0.9,0,TREND_UP,NORMAL,ALIGNED,HEALTHY,ALLOW
2026-09-30T23:26:00Z,83764.0,83774.86,83760.0,83770.0,0.97799,83768.28666667,31.83642857,0.05,0.9,0,TREND_UP,NORMAL,ALIGNED,HEALTHY,ALLOW
2026-09-30T23:27:00Z,83770.0,83770.01,83762.0,83762.01,1.04725,83764.67333333,28.90785714,0.05,0.9,0,TREND_DOWN,NORMAL,NEUTRAL,HEALTHY,ALLOW
2026-09-30T23:28:00Z,83762.0,83762.01,83683.16,83683.17,82.42157,83709.44666667,32.72714286,0.05,0.9,0,TREND_DOWN,NORMAL,NEUTRAL,HEALTHY,ALLOW
2026-09-30T23:29:00Z,83683.17,83683.17,83661.22,83662.01,41.18731,83668.8,32.19285714,0.05,0.9,0,TREND_DOWN,NORMAL,NEUTRAL,HEALTHY,ALLOW
2026-09-30T23:30:00Z,83662.0,83681.87,83662.0,83681.86,4.58924,83675.24333333,28.03928571,0.05,0.9,0,TREND_UP,NORMAL,ALIGNED,HEALTHY,ALLOW
2026-09-30T23:31:00Z,83681.86,83684.51,83640.0,83640.0,12.27261,83654.83666667,29.52571429,0.05,0.9,0,TREND_DOWN,NORMAL,NEUTRAL,HEALTHY,ALLOW
2026-09-30T23:32:00Z,83640.01,83640.01,83625.12,83626.13,7.97123,83630.42,28.74285714,0.05,0.9,0,TREND_DOWN,NORMAL,NEUTRAL,HEALTHY,ALLOW
2026-09-30T23:33:00Z,83626.14,83626.14,83523.65,83562.68,24.62573,83570.82333333,35.35642857,0.05,0.9,0,TREND_DOWN,NORMAL,NEUTRAL,HEALTHY,ALLOW
2026-09-30T23:34:00Z,83562.67,83608.59,83562.67,83602.01,7.03288,83591.09,37.55714286,0.05,0.9,0,TREND_UP,NORMAL,ALIGNED,HEALTHY,ALLOW
2026-09-30T23:35:00Z,83602.0,83625.08,83597.65,83608.0,6.35673,83610.24333333,31.25857143,0.05,0.9,0,TREND_UP,NORMAL,ALIGNED,HEALTHY,ALLOW
2026-09-30T23:36:00Z,83608.01,83687.99,83608.01,83636.01,16.35965,83644.00333333,36.4,0.05,0.9,0,TREND_UP,NORMAL,ALIGNED,HEALTHY,ALLOW
2026-09-30T23:37:00Z,83636.0,83669.05,83632.0,83669.04,9.0225,83656.69666667,37.41285714,0.05,0.9,0,TREND_UP,NORMAL,ALIGNED,HEALTHY,ALLOW
2026-09-30T23:38:00Z,83669.05,83674.57,83662.34,83664.0,15.00051,83666.97,37.17428571,0.05,0.9,0,TREND_DOWN,NORMAL,NEUTRAL,HEALTHY,ALLOW
2026-09-30T23:39:00Z,83664.01,83664.01,83649.08,83649.08,3.48246,83654.05666667,37.35571429,0.05,0.9,0,TREND_DOWN,NORMAL,NEUTRAL,HEALTHY,ALLOW
2026-09-30T23:40:00Z,83649.08,83650.0,83635.63,83647.69,5.24957,83644.44,37.32071429,0.05,0.9,0,TREND_DOWN,NORMAL,NEUTRAL,HEALTHY,ALLOW
2026-09-30T23:41:00Z,83647.68,83654.83,83647.68,83652.01,4.17869,83651.50666667,37.25928571,0.05,0.9,0,TREND_UP,NORMAL,ALIGNED,HEALTHY,ALLOW
2026-09-30T23:42:00Z,83652.01,83652.01,83618.0,83618.01,4.65228,83629.34,34.05642857,0.05,0.9,0,TREND_DOWN,NORMAL,NEUTRAL,HEALTHY,ALLOW
2026-09-30T23:43:00Z,83618.01,83618.53,83612.0,83618.53,8.3286,83616.35333333,32.955,0.05,0.9,0,TREND_UP,NORMAL,ALIGNED,HEALTHY,ALLOW
2026-09-30T23:44:00Z,83618.53,83621.6,83618.52,83621.6,3.27866,83620.57333333,31.75571429,0.05,0.9,0,TREND_UP,NORMAL,ALIGNED,HEALTHY,ALLOW
2026-09-30T23:45:00Z,83621.59,83621.6,83588.4,83588.4,4.83057,83599.46666667,30.94785714,0.05,0.9,0,TREND_DOWN,NORMAL,NEUTRAL,HEALTHY,ALLOW
2026-09-30T23:46:00Z,83588.4,83588.4,83566.0,83580.67,12.81749,83578.35666667,31.48428571,0.05,0.9,0,TREND_DOWN,NORMAL,NEUTRAL,HEALTHY,ALLOW
2026-09-30T23:47:00Z,83580.66,83596.08,83574.0,83574.01,7.72215,83581.36333333,25.74071429,0.05,0.9,0,TREND_DOWN,NORMAL,NEUTRAL,HEALTHY,ALLOW
2026-09-30T23:48:00Z,83574.0,83574.0,83552.0,83563.63,5.58522,83563.21,24.03285714,0.05,0.9,0,TREND_DOWN,NORMAL,NEUTRAL,HEALTHY,ALLOW
2026-09-30T23:49:00Z,83563.64,83582.01,83563.63,83575.31,5.05258,83573.65,23.38642857,0.05,0.9,0,TREND_UP,NORMAL,ALIGNED,HEALTHY,ALLOW
2026-09-30T23:50:00Z,83575.3,83612.19,83561.26,83574.0,19.92497,83582.48333333,21.31071429,0.05,0.9,0,TREND_DOWN,NORMAL,NEUTRAL,HEALTHY,ALLOW
2026-09-30T23:51:00Z,83574.01,83652.29,83572.0,83584.01,52.50381,83602.76666667,24.39928571,0.05,0.9,0,TREND_UP,NORMAL,ALIGNED,HEALTHY,ALLOW
2026-09-30T23:52:00Z,83584.01,83634.4,83582.01,83599.74,48.19806,83605.38333333,27.26785714,0.05,0.9,0,TREND_UP,NORMAL,ALIGNED,HEALTHY,ALLOW
2026-09-30T23:53:00Z,83599.74,83654.01,83599.73,83630.27,23.45805,83628.00333333,30.07857143,0.05,0.9,0,TREND_UP,NORMAL,ALIGNED,HEALTHY,ALLOW
2026-09-30T23:54:00Z,83630.26,83634.0,83594.01,83599.29,11.4726,83609.1,31.90857143,0.05,0.9,0,TREND_DOWN,NORMAL,NEUTRAL,HEALTHY,ALLOW
2026-09-30T23:55:00Z,83599.29,83599.29,83594.0,83594.01,3.17937,83595.76666667,31.77571429,0.05,0.9,0,TREND_DOWN,NORMAL,NEUTRAL,HEALTHY,ALLOW
2026-09-30T23:56:00Z,83594.0,83594.01,83589.2,83589.21,3.67402,83590.80666667,29.69,0.05,0.9,0,TREND_DOWN,NORMAL,NEUTRAL,HEALTHY,ALLOW
2026-09-30T23:57:00Z,83589.21,83594.54,83580.0,83586.09,6.18533,83586.87666667,30.26214286,0.05,0.9,0,TREND_DOWN,NORMAL,NEUTRAL,HEALTHY,ALLOW
2026-09-30T23:58:00Z,83586.09,83604.62,83586.08,83604.62,3.12842,83598.44,31.36642857,0.05,0.9,0,TREND_UP,NORMAL,ALIGNED,HEALTHY,ALLOW
2026-09-30T23:59:00Z,83604.62,83623.6,83604.61,83623.6,3.19407,83617.27,30.35142857,0.05,0.9,0,TREND_UP,NORMAL,ALIGNED,HEALTHY,ALLOW
